date,precipitation_sum,temperature_2m_max,et0_fao_evapotranspiration,soil_moisture_0_to_7cm_mean
1991-01-01,0.1,31.3,3.97,
1991-01-02,0.0,32.0,4.95,
1991-01-03,0.0,31.8,4.6,
1991-01-04,0.2,30.9,4.28,
1991-01-05,0.3,31.4,4.09,
1991-01-06,0.0,31.4,4.58,
1991-01-07,0.2,31.0,4.04,
1991-01-08,0.0,31.4,4.66,
1991-01-09,0.0,31.4,4.39,
1991-01-10,0.0,31.1,4.47,
1991-01-11,0.0,31.4,4.42,
1991-01-12,0.0,31.4,4.54,
1991-01-13,0.0,31.4,4.28,
1991-01-14,0.0,30.7,3.69,
1991-01-15,0.0,30.8,4.26,
1991-01-16,0.0,31.0,4.72,
1991-01-17,0.0,31.1,4.7,
1991-01-18,0.0,31.6,4.48,
1991-01-19,0.0,31.3,4.09,
1991-01-20,0.0,31.4,4.13,
1991-01-21,0.0,31.0,3.92,
1991-01-22,3.2,30.5,3.33,
1991-01-23,0.5,30.1,3.79,
1991-01-24,0.0,31.2,4.8,
1991-01-25,0.0,31.9,4.69,
1991-01-26,0.2,30.9,3.7,
1991-01-27,1.3,30.7,3.87,
1991-01-28,0.2,30.3,4.07,
1991-01-29,0.2,30.9,4.43,
1991-01-30,0.0,30.9,4.42,
1991-01-31,0.1,32.0,4.64,
1991-02-01,0.0,31.6,4.48,
1991-02-02,0.0,31.1,4.4,
1991-02-03,0.0,31.3,4.66,
1991-02-04,0.2,30.5,3.88,
1991-02-05,0.4,30.5,3.94,
1991-02-06,0.0,31.1,4.1,
1991-02-07,0.0,31.5,4.63,
1991-02-08,0.0,31.7,5.0,
1991-02-09,0.0,30.7,4.14,
1991-02-10,0.0,31.3,4.6,
1991-02-11,0.0,31.4,4.95,
1991-02-12,0.0,32.0,5.0,
1991-02-13,0.0,32.3,4.75,
1991-02-14,0.0,33.2,4.93,
1991-02-15,0.6,32.5,4.31,
1991-02-16,0.0,33.0,4.78,
1991-02-17,0.0,32.6,5.04,
1991-02-18,0.0,31.3,4.46,
1991-02-19,0.2,32.1,4.67,
1991-02-20,0.1,31.5,4.63,
1991-02-21,0.1,33.3,6.28,
1991-02-22,0.0,32.6,5.73,
1991-02-23,0.0,32.6,5.69,
1991-02-24,0.0,32.2,5.81,
1991-02-25,0.0,31.9,4.97,
1991-02-26,0.0,32.8,5.67,
1991-02-27,0.2,32.4,5.74,
1991-02-28,0.1,32.7,5.49,
1991-03-01,0.0,33.2,5.0,
1991-03-02,0.0,33.5,5.81,
1991-03-03,0.1,32.4,5.35,
1991-03-04,0.0,32.7,4.72,
1991-03-05,0.0,33.5,5.69,
1991-03-06,0.0,33.4,5.2,
1991-03-07,0.0,33.4,6.03,
1991-03-08,0.0,33.1,5.37,
1991-03-09,0.0,33.8,5.62,
1991-03-10,0.0,33.5,5.63,
1991-03-11,0.0,32.4,4.71,
1991-03-12,0.0,33.5,5.04,
1991-03-13,0.2,32.4,4.43,
1991-03-14,0.0,33.4,5.47,
1991-03-15,0.0,34.2,5.05,
1991-03-16,36.6,33.0,4.21,
1991-03-17,15.9,29.5,3.24,
1991-03-18,0.0,32.0,5.25,
1991-03-19,0.0,32.3,5.23,
1991-03-20,0.0,32.1,4.62,
1991-03-21,0.0,32.0,4.07,
1991-03-22,0.0,31.8,4.71,
1991-03-23,0.0,32.8,5.25,
1991-03-24,0.0,32.8,6.2,
1991-03-25,0.0,33.0,4.99,
1991-03-26,0.0,34.0,6.17,
1991-03-27,0.0,33.9,6.1,
1991-03-28,0.0,34.9,6.65,
1991-03-29,0.0,34.3,6.7,
1991-03-30,0.0,33.8,6.33,
1991-03-31,0.9,33.0,4.87,
1991-04-01,0.4,34.5,5.45,
1991-04-02,2.4,33.2,4.81,
1991-04-03,0.1,33.5,5.87,
1991-04-04,0.2,34.4,6.28,
1991-04-05,0.0,34.2,5.61,
1991-04-06,3.0,34.2,5.28,
1991-04-07,0.4,34.7,5.64,
1991-04-08,0.3,33.6,4.93,
1991-04-09,0.2,33.9,4.63,
1991-04-10,0.0,34.8,5.89,
1991-04-11,0.0,35.1,5.85,
1991-04-12,0.0,35.8,6.38,
1991-04-13,0.0,35.6,6.31,
1991-04-14,0.0,34.8,5.56,
1991-04-15,0.0,34.6,6.28,
1991-04-16,1.2,34.2,5.6,
1991-04-17,0.2,34.2,5.41,
1991-04-18,0.0,35.0,5.51,
1991-04-19,0.0,35.4,6.14,
1991-04-20,5.9,34.4,4.99,
1991-04-21,11.8,33.9,4.35,
1991-04-22,11.9,32.3,4.13,
1991-04-23,18.8,30.5,3.31,
1991-04-24,5.8,31.3,3.41,
1991-04-25,0.0,32.0,5.38,
1991-04-26,0.4,32.4,5.0,
1991-04-27,1.5,31.8,4.24,
1991-04-28,0.3,32.5,4.94,
1991-04-29,3.7,32.6,4.6,
1991-04-30,3.0,32.1,4.27,
1991-05-01,1.3,32.1,4.48,
1991-05-02,4.6,32.5,4.54,
1991-05-03,12.8,33.4,4.48,
1991-05-04,1.8,32.7,4.74,
1991-05-05,0.3,32.3,4.68,
1991-05-06,0.4,32.1,4.91,
1991-05-07,1.2,31.7,4.47,
1991-05-08,0.1,32.7,5.09,
1991-05-09,3.3,32.9,4.5,
1991-05-10,7.5,32.4,3.87,
1991-05-11,3.7,32.1,4.13,
1991-05-12,1.1,32.7,4.87,
1991-05-13,2.3,32.1,4.47,
1991-05-14,0.7,33.5,4.89,
1991-05-15,1.0,34.0,4.87,
1991-05-16,3.3,33.0,4.57,
1991-05-17,5.0,33.4,4.87,
1991-05-18,0.0,33.5,5.14,
1991-05-19,0.0,33.7,5.48,
1991-05-20,9.2,31.6,3.37,
1991-05-21,3.8,30.8,2.94,
1991-05-22,1.3,32.7,4.76,
1991-05-23,2.9,33.2,4.37,
1991-05-24,8.5,32.3,4.04,
1991-05-25,7.6,32.3,4.34,
1991-05-26,8.7,31.8,3.86,
1991-05-27,2.5,31.1,3.96,
1991-05-28,9.7,30.1,3.39,
1991-05-29,8.1,31.4,2.61,
1991-05-30,19.8,28.3,1.67,
1991-05-31,12.4,30.2,2.61,
1991-06-01,10.4,30.4,2.69,
1991-06-02,10.9,31.5,3.62,
1991-06-03,9.9,31.6,3.85,
1991-06-04,2.7,31.4,3.47,
1991-06-05,14.4,30.8,2.53,
1991-06-06,23.8,29.1,1.88,
1991-06-07,6.3,30.6,3.66,
1991-06-08,5.0,29.4,2.57,
1991-06-09,2.4,30.3,2.8,
1991-06-10,1.4,31.3,3.89,
1991-06-11,5.9,29.0,1.83,
1991-06-12,2.1,28.8,1.6,
1991-06-13,0.6,31.8,4.39,
1991-06-14,0.6,32.0,5.25,
1991-06-15,2.4,31.0,4.46,
1991-06-16,7.3,29.9,3.66,
1991-06-17,2.3,30.4,4.11,
1991-06-18,0.6,31.6,4.81,
1991-06-19,1.4,31.4,4.5,
1991-06-20,3.7,30.1,4.07,
1991-06-21,6.8,30.3,3.69,
1991-06-22,7.0,30.0,3.1,
1991-06-23,8.0,30.2,3.63,
1991-06-24,3.3,29.5,3.17,
1991-06-25,0.8,31.3,4.1,
1991-06-26,0.0,32.0,4.9,
1991-06-27,0.0,32.2,5.17,
1991-06-28,4.2,32.1,4.46,
1991-06-29,17.4,32.3,4.47,
1991-06-30,17.0,30.5,2.7,
1991-07-01,12.1,29.2,2.84,
1991-07-02,20.8,28.2,2.55,
1991-07-03,7.2,29.6,2.9,
1991-07-04,7.0,30.7,4.04,
1991-07-05,9.0,30.6,4.08,
1991-07-06,19.8,29.1,3.54,
1991-07-07,10.9,28.7,2.77,
1991-07-08,15.3,29.4,3.01,
1991-07-09,10.7,28.4,2.81,
1991-07-10,7.4,28.5,3.1,
1991-07-11,15.0,27.3,2.25,
1991-07-12,23.6,27.3,2.2,
1991-07-13,3.8,31.1,4.41,
1991-07-14,10.2,29.1,2.99,
1991-07-15,12.0,30.0,3.36,
1991-07-16,11.4,30.8,4.02,
1991-07-17,2.2,31.9,4.66,
1991-07-18,3.5,31.7,4.6,
1991-07-19,6.6,30.7,3.56,
1991-07-20,12.2,30.8,3.44,
1991-07-21,1.4,31.5,4.64,
1991-07-22,0.9,30.5,4.02,
1991-07-23,12.0,29.8,3.11,
1991-07-24,8.6,29.9,3.28,
1991-07-25,1.1,30.7,4.63,
1991-07-26,3.9,29.1,3.47,
1991-07-27,2.3,29.2,3.54,
1991-07-28,7.1,30.2,3.26,
1991-07-29,0.6,31.4,4.41,
1991-07-30,4.9,32.1,4.65,
1991-07-31,12.7,30.1,3.62,
1991-08-01,10.9,30.5,4.12,
1991-08-02,9.3,30.7,4.22,
1991-08-03,1.8,31.7,4.69,
1991-08-04,16.0,30.8,3.28,
1991-08-05,13.1,28.7,2.45,
1991-08-06,4.2,28.7,2.98,
1991-08-07,7.0,29.3,3.73,
1991-08-08,14.0,30.5,4.26,
1991-08-09,1.8,30.9,4.45,
1991-08-10,6.2,30.6,4.28,
1991-08-11,6.6,31.3,3.85,
1991-08-12,5.0,30.8,3.89,
1991-08-13,1.0,30.9,4.83,
1991-08-14,8.0,31.0,4.71,
1991-08-15,2.9,30.0,3.64,
1991-08-16,13.3,27.5,2.04,
1991-08-17,10.6,27.3,2.29,
1991-08-18,13.4,26.8,1.69,
1991-08-19,20.5,28.2,2.11,
1991-08-20,7.2,29.8,3.04,
1991-08-21,11.4,29.6,2.62,
1991-08-22,8.1,28.8,2.38,
1991-08-23,7.4,29.7,3.31,
1991-08-24,3.0,29.1,3.4,
1991-08-25,1.5,30.5,3.99,
1991-08-26,7.6,29.3,3.31,
1991-08-27,10.2,30.1,2.71,
1991-08-28,13.3,28.3,2.45,
1991-08-29,8.5,26.2,1.57,
1991-08-30,2.5,30.1,3.95,
1991-08-31,13.6,29.8,3.17,
1991-09-01,1.5,31.2,4.18,
1991-09-02,5.1,31.0,4.0,
1991-09-03,6.8,30.4,3.08,
1991-09-04,6.5,30.4,3.27,
1991-09-05,3.4,30.3,3.46,
1991-09-06,5.6,29.8,3.44,
1991-09-07,6.8,29.0,2.82,
1991-09-08,8.0,27.3,1.97,
1991-09-09,3.5,29.9,3.47,
1991-09-10,5.4,29.9,3.13,
1991-09-11,9.9,30.7,3.4,
1991-09-12,27.4,29.2,2.38,
1991-09-13,12.6,28.7,2.26,
1991-09-14,13.5,29.6,2.91,
1991-09-15,13.5,27.6,1.64,
1991-09-16,6.3,30.2,2.64,
1991-09-17,10.5,29.7,2.72,
1991-09-18,5.9,30.3,3.27,
1991-09-19,8.4,30.8,3.37,
1991-09-20,12.5,27.2,1.76,
1991-09-21,7.5,31.0,3.98,
1991-09-22,11.2,30.6,3.38,
1991-09-23,9.5,30.2,2.87,
1991-09-24,10.2,30.2,3.57,
1991-09-25,3.3,30.4,4.02,
1991-09-26,10.2,29.5,3.26,
1991-09-27,6.5,29.1,2.38,
1991-09-28,8.7,27.0,1.88,
1991-09-29,5.9,28.6,2.73,
1991-09-30,6.0,27.6,2.14,
1991-10-01,0.7,27.7,1.74,
1991-10-02,1.9,31.0,4.36,
1991-10-03,1.2,30.7,3.9,
1991-10-04,5.6,30.2,3.12,
1991-10-05,11.5,30.4,3.62,
1991-10-06,5.0,28.7,2.84,
1991-10-07,4.8,30.2,3.23,
1991-10-08,14.9,29.8,3.37,
1991-10-09,14.0,29.1,2.38,
1991-10-10,10.2,28.3,2.32,
1991-10-11,22.5,30.1,2.9,
1991-10-12,13.6,29.3,2.12,
1991-10-13,6.2,30.8,3.68,
1991-10-14,13.8,30.6,3.67,
1991-10-15,6.5,31.4,4.05,
1991-10-16,5.1,31.3,4.26,
1991-10-17,10.6,30.7,3.43,
1991-10-18,5.7,30.9,3.87,
1991-10-19,7.4,30.9,3.49,
1991-10-20,17.9,28.3,1.91,
1991-10-21,19.2,28.1,2.0,
1991-10-22,5.1,28.1,1.92,
1991-10-23,12.2,26.3,1.21,
1991-10-24,6.8,28.9,2.68,
1991-10-25,6.4,27.7,1.72,
1991-10-26,7.6,29.5,2.8,
1991-10-27,2.1,30.4,3.4,
1991-10-28,0.0,31.0,4.46,
1991-10-29,0.1,29.6,3.96,
1991-10-30,0.0,30.4,4.16,
1991-10-31,0.1,30.0,3.85,
1991-11-01,0.2,30.2,4.02,
1991-11-02,0.0,30.5,4.21,
1991-11-03,0.3,30.4,4.15,
1991-11-04,1.3,31.0,4.05,
1991-11-05,0.0,31.1,4.3,
1991-11-06,0.7,31.3,4.19,
1991-11-07,0.0,31.3,4.29,
1991-11-08,14.2,29.8,2.69,
1991-11-09,12.1,27.0,1.22,
1991-11-10,0.0,30.5,4.2,
1991-11-11,0.0,30.2,4.19,
1991-11-12,0.0,30.3,4.55,
1991-11-13,0.0,29.4,4.48,
1991-11-14,0.0,28.5,4.57,
1991-11-15,0.0,29.3,4.87,
1991-11-16,0.0,30.5,5.03,
1991-11-17,0.6,30.8,4.19,
1991-11-18,1.1,30.5,3.89,
1991-11-19,0.0,30.8,4.23,
1991-11-20,0.0,30.6,3.87,
1991-11-21,0.0,31.8,4.63,
1991-11-22,0.4,31.6,4.25,
1991-11-23,3.5,31.7,3.81,
1991-11-24,0.0,32.4,4.42,
1991-11-25,0.2,31.8,4.14,
1991-11-26,0.3,32.1,4.22,
1991-11-27,1.7,30.9,3.46,
1991-11-28,0.9,30.8,3.5,
1991-11-29,1.1,30.9,3.83,
1991-11-30,0.5,30.2,3.47,
1991-12-01,0.0,31.6,4.02,
1991-12-02,0.0,31.5,4.06,
1991-12-03,0.0,31.5,4.82,
1991-12-04,0.0,30.6,3.71,
1991-12-05,0.0,30.7,4.32,
1991-12-06,0.0,30.8,4.13,
1991-12-07,0.0,30.9,4.22,
1991-12-08,0.0,31.1,4.04,
1991-12-09,0.0,32.3,4.6,
1991-12-10,0.1,32.1,4.05,
1991-12-11,1.8,29.6,2.75,
1991-12-12,1.8,31.1,3.6,
1991-12-13,0.1,31.9,4.43,
1991-12-14,0.0,32.1,4.82,
1991-12-15,0.0,32.0,4.6,
1991-12-16,0.0,31.4,4.15,
1991-12-17,0.0,31.6,4.06,
1991-12-18,0.5,31.2,3.76,
1991-12-19,0.8,31.0,3.52,
1991-12-20,0.0,31.3,4.53,
1991-12-21,0.0,30.5,3.99,
1991-12-22,0.0,31.6,4.21,
1991-12-23,0.0,31.1,3.89,
1991-12-24,0.1,30.8,3.81,
1991-12-25,0.0,31.3,4.03,
1991-12-26,0.1,31.7,4.41,
1991-12-27,0.0,31.1,4.16,
1991-12-28,0.0,31.2,3.46,
1991-12-29,6.0,30.3,3.25,
1991-12-30,14.8,29.2,2.66,
1991-12-31,0.0,30.1,3.77,
1992-01-01,3.4,30.4,3.87,
1992-01-02,0.2,30.6,4.24,
1992-01-03,0.0,31.2,4.53,
1992-01-04,0.0,30.8,4.29,
1992-01-05,4.5,30.0,3.36,
1992-01-06,0.4,29.9,3.57,
1992-01-07,0.0,29.9,4.18,
1992-01-08,0.7,29.6,3.64,
1992-01-09,1.1,29.3,3.32,
1992-01-10,1.1,29.8,3.8,
1992-01-11,0.2,29.4,3.67,
1992-01-12,0.0,29.9,4.18,
1992-01-13,0.0,29.7,3.89,
1992-01-14,0.2,29.9,4.07,
1992-01-15,0.1,28.8,3.76,
1992-01-16,0.0,29.0,4.4,
1992-01-17,0.0,27.9,3.93,
1992-01-18,0.0,27.9,4.0,
1992-01-19,0.0,28.1,4.03,
1992-01-20,0.0,29.2,4.25,
1992-01-21,0.2,28.4,3.55,
1992-01-22,0.0,29.2,4.26,
1992-01-23,0.0,28.9,4.42,
1992-01-24,0.0,29.3,4.05,
1992-01-25,0.0,30.6,4.66,
1992-01-26,0.0,31.1,4.96,
1992-01-27,0.0,30.7,4.95,
1992-01-28,0.0,30.8,5.08,
1992-01-29,0.0,30.5,4.87,
1992-01-30,0.0,31.2,4.83,
1992-01-31,0.0,30.4,4.14,
1992-02-01,0.0,31.2,4.88,
1992-02-02,0.0,30.9,4.61,
1992-02-03,0.0,31.5,4.65,
1992-02-04,0.2,30.6,4.15,
1992-02-05,0.0,31.3,4.49,
1992-02-06,0.0,31.7,4.58,
1992-02-07,0.0,31.9,4.63,
1992-02-08,0.0,32.0,4.99,
1992-02-09,0.0,31.9,5.07,
1992-02-10,0.0,31.6,5.01,
1992-02-11,0.0,32.0,5.2,
1992-02-12,0.0,31.9,4.71,
1992-02-13,0.0,32.3,4.68,
1992-02-14,0.0,31.6,4.34,
1992-02-15,0.0,31.7,4.55,
1992-02-16,0.0,32.5,4.94,
1992-02-17,0.0,31.9,4.46,
1992-02-18,1.7,32.2,4.13,
1992-02-19,1.5,31.8,4.12,
1992-02-20,0.9,32.7,4.77,
1992-02-21,1.7,31.4,4.53,
1992-02-22,0.6,31.9,4.71,
1992-02-23,0.0,32.0,5.12,
1992-02-24,0.0,32.5,5.81,
1992-02-25,0.0,31.8,5.95,
1992-02-26,0.0,31.9,5.9,
1992-02-27,0.0,32.3,5.4,
1992-02-28,0.0,32.4,5.14,
1992-02-29,0.6,32.4,4.76,
1992-03-01,0.0,32.4,4.93,
1992-03-02,0.1,32.1,4.79,
1992-03-03,0.0,33.5,5.71,
1992-03-04,0.0,33.9,5.76,
1992-03-05,0.2,34.3,5.31,
1992-03-06,0.1,34.3,5.89,
1992-03-07,1.1,32.2,4.19,
1992-03-08,0.1,32.8,5.31,
1992-03-09,0.8,32.6,4.93,
1992-03-10,0.0,32.7,5.28,
1992-03-11,0.0,33.1,5.48,
1992-03-12,0.0,33.8,5.87,
1992-03-13,0.0,34.0,6.33,
1992-03-14,0.0,33.7,6.03,
1992-03-15,0.0,34.1,6.07,
1992-03-16,0.0,34.1,5.8,
1992-03-17,0.0,33.9,5.19,
1992-03-18,0.0,33.5,5.52,
1992-03-19,0.0,33.4,5.41,
1992-03-20,0.0,34.1,5.85,
1992-03-21,0.0,35.3,6.09,
1992-03-22,0.0,34.8,5.69,
1992-03-23,0.0,34.4,5.84,
1992-03-24,0.0,34.4,6.0,
1992-03-25,0.0,34.5,5.35,
1992-03-26,0.0,34.9,6.04,
1992-03-27,0.0,34.8,5.68,
1992-03-28,0.0,34.7,6.29,
1992-03-29,0.0,35.0,6.45,
1992-03-30,0.0,34.5,5.99,
1992-03-31,0.0,34.4,5.79,
1992-04-01,0.1,34.9,5.86,
1992-04-02,0.0,34.8,5.62,
1992-04-03,0.0,34.9,5.92,
1992-04-04,0.0,34.6,6.4,
1992-04-05,0.0,35.0,6.14,
1992-04-06,0.0,34.8,5.9,
1992-04-07,0.0,35.6,6.17,
1992-04-08,0.5,34.3,5.14,
1992-04-09,8.4,33.9,4.5,
1992-04-10,2.0,33.9,5.0,
1992-04-11,3.7,33.6,4.51,
1992-04-12,0.6,34.5,5.45,
1992-04-13,4.5,33.7,4.68,
1992-04-14,4.5,33.5,4.57,
1992-04-15,4.9,33.1,4.33,
1992-04-16,1.4,33.3,5.02,
1992-04-17,0.0,33.5,5.14,
1992-04-18,3.1,33.8,4.88,
1992-04-19,0.0,34.5,5.46,
1992-04-20,0.0,34.9,5.81,
1992-04-21,0.4,35.2,5.99,
1992-04-22,0.6,35.2,5.66,
1992-04-23,0.3,35.7,5.66,
1992-04-24,0.0,36.2,6.47,
1992-04-25,0.0,36.7,6.7,
1992-04-26,0.0,37.1,7.19,
1992-04-27,0.3,35.6,5.6,
1992-04-28,1.1,33.8,4.09,
1992-04-29,0.1,35.3,5.89,
1992-04-30,0.2,35.4,5.59,
1992-05-01,0.0,36.4,5.94,
1992-05-02,0.2,36.9,6.0,
1992-05-03,15.6,36.4,4.82,
1992-05-04,9.1,33.0,5.24,
1992-05-05,2.1,33.1,4.49,
1992-05-06,0.2,33.9,5.39,
1992-05-07,1.6,33.6,4.57,
1992-05-08,0.6,33.8,5.42,
1992-05-09,9.7,33.2,4.68,
1992-05-10,1.6,33.4,4.85,
1992-05-11,10.3,33.7,4.49,
1992-05-12,2.0,33.0,4.65,
1992-05-13,2.2,33.4,4.68,
1992-05-14,4.5,32.7,4.17,
1992-05-15,1.8,33.1,4.18,
1992-05-16,5.1,32.9,4.37,
1992-05-17,4.7,33.0,4.17,
1992-05-18,0.1,33.8,5.15,
1992-05-19,0.2,34.6,5.64,
1992-05-20,1.7,34.6,5.3,
1992-05-21,4.4,33.9,4.74,
1992-05-22,2.6,33.8,4.69,
1992-05-23,0.0,33.7,5.1,
1992-05-24,2.8,33.6,4.64,
1992-05-25,2.9,32.9,4.51,
1992-05-26,0.9,33.6,5.07,
1992-05-27,1.1,34.0,4.85,
1992-05-28,1.3,34.5,4.89,
1992-05-29,0.8,34.1,5.21,
1992-05-30,0.0,35.4,5.97,
1992-05-31,0.4,35.1,5.92,
1992-06-01,0.3,34.8,5.65,
1992-06-02,0.9,35.3,5.62,
1992-06-03,6.5,34.8,4.66,
1992-06-04,8.7,32.8,4.74,
1992-06-05,1.1,33.9,4.95,
1992-06-06,12.8,34.1,5.1,
1992-06-07,0.6,33.1,5.0,
1992-06-08,7.4,33.1,4.4,
1992-06-09,24.0,31.8,3.49,
1992-06-10,4.5,31.3,3.06,
1992-06-11,17.1,30.8,3.15,
1992-06-12,10.8,30.4,2.62,
1992-06-13,14.7,29.6,3.47,
1992-06-14,13.2,30.2,2.92,
1992-06-15,8.2,29.3,2.4,
1992-06-16,6.0,29.9,2.9,
1992-06-17,9.1,29.2,3.08,
1992-06-18,9.5,28.4,1.83,
1992-06-19,15.5,28.2,2.14,
1992-06-20,5.1,28.8,2.84,
1992-06-21,9.5,28.3,2.78,
1992-06-22,3.6,30.2,3.31,
1992-06-23,4.0,27.6,2.07,
1992-06-24,11.0,30.0,3.19,
1992-06-25,9.9,27.6,2.13,
1992-06-26,8.7,28.5,2.6,
1992-06-27,4.3,28.4,2.82,
1992-06-28,1.9,29.4,4.04,
1992-06-29,1.5,30.3,4.71,
1992-06-30,1.2,30.6,4.38,
1992-07-01,1.2,31.3,4.53,
1992-07-02,3.3,31.4,4.47,
1992-07-03,1.5,31.1,4.49,
1992-07-04,7.8,30.2,3.71,
1992-07-05,3.3,31.7,4.8,
1992-07-06,3.4,31.1,4.46,
1992-07-07,2.0,31.3,4.48,
1992-07-08,5.1,31.2,3.76,
1992-07-09,5.9,30.7,3.94,
1992-07-10,0.7,31.8,4.51,
1992-07-11,8.5,32.3,4.7,
1992-07-12,11.7,30.9,3.89,
1992-07-13,11.6,31.4,3.63,
1992-07-14,10.1,27.3,1.51,
1992-07-15,5.2,30.1,4.06,
1992-07-16,4.6,31.3,4.74,
1992-07-17,5.0,31.5,4.54,
1992-07-18,4.5,31.7,4.54,
1992-07-19,10.9,29.2,3.48,
1992-07-20,9.7,30.0,4.02,
1992-07-21,11.3,29.5,3.43,
1992-07-22,8.4,29.1,2.91,
1992-07-23,9.7,28.6,2.0,
1992-07-24,6.8,29.0,3.06,
1992-07-25,13.8,28.8,2.29,
1992-07-26,7.7,27.6,1.96,
1992-07-27,32.6,28.1,2.09,
1992-07-28,14.3,27.6,2.05,
1992-07-29,13.3,28.1,1.98,
1992-07-30,5.7,29.0,2.34,
1992-07-31,6.4,30.9,3.48,
1992-08-01,0.5,30.3,3.41,
1992-08-02,8.3,31.2,3.48,
1992-08-03,8.2,30.9,3.53,
1992-08-04,3.9,31.3,3.88,
1992-08-05,10.5,30.5,3.64,
1992-08-06,3.9,29.5,3.61,
1992-08-07,3.2,31.9,4.9,
1992-08-08,15.9,31.4,4.65,
1992-08-09,12.7,30.6,3.93,
1992-08-10,9.1,29.4,3.0,
1992-08-11,8.2,28.3,2.71,
1992-08-12,6.3,30.4,3.76,
1992-08-13,3.6,29.6,3.73,
1992-08-14,10.0,30.3,3.71,
1992-08-15,1.3,30.4,4.77,
1992-08-16,3.8,30.1,3.75,
1992-08-17,2.4,29.7,3.51,
1992-08-18,4.8,28.8,3.4,
1992-08-19,1.1,30.4,4.43,
1992-08-20,0.7,30.7,4.64,
1992-08-21,6.5,28.4,3.08,
1992-08-22,13.6,29.5,2.48,
1992-08-23,4.0,29.1,3.44,
1992-08-24,5.7,29.9,3.55,
1992-08-25,10.6,29.9,3.58,
1992-08-26,6.5,30.5,3.58,
1992-08-27,5.6,30.1,3.68,
1992-08-28,6.3,30.5,3.96,
1992-08-29,7.2,29.2,3.6,
1992-08-30,6.7,29.0,3.65,
1992-08-31,9.5,29.1,3.49,
1992-09-01,8.2,29.7,4.27,
1992-09-02,1.6,31.4,4.71,
1992-09-03,7.7,29.3,3.71,
1992-09-04,7.2,30.4,4.35,
1992-09-05,3.3,30.0,4.3,
1992-09-06,7.5,28.9,3.48,
1992-09-07,3.2,30.7,4.53,
1992-09-08,6.2,30.2,4.33,
1992-09-09,1.7,30.6,4.43,
1992-09-10,5.0,31.6,4.94,
1992-09-11,5.3,31.4,4.21,
1992-09-12,15.5,30.6,3.72,
1992-09-13,3.7,30.2,3.34,
1992-09-14,9.6,30.5,3.88,
1992-09-15,1.1,31.1,4.3,
1992-09-16,3.4,31.3,4.5,
1992-09-17,1.8,29.8,3.39,
1992-09-18,2.7,30.8,3.5,
1992-09-19,7.6,28.1,2.34,
1992-09-20,3.1,28.1,2.64,
1992-09-21,1.0,30.8,4.33,
1992-09-22,6.6,30.2,3.44,
1992-09-23,5.7,30.8,3.52,
1992-09-24,19.8,30.6,3.13,
1992-09-25,0.9,31.9,4.29,
1992-09-26,2.8,31.9,4.28,
1992-09-27,5.7,31.6,3.98,
1992-09-28,8.1,30.1,2.96,
1992-09-29,4.2,29.7,3.0,
1992-09-30,4.0,31.0,3.29,
1992-10-01,0.2,31.7,4.52,
1992-10-02,13.4,31.6,3.36,
1992-10-03,15.0,30.5,3.36,
1992-10-04,12.3,30.2,3.04,
1992-10-05,9.2,30.0,2.87,
1992-10-06,13.1,29.7,2.87,
1992-10-07,8.5,30.6,3.47,
1992-10-08,10.4,30.2,2.89,
1992-10-09,5.2,30.0,2.65,
1992-10-10,9.1,29.9,2.95,
1992-10-11,25.7,28.8,2.29,
1992-10-12,29.8,28.0,1.68,
1992-10-13,12.2,27.2,1.64,
1992-10-14,8.9,27.9,2.02,
1992-10-15,1.4,28.3,1.96,
1992-10-16,16.9,30.6,3.63,
1992-10-17,23.9,29.3,2.36,
1992-10-18,5.0,29.9,3.26,
1992-10-19,6.3,30.4,3.81,
1992-10-20,0.0,31.1,4.46,
1992-10-21,0.0,31.1,4.41,
1992-10-22,0.0,31.6,5.05,
1992-10-23,0.0,29.9,2.98,
1992-10-24,33.1,27.5,1.97,
1992-10-25,53.4,25.6,1.75,
1992-10-26,19.0,26.4,1.28,
1992-10-27,36.3,28.2,2.11,
1992-10-28,0.5,28.4,2.97,
1992-10-29,22.0,28.5,2.21,
1992-10-30,8.1,28.3,2.38,
1992-10-31,8.8,28.3,2.33,
1992-11-01,2.6,30.7,3.79,
1992-11-02,0.8,31.0,4.37,
1992-11-03,3.8,31.0,4.19,
1992-11-04,0.0,30.7,4.48,
1992-11-05,0.2,29.8,3.78,
1992-11-06,5.7,29.3,2.71,
1992-11-07,1.8,29.8,3.21,
1992-11-08,0.0,30.3,4.44,
1992-11-09,2.1,29.5,3.5,
1992-11-10,0.0,28.1,4.85,
1992-11-11,0.0,28.5,4.62,
1992-11-12,0.0,29.8,4.78,
1992-11-13,0.0,29.9,5.16,
1992-11-14,9.6,26.0,2.16,
1992-11-15,2.2,28.7,2.68,
1992-11-16,0.0,30.6,4.42,
1992-11-17,3.9,30.6,3.94,
1992-11-18,2.1,30.5,3.67,
1992-11-19,7.5,30.8,3.18,
1992-11-20,2.9,30.1,3.64,
1992-11-21,1.2,28.8,2.75,
1992-11-22,0.4,29.7,3.55,
1992-11-23,0.2,30.3,3.64,
1992-11-24,0.2,29.7,3.26,
1992-11-25,0.5,29.8,3.55,
1992-11-26,0.0,29.8,4.3,
1992-11-27,0.0,29.4,4.51,
1992-11-28,0.0,28.8,3.77,
1992-11-29,0.0,29.8,4.72,
1992-11-30,0.0,29.2,4.6,
1992-12-01,0.0,29.5,4.37,
1992-12-02,0.0,30.0,4.87,
1992-12-03,0.0,31.5,5.07,
1992-12-04,0.3,31.0,3.94,
1992-12-05,0.0,30.8,4.05,
1992-12-06,0.1,31.5,4.47,
1992-12-07,3.4,30.5,3.2,
1992-12-08,1.7,30.1,3.8,
1992-12-09,8.3,29.3,2.8,
1992-12-10,0.8,30.4,3.54,
1992-12-11,3.2,29.4,3.3,
1992-12-12,0.7,29.3,3.43,
1992-12-13,0.0,31.1,4.31,
1992-12-14,0.0,31.0,4.11,
1992-12-15,0.0,30.5,4.04,
1992-12-16,0.0,30.0,4.16,
1992-12-17,0.0,30.1,4.02,
1992-12-18,0.0,29.3,3.66,
1992-12-19,0.0,31.1,4.34,
1992-12-20,0.0,30.9,4.23,
1992-12-21,4.2,29.4,2.71,
1992-12-22,2.9,29.2,2.2,
1992-12-23,0.2,29.3,2.51,
1992-12-24,0.3,27.9,2.32,
1992-12-25,0.0,28.7,3.19,
1992-12-26,0.0,28.7,3.35,
1992-12-27,0.1,30.0,3.81,
1992-12-28,4.1,30.6,3.71,
1992-12-29,0.2,30.0,3.66,
1992-12-30,0.4,30.5,3.94,
1992-12-31,0.2,30.0,3.65,
1993-01-01,0.0,29.9,3.96,
1993-01-02,0.0,29.5,3.71,
1993-01-03,0.0,30.6,4.32,
1993-01-04,0.1,30.8,4.18,
1993-01-05,0.0,30.9,4.38,
1993-01-06,0.0,31.2,4.59,
1993-01-07,0.0,31.4,5.18,
1993-01-08,0.0,31.5,5.04,
1993-01-09,0.0,30.0,2.93,
1993-01-10,0.0,31.4,4.63,
1993-01-11,0.0,31.5,4.47,
1993-01-12,0.0,31.1,5.16,
1993-01-13,0.1,30.7,4.1,
1993-01-14,0.0,31.4,4.33,
1993-01-15,4.2,31.1,3.89,
1993-01-16,6.6,29.8,2.96,
1993-01-17,3.6,29.3,2.99,
1993-01-18,5.5,29.1,2.96,
1993-01-19,0.5,29.1,3.39,
1993-01-20,0.0,29.6,4.01,
1993-01-21,0.0,29.6,3.88,
1993-01-22,0.0,30.5,4.1,
1993-01-23,0.3,30.2,3.95,
1993-01-24,1.7,28.8,2.99,
1993-01-25,2.1,28.7,3.17,
1993-01-26,0.4,28.8,3.87,
1993-01-27,0.4,28.2,3.48,
1993-01-28,3.3,24.2,2.03,
1993-01-29,0.0,27.4,4.87,
1993-01-30,0.0,27.1,4.75,
1993-01-31,0.0,27.0,3.87,
1993-02-01,0.0,27.7,3.35,
1993-02-02,0.0,28.7,3.82,
1993-02-03,0.0,29.4,4.31,
1993-02-04,0.0,30.6,4.62,
1993-02-05,0.0,30.3,4.7,
1993-02-06,0.0,29.8,4.06,
1993-02-07,0.0,29.7,3.89,
1993-02-08,0.0,30.5,4.64,
1993-02-09,0.0,30.8,4.65,
1993-02-10,0.0,31.3,5.17,
1993-02-11,0.0,31.2,4.79,
1993-02-12,0.0,30.5,4.73,
1993-02-13,0.0,30.2,4.81,
1993-02-14,0.0,30.3,4.7,
1993-02-15,0.0,30.6,4.73,
1993-02-16,0.0,30.8,4.81,
1993-02-17,0.0,31.4,5.49,
1993-02-18,0.0,31.4,5.36,
1993-02-19,0.0,31.3,5.21,
1993-02-20,0.0,31.4,4.68,
1993-02-21,0.0,32.2,5.0,
1993-02-22,0.0,32.0,4.84,
1993-02-23,0.0,31.9,5.62,
1993-02-24,0.0,31.9,6.18,
1993-02-25,0.0,32.9,5.82,
1993-02-26,0.2,32.9,5.43,
1993-02-27,0.3,33.0,5.55,
1993-02-28,0.3,32.1,4.67,
1993-03-01,0.0,33.0,5.71,
1993-03-02,0.0,32.1,5.79,
1993-03-03,0.0,32.4,5.2,
1993-03-04,0.0,32.5,5.46,
1993-03-05,0.0,32.8,5.65,
1993-03-06,0.0,33.7,5.69,
1993-03-07,0.1,33.1,5.54,
1993-03-08,0.0,33.4,6.0,
1993-03-09,0.0,34.6,7.02,
1993-03-10,0.0,34.3,6.65,
1993-03-11,0.0,33.6,6.43,
1993-03-12,0.0,34.5,6.78,
1993-03-13,0.0,33.2,6.13,
1993-03-14,1.2,32.1,4.47,
1993-03-15,6.5,31.3,3.79,
1993-03-16,12.2,32.2,3.91,
1993-03-17,10.5,30.5,3.79,
1993-03-18,5.8,31.5,4.24,
1993-03-19,8.0,32.0,4.27,
1993-03-20,16.6,30.5,3.5,
1993-03-21,2.8,30.8,4.4,
1993-03-22,0.0,30.9,4.84,
1993-03-23,0.0,32.1,5.96,
1993-03-24,0.0,31.6,5.1,
1993-03-25,0.0,32.1,5.61,
1993-03-26,0.0,31.6,4.87,
1993-03-27,1.4,32.0,4.97,
1993-03-28,0.0,33.0,5.79,
1993-03-29,0.0,32.9,5.49,
1993-03-30,0.6,32.6,4.62,
1993-03-31,0.0,32.9,5.72,
1993-04-01,0.0,33.0,5.75,
1993-04-02,0.0,33.8,5.85,
1993-04-03,0.0,34.0,5.88,
1993-04-04,0.0,33.9,5.57,
1993-04-05,0.0,34.1,5.36,
1993-04-06,0.2,34.1,5.38,
1993-04-07,0.0,34.8,6.32,
1993-04-08,0.0,34.6,6.31,
1993-04-09,0.0,33.5,5.68,
1993-04-10,0.0,35.2,6.83,
1993-04-11,6.9,33.2,4.28,
1993-04-12,15.9,31.0,2.81,
1993-04-13,0.5,32.0,4.25,
1993-04-14,0.0,32.7,5.61,
1993-04-15,0.0,33.3,5.46,
1993-04-16,5.5,33.1,4.93,
1993-04-17,3.0,32.8,4.82,
1993-04-18,2.6,33.0,4.51,
1993-04-19,7.2,32.4,4.37,
1993-04-20,3.0,32.4,4.28,
1993-04-21,0.3,32.8,4.65,
1993-04-22,0.0,32.7,5.02,
1993-04-23,0.0,33.4,5.74,
1993-04-24,0.0,34.1,5.87,
1993-04-25,0.0,33.3,5.13,
1993-04-26,0.2,33.1,4.75,
1993-04-27,0.0,34.8,6.3,
1993-04-28,0.0,35.8,5.95,
1993-04-29,0.0,35.7,6.12,
1993-04-30,0.0,35.9,6.44,
1993-05-01,0.0,36.8,6.46,
1993-05-02,0.0,36.5,6.39,
1993-05-03,0.0,37.0,6.88,
1993-05-04,0.1,36.8,6.27,
1993-05-05,0.5,35.4,5.47,
1993-05-06,0.0,35.4,5.33,
1993-05-07,0.0,37.0,6.54,
1993-05-08,0.0,37.0,6.14,
1993-05-09,1.9,36.0,5.82,
1993-05-10,4.3,34.6,4.69,
1993-05-11,6.7,34.6,4.62,
1993-05-12,9.0,33.8,4.48,
1993-05-13,1.1,32.4,4.39,
1993-05-14,0.8,33.2,4.53,
1993-05-15,13.3,32.6,4.11,
1993-05-16,16.0,31.5,3.87,
1993-05-17,10.9,31.2,3.65,
1993-05-18,12.0,30.5,3.28,
1993-05-19,19.6,31.3,3.56,
1993-05-20,26.7,31.0,3.79,
1993-05-21,10.8,30.8,3.57,
1993-05-22,7.3,31.2,3.82,
1993-05-23,11.3,31.3,4.12,
1993-05-24,16.5,30.9,3.93,
1993-05-25,17.1,30.2,2.91,
1993-05-26,14.2,31.7,3.95,
1993-05-27,4.8,31.5,4.02,
1993-05-28,1.1,32.1,4.56,
1993-05-29,2.6,32.0,4.34,
1993-05-30,1.3,31.9,4.56,
1993-05-31,2.9,31.7,4.33,
1993-06-01,0.6,32.6,5.05,
1993-06-02,4.5,32.1,4.27,
1993-06-03,0.5,32.3,4.62,
1993-06-04,9.3,32.2,3.94,
1993-06-05,5.9,31.4,4.12,
1993-06-06,6.7,31.8,4.06,
1993-06-07,19.9,30.1,3.06,
1993-06-08,9.2,31.0,3.46,
1993-06-09,9.7,31.0,3.92,
1993-06-10,15.3,31.1,3.62,
1993-06-11,11.9,30.1,3.39,
1993-06-12,3.4,30.0,3.22,
1993-06-13,8.5,31.7,4.58,
1993-06-14,4.6,30.6,3.96,
1993-06-15,2.6,31.4,3.9,
1993-06-16,5.8,30.9,4.2,
1993-06-17,10.2,31.0,4.04,
1993-06-18,8.4,31.4,4.16,
1993-06-19,15.3,30.5,3.53,
1993-06-20,3.5,29.8,3.44,
1993-06-21,2.5,30.1,3.84,
1993-06-22,13.9,28.8,2.16,
1993-06-23,22.7,28.4,2.09,
1993-06-24,0.7,30.9,4.64,
1993-06-25,1.1,30.6,4.26,
1993-06-26,7.2,31.0,4.31,
1993-06-27,9.7,29.8,3.08,
1993-06-28,11.9,28.5,2.72,
1993-06-29,14.7,29.9,3.74,
1993-06-30,13.3,30.1,3.47,
1993-07-01,8.5,30.8,3.89,
1993-07-02,1.0,31.5,4.73,
1993-07-03,5.6,30.4,3.71,
1993-07-04,8.9,30.9,3.83,
1993-07-05,12.7,30.7,3.61,
1993-07-06,10.1,27.5,2.25,
1993-07-07,3.4,28.8,1.97,
1993-07-08,9.7,30.0,3.56,
1993-07-09,10.3,30.1,3.34,
1993-07-10,7.0,28.8,2.53,
1993-07-11,12.2,28.7,2.51,
1993-07-12,1.0,28.9,2.33,
1993-07-13,0.8,30.1,3.46,
1993-07-14,7.4,29.9,3.76,
1993-07-15,8.6,30.9,4.06,
1993-07-16,14.1,30.6,3.83,
1993-07-17,3.7,30.8,3.62,
1993-07-18,7.8,31.3,4.33,
1993-07-19,7.2,30.1,3.78,
1993-07-20,7.2,30.5,3.65,
1993-07-21,9.1,30.6,4.18,
1993-07-22,9.6,31.6,3.93,
1993-07-23,7.0,30.7,4.53,
1993-07-24,14.8,28.0,2.83,
1993-07-25,14.4,31.1,4.05,
1993-07-26,6.5,30.5,3.65,
1993-07-27,14.1,29.6,3.51,
1993-07-28,8.3,28.5,2.84,
1993-07-29,11.8,29.3,2.6,
1993-07-30,4.2,30.3,4.21,
1993-07-31,6.6,30.0,3.64,
1993-08-01,0.7,30.5,3.66,
1993-08-02,4.3,30.3,3.66,
1993-08-03,2.6,31.6,4.16,
1993-08-04,2.6,31.4,4.46,
1993-08-05,10.5,30.2,3.93,
1993-08-06,8.1,31.0,4.06,
1993-08-07,6.4,31.0,4.39,
1993-08-08,10.1,29.0,3.44,
1993-08-09,9.5,27.9,3.16,
1993-08-10,0.6,28.9,2.67,
1993-08-11,9.5,30.5,4.24,
1993-08-12,8.6,30.5,4.46,
1993-08-13,8.2,30.2,3.63,
1993-08-14,5.8,28.9,3.47,
1993-08-15,0.7,31.4,4.77,
1993-08-16,7.5,31.0,4.26,
1993-08-17,1.3,30.6,4.45,
1993-08-18,3.9,30.2,3.96,
1993-08-19,0.8,30.6,3.82,
1993-08-20,5.3,30.0,4.03,
1993-08-21,3.3,28.3,2.97,
1993-08-22,9.3,29.5,3.4,
1993-08-23,6.7,30.2,3.66,
1993-08-24,7.8,29.9,3.54,
1993-08-25,5.8,31.2,4.24,
1993-08-26,9.3,30.4,4.17,
1993-08-27,13.9,29.6,3.24,
1993-08-28,13.8,29.9,3.14,
1993-08-29,6.1,29.4,2.1,
1993-08-30,8.4,30.2,3.68,
1993-08-31,1.2,30.7,3.14,
1993-09-01,0.0,31.3,4.08,
1993-09-02,13.7,28.2,2.36,
1993-09-03,13.2,28.1,3.1,
1993-09-04,17.5,27.6,2.74,
1993-09-05,2.1,31.2,4.05,
1993-09-06,4.4,31.7,4.72,
1993-09-07,12.2,30.4,3.44,
1993-09-08,11.0,29.4,3.09,
1993-09-09,16.4,28.4,2.53,
1993-09-10,5.0,30.9,3.98,
1993-09-11,1.1,31.1,4.48,
1993-09-12,11.1,30.8,4.11,
1993-09-13,9.4,29.4,3.03,
1993-09-14,24.6,27.5,2.17,
1993-09-15,9.9,27.8,2.45,
1993-09-16,6.9,28.8,2.47,
1993-09-17,5.6,29.0,3.4,
1993-09-18,13.5,28.3,2.91,
1993-09-19,13.6,28.4,2.42,
1993-09-20,10.8,29.8,3.53,
1993-09-21,6.1,30.7,3.56,
1993-09-22,13.2,31.5,4.22,
1993-09-23,10.9,30.1,2.9,
1993-09-24,10.2,30.5,3.05,
1993-09-25,11.7,30.1,2.91,
1993-09-26,9.2,30.0,2.96,
1993-09-27,7.6,31.3,3.97,
1993-09-28,9.3,29.2,3.29,
1993-09-29,10.9,31.5,4.27,
1993-09-30,14.9,30.9,3.6,
1993-10-01,14.5,30.2,3.1,
1993-10-02,20.9,29.9,3.14,
1993-10-03,7.8,28.0,1.72,
1993-10-04,7.4,26.6,1.14,
1993-10-05,5.7,28.1,1.83,
1993-10-06,16.0,28.8,2.72,
1993-10-07,27.1,28.5,1.81,
1993-10-08,16.9,29.9,2.97,
1993-10-09,20.9,29.5,2.63,
1993-10-10,15.5,29.9,3.37,
1993-10-11,1.9,30.4,4.07,
1993-10-12,8.1,30.4,3.72,
1993-10-13,9.2,29.3,2.77,
1993-10-14,11.1,29.8,2.98,
1993-10-15,21.0,30.2,3.04,
1993-10-16,8.1,28.9,2.19,
1993-10-17,16.7,30.1,2.98,
1993-10-18,17.5,29.4,3.17,
1993-10-19,9.6,30.9,3.92,
1993-10-20,6.7,29.9,3.19,
1993-10-21,14.6,29.9,3.32,
1993-10-22,12.6,30.2,3.37,
1993-10-23,6.8,30.5,3.23,
1993-10-24,16.7,29.2,2.53,
1993-10-25,17.4,30.0,3.18,
1993-10-26,16.7,30.6,3.46,
1993-10-27,26.6,27.4,1.55,
1993-10-28,5.3,30.2,3.32,
1993-10-29,1.7,30.9,3.91,
1993-10-30,0.9,31.6,4.23,
1993-10-31,0.9,30.8,4.6,
1993-11-01,0.0,30.3,4.83,
1993-11-02,0.0,30.1,5.31,
1993-11-03,0.0,30.0,5.03,
1993-11-04,1.2,30.6,4.19,
1993-11-05,0.0,30.8,4.03,
1993-11-06,0.1,31.5,4.21,
1993-11-07,1.1,31.8,3.89,
1993-11-08,0.0,31.8,4.44,
1993-11-09,2.5,31.9,4.1,
1993-11-10,7.9,31.1,3.19,
1993-11-11,3.9,30.5,2.79,
1993-11-12,10.9,30.7,3.06,
1993-11-13,4.3,30.9,3.94,
1993-11-14,10.3,30.6,3.61,
1993-11-15,0.3,30.8,3.75,
1993-11-16,0.8,30.8,3.63,
1993-11-17,5.3,30.6,3.39,
1993-11-18,6.7,29.8,2.83,
1993-11-19,6.8,27.0,1.7,
1993-11-20,5.1,30.4,2.99,
1993-11-21,5.3,30.9,3.14,
1993-11-22,1.2,30.7,3.64,
1993-11-23,0.0,30.8,4.89,
1993-11-24,0.0,26.9,3.44,
1993-11-25,0.0,29.0,3.81,
1993-11-26,3.7,29.6,2.72,
1993-11-27,19.1,28.4,1.78,
1993-11-28,21.2,28.4,1.58,
1993-11-29,9.9,28.6,2.18,
1993-11-30,0.0,30.6,3.46,
1993-12-01,7.8,30.9,3.68,
1993-12-02,1.9,29.4,2.57,
1993-12-03,1.4,31.1,3.7,
1993-12-04,2.3,31.1,3.18,
1993-12-05,14.1,29.9,2.63,
1993-12-06,0.4,27.5,3.42,
1993-12-07,0.0,28.1,4.84,
1993-12-08,0.0,28.1,4.5,
1993-12-09,0.1,25.2,2.4,
1993-12-10,0.0,29.0,3.31,
1993-12-11,0.2,29.5,3.48,
1993-12-12,1.2,30.2,3.43,
1993-12-13,0.0,30.7,3.81,
1993-12-14,2.5,30.4,3.16,
1993-12-15,6.2,30.2,3.12,
1993-12-16,1.5,30.6,4.11,
1993-12-17,0.0,28.6,5.02,
1993-12-18,0.0,27.9,4.95,
1993-12-19,0.0,26.6,3.58,
1993-12-20,3.1,27.3,3.57,
1993-12-21,0.2,27.9,3.25,
1993-12-22,0.0,28.6,4.38,
1993-12-23,0.0,28.2,4.86,
1993-12-24,0.0,27.3,4.19,
1993-12-25,0.0,27.3,3.87,
1993-12-26,0.0,26.7,4.48,
1993-12-27,0.0,27.0,3.84,
1993-12-28,0.0,27.9,4.36,
1993-12-29,0.0,28.8,3.86,
1993-12-30,0.0,29.7,4.32,
1993-12-31,0.0,29.6,3.99,
1994-01-01,0.0,27.9,1.83,
1994-01-02,0.5,29.2,3.16,
1994-01-03,1.0,29.7,3.46,
1994-01-04,0.0,31.2,4.52,
1994-01-05,0.0,30.6,4.55,
1994-01-06,0.1,29.7,3.74,
1994-01-07,0.0,29.4,3.48,
1994-01-08,0.0,30.9,4.35,
1994-01-09,0.0,30.1,3.35,
1994-01-10,0.7,30.1,3.74,
1994-01-11,0.1,31.1,4.19,
1994-01-12,0.0,31.1,4.5,
1994-01-13,0.1,30.4,3.89,
1994-01-14,0.0,30.6,4.33,
1994-01-15,0.0,29.7,4.02,
1994-01-16,0.0,30.2,4.19,
1994-01-17,0.0,30.3,4.57,
1994-01-18,0.0,29.9,3.95,
1994-01-19,0.0,30.8,4.3,
1994-01-20,0.5,29.9,3.66,
1994-01-21,0.0,30.6,4.59,
1994-01-22,0.0,30.2,4.04,
1994-01-23,0.0,29.9,4.6,
1994-01-24,0.0,29.6,4.57,
1994-01-25,0.0,30.0,4.55,
1994-01-26,0.0,30.7,4.33,
1994-01-27,0.0,31.3,4.35,
1994-01-28,0.0,31.0,4.52,
1994-01-29,0.0,30.7,4.23,
1994-01-30,0.0,30.9,4.35,
1994-01-31,0.0,31.7,5.08,
1994-02-01,0.0,31.7,4.95,
1994-02-02,0.3,29.3,3.04,
1994-02-03,0.0,31.6,5.3,
1994-02-04,0.0,31.6,5.23,
1994-02-05,0.0,31.5,4.82,
1994-02-06,0.5,31.7,4.47,
1994-02-07,0.0,32.4,4.97,
1994-02-08,0.0,31.7,4.56,
1994-02-09,0.0,31.1,3.91,
1994-02-10,0.6,31.6,4.62,
1994-02-11,0.6,30.3,3.32,
1994-02-12,0.0,31.4,4.27,
1994-02-13,0.0,32.1,4.94,
1994-02-14,0.3,32.5,4.77,
1994-02-15,0.0,32.6,5.2,
1994-02-16,0.0,32.5,5.3,
1994-02-17,0.0,33.3,5.47,
1994-02-18,0.0,31.6,3.99,
1994-02-19,0.0,32.9,4.65,
1994-02-20,0.0,33.1,5.08,
1994-02-21,0.0,32.9,5.2,
1994-02-22,0.0,32.5,5.5,
1994-02-23,0.0,32.9,5.41,
1994-02-24,0.0,32.9,5.24,
1994-02-25,0.0,32.8,5.54,
1994-02-26,0.0,33.4,5.82,
1994-02-27,0.0,33.6,6.44,
1994-02-28,0.0,33.8,6.63,
1994-03-01,0.0,32.7,5.48,
1994-03-02,0.0,32.3,4.96,
1994-03-03,0.0,32.6,5.59,
1994-03-04,0.0,32.9,5.85,
1994-03-05,0.0,33.2,5.75,
1994-03-06,0.0,32.9,5.19,
1994-03-07,0.0,32.5,4.22,
1994-03-08,0.0,33.4,4.58,
1994-03-09,0.0,33.1,4.45,
1994-03-10,0.1,33.9,5.19,
1994-03-11,0.2,34.2,5.44,
1994-03-12,0.6,33.9,4.98,
1994-03-13,4.4,34.5,5.08,
1994-03-14,3.5,33.8,4.86,
1994-03-15,0.0,33.6,5.67,
1994-03-16,3.7,33.1,5.07,
1994-03-17,0.5,33.3,5.75,
1994-03-18,0.0,33.5,6.12,
1994-03-19,3.3,32.6,4.7,
1994-03-20,1.7,32.4,4.39,
1994-03-21,9.9,31.9,4.26,
1994-03-22,5.7,32.0,4.23,
1994-03-23,1.1,32.3,4.59,
1994-03-24,8.6,31.4,4.25,
1994-03-25,3.8,31.6,4.47,
1994-03-26,0.1,31.6,4.88,
1994-03-27,0.0,32.8,5.56,
1994-03-28,0.2,32.2,5.29,
1994-03-29,0.0,33.6,6.05,
1994-03-30,0.2,32.6,5.32,
1994-03-31,1.6,32.5,4.52,
1994-04-01,0.5,32.6,5.05,
1994-04-02,0.0,32.6,5.23,
1994-04-03,0.0,32.4,5.18,
1994-04-04,0.0,33.1,4.95,
1994-04-05,0.0,32.7,4.37,
1994-04-06,1.5,34.0,5.08,
1994-04-07,0.0,34.7,5.53,
1994-04-08,0.0,35.0,5.86,
1994-04-09,0.9,33.5,4.96,
1994-04-10,6.1,32.3,4.35,
1994-04-11,2.4,33.9,4.91,
1994-04-12,1.1,33.8,5.12,
1994-04-13,1.5,33.5,5.01,
1994-04-14,0.2,33.6,5.45,
1994-04-15,3.8,34.0,5.3,
1994-04-16,0.1,33.8,5.33,
1994-04-17,5.0,33.7,4.89,
1994-04-18,4.4,33.0,4.09,
1994-04-19,15.8,32.2,3.98,
1994-04-20,7.6,32.5,4.92,
1994-04-21,7.5,32.2,4.17,
1994-04-22,8.6,31.6,4.16,
1994-04-23,2.0,32.2,4.49,
1994-04-24,6.6,32.5,4.51,
1994-04-25,7.7,30.8,3.65,
1994-04-26,0.9,32.6,4.48,
1994-04-27,0.0,33.0,4.96,
1994-04-28,0.0,33.4,5.55,
1994-04-29,0.0,33.4,5.64,
1994-04-30,0.0,33.7,5.54,
1994-05-01,0.0,34.0,5.84,
1994-05-02,0.4,33.5,5.15,
1994-05-03,0.3,33.8,5.46,
1994-05-04,0.0,34.3,5.91,
1994-05-05,4.0,33.3,4.64,
1994-05-06,8.5,31.4,3.12,
1994-05-07,24.9,30.9,2.84,
1994-05-08,16.2,28.2,2.15,
1994-05-09,9.2,30.6,3.41,
1994-05-10,2.6,30.4,3.26,
1994-05-11,4.6,30.0,4.22,
1994-05-12,5.9,30.8,3.84,
1994-05-13,4.6,30.4,3.68,
1994-05-14,8.3,29.2,3.09,
1994-05-15,6.7,29.9,3.68,
1994-05-16,8.4,30.3,3.46,
1994-05-17,2.6,31.3,3.89,
1994-05-18,12.0,30.4,3.22,
1994-05-19,31.8,28.2,2.05,
1994-05-20,10.7,30.6,3.23,
1994-05-21,6.9,31.0,4.41,
1994-05-22,1.6,31.4,4.66,
1994-05-23,8.5,31.2,4.15,
1994-05-24,1.2,30.8,3.52,
1994-05-25,15.3,29.2,2.36,
1994-05-26,8.4,29.2,3.01,
1994-05-27,11.9,29.3,2.83,
1994-05-28,8.0,30.1,3.11,
1994-05-29,7.2,31.5,4.32,
1994-05-30,11.4,30.9,4.27,
1994-05-31,6.6,30.9,3.93,
1994-06-01,5.3,30.4,3.62,
1994-06-02,4.6,30.3,3.49,
1994-06-03,4.9,30.8,3.75,
1994-06-04,3.7,30.9,3.66,
1994-06-05,0.6,31.8,4.56,
1994-06-06,4.1,31.4,4.38,
1994-06-07,5.6,30.7,3.38,
1994-06-08,8.6,30.2,2.87,
1994-06-09,12.4,30.7,3.26,
1994-06-10,6.4,30.3,3.48,
1994-06-11,10.7,29.3,3.04,
1994-06-12,2.8,31.2,4.32,
1994-06-13,12.4,30.5,3.78,
1994-06-14,5.3,30.8,3.92,
1994-06-15,1.0,31.2,4.59,
1994-06-16,1.3,30.7,4.42,
1994-06-17,11.3,30.1,3.79,
1994-06-18,0.7,31.1,5.07,
1994-06-19,12.1,29.8,3.56,
1994-06-20,2.8,29.1,3.11,
1994-06-21,9.2,27.6,2.21,
1994-06-22,9.2,27.9,2.54,
1994-06-23,12.3,28.7,2.87,
1994-06-24,5.3,28.9,3.23,
1994-06-25,2.2,30.0,4.34,
1994-06-26,0.7,31.1,4.71,
1994-06-27,4.5,31.4,4.4,
1994-06-28,18.1,28.7,2.06,
1994-06-29,27.0,27.3,1.82,
1994-06-30,6.0,29.2,3.02,
1994-07-01,3.7,30.3,3.99,
1994-07-02,3.3,31.0,4.31,
1994-07-03,12.2,30.0,3.27,
1994-07-04,9.6,30.0,4.12,
1994-07-05,6.1,30.5,4.38,
1994-07-06,8.5,28.4,3.19,
1994-07-07,10.1,27.6,2.68,
1994-07-08,5.6,28.9,3.11,
1994-07-09,2.2,29.7,4.27,
1994-07-10,8.8,27.1,2.04,
1994-07-11,1.3,29.0,2.74,
1994-07-12,1.6,31.1,4.4,
1994-07-13,4.7,30.4,4.17,
1994-07-14,14.1,28.5,2.52,
1994-07-15,7.5,30.0,3.59,
1994-07-16,1.5,30.5,3.95,
1994-07-17,3.3,30.9,4.52,
1994-07-18,9.1,29.8,2.87,
1994-07-19,13.6,28.9,3.18,
1994-07-20,2.3,30.0,3.34,
1994-07-21,6.2,29.9,4.18,
1994-07-22,5.1,28.9,3.81,
1994-07-23,1.0,30.8,4.3,
1994-07-24,2.5,29.2,3.85,
1994-07-25,7.6,30.3,4.26,
1994-07-26,5.5,29.8,3.83,
1994-07-27,9.6,30.2,3.82,
1994-07-28,6.6,29.5,3.45,
1994-07-29,7.5,28.8,3.1,
1994-07-30,1.3,29.7,3.35,
1994-07-31,13.0,28.0,2.44,
1994-08-01,7.1,28.2,2.4,
1994-08-02,7.3,29.4,2.52,
1994-08-03,14.5,29.3,3.22,
1994-08-04,5.6,29.1,3.05,
1994-08-05,2.2,30.1,4.37,
1994-08-06,7.4,28.7,3.31,
1994-08-07,11.8,29.9,3.94,
1994-08-08,5.1,30.6,4.21,
1994-08-09,0.1,31.5,4.77,
1994-08-10,6.4,31.1,4.11,
1994-08-11,0.0,31.7,5.16,
1994-08-12,1.0,31.5,4.83,
1994-08-13,0.8,31.6,5.03,
1994-08-14,0.8,31.4,5.17,
1994-08-15,2.5,30.6,4.51,
1994-08-16,6.9,30.3,4.03,
1994-08-17,8.4,30.8,4.24,
1994-08-18,12.5,29.6,3.76,
1994-08-19,4.4,30.5,4.05,
1994-08-20,8.4,31.0,4.35,
1994-08-21,4.1,31.9,5.27,
1994-08-22,6.6,31.1,4.52,
1994-08-23,13.1,30.5,3.89,
1994-08-24,21.5,28.9,2.32,
1994-08-25,14.7,28.5,2.4,
1994-08-26,0.6,29.8,3.09,
1994-08-27,3.2,30.2,4.22,
1994-08-28,11.6,29.9,3.5,
1994-08-29,11.1,28.4,2.81,
1994-08-30,11.4,28.2,2.12,
1994-08-31,8.5,27.5,2.02,
1994-09-01,7.1,27.4,2.23,
1994-09-02,6.0,28.3,3.13,
1994-09-03,10.1,28.1,2.92,
1994-09-04,7.6,28.4,2.72,
1994-09-05,9.3,29.4,3.23,
1994-09-06,8.7,28.7,3.0,
1994-09-07,3.0,30.6,4.62,
1994-09-08,2.6,31.0,4.36,
1994-09-09,5.7,31.7,4.38,
1994-09-10,13.1,30.2,2.63,
1994-09-11,32.2,27.6,1.81,
1994-09-12,24.4,29.2,2.81,
1994-09-13,13.8,26.0,1.25,
1994-09-14,7.0,29.2,3.31,
1994-09-15,12.3,29.4,3.09,
1994-09-16,14.6,30.0,2.83,
1994-09-17,11.2,28.6,2.19,
1994-09-18,26.7,25.9,1.47,
1994-09-19,7.2,28.4,3.08,
1994-09-20,6.9,29.7,3.45,
1994-09-21,2.5,30.7,4.36,
1994-09-22,10.6,31.9,4.58,
1994-09-23,10.8,31.5,3.8,
1994-09-24,6.1,30.5,3.21,
1994-09-25,4.8,30.8,3.95,
1994-09-26,1.0,30.7,3.99,
1994-09-27,6.5,30.5,3.3,
1994-09-28,15.5,28.4,2.58,
1994-09-29,18.1,29.5,2.91,
1994-09-30,7.1,29.4,3.06,
1994-10-01,0.3,30.7,4.07,
1994-10-02,4.9,31.1,3.78,
1994-10-03,3.9,29.7,2.93,
1994-10-04,14.1,30.8,3.63,
1994-10-05,9.6,29.4,3.31,
1994-10-06,2.5,31.0,3.94,
1994-10-07,5.0,31.5,4.32,
1994-10-08,16.5,30.4,3.35,
1994-10-09,4.1,31.0,4.1,
1994-10-10,4.1,31.6,3.82,
1994-10-11,8.6,31.6,4.36,
1994-10-12,10.5,31.2,4.27,
1994-10-13,4.9,29.8,3.51,
1994-10-14,9.5,29.8,3.66,
1994-10-15,6.8,31.3,4.31,
1994-10-16,4.3,31.7,4.17,
1994-10-17,3.8,31.5,4.43,
1994-10-18,9.7,31.0,3.5,
1994-10-19,3.8,30.3,3.19,
1994-10-20,19.0,30.9,3.29,
1994-10-21,21.5,29.9,3.16,
1994-10-22,0.0,29.6,5.25,
1994-10-23,0.0,29.0,5.38,
1994-10-24,0.0,29.1,5.05,
1994-10-25,2.5,26.8,2.37,
1994-10-26,19.8,25.1,1.17,
1994-10-27,29.1,26.2,1.94,
1994-10-28,0.0,30.4,4.54,
1994-10-29,23.7,28.8,3.04,
1994-10-30,27.7,29.4,2.88,
1994-10-31,1.3,29.8,3.95,
1994-11-01,0.2,29.7,3.81,
1994-11-02,0.2,29.6,4.09,
1994-11-03,0.0,29.7,4.13,
1994-11-04,0.0,29.9,4.19,
1994-11-05,0.0,30.7,4.25,
1994-11-06,17.3,30.3,3.71,
1994-11-07,0.4,30.2,4.39,
1994-11-08,0.0,30.4,4.7,
1994-11-09,0.0,31.3,4.61,
1994-11-10,0.0,30.6,4.35,
1994-11-11,0.0,30.7,4.25,
1994-11-12,0.0,31.0,4.27,
1994-11-13,3.4,31.0,4.1,
1994-11-14,0.0,31.4,4.37,
1994-11-15,0.2,31.5,4.12,
1994-11-16,0.6,31.5,4.41,
1994-11-17,0.2,31.7,4.21,
1994-11-18,0.1,31.5,4.53,
1994-11-19,0.6,31.8,4.08,
1994-11-20,3.6,28.8,2.25,
1994-11-21,0.1,31.4,3.76,
1994-11-22,0.0,32.2,4.54,
1994-11-23,0.0,32.5,4.63,
1994-11-24,0.6,31.8,4.34,
1994-11-25,0.0,30.6,4.01,
1994-11-26,0.2,30.7,3.81,
1994-11-27,2.9,31.2,3.55,
1994-11-28,0.0,31.5,3.89,
1994-11-29,0.4,32.1,4.0,
1994-11-30,0.0,31.8,4.72,
1994-12-01,0.0,31.7,4.76,
1994-12-02,6.1,30.7,3.01,
1994-12-03,0.5,30.6,3.51,
1994-12-04,0.9,29.9,2.55,
1994-12-05,0.8,31.3,3.92,
1994-12-06,10.2,27.3,1.69,
1994-12-07,1.5,29.9,3.06,
1994-12-08,0.0,31.5,4.12,
1994-12-09,6.1,29.7,2.7,
1994-12-10,1.4,30.5,2.84,
1994-12-11,3.4,29.4,2.35,
1994-12-12,13.7,29.5,2.62,
1994-12-13,0.0,29.7,3.53,
1994-12-14,0.0,31.1,4.38,
1994-12-15,0.2,31.2,3.81,
1994-12-16,0.2,31.0,3.99,
1994-12-17,0.0,30.6,4.0,
1994-12-18,0.0,31.3,4.66,
1994-12-19,0.0,31.4,4.81,
1994-12-20,0.0,31.2,4.48,
1994-12-21,0.0,31.2,4.22,
1994-12-22,0.0,30.7,4.68,
1994-12-23,0.0,30.6,4.44,
1994-12-24,0.0,30.3,3.74,
1994-12-25,0.0,31.2,3.81,
1994-12-26,0.0,31.1,3.74,
1994-12-27,0.0,31.2,3.64,
1994-12-28,0.0,30.9,3.79,
1994-12-29,0.0,30.7,4.22,
1994-12-30,0.0,31.2,4.68,
1994-12-31,0.0,31.6,4.82,
1995-01-01,0.0,31.8,4.41,
1995-01-02,0.0,32.0,4.65,
1995-01-03,0.5,31.7,4.56,
1995-01-04,0.1,31.8,3.78,
1995-01-05,1.3,31.5,4.12,
1995-01-06,0.0,29.7,4.79,
1995-01-07,0.0,28.2,4.45,
1995-01-08,0.0,30.1,4.45,
1995-01-09,0.0,30.6,3.91,
1995-01-10,0.0,31.9,4.43,
1995-01-11,0.3,30.5,3.61,
1995-01-12,0.1,30.7,3.87,
1995-01-13,0.1,30.4,3.54,
1995-01-14,0.0,30.6,4.34,
1995-01-15,0.0,30.6,4.76,
1995-01-16,0.0,31.3,4.48,
1995-01-17,0.0,31.3,4.83,
1995-01-18,0.0,31.1,4.6,
1995-01-19,0.0,31.2,4.55,
1995-01-20,0.0,31.3,4.77,
1995-01-21,0.0,30.8,4.2,
1995-01-22,0.0,30.5,3.47,
1995-01-23,1.5,30.9,3.8,
1995-01-24,0.1,31.2,4.08,
1995-01-25,8.2,30.0,2.55,
1995-01-26,0.9,30.0,4.07,
1995-01-27,0.2,31.3,4.71,
1995-01-28,0.0,31.1,4.77,
1995-01-29,0.0,30.8,4.54,
1995-01-30,0.0,31.4,4.95,
1995-01-31,0.0,30.7,5.1,
1995-02-01,0.0,30.9,5.32,
1995-02-02,0.0,30.3,5.11,
1995-02-03,0.0,30.5,4.98,
1995-02-04,0.0,30.5,5.04,
1995-02-05,0.0,29.8,5.1,
1995-02-06,0.0,29.2,4.94,
1995-02-07,0.0,29.5,4.52,
1995-02-08,0.0,30.3,4.59,
1995-02-09,0.0,30.8,4.4,
1995-02-10,0.0,32.1,5.35,
1995-02-11,0.0,31.9,5.43,
1995-02-12,0.0,32.7,5.47,
1995-02-13,0.0,32.1,4.57,
1995-02-14,0.0,31.8,4.26,
1995-02-15,0.2,32.3,4.48,
1995-02-16,0.0,32.2,4.6,
1995-02-17,0.0,32.2,4.62,
1995-02-18,0.0,32.3,5.2,
1995-02-19,0.0,32.6,4.87,
1995-02-20,0.0,32.4,5.2,
1995-02-21,0.0,32.3,4.7,
1995-02-22,0.0,32.7,5.26,
1995-02-23,0.0,33.4,6.03,
1995-02-24,0.0,33.0,6.29,
1995-02-25,0.0,32.9,5.64,
1995-02-26,0.0,32.0,4.94,
1995-02-27,0.0,33.5,6.05,
1995-02-28,0.0,33.4,6.05,
1995-03-01,0.4,32.8,5.65,
1995-03-02,0.0,33.0,5.2,
1995-03-03,1.2,31.9,4.25,
1995-03-04,0.3,32.7,4.17,
1995-03-05,0.7,31.6,3.61,
1995-03-06,0.0,31.9,5.19,
1995-03-07,0.0,32.3,5.73,
1995-03-08,0.0,32.7,5.57,
1995-03-09,0.0,33.8,5.47,
1995-03-10,0.0,34.1,5.74,
1995-03-11,0.0,33.9,5.87,
1995-03-12,0.0,34.2,5.9,
1995-03-13,0.0,33.5,6.35,
1995-03-14,0.0,33.8,6.8,
1995-03-15,0.0,34.1,5.85,
1995-03-16,0.0,34.3,5.12,
1995-03-17,0.0,34.7,5.6,
1995-03-18,0.0,33.9,6.13,
1995-03-19,0.0,35.6,7.3,
1995-03-20,0.0,34.1,5.17,
1995-03-21,17.1,27.7,1.83,
1995-03-22,0.2,33.2,5.43,
1995-03-23,0.0,32.7,4.84,
1995-03-24,0.2,33.5,5.21,
1995-03-25,0.0,33.3,5.21,
1995-03-26,2.4,32.4,4.23,
1995-03-27,0.4,32.5,4.61,
1995-03-28,1.3,32.0,4.41,
1995-03-29,0.0,33.8,5.37,
1995-03-30,0.0,33.6,5.39,
1995-03-31,0.0,34.3,5.49,
1995-04-01,0.0,34.2,5.29,
1995-04-02,0.2,36.1,6.25,
1995-04-03,0.0,35.4,6.27,
1995-04-04,0.0,35.8,6.78,
1995-04-05,0.2,35.6,6.09,
1995-04-06,0.1,33.9,5.55,
1995-04-07,0.3,35.1,5.63,
1995-04-08,0.0,35.3,6.64,
1995-04-09,0.1,34.5,5.63,
1995-04-10,0.0,35.7,6.56,
1995-04-11,0.3,35.1,5.4,
1995-04-12,1.3,34.9,5.51,
1995-04-13,0.6,35.1,4.97,
1995-04-14,0.0,36.0,6.05,
1995-04-15,0.1,35.9,6.07,
1995-04-16,0.0,36.1,6.03,
1995-04-17,1.0,35.9,6.31,
1995-04-18,0.0,34.8,5.19,
1995-04-19,0.0,34.3,5.41,
1995-04-20,0.0,35.4,5.87,
1995-04-21,0.6,35.0,5.33,
1995-04-22,0.8,34.9,5.5,
1995-04-23,0.0,34.2,5.28,
1995-04-24,0.0,36.0,6.41,
1995-04-25,3.9,35.2,5.46,
1995-04-26,0.0,35.2,6.17,
1995-04-27,0.1,36.1,6.58,
1995-04-28,0.3,35.3,6.08,
1995-04-29,0.0,35.3,6.23,
1995-04-30,0.0,35.2,5.6,
1995-05-01,0.0,35.8,6.37,
1995-05-02,0.0,35.8,6.26,
1995-05-03,0.0,35.0,5.79,
1995-05-04,1.9,34.1,4.97,
1995-05-05,0.0,34.4,5.67,
1995-05-06,0.0,36.2,6.8,
1995-05-07,0.2,35.2,5.54,
1995-05-08,2.4,34.9,5.18,
1995-05-09,0.4,33.9,4.95,
1995-05-10,0.6,34.6,5.05,
1995-05-11,1.1,33.4,4.63,
1995-05-12,7.7,33.0,4.24,
1995-05-13,19.8,30.2,2.46,
1995-05-14,1.3,31.3,2.83,
1995-05-15,3.3,33.3,4.67,
1995-05-16,0.3,33.4,5.37,
1995-05-17,0.0,33.6,5.34,
1995-05-18,0.0,33.7,4.79,
1995-05-19,0.2,33.9,5.45,
1995-05-20,0.3,33.6,5.67,
1995-05-21,1.3,33.5,5.32,
1995-05-22,0.6,34.4,5.45,
1995-05-23,2.2,33.3,4.77,
1995-05-24,0.8,33.3,4.87,
1995-05-25,0.7,34.5,5.62,
1995-05-26,0.3,33.9,4.84,
1995-05-27,7.0,33.2,4.3,
1995-05-28,12.1,31.5,3.53,
1995-05-29,1.2,32.5,4.33,
1995-05-30,7.2,32.5,4.57,
1995-05-31,1.4,33.7,5.1,
1995-06-01,2.3,33.3,4.19,
1995-06-02,1.7,32.2,3.86,
1995-06-03,2.1,33.2,4.47,
1995-06-04,0.0,33.7,5.46,
1995-06-05,14.0,31.1,4.35,
1995-06-06,0.5,33.8,5.25,
1995-06-07,2.5,31.6,4.53,
1995-06-08,2.2,32.3,4.81,
1995-06-09,7.6,32.0,4.04,
1995-06-10,2.2,31.2,4.02,
1995-06-11,3.9,31.8,3.97,
1995-06-12,8.6,32.3,3.59,
1995-06-13,1.1,33.1,4.88,
1995-06-14,10.0,33.5,4.74,
1995-06-15,2.5,32.8,4.91,
1995-06-16,1.9,32.8,4.96,
1995-06-17,5.7,32.6,4.19,
1995-06-18,6.6,31.0,3.5,
1995-06-19,18.7,29.9,3.02,
1995-06-20,5.5,31.7,4.37,
1995-06-21,6.6,32.0,4.04,
1995-06-22,7.0,32.6,4.76,
1995-06-23,10.6,31.3,3.64,
1995-06-24,14.7,28.7,2.74,
1995-06-25,6.2,29.0,2.44,
1995-06-26,0.4,30.7,3.82,
1995-06-27,7.6,31.0,3.83,
1995-06-28,5.1,30.5,3.27,
1995-06-29,14.9,30.1,2.87,
1995-06-30,0.7,30.8,4.12,
1995-07-01,7.9,30.8,4.14,
1995-07-02,0.0,31.9,4.75,
1995-07-03,6.3,31.7,4.4,
1995-07-04,9.1,31.2,4.02,
1995-07-05,14.7,31.5,4.46,
1995-07-06,11.0,31.5,3.99,
1995-07-07,8.7,30.7,3.33,
1995-07-08,5.0,30.5,3.57,
1995-07-09,6.0,30.4,3.62,
1995-07-10,7.1,26.7,1.2,
1995-07-11,11.2,31.0,3.42,
1995-07-12,0.4,32.0,3.84,
1995-07-13,17.4,29.9,3.57,
1995-07-14,0.3,31.9,4.83,
1995-07-15,14.0,29.0,3.28,
1995-07-16,16.7,29.7,3.13,
1995-07-17,14.8,28.1,2.33,
1995-07-18,13.0,27.9,2.71,
1995-07-19,0.5,31.5,4.6,
1995-07-20,7.6,30.8,4.39,
1995-07-21,6.0,31.2,4.17,
1995-07-22,9.6,31.0,4.25,
1995-07-23,9.7,30.0,3.67,
1995-07-24,10.0,29.2,3.22,
1995-07-25,2.4,30.1,3.71,
1995-07-26,4.0,31.0,4.31,
1995-07-27,0.7,31.0,4.68,
1995-07-28,1.0,31.1,4.49,
1995-07-29,4.0,30.3,3.83,
1995-07-30,9.6,28.7,2.99,
1995-07-31,9.8,28.4,2.25,
1995-08-01,1.8,30.7,3.85,
1995-08-02,0.6,31.4,4.63,
1995-08-03,11.0,30.4,3.62,
1995-08-04,9.5,28.0,1.99,
1995-08-05,3.2,29.3,3.49,
1995-08-06,10.3,30.8,3.82,
1995-08-07,17.1,30.8,3.71,
1995-08-08,23.1,30.0,2.54,
1995-08-09,5.9,31.6,4.07,
1995-08-10,0.4,31.9,4.58,
1995-08-11,6.8,31.4,4.46,
1995-08-12,1.5,32.4,4.88,
1995-08-13,1.4,32.0,4.58,
1995-08-14,8.8,31.1,4.24,
1995-08-15,11.9,30.8,3.98,
1995-08-16,7.9,31.7,4.46,
1995-08-17,2.1,31.8,4.45,
1995-08-18,5.7,31.9,4.33,
1995-08-19,11.0,30.7,3.62,
1995-08-20,14.5,28.8,2.99,
1995-08-21,15.2,29.4,2.74,
1995-08-22,10.7,30.6,3.4,
1995-08-23,6.1,29.8,2.81,
1995-08-24,28.9,27.3,1.97,
1995-08-25,8.0,28.8,2.44,
1995-08-26,19.1,29.6,2.64,
1995-08-27,45.1,25.7,1.37,
1995-08-28,38.5,27.8,2.35,
1995-08-29,8.6,29.6,2.87,
1995-08-30,3.6,28.5,2.55,
1995-08-31,10.3,28.3,2.79,
1995-09-01,6.5,30.1,3.53,
1995-09-02,15.8,30.3,2.81,
1995-09-03,28.5,27.9,2.15,
1995-09-04,22.7,27.0,2.34,
1995-09-05,11.9,28.3,2.24,
1995-09-06,7.1,29.3,3.34,
1995-09-07,9.3,28.6,2.39,
1995-09-08,15.7,27.4,1.57,
1995-09-09,13.1,30.7,3.91,
1995-09-10,7.7,29.4,2.75,
1995-09-11,3.5,29.6,3.16,
1995-09-12,4.2,29.1,3.38,
1995-09-13,8.1,29.4,3.66,
1995-09-14,7.1,29.7,3.02,
1995-09-15,23.7,30.6,2.42,
1995-09-16,12.9,28.2,1.98,
1995-09-17,9.4,30.6,3.24,
1995-09-18,10.0,30.0,3.31,
1995-09-19,22.4,29.4,2.33,
1995-09-20,17.0,27.5,1.82,
1995-09-21,5.9,30.3,2.95,
1995-09-22,17.9,30.3,2.55,
1995-09-23,8.6,29.6,2.44,
1995-09-24,18.5,27.4,1.59,
1995-09-25,22.9,28.7,2.3,
1995-09-26,6.8,29.5,2.49,
1995-09-27,6.3,31.2,3.97,
1995-09-28,7.8,31.3,4.08,
1995-09-29,3.0,31.0,3.38,
1995-09-30,5.1,32.0,4.23,
1995-10-01,11.3,31.3,4.02,
1995-10-02,16.6,31.6,3.64,
1995-10-03,12.0,29.5,2.72,
1995-10-04,12.6,29.6,2.67,
1995-10-05,6.7,31.6,3.73,
1995-10-06,17.0,30.3,3.18,
1995-10-07,24.4,26.8,1.62,
1995-10-08,4.3,29.8,3.18,
1995-10-09,8.9,28.6,2.85,
1995-10-10,19.1,29.3,2.17,
1995-10-11,20.0,29.5,2.31,
1995-10-12,15.2,30.5,2.93,
1995-10-13,8.8,30.4,2.83,
1995-10-14,3.7,31.4,3.56,
1995-10-15,2.8,31.0,4.04,
1995-10-16,1.8,31.3,4.21,
1995-10-17,1.1,30.9,3.96,
1995-10-18,0.6,31.3,4.01,
1995-10-19,3.0,31.2,3.8,
1995-10-20,4.2,31.7,3.95,
1995-10-21,0.3,31.6,4.1,
1995-10-22,0.8,31.5,3.7,
1995-10-23,6.8,31.5,3.73,
1995-10-24,12.3,31.8,4.14,
1995-10-25,20.9,31.1,3.28,
1995-10-26,0.0,31.5,4.59,
1995-10-27,0.0,30.3,3.54,
1995-10-28,18.4,28.7,2.1,
1995-10-29,5.8,31.3,3.01,
1995-10-30,4.9,30.5,2.78,
1995-10-31,0.6,31.5,3.76,
1995-11-01,1.4,30.1,3.19,
1995-11-02,0.3,30.1,3.89,
1995-11-03,3.8,29.5,2.87,
1995-11-04,2.4,30.6,3.32,
1995-11-05,0.0,30.7,3.67,
1995-11-06,1.7,30.7,3.76,
1995-11-07,5.9,30.5,3.44,
1995-11-08,4.2,31.7,3.71,
1995-11-09,11.8,31.1,3.84,
1995-11-10,16.0,27.6,1.57,
1995-11-11,6.2,30.7,3.7,
1995-11-12,14.4,30.4,3.34,
1995-11-13,0.2,30.8,3.94,
1995-11-14,6.7,30.8,3.14,
1995-11-15,9.1,30.6,3.45,
1995-11-16,2.1,30.2,3.25,
1995-11-17,0.7,30.9,4.16,
1995-11-18,0.0,31.1,4.36,
1995-11-19,0.4,31.3,4.14,
1995-11-20,1.3,31.1,3.83,
1995-11-21,12.0,30.6,3.39,
1995-11-22,3.3,30.7,3.76,
1995-11-23,2.7,30.7,3.61,
1995-11-24,0.3,29.7,4.5,
1995-11-25,1.0,27.2,2.98,
1995-11-26,0.0,27.4,2.51,
1995-11-27,3.5,27.2,2.39,
1995-11-28,0.0,29.4,2.98,
1995-11-29,0.0,30.7,3.99,
1995-11-30,3.1,30.9,3.88,
1995-12-01,18.7,29.3,2.54,
1995-12-02,6.0,27.7,1.78,
1995-12-03,0.0,29.7,4.3,
1995-12-04,0.0,28.5,3.98,
1995-12-05,0.0,28.8,4.13,
1995-12-06,0.0,28.4,4.48,
1995-12-07,0.0,28.9,5.3,
1995-12-08,0.0,28.5,5.41,
1995-12-09,0.0,29.8,4.82,
1995-12-10,0.0,29.5,4.41,
1995-12-11,4.7,30.5,4.43,
1995-12-12,0.4,30.4,3.92,
1995-12-13,2.0,25.1,2.53,
1995-12-14,7.3,29.2,2.87,
1995-12-15,1.9,29.3,3.19,
1995-12-16,1.2,29.9,3.52,
1995-12-17,4.8,29.1,2.42,
1995-12-18,4.8,30.5,3.33,
1995-12-19,5.4,30.0,3.26,
1995-12-20,5.0,29.7,3.52,
1995-12-21,1.3,29.8,3.43,
1995-12-22,0.0,29.5,4.17,
1995-12-23,0.0,29.8,4.17,
1995-12-24,0.0,30.4,5.24,
1995-12-25,0.0,29.8,4.92,
1995-12-26,0.0,29.5,4.38,
1995-12-27,1.9,28.7,3.19,
1995-12-28,0.0,29.3,4.37,
1995-12-29,0.0,28.6,3.96,
1995-12-30,0.0,27.9,4.24,
1995-12-31,0.0,27.7,4.01,
1996-01-01,0.0,27.0,3.57,
1996-01-02,0.0,27.7,3.87,
1996-01-03,0.2,27.2,3.48,
1996-01-04,0.0,28.2,3.74,
1996-01-05,0.4,28.2,3.24,
1996-01-06,0.2,29.7,3.71,
1996-01-07,0.0,30.8,4.3,
1996-01-08,0.0,30.4,4.0,
1996-01-09,0.0,30.4,3.83,
1996-01-10,3.4,29.5,3.48,
1996-01-11,0.6,29.5,3.93,
1996-01-12,0.0,30.5,4.61,
1996-01-13,0.0,30.3,4.62,
1996-01-14,0.1,29.7,4.35,
1996-01-15,0.0,30.0,4.35,
1996-01-16,0.0,30.2,4.44,
1996-01-17,0.0,30.5,4.3,
1996-01-18,0.1,30.1,3.66,
1996-01-19,0.6,30.1,3.23,
1996-01-20,0.2,29.7,3.67,
1996-01-21,0.4,29.7,3.7,
1996-01-22,1.9,28.5,1.76,
1996-01-23,5.4,29.4,2.68,
1996-01-24,0.5,29.7,3.59,
1996-01-25,12.0,29.4,3.43,
1996-01-26,2.3,29.5,3.71,
1996-01-27,0.1,30.6,4.05,
1996-01-28,0.0,30.6,4.54,
1996-01-29,0.6,29.7,3.96,
1996-01-30,0.1,29.6,3.71,
1996-01-31,3.7,25.6,1.74,
1996-02-01,0.0,29.9,4.56,
1996-02-02,0.0,29.4,3.78,
1996-02-03,0.0,27.6,3.15,
1996-02-04,0.4,29.7,4.09,
1996-02-05,0.6,29.8,3.99,
1996-02-06,0.1,29.6,4.13,
1996-02-07,0.0,30.3,4.49,
1996-02-08,0.0,30.8,4.48,
1996-02-09,0.2,30.7,4.35,
1996-02-10,0.0,30.2,5.08,
1996-02-11,0.0,28.3,2.82,
1996-02-12,0.0,30.9,4.25,
1996-02-13,0.0,30.3,3.82,
1996-02-14,0.0,31.5,4.33,
1996-02-15,0.6,32.0,3.75,
1996-02-16,0.0,31.9,4.36,
1996-02-17,0.1,32.1,4.08,
1996-02-18,0.3,32.3,4.77,
1996-02-19,0.1,32.5,5.57,
1996-02-20,0.0,32.7,6.0,
1996-02-21,0.0,32.4,5.69,
1996-02-22,0.0,32.4,5.71,
1996-02-23,0.6,30.9,4.52,
1996-02-24,0.2,31.6,4.86,
1996-02-25,0.1,31.3,5.06,
1996-02-26,0.0,31.7,5.06,
1996-02-27,0.1,30.6,4.82,
1996-02-28,0.3,30.7,4.58,
1996-02-29,0.0,31.7,4.7,
1996-03-01,0.0,32.7,5.54,
1996-03-02,0.0,32.1,5.68,
1996-03-03,0.0,31.3,4.77,
1996-03-04,0.0,32.0,5.78,
1996-03-05,0.0,31.7,5.1,
1996-03-06,0.0,32.4,5.69,
1996-03-07,0.0,32.7,5.33,
1996-03-08,0.0,32.6,4.73,
1996-03-09,5.8,33.1,4.48,
1996-03-10,0.0,32.9,4.8,
1996-03-11,0.3,33.4,5.9,
1996-03-12,0.1,33.7,6.04,
1996-03-13,0.0,33.0,6.02,
1996-03-14,0.0,34.1,5.91,
1996-03-15,0.0,34.1,5.77,
1996-03-16,0.0,34.8,5.9,
1996-03-17,0.0,34.7,5.76,
1996-03-18,0.0,35.1,5.79,
1996-03-19,0.2,35.6,6.09,
1996-03-20,0.0,34.6,5.19,
1996-03-21,0.0,35.4,5.41,
1996-03-22,0.0,35.3,5.94,
1996-03-23,0.5,35.4,6.27,
1996-03-24,0.2,35.3,6.62,
1996-03-25,0.2,34.7,6.3,
1996-03-26,0.1,35.5,6.67,
1996-03-27,0.0,35.5,6.98,
1996-03-28,0.0,35.4,6.77,
1996-03-29,0.0,35.3,5.98,
1996-03-30,0.2,34.4,5.51,
1996-03-31,0.0,35.4,5.67,
1996-04-01,0.0,35.8,6.25,
1996-04-02,0.3,35.2,5.25,
1996-04-03,0.3,35.0,5.98,
1996-04-04,0.2,35.5,6.52,
1996-04-05,0.3,35.3,5.98,
1996-04-06,1.1,34.2,5.21,
1996-04-07,1.5,33.9,5.09,
1996-04-08,4.5,33.7,4.46,
1996-04-09,5.0,32.7,4.97,
1996-04-10,2.3,32.0,4.74,
1996-04-11,5.4,33.6,4.95,
1996-04-12,1.4,34.1,5.88,
1996-04-13,3.4,33.4,4.52,
1996-04-14,9.3,31.7,4.07,
1996-04-15,1.6,33.1,4.82,
1996-04-16,3.6,33.8,4.82,
1996-04-17,0.1,33.4,5.19,
1996-04-18,2.5,33.5,4.8,
1996-04-19,5.5,33.0,4.57,
1996-04-20,3.2,33.3,4.86,
1996-04-21,16.7,31.7,3.54,
1996-04-22,11.5,30.5,3.31,
1996-04-23,0.9,31.7,4.6,
1996-04-24,12.9,31.6,4.19,
1996-04-25,6.9,31.4,3.85,
1996-04-26,0.4,32.2,4.84,
1996-04-27,0.3,31.8,4.97,
1996-04-28,0.1,32.8,5.37,
1996-04-29,4.3,32.7,4.5,
1996-04-30,7.4,32.3,4.34,
1996-05-01,9.3,31.2,4.28,
1996-05-02,14.9,31.8,3.9,
1996-05-03,1.3,31.7,4.08,
1996-05-04,11.0,32.2,4.27,
1996-05-05,0.1,32.1,4.9,
1996-05-06,2.2,32.6,4.92,
1996-05-07,2.3,32.0,4.78,
1996-05-08,2.5,32.0,4.26,
1996-05-09,1.6,32.0,4.26,
1996-05-10,5.3,31.8,4.03,
1996-05-11,7.9,31.9,4.55,
1996-05-12,8.3,30.7,3.82,
1996-05-13,16.6,30.7,3.51,
1996-05-14,5.9,29.3,3.26,
1996-05-15,10.7,30.6,3.49,
1996-05-16,17.2,29.7,2.27,
1996-05-17,7.2,29.9,2.66,
1996-05-18,9.8,28.9,2.69,
1996-05-19,14.6,30.0,2.83,
1996-05-20,10.0,29.5,3.19,
1996-05-21,2.6,29.9,3.54,
1996-05-22,7.8,30.4,3.94,
1996-05-23,10.0,31.4,4.24,
1996-05-24,14.5,29.6,3.02,
1996-05-25,3.5,30.8,3.7,
1996-05-26,4.4,30.9,3.85,
1996-05-27,4.3,30.5,3.85,
1996-05-28,6.9,30.6,3.74,
1996-05-29,3.7,30.7,4.04,
1996-05-30,3.9,31.9,4.36,
1996-05-31,5.7,31.5,4.21,
1996-06-01,5.7,31.8,4.42,
1996-06-02,1.3,31.3,4.33,
1996-06-03,1.4,31.7,4.76,
1996-06-04,7.4,31.9,4.12,
1996-06-05,1.2,31.3,4.68,
1996-06-06,5.3,32.1,4.38,
1996-06-07,8.4,30.6,3.69,
1996-06-08,9.9,30.3,3.45,
1996-06-09,9.7,30.2,3.74,
1996-06-10,4.6,30.4,3.09,
1996-06-11,24.9,29.1,2.78,
1996-06-12,12.1,28.7,2.55,
1996-06-13,16.3,29.0,2.61,
1996-06-14,8.6,30.1,3.14,
1996-06-15,17.8,30.2,3.96,
1996-06-16,26.6,29.6,2.5,
1996-06-17,18.2,26.5,1.26,
1996-06-18,5.4,29.7,3.23,
1996-06-19,7.3,30.2,3.26,
1996-06-20,2.3,30.3,4.03,
1996-06-21,8.6,30.1,3.62,
1996-06-22,8.0,31.4,4.45,
1996-06-23,1.2,30.1,3.41,
1996-06-24,5.6,29.2,3.27,
1996-06-25,8.6,29.3,3.83,
1996-06-26,0.8,31.0,4.48,
1996-06-27,0.8,31.4,4.43,
1996-06-28,5.0,31.2,4.15,
1996-06-29,1.4,31.9,4.71,
1996-06-30,5.3,31.2,4.46,
1996-07-01,1.0,31.8,4.72,
1996-07-02,0.5,31.5,4.73,
1996-07-03,12.2,31.3,4.34,
1996-07-04,3.4,31.3,4.48,
1996-07-05,7.0,31.6,4.1,
1996-07-06,7.7,29.1,2.52,
1996-07-07,9.4,30.5,3.54,
1996-07-08,10.7,29.4,3.04,
1996-07-09,5.2,31.5,4.4,
1996-07-10,8.9,31.3,4.02,
1996-07-11,12.1,30.7,3.24,
1996-07-12,10.9,31.6,3.79,
1996-07-13,8.7,30.9,3.48,
1996-07-14,4.7,31.6,4.03,
1996-07-15,10.3,30.4,2.98,
1996-07-16,21.0,29.5,2.89,
1996-07-17,2.3,30.4,3.46,
1996-07-18,7.5,30.9,4.02,
1996-07-19,10.2,30.5,4.37,
1996-07-20,12.1,30.0,2.38,
1996-07-21,0.1,29.9,3.17,
1996-07-22,8.6,27.1,2.0,
1996-07-23,10.7,26.7,1.62,
1996-07-24,11.5,27.8,1.91,
1996-07-25,6.6,30.2,3.45,
1996-07-26,5.4,31.4,4.34,
1996-07-27,12.5,30.1,3.28,
1996-07-28,3.7,29.2,3.15,
1996-07-29,23.1,26.3,1.7,
1996-07-30,12.0,28.8,2.42,
1996-07-31,6.2,29.9,3.86,
1996-08-01,1.6,31.4,4.58,
1996-08-02,0.0,31.8,5.48,
1996-08-03,0.4,31.6,4.8,
1996-08-04,3.3,29.6,2.51,
1996-08-05,5.7,29.9,3.21,
1996-08-06,7.2,31.4,3.53,
1996-08-07,2.0,31.4,4.83,
1996-08-08,7.6,29.7,3.74,
1996-08-09,13.4,30.2,3.26,
1996-08-10,10.4,30.0,3.43,
1996-08-11,2.3,30.6,3.66,
1996-08-12,7.5,30.8,3.82,
1996-08-13,2.1,30.6,4.03,
1996-08-14,4.0,31.3,4.18,
1996-08-15,0.9,31.8,4.77,
1996-08-16,1.9,32.8,5.02,
1996-08-17,5.8,32.6,5.22,
1996-08-18,8.8,31.7,4.61,
1996-08-19,6.0,31.3,4.12,
1996-08-20,11.7,31.4,4.25,
1996-08-21,7.0,31.0,4.15,
1996-08-22,5.4,29.6,3.58,
1996-08-23,6.3,29.9,3.82,
1996-08-24,23.0,27.6,2.53,
1996-08-25,7.7,27.9,2.54,
1996-08-26,2.7,31.0,3.98,
1996-08-27,8.9,31.0,3.48,
1996-08-28,10.5,30.2,3.29,
1996-08-29,2.7,31.4,3.67,
1996-08-30,14.8,31.1,3.66,
1996-08-31,12.3,29.4,3.39,
1996-09-01,8.3,29.7,3.93,
1996-09-02,9.8,30.8,3.43,
1996-09-03,10.1,30.3,3.31,
1996-09-04,18.3,29.4,2.65,
1996-09-05,18.0,29.5,2.95,
1996-09-06,8.4,30.4,3.5,
1996-09-07,14.1,29.7,3.23,
1996-09-08,1.1,30.4,3.5,
1996-09-09,15.2,29.7,3.43,
1996-09-10,1.8,30.1,4.59,
1996-09-11,4.2,29.0,3.38,
1996-09-12,5.3,29.8,3.39,
1996-09-13,4.5,29.3,3.36,
1996-09-14,4.3,30.2,4.09,
1996-09-15,7.6,30.1,3.74,
1996-09-16,9.8,30.9,3.86,
1996-09-17,6.8,30.4,3.4,
1996-09-18,3.9,29.5,3.22,
1996-09-19,8.7,30.9,3.71,
1996-09-20,2.4,31.2,4.24,
1996-09-21,0.4,31.2,3.96,
1996-09-22,1.1,31.7,4.73,
1996-09-23,1.3,31.2,4.48,
1996-09-24,11.2,30.2,3.56,
1996-09-25,20.3,31.5,3.43,
1996-09-26,22.8,28.7,2.11,
1996-09-27,11.0,29.1,1.95,
1996-09-28,11.7,27.9,2.4,
1996-09-29,10.1,29.6,3.35,
1996-09-30,17.0,28.0,1.96,
1996-10-01,6.0,29.2,2.23,
1996-10-02,16.1,30.9,3.21,
1996-10-03,20.3,29.7,2.7,
1996-10-04,1.9,30.9,3.32,
1996-10-05,3.5,31.2,3.63,
1996-10-06,7.3,30.1,2.97,
1996-10-07,1.7,31.1,3.83,
1996-10-08,8.9,31.6,4.16,
1996-10-09,23.3,30.6,3.47,
1996-10-10,10.4,30.0,2.51,
1996-10-11,9.5,30.2,2.76,
1996-10-12,6.4,29.5,3.23,
1996-10-13,5.7,31.5,4.19,
1996-10-14,11.0,30.8,3.49,
1996-10-15,5.3,30.5,3.11,
1996-10-16,12.6,30.4,3.46,
1996-10-17,9.8,30.8,3.41,
1996-10-18,14.3,29.6,2.38,
1996-10-19,5.9,29.1,2.35,
1996-10-20,17.0,30.6,3.04,
1996-10-21,3.1,30.6,3.77,
1996-10-22,7.4,28.7,1.96,
1996-10-23,9.9,29.4,2.49,
1996-10-24,12.0,29.4,2.45,
1996-10-25,21.1,28.7,2.29,
1996-10-26,37.0,26.0,1.01,
1996-10-27,2.5,30.8,3.97,
1996-10-28,12.9,31.0,3.26,
1996-10-29,12.1,28.4,1.91,
1996-10-30,16.7,28.5,1.83,
1996-10-31,20.7,28.9,2.37,
1996-11-01,28.6,29.6,2.53,
1996-11-02,20.3,29.4,2.64,
1996-11-03,12.0,28.3,2.25,
1996-11-04,15.5,28.7,2.44,
1996-11-05,14.8,30.6,3.35,
1996-11-06,16.7,30.5,3.45,
1996-11-07,10.6,30.7,3.41,
1996-11-08,6.8,30.6,3.52,
1996-11-09,8.8,31.5,3.57,
1996-11-10,8.8,29.2,3.23,
1996-11-11,3.1,30.7,3.65,
1996-11-12,6.1,31.2,3.61,
1996-11-13,19.6,30.5,3.23,
1996-11-14,11.7,30.7,3.22,
1996-11-15,0.5,30.9,4.4,
1996-11-16,27.7,28.7,2.86,
1996-11-17,5.8,29.9,3.21,
1996-11-18,16.0,29.2,2.62,
1996-11-19,13.5,30.0,3.28,
1996-11-20,4.8,30.6,3.71,
1996-11-21,8.1,30.4,3.76,
1996-11-22,13.6,30.5,3.58,
1996-11-23,1.6,29.4,2.83,
1996-11-24,5.7,30.5,3.7,
1996-11-25,1.5,30.2,3.65,
1996-11-26,2.8,30.5,3.69,
1996-11-27,2.9,30.7,3.49,
1996-11-28,3.4,29.4,2.63,
1996-11-29,11.9,29.9,2.39,
1996-11-30,15.1,29.5,2.11,
1996-12-01,8.2,29.2,2.91,
1996-12-02,8.1,28.5,2.25,
1996-12-03,13.3,28.9,2.39,
1996-12-04,0.2,29.9,3.08,
1996-12-05,15.7,30.0,2.88,
1996-12-06,42.9,29.6,2.61,
1996-12-07,0.0,29.3,3.62,
1996-12-08,10.4,25.3,1.73,
1996-12-09,1.3,29.4,3.32,
1996-12-10,0.8,29.8,3.55,
1996-12-11,0.0,29.6,3.94,
1996-12-12,0.0,29.5,4.59,
1996-12-13,1.5,28.2,2.8,
1996-12-14,2.0,24.8,1.9,
1996-12-15,0.0,29.5,4.3,
1996-12-16,0.0,29.8,4.23,
1996-12-17,5.2,29.6,3.14,
1996-12-18,0.0,29.2,2.94,
1996-12-19,10.4,26.5,1.83,
1996-12-20,7.9,26.2,2.26,
1996-12-21,15.7,24.2,1.66,
1996-12-22,4.4,24.7,2.21,
1996-12-23,0.1,27.9,3.38,
1996-12-24,0.0,28.2,3.87,
1996-12-25,0.0,28.3,4.22,
1996-12-26,0.0,27.9,4.09,
1996-12-27,1.1,27.1,3.59,
1996-12-28,0.0,27.5,3.86,
1996-12-29,0.0,28.2,3.86,
1996-12-30,1.1,27.5,3.29,
1996-12-31,0.6,27.5,3.25,
1997-01-01,0.0,28.3,4.0,
1997-01-02,0.0,27.6,3.94,
1997-01-03,0.0,28.3,3.95,
1997-01-04,0.0,29.0,4.27,
1997-01-05,0.0,27.9,3.6,
1997-01-06,0.0,28.2,3.78,
1997-01-07,0.0,28.8,3.7,
1997-01-08,0.0,29.1,3.85,
1997-01-09,0.0,29.0,4.05,
1997-01-10,0.0,27.9,3.94,
1997-01-11,0.0,27.8,4.15,
1997-01-12,0.0,27.7,4.02,
1997-01-13,0.0,27.9,4.09,
1997-01-14,0.0,28.4,4.04,
1997-01-15,0.0,28.3,3.64,
1997-01-16,0.0,29.1,3.84,
1997-01-17,0.0,29.5,3.87,
1997-01-18,0.0,29.9,4.13,
1997-01-19,0.0,29.5,3.42,
1997-01-20,0.0,29.3,3.81,
1997-01-21,0.0,29.9,4.22,
1997-01-22,0.0,29.9,4.43,
1997-01-23,0.0,29.8,4.07,
1997-01-24,0.0,30.4,4.39,
1997-01-25,1.5,29.5,4.02,
1997-01-26,0.0,29.7,4.52,
1997-01-27,0.0,30.2,4.47,
1997-01-28,0.2,29.1,4.0,
1997-01-29,0.0,29.6,3.95,
1997-01-30,0.0,30.0,4.13,
1997-01-31,0.0,31.1,4.56,
1997-02-01,0.8,31.4,4.46,
1997-02-02,0.9,31.2,4.12,
1997-02-03,0.7,30.9,4.05,
1997-02-04,0.0,31.0,4.18,
1997-02-05,3.5,31.1,4.05,
1997-02-06,0.0,31.1,4.56,
1997-02-07,0.0,30.3,4.23,
1997-02-08,0.0,31.2,4.33,
1997-02-09,0.5,30.7,4.06,
1997-02-10,0.8,31.1,3.92,
1997-02-11,14.0,29.3,2.78,
1997-02-12,1.0,30.2,4.01,
1997-02-13,24.4,30.4,3.69,
1997-02-14,0.7,30.2,4.04,
1997-02-15,1.0,30.7,4.35,
1997-02-16,0.1,29.9,4.14,
1997-02-17,0.9,30.4,4.22,
1997-02-18,0.5,29.5,3.49,
1997-02-19,0.4,31.4,4.73,
1997-02-20,0.0,29.5,4.48,
1997-02-21,0.2,28.8,3.13,
1997-02-22,0.0,30.0,4.19,
1997-02-23,1.7,29.3,3.26,
1997-02-24,0.1,29.1,3.59,
1997-02-25,0.0,30.8,4.74,
1997-02-26,0.0,31.2,4.9,
1997-02-27,0.0,31.1,5.02,
1997-02-28,0.1,30.7,4.57,
1997-03-01,0.0,30.5,4.49,
1997-03-02,0.0,30.9,4.89,
1997-03-03,0.0,31.4,4.58,
1997-03-04,0.1,31.3,4.62,
1997-03-05,0.0,31.5,4.92,
1997-03-06,0.0,30.4,3.59,
1997-03-07,0.2,32.5,5.68,
1997-03-08,0.0,32.3,6.24,
1997-03-09,0.0,32.7,6.37,
1997-03-10,0.0,32.3,4.99,
1997-03-11,0.0,32.1,4.51,
1997-03-12,0.0,31.8,4.46,
1997-03-13,0.0,33.0,5.15,
1997-03-14,0.0,33.2,5.15,
1997-03-15,0.0,34.0,5.63,
1997-03-16,0.8,33.3,4.85,
1997-03-17,2.0,32.6,4.85,
1997-03-18,1.1,32.5,4.49,
1997-03-19,0.0,33.3,5.73,
1997-03-20,0.1,32.9,5.27,
1997-03-21,0.0,32.6,4.78,
1997-03-22,0.0,33.3,5.56,
1997-03-23,0.0,34.0,5.62,
1997-03-24,0.0,34.0,6.22,
1997-03-25,0.0,34.0,6.3,
1997-03-26,0.0,34.9,6.52,
1997-03-27,0.0,34.6,6.62,
1997-03-28,0.0,34.1,5.97,
1997-03-29,0.0,34.9,6.52,
1997-03-30,0.0,34.5,6.31,
1997-03-31,0.0,35.4,7.15,
1997-04-01,0.0,35.1,6.5,
1997-04-02,0.7,34.3,5.47,
1997-04-03,0.0,33.8,5.56,
1997-04-04,0.1,33.6,5.13,
1997-04-05,0.0,35.2,6.27,
1997-04-06,0.0,35.1,6.14,
1997-04-07,0.0,34.3,5.33,
1997-04-08,1.7,33.7,4.71,
1997-04-09,7.6,31.7,3.92,
1997-04-10,14.4,30.9,3.88,
1997-04-11,0.0,32.7,5.34,
1997-04-12,0.0,32.7,5.28,
1997-04-13,0.2,32.9,5.01,
1997-04-14,0.8,33.3,4.71,
1997-04-15,0.8,32.8,4.89,
1997-04-16,0.0,34.0,5.84,
1997-04-17,0.1,34.3,5.65,
1997-04-18,0.3,34.6,5.67,
1997-04-19,0.0,34.6,5.98,
1997-04-20,0.0,34.0,5.45,
1997-04-21,0.0,35.7,6.18,
1997-04-22,0.1,35.5,5.88,
1997-04-23,2.2,34.8,5.07,
1997-04-24,0.5,34.2,4.95,
1997-04-25,5.1,33.5,4.9,
1997-04-26,2.7,33.1,4.88,
1997-04-27,5.7,33.0,4.21,
1997-04-28,0.2,33.0,4.7,
1997-04-29,2.2,33.8,4.79,
1997-04-30,1.6,33.7,4.68,
1997-05-01,0.0,33.7,5.38,
1997-05-02,0.0,33.8,5.33,
1997-05-03,0.5,33.2,4.71,
1997-05-04,8.8,33.8,4.67,
1997-05-05,2.2,32.6,4.88,
1997-05-06,6.1,32.3,4.6,
1997-05-07,0.4,34.1,5.62,
1997-05-08,0.1,34.4,5.31,
1997-05-09,4.4,34.4,5.15,
1997-05-10,0.5,33.5,4.77,
1997-05-11,0.5,33.6,4.84,
1997-05-12,1.5,33.6,4.97,
1997-05-13,2.5,34.7,5.14,
1997-05-14,1.5,33.7,4.17,
1997-05-15,4.9,32.8,4.24,
1997-05-16,16.5,32.3,3.84,
1997-05-17,19.7,31.2,3.33,
1997-05-18,5.3,30.4,3.19,
1997-05-19,4.5,29.7,2.89,
1997-05-20,1.4,31.2,3.25,
1997-05-21,5.1,30.2,4.03,
1997-05-22,12.2,29.2,2.56,
1997-05-23,9.1,30.8,3.51,
1997-05-24,1.4,29.2,3.19,
1997-05-25,2.7,30.2,4.5,
1997-05-26,1.3,31.1,4.74,
1997-05-27,0.3,31.6,4.88,
1997-05-28,1.2,31.6,4.7,
1997-05-29,11.2,29.0,3.17,
1997-05-30,10.6,29.1,3.03,
1997-05-31,3.0,29.3,3.59,
1997-06-01,9.2,29.5,3.73,
1997-06-02,5.9,29.2,3.74,
1997-06-03,2.6,28.9,3.3,
1997-06-04,3.9,29.5,3.24,
1997-06-05,7.7,29.7,3.8,
1997-06-06,8.9,29.3,2.94,
1997-06-07,6.5,30.7,4.11,
1997-06-08,2.8,31.3,4.47,
1997-06-09,0.4,31.3,4.56,
1997-06-10,0.5,31.4,4.89,
1997-06-11,1.0,32.3,4.87,
1997-06-12,2.2,32.2,4.65,
1997-06-13,0.7,32.4,4.87,
1997-06-14,3.0,32.0,4.75,
1997-06-15,0.0,32.3,5.2,
1997-06-16,0.0,32.1,5.09,
1997-06-17,1.0,31.2,4.35,
1997-06-18,1.7,31.4,4.61,
1997-06-19,0.8,32.2,4.9,
1997-06-20,1.9,32.0,5.17,
1997-06-21,3.1,32.1,4.56,
1997-06-22,5.5,30.7,3.43,
1997-06-23,7.2,30.4,3.77,
1997-06-24,1.9,31.5,4.32,
1997-06-25,14.3,30.7,4.01,
1997-06-26,11.0,30.0,3.12,
1997-06-27,15.0,30.2,3.19,
1997-06-28,21.9,25.9,1.07,
1997-06-29,21.4,27.3,1.69,
1997-06-30,6.3,29.9,3.58,
1997-07-01,12.4,30.6,3.96,
1997-07-02,8.4,31.3,4.44,
1997-07-03,6.5,31.5,4.71,
1997-07-04,2.9,30.6,4.15,
1997-07-05,8.8,30.6,3.87,
1997-07-06,10.7,30.2,3.55,
1997-07-07,11.1,29.4,3.56,
1997-07-08,1.6,29.9,4.19,
1997-07-09,9.7,30.0,3.98,
1997-07-10,13.7,29.0,3.47,
1997-07-11,9.5,28.3,2.87,
1997-07-12,3.6,28.1,2.52,
1997-07-13,13.4,28.6,3.2,
1997-07-14,5.4,28.2,2.5,
1997-07-15,8.8,29.1,2.57,
1997-07-16,14.9,27.8,1.95,
1997-07-17,14.3,30.0,2.43,
1997-07-18,9.7,31.2,3.87,
1997-07-19,6.5,30.6,3.55,
1997-07-20,8.8,30.5,3.81,
1997-07-21,10.6,28.8,2.74,
1997-07-22,15.0,28.2,2.22,
1997-07-23,26.6,26.0,1.27,
1997-07-24,1.3,29.6,3.26,
1997-07-25,2.2,29.2,3.36,
1997-07-26,12.7,29.5,3.11,
1997-07-27,5.5,29.8,3.86,
1997-07-28,3.8,30.5,3.76,
1997-07-29,6.3,28.3,2.13,
1997-07-30,1.5,30.0,3.17,
1997-07-31,6.9,28.1,2.36,
1997-08-01,21.5,27.6,1.65,
1997-08-02,1.4,29.0,3.2,
1997-08-03,3.8,28.5,2.28,
1997-08-04,6.0,29.5,2.58,
1997-08-05,5.2,29.2,2.31,
1997-08-06,5.2,29.5,3.34,
1997-08-07,9.2,28.7,3.04,
1997-08-08,4.0,30.0,4.07,
1997-08-09,2.1,31.4,4.71,
1997-08-10,0.0,31.6,4.78,
1997-08-11,0.8,31.5,4.66,
1997-08-12,1.6,31.6,5.05,
1997-08-13,4.6,31.5,4.59,
1997-08-14,2.3,31.6,4.53,
1997-08-15,6.4,31.0,4.4,
1997-08-16,3.4,30.8,4.32,
1997-08-17,1.7,30.9,4.19,
1997-08-18,9.9,30.7,3.82,
1997-08-19,4.0,30.2,3.27,
1997-08-20,10.3,31.0,3.75,
1997-08-21,11.0,27.2,1.78,
1997-08-22,18.0,29.6,2.64,
1997-08-23,10.2,28.9,3.54,
1997-08-24,17.8,27.0,2.18,
1997-08-25,6.3,28.4,3.16,
1997-08-26,5.4,30.5,3.86,
1997-08-27,0.3,31.8,4.82,
1997-08-28,6.2,31.2,4.84,
1997-08-29,8.4,28.8,2.9,
1997-08-30,7.2,30.4,3.47,
1997-08-31,5.3,30.7,4.27,
1997-09-01,5.7,30.8,3.98,
1997-09-02,1.4,30.5,4.19,
1997-09-03,1.4,31.1,4.43,
1997-09-04,1.2,32.0,4.5,
1997-09-05,2.7,31.3,4.49,
1997-09-06,2.2,32.0,4.91,
1997-09-07,2.5,32.4,4.55,
1997-09-08,5.2,31.3,4.13,
1997-09-09,6.4,32.2,4.45,
1997-09-10,6.8,31.4,4.4,
1997-09-11,11.2,30.5,3.48,
1997-09-12,13.0,31.5,4.39,
1997-09-13,2.5,32.0,4.58,
1997-09-14,16.8,31.0,3.7,
1997-09-15,14.2,29.6,2.85,
1997-09-16,18.0,29.7,2.22,
1997-09-17,5.8,29.1,2.35,
1997-09-18,14.0,28.5,2.15,
1997-09-19,15.9,28.4,2.23,
1997-09-20,15.3,27.5,1.76,
1997-09-21,21.1,26.6,1.38,
1997-09-22,9.1,28.5,2.55,
1997-09-23,4.5,29.8,2.58,
1997-09-24,8.6,31.4,3.79,
1997-09-25,12.0,29.7,3.28,
1997-09-26,8.7,29.7,2.8,
1997-09-27,12.9,31.3,3.73,
1997-09-28,14.7,30.9,3.61,
1997-09-29,0.9,31.3,4.73,
1997-09-30,7.0,31.6,3.96,
1997-10-01,1.4,31.7,4.14,
1997-10-02,5.6,31.0,3.62,
1997-10-03,5.4,30.4,3.0,
1997-10-04,16.3,30.0,2.78,
1997-10-05,13.7,27.4,2.05,
1997-10-06,6.0,30.6,3.6,
1997-10-07,0.1,31.7,4.53,
1997-10-08,5.2,31.9,4.2,
1997-10-09,12.7,30.0,3.26,
1997-10-10,11.6,29.9,3.02,
1997-10-11,5.3,31.1,3.74,
1997-10-12,4.1,31.3,4.14,
1997-10-13,1.9,31.7,4.2,
1997-10-14,2.7,31.4,4.07,
1997-10-15,4.6,31.5,3.4,
1997-10-16,3.3,31.3,3.76,
1997-10-17,13.5,31.1,3.58,
1997-10-18,5.9,31.0,3.29,
1997-10-19,7.1,31.4,3.83,
1997-10-20,6.8,31.4,3.75,
1997-10-21,18.6,31.8,3.86,
1997-10-22,18.2,31.6,4.13,
1997-10-23,8.5,31.3,4.19,
1997-10-24,8.6,31.4,3.89,
1997-10-25,0.5,31.1,4.15,
1997-10-26,0.6,31.1,3.97,
1997-10-27,8.7,29.6,3.17,
1997-10-28,8.4,31.6,4.28,
1997-10-29,10.2,31.2,3.97,
1997-10-30,18.5,31.4,3.6,
1997-10-31,1.2,30.5,4.03,
1997-11-01,0.0,30.0,4.55,
1997-11-02,19.3,26.4,1.93,
1997-11-03,14.3,27.8,2.16,
1997-11-04,18.0,31.1,3.83,
1997-11-05,0.0,30.8,4.73,
1997-11-06,0.0,30.3,4.73,
1997-11-07,2.8,30.3,3.76,
1997-11-08,0.6,30.3,3.89,
1997-11-09,1.6,30.4,3.84,
1997-11-10,2.2,31.0,3.9,
1997-11-11,0.0,31.2,4.62,
1997-11-12,5.0,31.3,4.11,
1997-11-13,1.3,31.4,3.64,
1997-11-14,4.0,31.5,3.81,
1997-11-15,0.2,30.6,4.01,
1997-11-16,1.2,31.0,3.93,
1997-11-17,0.3,31.4,3.97,
1997-11-18,0.1,31.0,4.29,
1997-11-19,0.1,30.9,4.31,
1997-11-20,0.0,31.9,4.52,
1997-11-21,0.0,31.3,4.13,
1997-11-22,8.6,31.3,3.28,
1997-11-23,0.4,31.3,3.78,
1997-11-24,0.0,30.9,4.1,
1997-11-25,8.3,31.0,3.79,
1997-11-26,0.4,31.2,3.78,
1997-11-27,1.4,31.5,3.74,
1997-11-28,0.0,31.2,4.18,
1997-11-29,0.0,32.0,4.64,
1997-11-30,0.7,31.5,4.15,
1997-12-01,0.0,31.7,4.82,
1997-12-02,0.0,31.5,4.75,
1997-12-03,0.0,31.7,4.88,
1997-12-04,0.0,31.7,4.65,
1997-12-05,0.0,31.0,3.6,
1997-12-06,0.5,31.8,4.25,
1997-12-07,0.3,31.9,3.98,
1997-12-08,1.3,32.0,3.91,
1997-12-09,0.0,31.6,4.2,
1997-12-10,0.0,31.0,4.27,
1997-12-11,0.0,31.7,4.52,
1997-12-12,0.0,31.1,3.8,
1997-12-13,0.0,31.7,4.19,
1997-12-14,0.0,32.0,4.32,
1997-12-15,0.0,33.1,4.98,
1997-12-16,0.0,33.2,5.24,
1997-12-17,0.0,33.2,5.11,
1997-12-18,0.0,33.0,5.02,
1997-12-19,0.0,32.0,4.58,
1997-12-20,0.0,31.8,4.53,
1997-12-21,0.0,31.3,3.9,
1997-12-22,0.0,31.9,4.08,
1997-12-23,0.0,32.0,4.49,
1997-12-24,0.0,31.9,4.52,
1997-12-25,0.0,31.3,4.22,
1997-12-26,0.0,32.0,4.86,
1997-12-27,0.0,31.8,4.97,
1997-12-28,0.0,30.6,3.44,
1997-12-29,0.0,32.6,4.67,
1997-12-30,0.0,32.2,4.66,
1997-12-31,0.0,32.1,4.87,
1998-01-01,0.0,31.8,4.79,
1998-01-02,0.0,31.6,4.88,
1998-01-03,0.0,31.8,4.8,
1998-01-04,0.0,32.4,4.71,
1998-01-05,0.0,31.5,4.43,
1998-01-06,0.0,32.0,4.78,
1998-01-07,0.0,33.0,5.59,
1998-01-08,0.0,33.2,4.96,
1998-01-09,0.0,33.3,4.8,
1998-01-10,0.0,32.2,4.67,
1998-01-11,0.0,32.4,4.56,
1998-01-12,0.5,31.9,4.03,
1998-01-13,0.0,32.3,4.84,
1998-01-14,0.0,32.6,4.44,
1998-01-15,0.0,32.2,4.13,
1998-01-16,0.0,33.1,4.61,
1998-01-17,0.0,33.7,4.89,
1998-01-18,0.0,33.5,4.78,
1998-01-19,0.0,32.1,4.36,
1998-01-20,0.0,32.8,4.9,
1998-01-21,0.0,33.3,5.79,
1998-01-22,0.0,33.6,5.84,
1998-01-23,0.0,33.5,5.2,
1998-01-24,0.0,33.2,5.31,
1998-01-25,0.0,32.8,5.67,
1998-01-26,0.0,32.0,5.19,
1998-01-27,0.0,33.7,5.68,
1998-01-28,0.1,34.2,5.66,
1998-01-29,0.2,33.0,4.99,
1998-01-30,0.0,33.3,5.87,
1998-01-31,0.0,33.5,5.86,
1998-02-01,0.2,32.2,5.16,
1998-02-02,0.0,33.3,5.92,
1998-02-03,0.0,33.5,5.81,
1998-02-04,0.0,33.7,5.38,
1998-02-05,0.0,33.5,5.93,
1998-02-06,0.0,32.2,5.3,
1998-02-07,0.0,31.7,4.73,
1998-02-08,0.0,32.0,4.81,
1998-02-09,0.0,32.7,5.28,
1998-02-10,0.0,32.8,5.2,
1998-02-11,0.0,31.7,4.4,
1998-02-12,0.0,33.1,5.17,
1998-02-13,0.0,33.9,5.43,
1998-02-14,0.0,33.9,5.19,
1998-02-15,0.0,33.5,5.13,
1998-02-16,0.0,34.0,5.22,
1998-02-17,0.0,33.2,4.58,
1998-02-18,0.0,33.8,5.0,
1998-02-19,0.0,33.6,5.28,
1998-02-20,0.0,34.2,4.99,
1998-02-21,0.0,33.5,4.36,
1998-02-22,0.2,33.6,4.9,
1998-02-23,0.0,34.4,6.12,
1998-02-24,0.0,33.9,4.96,
1998-02-25,0.1,32.7,4.45,
1998-02-26,0.0,33.7,5.52,
1998-02-27,0.0,32.0,3.55,
1998-02-28,0.0,34.5,6.19,
1998-03-01,0.0,34.7,6.33,
1998-03-02,0.0,35.1,6.88,
1998-03-03,0.0,34.8,6.65,
1998-03-04,0.0,35.1,6.1,
1998-03-05,0.0,34.0,5.42,
1998-03-06,0.0,34.6,6.12,
1998-03-07,0.0,35.2,5.69,
1998-03-08,0.0,35.5,5.87,
1998-03-09,0.0,35.3,5.83,
1998-03-10,0.0,36.0,6.14,
1998-03-11,0.0,35.3,5.76,
1998-03-12,0.0,36.1,5.82,
1998-03-13,0.0,34.8,5.21,
1998-03-14,0.0,36.0,6.5,
1998-03-15,0.0,35.7,6.18,
1998-03-16,0.0,35.5,6.47,
1998-03-17,0.0,35.8,6.69,
1998-03-18,0.0,35.2,6.6,
1998-03-19,0.0,36.2,6.69,
1998-03-20,0.0,35.7,6.67,
1998-03-21,0.0,35.7,6.76,
1998-03-22,0.0,36.3,7.19,
1998-03-23,0.0,35.8,7.11,
1998-03-24,0.2,36.7,6.84,
1998-03-25,0.0,35.7,7.17,
1998-03-26,0.0,35.3,6.63,
1998-03-27,0.0,35.3,6.44,
1998-03-28,0.0,36.2,7.45,
1998-03-29,0.0,37.2,7.55,
1998-03-30,0.0,36.6,7.59,
1998-03-31,0.0,35.7,7.13,
1998-04-01,0.0,35.8,6.18,
1998-04-02,0.0,35.9,6.5,
1998-04-03,0.0,35.6,6.93,
1998-04-04,0.0,36.5,7.0,
1998-04-05,0.0,36.0,6.78,
1998-04-06,0.0,35.7,6.37,
1998-04-07,0.0,36.0,6.23,
1998-04-08,0.0,35.0,6.12,
1998-04-09,0.0,35.4,5.77,
1998-04-10,0.0,35.6,6.3,
1998-04-11,0.0,35.6,5.76,
1998-04-12,0.0,36.3,5.42,
1998-04-13,0.0,36.9,6.31,
1998-04-14,0.0,37.3,6.52,
1998-04-15,0.0,35.7,4.6,
1998-04-16,0.7,36.4,5.7,
1998-04-17,3.4,35.5,5.57,
1998-04-18,1.7,33.8,4.44,
1998-04-19,6.9,32.3,3.93,
1998-04-20,0.5,33.7,4.69,
1998-04-21,0.0,34.8,6.01,
1998-04-22,3.1,34.9,5.47,
1998-04-23,0.9,35.9,5.82,
1998-04-24,0.0,35.0,5.15,
1998-04-25,1.0,35.2,4.92,
1998-04-26,0.4,34.1,4.9,
1998-04-27,0.0,35.8,6.27,
1998-04-28,0.0,36.1,5.8,
1998-04-29,0.0,35.9,5.75,
1998-04-30,1.6,35.5,5.16,
1998-05-01,4.2,35.7,5.06,
1998-05-02,0.0,35.8,5.89,
1998-05-03,0.4,36.0,6.01,
1998-05-04,0.4,36.3,6.01,
1998-05-05,0.0,35.3,6.02,
1998-05-06,0.0,37.7,7.33,
1998-05-07,0.0,37.7,7.42,
1998-05-08,0.0,37.4,6.93,
1998-05-09,0.0,37.4,6.87,
1998-05-10,1.1,35.7,5.47,
1998-05-11,0.0,37.2,6.71,
1998-05-12,1.1,36.1,5.71,
1998-05-13,1.3,35.5,5.16,
1998-05-14,1.6,35.3,4.95,
1998-05-15,3.1,34.2,4.64,
1998-05-16,12.0,32.8,4.05,
1998-05-17,19.3,34.0,4.44,
1998-05-18,1.6,34.0,4.89,
1998-05-19,4.1,34.0,4.73,
1998-05-20,3.2,34.1,4.42,
1998-05-21,1.1,34.0,5.19,
1998-05-22,1.4,33.6,4.89,
1998-05-23,2.2,34.2,5.01,
1998-05-24,2.5,33.3,4.74,
1998-05-25,3.6,32.6,3.77,
1998-05-26,3.7,32.7,3.98,
1998-05-27,1.3,32.7,4.24,
1998-05-28,10.7,31.5,3.73,
1998-05-29,12.7,30.5,3.24,
1998-05-30,23.0,28.0,1.41,
1998-05-31,13.1,28.6,2.11,
1998-06-01,1.1,31.8,4.39,
1998-06-02,2.0,31.6,3.86,
1998-06-03,7.3,31.5,3.97,
1998-06-04,2.8,32.2,4.39,
1998-06-05,6.5,32.3,4.14,
1998-06-06,4.6,31.7,3.86,
1998-06-07,7.4,31.5,4.39,
1998-06-08,0.6,31.7,4.46,
1998-06-09,9.9,31.3,4.42,
1998-06-10,9.9,31.1,3.69,
1998-06-11,1.3,31.9,4.42,
1998-06-12,11.3,30.8,3.07,
1998-06-13,30.0,28.8,2.21,
1998-06-14,18.2,30.2,3.19,
1998-06-15,8.0,31.4,3.82,
1998-06-16,13.0,29.7,3.31,
1998-06-17,11.0,29.4,3.07,
1998-06-18,7.4,31.2,3.61,
1998-06-19,3.3,30.5,3.36,
1998-06-20,6.3,30.7,3.39,
1998-06-21,5.6,31.8,3.92,
1998-06-22,13.4,30.8,3.77,
1998-06-23,4.6,29.9,3.69,
1998-06-24,2.9,30.5,4.1,
1998-06-25,9.0,29.8,2.87,
1998-06-26,15.1,29.2,2.64,
1998-06-27,10.0,27.8,2.32,
1998-06-28,0.8,31.0,4.25,
1998-06-29,18.9,27.7,2.14,
1998-06-30,17.9,29.0,1.69,
1998-07-01,11.1,28.7,2.58,
1998-07-02,9.6,31.2,3.65,
1998-07-03,5.4,31.7,4.4,
1998-07-04,13.5,31.4,4.19,
1998-07-05,5.1,30.9,3.28,
1998-07-06,5.2,29.7,3.48,
1998-07-07,9.3,30.8,3.68,
1998-07-08,5.7,31.1,3.9,
1998-07-09,5.2,30.7,4.22,
1998-07-10,8.0,31.5,4.23,
1998-07-11,5.5,31.2,4.22,
1998-07-12,9.1,31.2,4.47,
1998-07-13,8.7,30.4,3.97,
1998-07-14,7.0,31.1,4.12,
1998-07-15,0.0,31.9,4.55,
1998-07-16,3.2,31.9,4.4,
1998-07-17,0.3,32.1,4.9,
1998-07-18,0.2,32.4,4.93,
1998-07-19,2.1,32.7,5.16,
1998-07-20,2.3,32.8,4.81,
1998-07-21,2.2,31.7,4.13,
1998-07-22,11.4,30.7,3.78,
1998-07-23,15.2,30.8,3.92,
1998-07-24,9.8,31.3,4.23,
1998-07-25,8.7,30.7,4.24,
1998-07-26,11.4,30.1,3.77,
1998-07-27,13.7,31.9,3.98,
1998-07-28,11.4,28.5,1.92,
1998-07-29,2.9,28.3,2.41,
1998-07-30,4.9,28.5,2.46,
1998-07-31,4.5,31.1,3.29,
1998-08-01,10.0,30.6,3.62,
1998-08-02,12.7,31.4,3.8,
1998-08-03,7.8,31.4,3.78,
1998-08-04,16.2,31.3,3.83,
1998-08-05,2.3,31.6,3.88,
1998-08-06,10.2,29.6,3.25,
1998-08-07,8.8,29.6,2.92,
1998-08-08,16.2,29.3,2.3,
1998-08-09,3.9,29.3,3.45,
1998-08-10,3.0,31.2,4.14,
1998-08-11,10.7,31.1,3.64,
1998-08-12,10.1,31.1,3.63,
1998-08-13,2.3,32.2,4.67,
1998-08-14,3.8,31.3,3.63,
1998-08-15,2.9,31.7,4.39,
1998-08-16,5.2,32.1,4.38,
1998-08-17,10.1,30.6,3.71,
1998-08-18,5.6,31.2,3.67,
1998-08-19,13.5,30.9,3.51,
1998-08-20,5.7,29.2,2.79,
1998-08-21,8.5,30.9,3.44,
1998-08-22,4.0,30.4,2.88,
1998-08-23,1.0,32.3,4.86,
1998-08-24,3.3,32.1,4.63,
1998-08-25,13.1,32.3,4.56,
1998-08-26,0.4,32.5,4.79,
1998-08-27,1.1,32.7,4.87,
1998-08-28,1.3,32.0,4.7,
1998-08-29,3.9,31.6,4.56,
1998-08-30,6.7,30.6,4.03,
1998-08-31,11.9,29.7,3.16,
1998-09-01,5.3,30.0,3.16,
1998-09-02,4.7,30.0,2.94,
1998-09-03,5.0,31.9,4.48,
1998-09-04,7.2,31.0,4.03,
1998-09-05,4.7,30.9,3.93,
1998-09-06,14.4,29.9,3.16,
1998-09-07,8.0,31.3,4.24,
1998-09-08,2.0,31.8,4.69,
1998-09-09,0.6,31.8,4.97,
1998-09-10,1.8,30.8,4.46,
1998-09-11,0.9,30.6,3.51,
1998-09-12,6.5,29.9,3.07,
1998-09-13,18.9,27.9,2.2,
1998-09-14,18.8,26.2,1.55,
1998-09-15,13.9,28.6,2.64,
1998-09-16,11.4,28.5,2.2,
1998-09-17,15.6,30.2,3.34,
1998-09-18,10.3,30.0,3.06,
1998-09-19,2.9,29.4,2.93,
1998-09-20,8.7,28.7,2.45,
1998-09-21,15.7,29.6,2.43,
1998-09-22,6.3,29.9,2.46,
1998-09-23,14.3,30.9,3.27,
1998-09-24,13.5,31.2,3.11,
1998-09-25,26.5,28.0,1.45,
1998-09-26,30.2,28.4,1.75,
1998-09-27,17.7,29.5,2.11,
1998-09-28,20.5,30.0,3.14,
1998-09-29,7.0,29.3,2.4,
1998-09-30,11.6,27.4,1.76,
1998-10-01,0.3,28.6,2.58,
1998-10-02,0.0,31.3,4.12,
1998-10-03,26.2,29.4,2.81,
1998-10-04,14.4,29.3,2.06,
1998-10-05,6.7,30.4,3.01,
1998-10-06,21.2,29.9,2.67,
1998-10-07,19.1,30.1,2.58,
1998-10-08,2.9,28.6,1.98,
1998-10-09,16.7,29.3,2.42,
1998-10-10,11.1,30.2,3.33,
1998-10-11,4.7,31.2,3.45,
1998-10-12,18.4,31.4,4.02,
1998-10-13,2.3,31.4,3.86,
1998-10-14,3.5,30.8,3.13,
1998-10-15,8.2,31.3,3.64,
1998-10-16,9.7,31.3,3.84,
1998-10-17,3.0,31.7,3.67,
1998-10-18,23.9,31.2,3.17,
1998-10-19,18.2,30.1,2.82,
1998-10-20,5.1,32.3,4.37,
1998-10-21,4.5,29.9,2.52,
1998-10-22,11.4,29.5,2.56,
1998-10-23,6.7,27.8,1.61,
1998-10-24,16.3,30.7,3.2,
1998-10-25,6.0,28.9,2.08,
1998-10-26,8.2,29.2,2.2,
1998-10-27,2.7,30.7,3.07,
1998-10-28,3.2,31.2,3.62,
1998-10-29,16.5,30.6,2.22,
1998-10-30,5.9,30.1,2.77,
1998-10-31,4.4,31.0,3.15,
1998-11-01,5.6,29.6,2.47,
1998-11-02,20.7,31.5,3.55,
1998-11-03,9.3,31.1,3.79,
1998-11-04,7.7,30.9,3.47,
1998-11-05,7.2,30.4,3.25,
1998-11-06,7.0,30.7,2.76,
1998-11-07,36.2,30.8,3.28,
1998-11-08,15.1,30.3,2.62,
1998-11-09,7.4,29.9,2.83,
1998-11-10,9.0,30.6,3.21,
1998-11-11,0.0,30.8,4.83,
1998-11-12,0.0,29.1,4.04,
1998-11-13,0.6,29.4,3.48,
1998-11-14,48.1,25.7,1.58,
1998-11-15,26.1,27.3,1.49,
1998-11-16,12.5,28.0,2.08,
1998-11-17,7.8,30.6,3.36,
1998-11-18,0.3,30.1,3.06,
1998-11-19,5.5,31.1,3.37,
1998-11-20,4.7,30.1,2.79,
1998-11-21,0.0,29.2,3.32,
1998-11-22,0.2,29.6,3.46,
1998-11-23,8.2,29.6,2.89,
1998-11-24,0.4,30.2,3.98,
1998-11-25,0.0,29.3,3.08,
1998-11-26,0.0,27.8,2.96,
1998-11-27,0.0,29.1,3.01,
1998-11-28,6.6,30.2,2.83,
1998-11-29,2.2,30.3,3.54,
1998-11-30,3.5,30.6,3.45,
1998-12-01,13.6,30.4,3.22,
1998-12-02,6.5,30.6,3.24,
1998-12-03,2.2,30.7,3.18,
1998-12-04,8.0,30.9,3.45,
1998-12-05,1.5,30.8,3.64,
1998-12-06,0.3,31.0,4.03,
1998-12-07,0.0,30.9,4.38,
1998-12-08,0.0,29.8,4.82,
1998-12-09,5.6,27.2,3.84,
1998-12-10,16.6,23.2,1.78,
1998-12-11,19.8,24.2,0.86,
1998-12-12,1.2,25.5,2.23,
1998-12-13,3.1,24.2,2.71,
1998-12-14,25.3,20.5,1.0,
1998-12-15,0.0,22.8,2.8,
1998-12-16,0.0,26.2,3.23,
1998-12-17,0.0,28.4,4.05,
1998-12-18,0.0,29.2,4.22,
1998-12-19,0.0,29.7,3.79,
1998-12-20,0.0,29.7,3.66,
1998-12-21,2.4,29.7,3.3,
1998-12-22,1.3,28.9,2.9,
1998-12-23,2.8,28.6,2.75,
1998-12-24,6.2,30.0,3.42,
1998-12-25,4.5,29.5,3.25,
1998-12-26,0.4,28.8,3.02,
1998-12-27,2.4,29.0,3.43,
1998-12-28,0.0,28.8,3.83,
1998-12-29,0.0,29.1,3.99,
1998-12-30,0.0,29.1,4.16,
1998-12-31,0.0,29.7,4.09,
1999-01-01,5.0,29.4,3.26,
1999-01-02,0.0,29.5,3.89,
1999-01-03,0.0,28.8,3.81,
1999-01-04,0.0,28.7,4.67,
1999-01-05,0.0,28.0,4.44,
1999-01-06,0.0,27.8,4.08,
1999-01-07,0.0,27.6,3.36,
1999-01-08,0.0,28.3,3.81,
1999-01-09,0.0,28.9,3.6,
1999-01-10,0.0,30.0,3.97,
1999-01-11,0.9,29.9,3.77,
1999-01-12,11.1,28.1,2.03,
1999-01-13,4.9,29.0,3.52,
1999-01-14,10.7,29.0,3.11,
1999-01-15,3.4,29.4,3.61,
1999-01-16,0.0,28.7,3.74,
1999-01-17,0.0,29.0,3.7,
1999-01-18,0.0,29.4,3.97,
1999-01-19,0.7,29.7,3.68,
1999-01-20,0.0,30.2,3.83,
1999-01-21,2.2,30.8,4.13,
1999-01-22,0.1,29.8,3.4,
1999-01-23,0.0,30.5,3.9,
1999-01-24,0.0,31.4,4.63,
1999-01-25,0.3,31.1,4.15,
1999-01-26,0.1,30.5,4.23,
1999-01-27,8.3,28.1,2.12,
1999-01-28,10.6,29.0,1.68,
1999-01-29,15.9,29.3,3.19,
1999-01-30,0.0,29.3,3.17,
1999-01-31,0.0,29.8,4.25,
1999-02-01,0.0,29.9,3.95,
1999-02-02,0.3,30.5,4.28,
1999-02-03,1.3,30.1,4.18,
1999-02-04,0.3,29.0,4.81,
1999-02-05,0.0,27.7,4.72,
1999-02-06,0.0,28.8,3.91,
1999-02-07,0.0,28.9,3.82,
1999-02-08,0.0,29.1,3.67,
1999-02-09,0.2,29.1,3.63,
1999-02-10,4.9,30.4,4.02,
1999-02-11,7.2,29.8,3.4,
1999-02-12,1.3,30.6,4.47,
1999-02-13,2.2,29.5,3.78,
1999-02-14,6.5,29.1,3.77,
1999-02-15,1.1,29.2,4.03,
1999-02-16,0.3,29.9,4.2,
1999-02-17,0.2,29.2,4.23,
1999-02-18,0.0,29.9,4.76,
1999-02-19,0.0,29.8,4.54,
1999-02-20,0.0,29.6,5.09,
1999-02-21,0.0,29.1,4.18,
1999-02-22,0.2,29.5,4.44,
1999-02-23,0.0,30.8,4.79,
1999-02-24,1.9,31.3,4.53,
1999-02-25,0.0,31.6,5.22,
1999-02-26,0.0,32.7,5.48,
1999-02-27,0.0,32.1,5.47,
1999-02-28,0.2,32.0,4.99,
1999-03-01,0.6,32.5,5.12,
1999-03-02,0.9,31.4,4.67,
1999-03-03,0.5,31.0,4.46,
1999-03-04,0.2,31.5,4.8,
1999-03-05,0.3,31.5,4.79,
1999-03-06,0.5,31.7,4.58,
1999-03-07,0.2,32.7,5.15,
1999-03-08,3.3,32.4,4.73,
1999-03-09,0.3,33.3,5.05,
1999-03-10,0.0,32.0,4.69,
1999-03-11,0.0,33.4,5.2,
1999-03-12,3.8,32.4,4.13,
1999-03-13,0.6,33.4,5.04,
1999-03-14,0.0,32.8,5.24,
1999-03-15,0.0,33.5,5.52,
1999-03-16,0.0,33.6,5.43,
1999-03-17,0.0,33.6,5.41,
1999-03-18,0.0,33.8,5.4,
1999-03-19,1.6,33.9,4.91,
1999-03-20,12.0,32.1,3.94,
1999-03-21,1.6,32.3,4.24,
1999-03-22,10.2,31.2,4.08,
1999-03-23,0.2,32.8,5.41,
1999-03-24,0.3,31.6,5.14,
1999-03-25,0.9,31.9,4.33,
1999-03-26,1.4,32.7,4.74,
1999-03-27,0.1,33.4,5.03,
1999-03-28,1.1,33.4,5.01,
1999-03-29,3.6,33.1,4.91,
1999-03-30,13.1,32.0,4.12,
1999-03-31,2.1,32.3,4.53,
1999-04-01,1.4,32.6,4.47,
1999-04-02,8.3,31.7,3.71,
1999-04-03,8.4,32.9,4.5,
1999-04-04,12.0,28.8,2.33,
1999-04-05,8.4,30.8,3.89,
1999-04-06,4.0,31.2,3.93,
1999-04-07,7.0,31.6,4.24,
1999-04-08,3.7,32.2,4.29,
1999-04-09,12.8,30.6,3.14,
1999-04-10,4.0,30.0,3.52,
1999-04-11,6.5,31.2,3.85,
1999-04-12,10.5,31.3,3.84,
1999-04-13,10.4,30.5,3.43,
1999-04-14,7.0,30.0,3.5,
1999-04-15,7.0,31.2,3.64,
1999-04-16,6.0,31.0,3.63,
1999-04-17,7.2,31.9,4.59,
1999-04-18,2.2,31.0,4.29,
1999-04-19,1.4,31.9,4.33,
1999-04-20,1.8,31.1,4.16,
1999-04-21,8.0,31.1,3.67,
1999-04-22,18.9,29.6,2.53,
1999-04-23,12.5,28.1,2.2,
1999-04-24,8.2,30.1,3.23,
1999-04-25,3.9,30.5,4.56,
1999-04-26,8.1,30.8,4.14,
1999-04-27,6.4,28.6,2.85,
1999-04-28,10.9,29.4,3.16,
1999-04-29,6.8,30.0,3.98,
1999-04-30,1.1,29.7,3.4,
1999-05-01,4.3,30.7,4.07,
1999-05-02,33.2,30.7,3.75,
1999-05-03,18.1,29.9,3.77,
1999-05-04,9.3,30.6,4.03,
1999-05-05,11.4,30.2,3.78,
1999-05-06,5.0,30.8,4.23,
1999-05-07,1.8,31.3,4.17,
1999-05-08,0.3,31.2,4.78,
1999-05-09,1.5,31.0,4.12,
1999-05-10,7.3,31.0,4.46,
1999-05-11,2.8,30.8,3.77,
1999-05-12,3.6,31.3,4.38,
1999-05-13,3.2,30.5,4.21,
1999-05-14,6.3,30.3,3.91,
1999-05-15,10.7,28.6,2.35,
1999-05-16,14.1,29.2,2.83,
1999-05-17,8.9,30.4,3.75,
1999-05-18,10.2,30.8,3.8,
1999-05-19,6.7,29.5,3.15,
1999-05-20,17.9,29.0,2.76,
1999-05-21,5.1,29.7,3.08,
1999-05-22,16.1,30.5,3.72,
1999-05-23,4.8,30.9,4.3,
1999-05-24,9.8,29.9,3.66,
1999-05-25,15.4,30.3,3.69,
1999-05-26,6.2,28.1,2.46,
1999-05-27,3.7,31.0,4.43,
1999-05-28,10.7,30.5,3.62,
1999-05-29,11.5,29.4,3.02,
1999-05-30,0.6,29.4,2.64,
1999-05-31,1.4,30.2,4.65,
1999-06-01,4.1,28.6,2.36,
1999-06-02,11.0,29.5,2.66,
1999-06-03,9.3,27.7,2.32,
1999-06-04,32.0,26.5,1.51,
1999-06-05,20.7,26.2,2.24,
1999-06-06,13.2,26.6,1.69,
1999-06-07,9.8,29.5,4.19,
1999-06-08,6.6,28.8,3.16,
1999-06-09,9.1,28.3,2.93,
1999-06-10,4.3,30.2,3.87,
1999-06-11,22.6,29.7,3.13,
1999-06-12,15.5,28.9,3.29,
1999-06-13,5.3,28.4,2.88,
1999-06-14,10.9,28.1,2.76,
1999-06-15,14.9,29.1,3.14,
1999-06-16,13.0,26.9,2.02,
1999-06-17,10.9,29.7,2.89,
1999-06-18,6.6,29.9,3.65,
1999-06-19,7.4,28.6,2.8,
1999-06-20,3.7,29.4,3.44,
1999-06-21,0.0,30.6,4.92,
1999-06-22,0.0,30.8,5.23,
1999-06-23,0.0,30.8,5.29,
1999-06-24,2.8,30.4,4.67,
1999-06-25,3.4,30.9,4.47,
1999-06-26,3.7,29.7,3.54,
1999-06-27,8.9,28.6,2.84,
1999-06-28,13.1,31.0,4.02,
1999-06-29,5.8,30.2,3.84,
1999-06-30,12.3,28.9,3.1,
1999-07-01,12.9,28.7,2.9,
1999-07-02,7.8,28.6,2.9,
1999-07-03,7.2,28.7,2.56,
1999-07-04,3.0,30.3,3.95,
1999-07-05,7.1,30.1,4.07,
1999-07-06,7.0,29.7,3.93,
1999-07-07,6.4,30.7,4.18,
1999-07-08,0.6,31.0,4.5,
1999-07-09,0.6,30.0,4.02,
1999-07-10,9.8,29.9,3.72,
1999-07-11,1.0,29.8,4.26,
1999-07-12,10.2,29.6,3.88,
1999-07-13,5.5,27.0,2.37,
1999-07-14,10.6,28.7,2.81,
1999-07-15,8.7,29.3,3.1,
1999-07-16,4.0,29.8,3.94,
1999-07-17,1.3,30.4,3.97,
1999-07-18,8.4,29.3,3.44,
1999-07-19,0.6,30.5,4.54,
1999-07-20,0.2,30.8,4.31,
1999-07-21,12.3,29.8,3.78,
1999-07-22,11.2,29.5,3.38,
1999-07-23,11.9,28.9,3.25,
1999-07-24,11.9,28.3,2.48,
1999-07-25,8.2,26.7,1.58,
1999-07-26,2.3,29.6,3.97,
1999-07-27,8.5,29.6,3.73,
1999-07-28,4.2,30.2,3.48,
1999-07-29,7.1,29.3,2.66,
1999-07-30,14.4,28.5,2.39,
1999-07-31,7.6,29.5,3.25,
1999-08-01,3.0,29.6,3.71,
1999-08-02,4.1,29.5,3.59,
1999-08-03,10.3,28.9,3.5,
1999-08-04,1.8,29.4,3.59,
1999-08-05,3.5,28.1,2.62,
1999-08-06,5.0,28.0,3.16,
1999-08-07,0.2,30.5,4.69,
1999-08-08,0.6,31.1,5.42,
1999-08-09,0.9,30.9,4.72,
1999-08-10,1.0,31.6,4.88,
1999-08-11,3.5,29.8,3.95,
1999-08-12,0.6,30.7,4.62,
1999-08-13,3.7,31.0,4.67,
1999-08-14,4.3,31.3,4.86,
1999-08-15,0.2,31.6,4.78,
1999-08-16,0.8,31.9,4.71,
1999-08-17,9.0,30.9,3.73,
1999-08-18,6.8,30.8,3.99,
1999-08-19,11.0,31.1,3.99,
1999-08-20,12.0,30.0,3.73,
1999-08-21,5.2,30.3,3.55,
1999-08-22,8.8,30.2,3.32,
1999-08-23,3.9,29.1,2.93,
1999-08-24,12.0,29.7,3.04,
1999-08-25,11.3,30.7,4.0,
1999-08-26,7.9,29.7,3.19,
1999-08-27,16.3,29.9,3.36,
1999-08-28,11.1,29.5,3.5,
1999-08-29,11.1,29.8,3.25,
1999-08-30,15.0,29.9,3.23,
1999-08-31,17.7,29.5,2.95,
1999-09-01,9.7,27.7,2.57,
1999-09-02,9.8,28.8,3.14,
1999-09-03,19.0,29.9,3.32,
1999-09-04,6.4,30.8,3.81,
1999-09-05,14.1,29.6,3.33,
1999-09-06,5.4,28.9,3.06,
1999-09-07,4.3,29.1,3.6,
1999-09-08,3.5,30.7,4.38,
1999-09-09,4.2,30.7,4.5,
1999-09-10,5.1,31.0,4.51,
1999-09-11,1.4,30.9,4.81,
1999-09-12,0.7,31.2,4.62,
1999-09-13,5.3,30.9,4.25,
1999-09-14,1.8,30.5,4.51,
1999-09-15,3.0,29.2,3.18,
1999-09-16,5.6,29.7,3.14,
1999-09-17,1.5,30.0,4.16,
1999-09-18,0.7,31.0,4.39,
1999-09-19,1.8,31.3,4.64,
1999-09-20,1.6,30.9,4.43,
1999-09-21,1.8,30.7,3.82,
1999-09-22,1.4,31.5,4.23,
1999-09-23,1.5,31.3,4.06,
1999-09-24,3.1,31.5,4.18,
1999-09-25,4.6,31.8,4.39,
1999-09-26,2.3,31.5,4.16,
1999-09-27,4.4,31.6,4.27,
1999-09-28,2.8,31.2,4.19,
1999-09-29,6.1,30.7,3.66,
1999-09-30,7.7,30.2,2.67,
1999-10-01,6.0,31.1,3.86,
1999-10-02,4.6,31.4,4.27,
1999-10-03,8.7,30.2,3.0,
1999-10-04,1.9,31.1,4.28,
1999-10-05,2.5,31.5,4.42,
1999-10-06,8.8,31.9,4.41,
1999-10-07,22.7,30.0,2.94,
1999-10-08,7.7,30.3,3.01,
1999-10-09,12.9,30.9,3.39,
1999-10-10,3.5,31.0,4.29,
1999-10-11,0.6,31.6,4.41,
1999-10-12,9.2,32.1,4.0,
1999-10-13,21.9,28.6,2.21,
1999-10-14,4.4,30.4,3.45,
1999-10-15,7.1,31.3,3.8,
1999-10-16,10.3,30.8,3.72,
1999-10-17,19.9,30.0,3.06,
1999-10-18,13.0,26.9,1.74,
1999-10-19,2.1,29.3,3.24,
1999-10-20,0.6,29.8,3.39,
1999-10-21,4.2,30.6,3.68,
1999-10-22,9.4,31.5,4.03,
1999-10-23,35.7,30.3,3.03,
1999-10-24,26.4,25.7,0.91,
1999-10-25,11.7,29.9,2.7,
1999-10-26,4.6,30.8,3.64,
1999-10-27,8.6,31.1,3.78,
1999-10-28,12.2,29.7,2.04,
1999-10-29,8.1,29.8,3.34,
1999-10-30,9.0,29.9,2.73,
1999-10-31,15.0,28.5,1.82,
1999-11-01,46.6,25.9,0.89,
1999-11-02,13.7,27.6,1.85,
1999-11-03,6.6,28.5,2.11,
1999-11-04,19.2,29.3,2.2,
1999-11-05,4.5,26.6,1.54,
1999-11-06,4.4,29.1,2.73,
1999-11-07,4.3,29.5,2.83,
1999-11-08,9.8,29.1,2.62,
1999-11-09,4.5,30.6,3.46,
1999-11-10,8.4,30.9,3.11,
1999-11-11,1.2,31.0,4.1,
1999-11-12,8.0,31.5,3.71,
1999-11-13,4.9,30.9,3.77,
1999-11-14,8.0,30.4,3.5,
1999-11-15,6.3,30.6,3.85,
1999-11-16,25.9,29.7,2.92,
1999-11-17,0.0,30.5,4.74,
1999-11-18,0.3,29.6,3.82,
1999-11-19,1.6,30.1,4.13,
1999-11-20,2.0,30.2,3.74,
1999-11-21,5.8,30.0,3.66,
1999-11-22,6.2,28.8,2.86,
1999-11-23,4.1,30.4,3.63,
1999-11-24,5.1,30.8,3.41,
1999-11-25,2.4,31.3,3.9,
1999-11-26,2.8,31.2,3.72,
1999-11-27,2.2,30.8,3.66,
1999-11-28,5.8,31.0,3.64,
1999-11-29,6.6,29.9,3.13,
1999-11-30,0.9,29.8,4.81,
1999-12-01,0.0,29.7,4.73,
1999-12-02,7.6,27.5,2.91,
1999-12-03,17.0,26.6,1.35,
1999-12-04,10.6,29.9,2.61,
1999-12-05,5.0,28.8,2.42,
1999-12-06,4.2,30.0,3.21,
1999-12-07,0.4,29.8,3.69,
1999-12-08,0.0,29.5,4.42,
1999-12-09,0.0,27.7,4.97,
1999-12-10,39.5,24.8,2.28,
1999-12-11,3.4,25.9,2.35,
1999-12-12,0.0,29.3,3.67,
1999-12-13,1.8,29.7,3.05,
1999-12-14,16.5,29.9,3.37,
1999-12-15,0.0,29.0,4.32,
1999-12-16,0.0,29.1,4.12,
1999-12-17,0.3,29.4,3.51,
1999-12-18,1.5,28.3,3.35,
1999-12-19,0.0,28.7,4.53,
1999-12-20,0.0,28.2,5.08,
1999-12-21,0.0,28.6,5.02,
1999-12-22,0.0,27.1,4.79,
1999-12-23,0.0,25.1,4.89,
1999-12-24,0.0,24.1,4.78,
1999-12-25,0.0,24.7,4.48,
1999-12-26,0.0,25.3,4.09,
1999-12-27,0.0,26.4,4.28,
1999-12-28,0.0,29.1,4.03,
1999-12-29,0.0,29.6,4.06,
1999-12-30,0.4,30.2,3.61,
1999-12-31,0.2,30.0,3.84,
2000-01-01,0.4,30.6,3.79,
2000-01-02,0.5,29.9,3.74,
2000-01-03,0.1,30.2,3.68,
2000-01-04,1.2,30.6,3.73,
2000-01-05,1.7,30.8,3.72,
2000-01-06,2.2,30.3,3.76,
2000-01-07,0.4,29.5,3.54,
2000-01-08,0.0,29.6,3.36,
2000-01-09,0.0,30.2,4.13,
2000-01-10,0.0,30.8,4.32,
2000-01-11,0.2,30.6,3.81,
2000-01-12,0.0,30.6,4.28,
2000-01-13,0.0,30.5,4.11,
2000-01-14,0.0,30.0,3.84,
2000-01-15,0.2,30.0,3.5,
2000-01-16,0.0,31.1,4.43,
2000-01-17,0.0,31.1,4.18,
2000-01-18,1.5,29.9,3.49,
2000-01-19,5.5,30.2,3.17,
2000-01-20,0.0,28.6,3.41,
2000-01-21,0.0,29.6,4.44,
2000-01-22,0.0,29.6,4.21,
2000-01-23,0.2,30.5,4.12,
2000-01-24,0.3,31.1,3.83,
2000-01-25,0.2,31.2,4.51,
2000-01-26,0.0,31.2,4.61,
2000-01-27,0.0,29.7,4.43,
2000-01-28,0.0,30.0,5.13,
2000-01-29,0.0,29.6,4.37,
2000-01-30,0.0,30.3,4.39,
2000-01-31,0.0,29.4,3.32,
2000-02-01,0.0,30.3,4.74,
2000-02-02,0.0,29.4,4.34,
2000-02-03,0.0,30.4,4.88,
2000-02-04,0.0,31.8,4.97,
2000-02-05,0.0,31.3,4.13,
2000-02-06,0.8,32.0,4.74,
2000-02-07,1.8,30.4,3.39,
2000-02-08,1.0,28.0,2.23,
2000-02-09,0.0,29.8,3.93,
2000-02-10,0.2,29.5,3.53,
2000-02-11,0.2,31.2,4.17,
2000-02-12,0.0,31.5,5.02,
2000-02-13,4.5,31.6,4.27,
2000-02-14,2.8,31.4,3.76,
2000-02-15,3.7,31.2,4.15,
2000-02-16,0.0,31.5,5.52,
2000-02-17,0.6,31.5,4.27,
2000-02-18,0.7,31.7,4.88,
2000-02-19,0.4,31.4,4.24,
2000-02-20,0.0,32.3,4.88,
2000-02-21,0.0,32.4,4.89,
2000-02-22,0.0,32.5,4.48,
2000-02-23,4.0,31.9,4.13,
2000-02-24,3.6,32.0,4.13,
2000-02-25,0.7,32.8,4.76,
2000-02-26,0.5,31.8,4.29,
2000-02-27,0.5,32.2,5.54,
2000-02-28,1.4,30.5,3.63,
2000-02-29,0.1,31.9,5.25,
2000-03-01,0.3,32.3,5.42,
2000-03-02,0.3,32.3,4.97,
2000-03-03,0.5,31.3,4.52,
2000-03-04,0.2,32.6,4.73,
2000-03-05,5.8,32.7,4.22,
2000-03-06,14.1,30.8,3.52,
2000-03-07,5.1,31.7,3.89,
2000-03-08,0.0,31.1,3.9,
2000-03-09,0.1,31.5,4.68,
2000-03-10,0.5,31.9,4.57,
2000-03-11,1.4,32.0,4.08,
2000-03-12,2.8,31.6,4.12,
2000-03-13,1.4,33.2,4.85,
2000-03-14,2.0,31.9,4.69,
2000-03-15,0.0,32.3,5.0,
2000-03-16,4.7,31.2,3.77,
2000-03-17,0.1,31.8,4.57,
2000-03-18,0.0,32.8,5.18,
2000-03-19,0.0,32.8,5.4,
2000-03-20,0.1,32.9,5.78,
2000-03-21,0.0,33.3,5.36,
2000-03-22,0.0,33.1,5.18,
2000-03-23,0.0,34.4,5.85,
2000-03-24,0.0,33.4,5.19,
2000-03-25,0.0,35.1,6.5,
2000-03-26,1.5,34.2,5.37,
2000-03-27,0.1,34.5,5.79,
2000-03-28,0.0,34.5,5.86,
2000-03-29,1.8,34.0,5.58,
2000-03-30,0.8,33.7,5.77,
2000-03-31,0.0,34.0,5.6,
2000-04-01,0.2,33.8,4.85,
2000-04-02,0.0,34.2,5.53,
2000-04-03,0.0,33.7,5.37,
2000-04-04,1.2,34.4,5.07,
2000-04-05,0.8,34.0,4.97,
2000-04-06,0.2,34.4,6.24,
2000-04-07,0.1,33.9,5.19,
2000-04-08,24.7,33.9,4.52,
2000-04-09,5.7,30.8,3.36,
2000-04-10,14.4,31.3,4.11,
2000-04-11,6.6,30.4,3.68,
2000-04-12,2.5,30.4,3.59,
2000-04-13,5.2,31.6,4.17,
2000-04-14,4.7,31.2,3.93,
2000-04-15,2.1,32.2,4.06,
2000-04-16,9.4,31.5,4.11,
2000-04-17,5.4,31.6,3.82,
2000-04-18,5.8,30.7,3.85,
2000-04-19,19.9,31.7,3.08,
2000-04-20,5.1,31.1,3.91,
2000-04-21,5.8,31.9,4.44,
2000-04-22,7.4,31.4,4.05,
2000-04-23,5.9,31.5,4.49,
2000-04-24,1.9,31.7,4.47,
2000-04-25,9.0,31.7,3.92,
2000-04-26,1.0,31.2,4.54,
2000-04-27,4.6,32.4,4.57,
2000-04-28,5.3,31.3,4.0,
2000-04-29,0.3,32.1,5.01,
2000-04-30,0.4,32.3,4.79,
2000-05-01,0.5,31.6,4.47,
2000-05-02,3.3,31.9,4.64,
2000-05-03,10.9,31.5,4.23,
2000-05-04,9.1,31.2,4.52,
2000-05-05,5.3,31.5,4.45,
2000-05-06,1.6,31.4,4.26,
2000-05-07,8.0,31.1,4.0,
2000-05-08,0.5,31.6,4.66,
2000-05-09,2.0,31.9,4.63,
2000-05-10,7.4,30.9,4.03,
2000-05-11,6.0,29.8,3.44,
2000-05-12,2.9,30.5,3.69,
2000-05-13,4.8,28.7,3.11,
2000-05-14,4.0,29.5,3.55,
2000-05-15,1.8,30.5,4.05,
2000-05-16,3.9,30.5,3.95,
2000-05-17,10.8,30.1,3.73,
2000-05-18,4.3,29.7,2.93,
2000-05-19,9.3,31.4,3.72,
2000-05-20,3.9,30.5,3.97,
2000-05-21,7.5,29.6,2.96,
2000-05-22,6.1,31.4,4.01,
2000-05-23,7.2,31.3,4.25,
2000-05-24,5.0,30.8,3.92,
2000-05-25,5.9,31.5,4.28,
2000-05-26,12.0,30.0,3.39,
2000-05-27,3.3,31.5,4.43,
2000-05-28,4.3,31.6,4.4,
2000-05-29,8.9,30.7,4.01,
2000-05-30,6.2,30.5,2.98,
2000-05-31,23.8,28.6,2.04,
2000-06-01,9.0,28.7,1.97,
2000-06-02,27.7,26.2,1.3,
2000-06-03,14.9,26.4,1.81,
2000-06-04,10.0,27.7,2.1,
2000-06-05,8.1,31.1,4.15,
2000-06-06,13.2,31.1,3.96,
2000-06-07,15.9,31.3,3.74,
2000-06-08,6.5,30.4,3.43,
2000-06-09,10.7,29.3,2.98,
2000-06-10,2.1,30.3,3.94,
2000-06-11,3.0,30.6,4.25,
2000-06-12,1.5,30.7,4.37,
2000-06-13,5.1,30.8,3.92,
2000-06-14,4.7,29.5,3.97,
2000-06-15,9.2,29.4,3.11,
2000-06-16,14.5,27.5,2.11,
2000-06-17,17.6,28.4,2.18,
2000-06-18,5.5,28.3,2.63,
2000-06-19,10.0,28.6,3.19,
2000-06-20,0.5,30.1,4.43,
2000-06-21,9.4,29.7,3.5,
2000-06-22,5.0,30.5,4.01,
2000-06-23,8.2,30.0,3.81,
2000-06-24,6.7,30.4,4.06,
2000-06-25,0.6,30.8,4.21,
2000-06-26,7.8,30.4,3.82,
2000-06-27,0.8,30.9,4.19,
2000-06-28,8.5,31.4,4.6,
2000-06-29,17.6,29.7,3.12,
2000-06-30,10.4,29.8,3.19,
2000-07-01,7.6,29.9,3.45,
2000-07-02,9.5,29.5,2.92,
2000-07-03,9.3,29.7,2.99,
2000-07-04,12.2,28.9,2.88,
2000-07-05,15.1,29.2,2.29,
2000-07-06,2.9,30.4,4.2,
2000-07-07,2.1,30.5,4.36,
2000-07-08,0.0,29.9,3.65,
2000-07-09,1.3,30.8,3.99,
2000-07-10,9.0,28.0,2.46,
2000-07-11,22.5,27.1,1.56,
2000-07-12,3.5,28.6,3.01,
2000-07-13,4.2,30.1,4.07,
2000-07-14,0.0,29.8,3.72,
2000-07-15,22.2,26.4,1.93,
2000-07-16,24.0,28.6,2.66,
2000-07-17,2.5,29.8,2.98,
2000-07-18,1.2,29.3,3.19,
2000-07-19,2.3,30.6,4.36,
2000-07-20,0.4,30.3,4.15,
2000-07-21,1.2,30.3,4.53,
2000-07-22,1.2,31.0,4.76,
2000-07-23,3.0,31.1,4.51,
2000-07-24,0.3,31.3,4.56,
2000-07-25,5.8,29.6,3.69,
2000-07-26,8.9,29.5,3.57,
2000-07-27,0.1,30.1,4.07,
2000-07-28,7.0,29.8,3.26,
2000-07-29,2.3,30.1,3.81,
2000-07-30,2.5,30.7,4.41,
2000-07-31,1.9,30.9,4.43,
2000-08-01,3.5,30.2,4.21,
2000-08-02,6.7,30.9,4.45,
2000-08-03,5.5,30.7,4.37,
2000-08-04,7.6,28.7,3.62,
2000-08-05,10.0,28.7,3.4,
2000-08-06,18.3,29.5,3.5,
2000-08-07,4.6,29.5,3.32,
2000-08-08,9.9,30.2,3.7,
2000-08-09,2.6,30.7,4.01,
2000-08-10,5.2,31.6,4.55,
2000-08-11,6.1,32.3,4.88,
2000-08-12,2.6,31.2,4.37,
2000-08-13,6.5,31.9,4.54,
2000-08-14,4.2,30.6,4.28,
2000-08-15,4.1,31.3,4.55,
2000-08-16,10.9,30.4,3.48,
2000-08-17,11.2,27.6,2.84,
2000-08-18,20.7,27.3,2.31,
2000-08-19,15.5,29.9,3.0,
2000-08-20,11.8,28.9,2.85,
2000-08-21,7.9,28.4,2.47,
2000-08-22,16.5,28.0,2.91,
2000-08-23,2.2,27.7,2.61,
2000-08-24,9.2,26.6,1.76,
2000-08-25,3.6,28.7,3.16,
2000-08-26,8.8,29.4,3.46,
2000-08-27,7.1,30.4,4.02,
2000-08-28,6.2,29.4,3.79,
2000-08-29,15.6,29.1,3.02,
2000-08-30,6.1,29.7,3.15,
2000-08-31,4.4,28.7,3.13,
2000-09-01,3.8,29.5,3.32,
2000-09-02,0.6,31.0,4.87,
2000-09-03,0.0,31.3,4.7,
2000-09-04,0.0,31.5,5.18,
2000-09-05,10.3,30.7,3.67,
2000-09-06,1.3,31.0,4.39,
2000-09-07,0.0,30.7,4.45,
2000-09-08,6.5,30.0,4.18,
2000-09-09,1.3,29.5,3.83,
2000-09-10,3.6,28.5,3.4,
2000-09-11,7.9,30.2,4.1,
2000-09-12,0.9,30.3,3.5,
2000-09-13,3.2,31.4,4.32,
2000-09-14,22.3,31.7,3.8,
2000-09-15,28.5,28.8,2.29,
2000-09-16,18.4,28.2,2.49,
2000-09-17,4.7,31.3,4.21,
2000-09-18,2.4,32.0,3.92,
2000-09-19,3.4,30.2,3.21,
2000-09-20,4.7,30.7,3.64,
2000-09-21,9.6,30.1,3.63,
2000-09-22,5.5,27.3,1.84,
2000-09-23,4.0,30.4,3.27,
2000-09-24,4.0,31.5,4.28,
2000-09-25,1.0,31.8,4.38,
2000-09-26,11.5,31.8,4.36,
2000-09-27,13.5,31.6,4.01,
2000-09-28,4.5,31.2,3.79,
2000-09-29,6.1,31.0,3.91,
2000-09-30,21.1,31.1,3.89,
2000-10-01,3.2,30.5,3.64,
2000-10-02,7.2,30.3,3.55,
2000-10-03,2.8,30.5,3.15,
2000-10-04,2.9,30.7,2.93,
2000-10-05,9.7,30.2,3.59,
2000-10-06,22.8,29.3,2.84,
2000-10-07,19.4,28.7,1.61,
2000-10-08,7.7,30.2,3.39,
2000-10-09,8.5,28.2,2.03,
2000-10-10,8.7,27.9,2.04,
2000-10-11,1.0,29.9,3.78,
2000-10-12,16.1,26.8,1.42,
2000-10-13,7.2,30.0,2.73,
2000-10-14,16.9,27.9,2.05,
2000-10-15,6.0,29.6,2.53,
2000-10-16,7.1,30.6,3.5,
2000-10-17,7.0,30.2,3.36,
2000-10-18,6.8,30.9,3.42,
2000-10-19,4.2,29.8,3.14,
2000-10-20,6.4,29.8,2.87,
2000-10-21,6.0,30.9,3.34,
2000-10-22,2.4,30.1,2.88,
2000-10-23,15.7,29.8,2.72,
2000-10-24,0.0,31.4,3.82,
2000-10-25,3.2,31.5,3.93,
2000-10-26,9.7,31.5,3.94,
2000-10-27,10.8,31.3,3.78,
2000-10-28,29.0,30.3,2.69,
2000-10-29,19.8,30.6,2.92,
2000-10-30,7.2,29.4,2.45,
2000-10-31,16.9,27.0,1.46,
2000-11-01,40.4,28.3,2.34,
2000-11-02,0.5,28.3,3.26,
2000-11-03,0.0,29.6,4.77,
2000-11-04,0.0,30.4,4.63,
2000-11-05,0.0,30.1,4.24,
2000-11-06,0.0,29.8,3.75,
2000-11-07,0.0,30.4,4.66,
2000-11-08,0.0,30.4,4.18,
2000-11-09,0.0,30.1,3.83,
2000-11-10,0.0,31.5,4.23,
2000-11-11,0.3,31.3,4.13,
2000-11-12,4.9,31.2,3.74,
2000-11-13,4.8,31.7,3.77,
2000-11-14,0.1,31.3,4.03,
2000-11-15,1.3,32.2,4.33,
2000-11-16,62.6,26.5,1.62,
2000-11-17,10.3,30.0,3.02,
2000-11-18,0.7,30.7,3.13,
2000-11-19,6.2,30.8,3.83,
2000-11-20,0.5,30.0,2.51,
2000-11-21,1.8,29.8,3.85,
2000-11-22,0.2,30.3,4.57,
2000-11-23,14.1,28.6,2.31,
2000-11-24,7.7,27.9,1.95,
2000-11-25,3.1,28.9,2.72,
2000-11-26,4.0,30.5,3.56,
2000-11-27,7.0,30.0,2.89,
2000-11-28,0.4,30.7,4.09,
2000-11-29,13.7,30.7,3.48,
2000-11-30,6.8,30.7,3.71,
2000-12-01,0.3,30.2,3.45,
2000-12-02,0.2,30.7,3.92,
2000-12-03,0.0,30.7,4.61,
2000-12-04,0.0,30.3,4.37,
2000-12-05,0.0,30.3,4.1,
2000-12-06,2.4,27.7,2.74,
2000-12-07,57.2,24.4,1.01,
2000-12-08,16.3,27.8,1.73,
2000-12-09,0.0,29.3,3.46,
2000-12-10,1.0,30.0,3.51,
2000-12-11,3.3,30.3,3.59,
2000-12-12,6.4,30.2,3.32,
2000-12-13,1.9,29.0,2.98,
2000-12-14,1.0,29.4,3.25,
2000-12-15,4.4,29.8,3.31,
2000-12-16,0.0,30.2,3.65,
2000-12-17,0.7,30.0,3.45,
2000-12-18,0.8,30.4,3.86,
2000-12-19,0.4,29.8,3.33,
2000-12-20,8.1,29.8,3.03,
2000-12-21,1.3,30.4,3.6,
2000-12-22,0.1,29.9,3.85,
2000-12-23,0.0,28.5,3.81,
2000-12-24,0.0,27.6,4.04,
2000-12-25,0.1,28.8,3.95,
2000-12-26,6.4,27.2,2.58,
2000-12-27,2.1,27.2,2.02,
2000-12-28,3.9,29.9,3.19,
2000-12-29,17.1,29.4,3.02,
2000-12-30,13.0,30.3,3.61,
2000-12-31,2.0,28.7,3.33,
2001-01-01,0.8,27.7,3.13,
2001-01-02,0.0,27.5,3.54,
2001-01-03,0.0,27.5,3.39,
2001-01-04,0.2,28.2,3.42,
2001-01-05,2.1,28.2,2.66,
2001-01-06,0.1,29.1,3.81,
2001-01-07,0.2,29.3,3.52,
2001-01-08,0.0,29.3,3.66,
2001-01-09,0.4,29.5,3.68,
2001-01-10,1.1,29.6,3.55,
2001-01-11,0.7,29.2,2.93,
2001-01-12,0.0,28.9,3.11,
2001-01-13,6.9,30.0,3.14,
2001-01-14,1.1,29.0,3.6,
2001-01-15,1.3,29.4,3.65,
2001-01-16,0.0,28.9,3.62,
2001-01-17,6.8,25.0,1.76,
2001-01-18,3.8,26.6,2.72,
2001-01-19,1.7,28.6,3.32,
2001-01-20,0.4,29.5,3.92,
2001-01-21,1.6,29.8,3.81,
2001-01-22,0.1,30.0,4.17,
2001-01-23,0.0,30.3,4.31,
2001-01-24,0.0,30.1,4.21,
2001-01-25,0.9,29.9,3.43,
2001-01-26,0.0,30.0,3.23,
2001-01-27,0.2,30.0,3.73,
2001-01-28,0.6,30.8,4.09,
2001-01-29,0.8,30.2,3.69,
2001-01-30,0.0,30.4,4.19,
2001-01-31,0.0,29.8,3.76,
2001-02-01,1.4,28.5,2.84,
2001-02-02,0.0,29.7,4.48,
2001-02-03,0.0,30.4,4.35,
2001-02-04,0.0,30.9,4.64,
2001-02-05,0.0,30.5,4.58,
2001-02-06,0.0,31.5,4.73,
2001-02-07,0.6,30.5,4.25,
2001-02-08,0.0,31.0,3.87,
2001-02-09,0.3,31.2,4.12,
2001-02-10,0.1,30.6,3.52,
2001-02-11,1.2,30.7,3.9,
2001-02-12,2.9,31.1,4.02,
2001-02-13,2.7,29.7,2.31,
2001-02-14,0.2,30.4,3.96,
2001-02-15,0.0,29.9,4.58,
2001-02-16,0.0,30.1,5.14,
2001-02-17,0.0,29.5,4.77,
2001-02-18,0.0,30.4,4.73,
2001-02-19,0.2,29.2,3.64,
2001-02-20,0.6,29.9,4.05,
2001-02-21,0.0,30.7,4.33,
2001-02-22,0.0,31.1,4.67,
2001-02-23,0.0,31.1,4.36,
2001-02-24,0.0,32.3,4.91,
2001-02-25,0.0,32.3,4.57,
2001-02-26,0.0,31.3,4.74,
2001-02-27,0.0,32.9,5.61,
2001-02-28,0.0,32.5,5.08,
2001-03-01,0.0,32.9,5.25,
2001-03-02,0.0,33.7,5.52,
2001-03-03,0.0,33.9,5.71,
2001-03-04,0.0,33.7,4.87,
2001-03-05,0.0,34.1,5.56,
2001-03-06,0.0,31.7,4.22,
2001-03-07,5.1,32.6,4.01,
2001-03-08,0.0,33.0,5.77,
2001-03-09,1.0,33.3,5.51,
2001-03-10,0.0,33.2,6.19,
2001-03-11,0.1,33.4,5.8,
2001-03-12,1.6,33.0,5.35,
2001-03-13,1.0,32.7,5.11,
2001-03-14,0.3,33.3,5.33,
2001-03-15,0.0,34.4,5.64,
2001-03-16,4.5,33.2,4.64,
2001-03-17,16.9,32.6,3.72,
2001-03-18,45.6,29.2,2.53,
2001-03-19,16.3,27.8,2.47,
2001-03-20,9.1,29.7,3.44,
2001-03-21,5.4,30.4,3.69,
2001-03-22,3.3,29.7,4.01,
2001-03-23,7.1,30.2,3.3,
2001-03-24,1.1,31.1,4.42,
2001-03-25,17.6,30.6,3.93,
2001-03-26,3.4,31.1,4.41,
2001-03-27,2.4,30.7,3.97,
2001-03-28,4.8,29.1,3.29,
2001-03-29,1.0,31.1,4.08,
2001-03-30,3.7,31.2,4.06,
2001-03-31,7.6,30.5,3.43,
2001-04-01,7.0,30.3,3.62,
2001-04-02,5.6,30.8,3.93,
2001-04-03,4.5,31.7,4.17,
2001-04-04,1.1,31.5,4.27,
2001-04-05,2.6,32.0,4.39,
2001-04-06,4.0,31.4,4.08,
2001-04-07,0.0,32.1,4.83,
2001-04-08,0.0,32.3,4.87,
2001-04-09,0.0,32.7,5.19,
2001-04-10,0.0,33.0,5.37,
2001-04-11,0.0,32.7,5.17,
2001-04-12,1.0,32.6,5.63,
2001-04-13,1.0,33.1,5.16,
2001-04-14,5.2,33.0,4.88,
2001-04-15,5.2,32.8,4.95,
2001-04-16,1.2,33.0,4.92,
2001-04-17,1.0,32.6,4.89,
2001-04-18,0.0,32.7,5.12,
2001-04-19,0.1,33.4,5.29,
2001-04-20,0.0,34.0,5.82,
2001-04-21,0.0,33.9,5.87,
2001-04-22,0.4,33.7,5.44,
2001-04-23,1.3,33.4,4.8,
2001-04-24,16.4,31.9,3.65,
2001-04-25,4.0,32.6,4.74,
2001-04-26,0.0,33.5,5.81,
2001-04-27,20.0,32.1,4.16,
2001-04-28,29.9,28.6,1.98,
2001-04-29,11.6,27.0,1.53,
2001-04-30,6.3,29.9,3.16,
2001-05-01,1.3,32.1,4.74,
2001-05-02,0.8,31.7,4.54,
2001-05-03,0.0,32.1,5.18,
2001-05-04,0.6,32.3,4.7,
2001-05-05,1.3,32.3,4.67,
2001-05-06,0.6,32.2,4.53,
2001-05-07,0.2,32.9,5.2,
2001-05-08,5.1,33.1,5.13,
2001-05-09,0.0,34.4,5.98,
2001-05-10,0.5,33.9,5.55,
2001-05-11,4.6,31.9,4.35,
2001-05-12,9.3,31.7,4.28,
2001-05-13,1.2,30.0,3.73,
2001-05-14,4.4,31.4,4.02,
2001-05-15,9.5,30.3,3.0,
2001-05-16,11.6,28.8,1.84,
2001-05-17,2.2,29.5,3.0,
2001-05-18,1.3,31.3,4.29,
2001-05-19,1.8,30.7,4.16,
2001-05-20,1.7,30.9,4.29,
2001-05-21,1.8,31.0,4.39,
2001-05-22,3.0,31.0,4.41,
2001-05-23,5.1,29.8,3.54,
2001-05-24,2.3,30.8,4.2,
2001-05-25,12.8,30.3,3.84,
2001-05-26,3.9,30.8,3.87,
2001-05-27,5.2,31.4,3.84,
2001-05-28,3.2,29.1,2.78,
2001-05-29,8.6,30.6,3.77,
2001-05-30,4.3,31.8,4.82,
2001-05-31,1.4,31.6,4.62,
2001-06-01,5.1,32.1,4.69,
2001-06-02,4.0,30.9,4.03,
2001-06-03,2.6,31.3,4.0,
2001-06-04,8.4,30.7,4.05,
2001-06-05,3.3,31.3,4.56,
2001-06-06,10.7,30.5,3.83,
2001-06-07,8.6,30.8,3.77,
2001-06-08,11.4,29.9,3.39,
2001-06-09,6.7,31.4,4.2,
2001-06-10,7.9,31.4,4.53,
2001-06-11,6.0,31.1,4.53,
2001-06-12,7.4,31.4,4.37,
2001-06-13,1.2,31.3,4.3,
2001-06-14,12.6,29.9,3.57,
2001-06-15,6.9,29.7,3.31,
2001-06-16,6.0,31.2,4.44,
2001-06-17,5.7,29.6,3.44,
2001-06-18,13.2,30.3,3.9,
2001-06-19,7.2,30.2,4.28,
2001-06-20,10.5,30.7,4.17,
2001-06-21,12.5,30.3,3.55,
2001-06-22,9.8,29.7,3.67,
2001-06-23,15.7,26.7,1.84,
2001-06-24,11.5,27.1,1.8,
2001-06-25,2.4,26.9,1.86,
2001-06-26,33.8,25.6,1.3,
2001-06-27,8.5,28.5,2.64,
2001-06-28,5.2,29.1,3.31,
2001-06-29,10.5,28.9,3.06,
2001-06-30,10.0,28.9,3.15,
2001-07-01,3.1,29.5,3.97,
2001-07-02,5.4,29.1,3.7,
2001-07-03,19.7,27.5,2.12,
2001-07-04,19.9,27.4,1.97,
2001-07-05,24.5,26.7,1.61,
2001-07-06,7.8,27.5,2.04,
2001-07-07,9.3,28.7,2.45,
2001-07-08,1.9,29.0,2.93,
2001-07-09,6.9,30.8,4.09,
2001-07-10,0.3,31.7,4.79,
2001-07-11,1.2,30.7,4.13,
2001-07-12,1.5,31.0,4.74,
2001-07-13,1.0,30.8,4.7,
2001-07-14,4.0,30.0,3.95,
2001-07-15,5.9,30.4,3.56,
2001-07-16,1.0,30.9,4.2,
2001-07-17,1.2,31.6,4.9,
2001-07-18,5.3,31.4,4.69,
2001-07-19,1.1,30.9,4.44,
2001-07-20,5.7,31.0,4.16,
2001-07-21,10.8,29.3,2.61,
2001-07-22,3.6,29.6,3.13,
2001-07-23,0.5,31.4,4.58,
2001-07-24,1.8,31.6,4.94,
2001-07-25,2.0,30.9,4.44,
2001-07-26,2.5,31.4,4.77,
2001-07-27,2.0,30.5,4.23,
2001-07-28,10.1,30.2,4.23,
2001-07-29,10.7,30.5,3.87,
2001-07-30,5.7,31.2,4.18,
2001-07-31,2.4,30.5,4.45,
2001-08-01,5.4,31.6,4.93,
2001-08-02,20.8,30.3,3.98,
2001-08-03,7.9,31.8,5.08,
2001-08-04,6.1,30.8,3.35,
2001-08-05,26.3,28.9,2.32,
2001-08-06,6.0,27.6,2.4,
2001-08-07,3.5,30.4,3.86,
2001-08-08,8.0,29.1,3.62,
2001-08-09,5.6,28.8,2.71,
2001-08-10,2.7,29.3,2.96,
2001-08-11,3.8,28.8,3.67,
2001-08-12,0.9,31.2,4.65,
2001-08-13,10.7,29.7,2.95,
2001-08-14,5.4,30.2,4.07,
2001-08-15,2.8,30.6,3.79,
2001-08-16,29.0,28.2,2.21,
2001-08-17,11.7,27.9,2.14,
2001-08-18,11.2,29.8,3.52,
2001-08-19,4.1,28.4,2.26,
2001-08-20,17.7,30.6,2.97,
2001-08-21,24.6,29.7,3.07,
2001-08-22,7.9,30.0,3.48,
2001-08-23,6.0,29.9,3.57,
2001-08-24,5.0,30.9,4.2,
2001-08-25,2.2,31.4,4.42,
2001-08-26,1.0,30.9,3.69,
2001-08-27,2.7,30.7,4.17,
2001-08-28,1.3,29.6,3.82,
2001-08-29,1.8,28.6,2.85,
2001-08-30,3.4,29.6,3.43,
2001-08-31,2.2,30.3,4.47,
2001-09-01,3.5,31.2,4.5,
2001-09-02,2.8,30.8,4.17,
2001-09-03,10.0,30.0,3.88,
2001-09-04,3.8,30.6,4.0,
2001-09-05,7.0,30.7,3.8,
2001-09-06,3.7,31.2,4.4,
2001-09-07,3.5,31.3,4.26,
2001-09-08,2.1,31.2,4.5,
2001-09-09,4.5,30.2,3.72,
2001-09-10,3.8,28.2,2.85,
2001-09-11,3.5,30.5,4.03,
2001-09-12,3.8,31.5,4.33,
2001-09-13,0.7,31.9,4.7,
2001-09-14,1.0,32.0,4.71,
2001-09-15,2.2,32.1,4.74,
2001-09-16,21.3,29.0,2.91,
2001-09-17,17.0,29.8,3.43,
2001-09-18,7.9,31.3,3.97,
2001-09-19,4.5,31.1,4.38,
2001-09-20,2.3,31.1,4.19,
2001-09-21,3.5,31.1,4.03,
2001-09-22,9.5,31.2,3.62,
2001-09-23,15.6,29.6,2.66,
2001-09-24,14.6,30.2,2.98,
2001-09-25,8.2,29.0,3.07,
2001-09-26,8.8,31.0,3.82,
2001-09-27,12.2,28.3,1.96,
2001-09-28,13.3,29.6,2.47,
2001-09-29,14.3,28.9,1.69,
2001-09-30,11.8,30.8,2.62,
2001-10-01,14.1,30.1,2.87,
2001-10-02,13.0,29.9,2.73,
2001-10-03,21.8,31.0,2.66,
2001-10-04,3.4,32.1,3.78,
2001-10-05,25.7,30.1,3.2,
2001-10-06,6.1,30.6,3.4,
2001-10-07,11.9,30.6,3.55,
2001-10-08,10.0,30.8,3.47,
2001-10-09,2.2,30.1,2.88,
2001-10-10,13.1,30.8,3.45,
2001-10-11,17.6,30.3,3.1,
2001-10-12,3.5,31.5,4.52,
2001-10-13,16.4,31.1,3.24,
2001-10-14,14.2,30.6,3.27,
2001-10-15,3.7,30.4,2.88,
2001-10-16,9.3,31.2,3.23,
2001-10-17,25.1,29.5,2.45,
2001-10-18,5.4,30.1,3.14,
2001-10-19,9.4,30.9,3.26,
2001-10-20,10.0,31.6,4.19,
2001-10-21,13.3,31.3,3.1,
2001-10-22,18.7,28.7,1.92,
2001-10-23,5.1,30.7,2.76,
2001-10-24,2.3,30.4,3.03,
2001-10-25,13.1,30.4,3.48,
2001-10-26,11.6,31.2,3.65,
2001-10-27,10.0,30.6,2.92,
2001-10-28,8.0,31.0,3.02,
2001-10-29,14.1,31.6,3.3,
2001-10-30,9.3,29.2,2.93,
2001-10-31,10.8,30.1,3.31,
2001-11-01,12.0,27.8,1.74,
2001-11-02,4.2,30.3,2.57,
2001-11-03,9.7,29.2,2.52,
2001-11-04,8.7,30.7,3.17,
2001-11-05,2.0,31.3,3.86,
2001-11-06,4.1,31.8,4.06,
2001-11-07,5.6,31.2,3.88,
2001-11-08,1.8,30.9,3.56,
2001-11-09,0.0,31.8,5.0,
2001-11-10,0.0,30.8,4.52,
2001-11-11,0.0,29.6,4.25,
2001-11-12,0.0,27.1,2.74,
2001-11-13,0.0,29.8,3.85,
2001-11-14,0.0,30.1,3.81,
2001-11-15,0.3,30.6,4.47,
2001-11-16,0.2,30.4,4.96,
2001-11-17,0.0,30.6,5.05,
2001-11-18,0.0,30.2,5.18,
2001-11-19,0.0,29.4,4.55,
2001-11-20,0.1,28.4,4.29,
2001-11-21,0.0,29.5,5.25,
2001-11-22,0.0,30.3,5.1,
2001-11-23,0.0,30.3,4.49,
2001-11-24,0.0,30.4,4.21,
2001-11-25,0.1,30.0,4.17,
2001-11-26,0.8,29.4,3.6,
2001-11-27,0.0,30.3,4.36,
2001-11-28,0.0,31.1,4.39,
2001-11-29,0.1,30.6,3.81,
2001-11-30,4.8,31.4,3.32,
2001-12-01,0.9,31.6,3.78,
2001-12-02,0.0,31.0,4.15,
2001-12-03,0.4,30.0,2.67,
2001-12-04,0.0,31.0,3.93,
2001-12-05,4.9,31.5,3.73,
2001-12-06,2.8,30.9,2.71,
2001-12-07,0.0,32.4,4.54,
2001-12-08,0.0,32.1,5.01,
2001-12-09,0.0,32.2,5.26,
2001-12-10,0.0,31.2,4.87,
2001-12-11,0.0,31.3,4.54,
2001-12-12,5.1,31.3,3.24,
2001-12-13,4.5,30.8,3.13,
2001-12-14,0.0,32.0,3.52,
2001-12-15,0.9,29.4,2.62,
2001-12-16,1.1,29.8,3.47,
2001-12-17,0.0,30.7,3.86,
2001-12-18,0.0,32.2,4.48,
2001-12-19,0.0,32.7,4.79,
2001-12-20,0.0,32.0,4.58,
2001-12-21,0.0,32.4,4.46,
2001-12-22,0.0,31.1,4.89,
2001-12-23,0.0,30.3,5.21,
2001-12-24,0.0,29.6,4.63,
2001-12-25,0.0,30.1,4.56,
2001-12-26,0.0,30.6,3.78,
2001-12-27,2.6,30.2,3.13,
2001-12-28,2.6,28.9,1.85,
2001-12-29,0.0,30.1,4.19,
2001-12-30,0.0,29.0,4.26,
2001-12-31,0.0,29.2,4.12,
2002-01-01,0.0,30.2,4.39,
2002-01-02,0.0,29.8,4.11,
2002-01-03,0.0,29.4,4.57,
2002-01-04,0.0,30.2,4.42,
2002-01-05,0.0,30.0,3.15,
2002-01-06,0.0,30.0,4.18,
2002-01-07,0.0,30.2,4.54,
2002-01-08,0.0,29.8,4.12,
2002-01-09,0.0,29.8,4.45,
2002-01-10,0.0,30.0,4.53,
2002-01-11,0.0,29.8,3.91,
2002-01-12,0.0,30.5,4.29,
2002-01-13,0.0,31.7,4.97,
2002-01-14,0.0,31.0,4.82,
2002-01-15,0.0,31.6,4.35,
2002-01-16,0.2,31.4,4.18,
2002-01-17,0.0,31.7,4.21,
2002-01-18,0.0,29.3,2.14,
2002-01-19,0.0,32.2,4.5,
2002-01-20,0.0,32.1,4.33,
2002-01-21,0.4,32.0,4.35,
2002-01-22,0.0,31.9,4.67,
2002-01-23,0.0,31.7,5.15,
2002-01-24,0.0,31.1,4.83,
2002-01-25,0.0,32.5,4.9,
2002-01-26,0.0,32.3,4.67,
2002-01-27,0.0,33.0,5.17,
2002-01-28,0.0,33.0,5.3,
2002-01-29,0.0,32.7,5.35,
2002-01-30,0.0,32.1,5.48,
2002-01-31,0.0,32.1,5.3,
2002-02-01,0.0,32.1,5.15,
2002-02-02,0.0,31.9,5.05,
2002-02-03,0.0,31.9,5.03,
2002-02-04,0.0,32.4,5.32,
2002-02-05,0.0,32.1,5.4,
2002-02-06,0.0,32.1,5.59,
2002-02-07,0.0,31.7,5.04,
2002-02-08,0.0,31.7,4.95,
2002-02-09,0.0,31.9,4.56,
2002-02-10,0.0,32.7,5.23,
2002-02-11,0.0,33.1,5.64,
2002-02-12,0.0,33.0,5.69,
2002-02-13,0.0,32.4,5.29,
2002-02-14,0.0,32.7,5.93,
2002-02-15,0.0,32.7,5.48,
2002-02-16,0.0,31.8,5.4,
2002-02-17,0.1,32.7,4.84,
2002-02-18,0.0,32.6,5.25,
2002-02-19,0.0,32.5,4.89,
2002-02-20,0.0,32.8,5.19,
2002-02-21,0.0,33.5,5.55,
2002-02-22,0.4,32.7,5.4,
2002-02-23,0.0,33.4,5.87,
2002-02-24,0.0,33.2,5.62,
2002-02-25,0.0,34.3,6.74,
2002-02-26,0.0,34.5,6.41,
2002-02-27,0.0,33.4,5.74,
2002-02-28,0.0,34.0,5.16,
2002-03-01,0.0,33.0,5.2,
2002-03-02,0.0,33.0,5.23,
2002-03-03,0.0,33.5,5.52,
2002-03-04,0.0,33.4,6.26,
2002-03-05,0.0,33.0,5.17,
2002-03-06,0.0,33.8,6.06,
2002-03-07,0.0,32.9,5.26,
2002-03-08,0.0,32.9,5.49,
2002-03-09,0.0,34.2,6.21,
2002-03-10,0.0,34.2,5.97,
2002-03-11,0.0,33.6,5.78,
2002-03-12,0.0,34.7,6.3,
2002-03-13,0.0,34.1,5.34,
2002-03-14,0.0,35.0,5.94,
2002-03-15,0.0,34.9,5.96,
2002-03-16,0.0,34.3,5.69,
2002-03-17,0.0,35.6,6.67,
2002-03-18,0.0,35.7,6.95,
2002-03-19,0.0,35.4,6.64,
2002-03-20,0.0,35.4,7.09,
2002-03-21,0.4,34.9,6.41,
2002-03-22,0.1,34.8,5.28,
2002-03-23,0.0,35.9,5.79,
2002-03-24,0.1,34.4,5.02,
2002-03-25,0.0,34.8,5.85,
2002-03-26,0.0,35.7,5.92,
2002-03-27,0.0,35.4,6.1,
2002-03-28,0.2,36.0,6.21,
2002-03-29,0.0,36.5,6.05,
2002-03-30,0.0,36.3,6.67,
2002-03-31,0.0,36.1,6.46,
2002-04-01,0.0,35.7,6.82,
2002-04-02,0.0,36.1,6.55,
2002-04-03,0.0,35.3,5.74,
2002-04-04,0.0,36.1,6.36,
2002-04-05,0.0,36.2,6.52,
2002-04-06,0.1,36.6,6.21,
2002-04-07,0.0,36.2,6.22,
2002-04-08,0.8,35.9,5.78,
2002-04-09,0.3,35.5,5.61,
2002-04-10,1.4,36.0,5.49,
2002-04-11,3.5,34.6,5.61,
2002-04-12,0.0,34.8,6.36,
2002-04-13,0.0,35.6,6.76,
2002-04-14,0.4,35.6,5.96,
2002-04-15,0.2,34.8,5.19,
2002-04-16,0.7,35.0,5.3,
2002-04-17,1.1,35.5,5.49,
2002-04-18,0.0,35.1,5.39,
2002-04-19,0.6,35.1,5.69,
2002-04-20,0.1,36.9,6.72,
2002-04-21,2.0,34.9,5.19,
2002-04-22,1.4,34.9,5.05,
2002-04-23,0.3,36.1,5.8,
2002-04-24,0.3,35.0,5.53,
2002-04-25,11.0,31.2,4.01,
2002-04-26,0.3,33.7,4.91,
2002-04-27,0.0,35.5,6.75,
2002-04-28,0.0,36.1,6.35,
2002-04-29,0.0,35.7,5.96,
2002-04-30,0.0,37.2,6.87,
2002-05-01,0.0,35.5,5.55,
2002-05-02,0.6,36.8,6.65,
2002-05-03,0.0,37.4,6.73,
2002-05-04,0.0,37.4,6.55,
2002-05-05,0.0,37.4,6.82,
2002-05-06,0.4,37.8,7.18,
2002-05-07,0.7,37.5,6.77,
2002-05-08,0.0,37.5,6.76,
2002-05-09,0.0,36.4,6.52,
2002-05-10,21.7,35.4,4.54,
2002-05-11,4.7,31.9,4.05,
2002-05-12,9.5,32.1,4.11,
2002-05-13,6.9,32.2,4.09,
2002-05-14,0.9,32.0,4.69,
2002-05-15,0.3,32.5,4.87,
2002-05-16,0.0,33.2,5.54,
2002-05-17,0.3,33.9,5.29,
2002-05-18,4.3,32.3,4.87,
2002-05-19,0.3,33.3,5.38,
2002-05-20,0.7,33.6,5.4,
2002-05-21,2.3,32.5,5.1,
2002-05-22,1.2,32.1,4.8,
2002-05-23,5.3,31.9,4.33,
2002-05-24,4.5,30.5,3.71,
2002-05-25,6.6,31.3,3.83,
2002-05-26,6.2,29.0,2.7,
2002-05-27,8.6,30.9,3.51,
2002-05-28,5.2,29.7,3.21,
2002-05-29,0.2,32.4,4.79,
2002-05-30,0.4,32.3,4.86,
2002-05-31,0.2,32.8,5.65,
2002-06-01,0.2,33.0,5.23,
2002-06-02,2.0,31.8,4.92,
2002-06-03,9.0,31.3,4.22,
2002-06-04,9.6,30.2,3.57,
2002-06-05,5.6,31.5,4.26,
2002-06-06,2.7,31.4,4.24,
2002-06-07,1.3,31.1,4.21,
2002-06-08,1.3,30.7,4.16,
2002-06-09,6.5,31.8,4.09,
2002-06-10,3.5,31.9,4.68,
2002-06-11,3.4,31.7,4.3,
2002-06-12,7.1,31.9,4.33,
2002-06-13,2.4,32.4,4.53,
2002-06-14,0.7,31.9,4.4,
2002-06-15,6.7,31.4,3.01,
2002-06-16,8.1,28.9,2.2,
2002-06-17,4.1,30.8,3.78,
2002-06-18,9.6,30.2,2.84,
2002-06-19,6.3,28.9,2.54,
2002-06-20,2.0,28.5,2.84,
2002-06-21,0.6,29.6,3.0,
2002-06-22,14.8,27.4,1.92,
2002-06-23,10.3,28.1,2.33,
2002-06-24,9.9,31.0,3.92,
2002-06-25,3.2,29.8,2.87,
2002-06-26,9.7,30.6,3.76,
2002-06-27,8.8,29.4,3.42,
2002-06-28,4.6,30.7,3.63,
2002-06-29,4.8,31.3,4.56,
2002-06-30,7.9,30.8,4.32,
2002-07-01,5.5,31.7,4.68,
2002-07-02,0.6,31.8,4.86,
2002-07-03,0.0,32.2,5.27,
2002-07-04,3.4,31.1,4.24,
2002-07-05,3.4,30.9,4.29,
2002-07-06,5.7,29.9,3.94,
2002-07-07,4.5,29.0,3.16,
2002-07-08,2.7,31.4,4.59,
2002-07-09,0.9,31.7,5.03,
2002-07-10,0.8,30.8,3.95,
2002-07-11,0.3,31.3,4.82,
2002-07-12,1.2,30.9,4.46,
2002-07-13,1.7,31.6,4.58,
2002-07-14,1.8,31.0,4.43,
2002-07-15,8.7,29.4,3.52,
2002-07-16,17.0,30.3,2.73,
2002-07-17,3.4,32.1,4.16,
2002-07-18,1.2,31.3,4.57,
2002-07-19,3.0,32.2,4.74,
2002-07-20,0.0,32.1,5.5,
2002-07-21,1.7,32.5,5.39,
2002-07-22,0.6,32.5,5.56,
2002-07-23,0.7,32.8,5.49,
2002-07-24,0.4,32.2,5.32,
2002-07-25,0.6,32.3,5.37,
2002-07-26,3.8,31.9,5.16,
2002-07-27,2.3,30.8,4.39,
2002-07-28,4.1,30.0,3.1,
2002-07-29,8.0,29.6,3.04,
2002-07-30,0.7,31.3,4.27,
2002-07-31,0.1,32.2,4.69,
2002-08-01,1.2,32.3,5.01,
2002-08-02,2.3,31.7,4.47,
2002-08-03,7.3,30.7,3.94,
2002-08-04,5.4,30.8,4.29,
2002-08-05,4.1,30.6,4.16,
2002-08-06,4.6,28.8,2.9,
2002-08-07,5.9,29.2,3.07,
2002-08-08,9.5,30.0,3.56,
2002-08-09,4.4,30.5,4.46,
2002-08-10,1.6,32.1,4.83,
2002-08-11,7.2,30.3,3.72,
2002-08-12,7.1,27.1,1.95,
2002-08-13,4.1,28.0,2.13,
2002-08-14,1.3,27.9,1.73,
2002-08-15,4.7,27.6,1.83,
2002-08-16,5.8,28.2,2.31,
2002-08-17,1.4,30.3,4.39,
2002-08-18,0.2,29.1,3.33,
2002-08-19,12.4,27.0,2.12,
2002-08-20,26.3,26.8,1.66,
2002-08-21,24.2,28.1,2.29,
2002-08-22,5.0,31.6,4.31,
2002-08-23,5.3,31.6,4.8,
2002-08-24,10.7,29.9,3.37,
2002-08-25,4.0,31.4,4.46,
2002-08-26,10.6,30.1,4.13,
2002-08-27,10.0,30.5,3.72,
2002-08-28,14.0,29.9,3.32,
2002-08-29,6.4,32.3,4.78,
2002-08-30,11.2,30.8,3.78,
2002-08-31,25.8,30.3,3.33,
2002-09-01,9.4,30.3,3.84,
2002-09-02,2.2,30.9,4.44,
2002-09-03,4.3,30.1,3.93,
2002-09-04,5.3,30.3,3.69,
2002-09-05,5.3,30.7,4.07,
2002-09-06,3.0,31.5,4.57,
2002-09-07,1.3,30.9,4.28,
2002-09-08,2.2,30.9,3.69,
2002-09-09,12.3,30.4,2.65,
2002-09-10,17.1,27.1,1.66,
2002-09-11,11.9,26.8,1.54,
2002-09-12,7.3,30.0,3.55,
2002-09-13,7.5,29.0,3.67,
2002-09-14,1.2,30.9,4.58,
2002-09-15,1.6,31.4,4.33,
2002-09-16,3.4,29.9,4.17,
2002-09-17,4.0,30.3,3.94,
2002-09-18,4.5,27.8,2.44,
2002-09-19,10.5,29.2,2.48,
2002-09-20,11.7,28.7,3.19,
2002-09-21,5.3,30.5,3.51,
2002-09-22,7.9,30.1,3.34,
2002-09-23,7.6,29.0,2.93,
2002-09-24,12.9,28.2,2.49,
2002-09-25,7.1,30.5,3.36,
2002-09-26,1.1,31.8,4.63,
2002-09-27,1.9,31.9,4.56,
2002-09-28,11.8,31.7,4.37,
2002-09-29,9.7,31.5,3.82,
2002-09-30,12.0,30.6,3.95,
2002-10-01,5.7,31.1,4.19,
2002-10-02,10.2,31.6,4.04,
2002-10-03,10.1,31.4,3.64,
2002-10-04,6.6,30.8,3.71,
2002-10-05,2.1,31.0,3.61,
2002-10-06,7.1,31.7,3.94,
2002-10-07,23.1,30.7,3.63,
2002-10-08,23.5,30.8,3.41,
2002-10-09,0.3,31.4,4.83,
2002-10-10,0.0,31.2,4.08,
2002-10-11,11.3,31.3,3.96,
2002-10-12,12.9,29.9,2.92,
2002-10-13,2.4,30.6,3.45,
2002-10-14,0.0,31.6,4.68,
2002-10-15,0.0,32.0,5.06,
2002-10-16,0.0,32.3,4.95,
2002-10-17,5.3,31.1,3.95,
2002-10-18,6.2,31.2,3.56,
2002-10-19,8.3,30.3,3.41,
2002-10-20,1.1,31.6,3.95,
2002-10-21,5.3,29.6,2.77,
2002-10-22,8.9,31.5,3.96,
2002-10-23,6.4,31.4,3.64,
2002-10-24,9.7,30.7,2.58,
2002-10-25,15.8,28.9,2.19,
2002-10-26,6.6,30.1,3.13,
2002-10-27,0.5,31.5,4.03,
2002-10-28,9.0,31.7,3.87,
2002-10-29,5.7,31.2,3.34,
2002-10-30,13.2,30.8,3.24,
2002-10-31,8.6,29.2,2.47,
2002-11-01,5.5,30.1,3.4,
2002-11-02,4.9,31.2,3.66,
2002-11-03,21.2,31.4,3.75,
2002-11-04,0.0,29.3,4.46,
2002-11-05,0.0,29.7,4.48,
2002-11-06,6.5,29.1,3.93,
2002-11-07,8.7,29.0,2.54,
2002-11-08,7.8,31.3,3.85,
2002-11-09,17.6,30.2,2.93,
2002-11-10,0.9,30.9,4.05,
2002-11-11,12.7,30.5,2.63,
2002-11-12,1.2,31.2,3.59,
2002-11-13,1.1,31.2,4.0,
2002-11-14,6.3,31.9,3.42,
2002-11-15,2.6,31.3,3.66,
2002-11-16,5.0,31.0,3.27,
2002-11-17,0.3,31.1,3.91,
2002-11-18,5.0,31.3,3.47,
2002-11-19,4.2,31.3,3.62,
2002-11-20,13.1,30.3,3.19,
2002-11-21,9.1,28.3,2.09,
2002-11-22,7.4,30.0,3.0,
2002-11-23,20.9,30.3,3.02,
2002-11-24,0.6,31.3,3.79,
2002-11-25,1.1,30.4,3.6,
2002-11-26,0.3,30.1,3.71,
2002-11-27,0.0,30.2,4.17,
2002-11-28,4.8,30.1,3.38,
2002-11-29,3.3,27.9,1.51,
2002-11-30,17.6,28.5,2.46,
2002-12-01,10.2,29.6,2.62,
2002-12-02,0.1,30.4,3.8,
2002-12-03,0.0,31.1,3.84,
2002-12-04,20.7,30.1,2.74,
2002-12-05,1.5,30.5,3.53,
2002-12-06,0.9,30.4,3.55,
2002-12-07,0.7,31.1,3.58,
2002-12-08,0.3,31.1,3.92,
2002-12-09,0.7,30.5,3.66,
2002-12-10,0.2,30.0,3.74,
2002-12-11,0.4,30.3,3.92,
2002-12-12,5.5,30.6,3.78,
2002-12-13,0.0,29.8,3.7,
2002-12-14,0.0,30.5,4.25,
2002-12-15,0.0,30.1,3.87,
2002-12-16,0.0,30.8,3.87,
2002-12-17,0.2,30.9,4.12,
2002-12-18,0.2,31.1,4.04,
2002-12-19,0.3,31.1,4.01,
2002-12-20,0.8,31.1,3.71,
2002-12-21,1.0,31.2,3.65,
2002-12-22,0.0,30.8,3.84,
2002-12-23,0.2,31.0,4.01,
2002-12-24,0.4,31.0,3.63,
2002-12-25,0.2,31.1,3.65,
2002-12-26,18.0,31.2,3.34,
2002-12-27,8.4,28.3,2.25,
2002-12-28,1.5,28.9,2.89,
2002-12-29,5.3,29.0,2.05,
2002-12-30,6.0,29.9,3.34,
2002-12-31,2.7,30.2,3.13,
2003-01-01,0.0,29.1,3.58,
2003-01-02,0.0,30.1,4.37,
2003-01-03,0.0,30.1,4.19,
2003-01-04,0.0,29.4,3.85,
2003-01-05,0.0,29.6,4.17,
2003-01-06,0.0,30.1,4.01,
2003-01-07,0.0,30.3,3.92,
2003-01-08,0.4,29.5,3.6,
2003-01-09,0.0,29.6,4.18,
2003-01-10,0.0,29.6,3.96,
2003-01-11,0.0,29.3,3.47,
2003-01-12,0.0,29.5,4.28,
2003-01-13,0.0,28.1,3.71,
2003-01-14,0.0,29.9,4.44,
2003-01-15,0.0,30.1,3.52,
2003-01-16,0.0,30.8,4.25,
2003-01-17,0.0,30.9,4.64,
2003-01-18,0.0,30.4,4.33,
2003-01-19,0.0,30.3,4.39,
2003-01-20,0.0,29.9,3.91,
2003-01-21,0.0,29.6,4.06,
2003-01-22,0.0,29.2,3.32,
2003-01-23,0.0,30.0,4.15,
2003-01-24,0.0,30.1,4.65,
2003-01-25,0.0,30.4,4.65,
2003-01-26,0.0,30.6,4.62,
2003-01-27,0.0,31.3,4.68,
2003-01-28,0.0,31.3,5.02,
2003-01-29,0.0,30.7,4.82,
2003-01-30,0.0,31.5,4.85,
2003-01-31,0.0,32.1,4.92,
2003-02-01,0.2,31.3,4.69,
2003-02-02,0.4,30.8,4.15,
2003-02-03,0.0,31.7,4.65,
2003-02-04,0.0,30.9,5.08,
2003-02-05,0.0,30.2,5.08,
2003-02-06,0.0,30.1,5.18,
2003-02-07,0.0,29.9,4.6,
2003-02-08,0.0,31.4,4.52,
2003-02-09,0.0,31.5,4.6,
2003-02-10,0.1,31.9,4.98,
2003-02-11,0.0,32.3,4.98,
2003-02-12,0.0,33.1,5.79,
2003-02-13,0.0,33.5,6.28,
2003-02-14,0.0,32.7,5.83,
2003-02-15,0.0,32.4,5.44,
2003-02-16,0.2,31.6,4.28,
2003-02-17,0.0,31.5,4.45,
2003-02-18,0.0,32.0,4.84,
2003-02-19,0.0,31.7,4.63,
2003-02-20,0.0,32.0,5.05,
2003-02-21,0.0,33.2,6.1,
2003-02-22,0.0,32.3,4.84,
2003-02-23,0.0,32.5,4.88,
2003-02-24,0.0,32.3,4.92,
2003-02-25,0.0,33.0,5.24,
2003-02-26,0.0,32.8,5.35,
2003-02-27,0.0,33.8,5.73,
2003-02-28,0.0,32.9,5.16,
2003-03-01,0.0,32.5,4.93,
2003-03-02,0.0,32.1,4.53,
2003-03-03,0.0,33.7,5.19,
2003-03-04,0.0,33.9,4.77,
2003-03-05,0.0,34.3,5.46,
2003-03-06,0.0,35.0,5.83,
2003-03-07,0.1,34.3,5.49,
2003-03-08,0.0,35.0,6.22,
2003-03-09,0.1,33.6,5.32,
2003-03-10,0.0,34.8,6.02,
2003-03-11,0.1,33.7,6.18,
2003-03-12,0.5,35.0,6.85,
2003-03-13,0.0,34.9,6.79,
2003-03-14,0.0,34.3,6.6,
2003-03-15,0.0,33.3,5.69,
2003-03-16,0.0,33.1,5.59,
2003-03-17,0.0,34.8,6.06,
2003-03-18,1.6,33.9,5.04,
2003-03-19,0.0,33.8,5.14,
2003-03-20,0.0,33.1,5.26,
2003-03-21,0.0,34.5,6.12,
2003-03-22,0.1,33.9,5.99,
2003-03-23,0.0,34.8,6.29,
2003-03-24,0.2,34.0,5.89,
2003-03-25,0.2,34.6,6.02,
2003-03-26,0.1,35.6,6.53,
2003-03-27,0.0,35.8,6.5,
2003-03-28,0.4,35.1,5.95,
2003-03-29,0.0,35.1,5.9,
2003-03-30,7.1,32.9,4.04,
2003-03-31,0.7,33.7,4.53,
2003-04-01,4.1,33.1,4.48,
2003-04-02,2.6,33.8,4.78,
2003-04-03,1.0,33.7,5.21,
2003-04-04,0.0,34.9,6.01,
2003-04-05,0.0,35.4,5.85,
2003-04-06,1.2,35.6,6.18,
2003-04-07,0.0,36.2,6.12,
2003-04-08,0.0,36.6,6.02,
2003-04-09,0.0,36.8,7.01,
2003-04-10,0.0,36.6,6.62,
2003-04-11,0.0,37.1,6.84,
2003-04-12,0.0,35.8,6.16,
2003-04-13,0.0,36.4,6.25,
2003-04-14,0.0,35.8,5.89,
2003-04-15,0.0,36.1,6.71,
2003-04-16,0.0,36.6,6.7,
2003-04-17,0.2,35.4,5.28,
2003-04-18,0.0,35.9,6.15,
2003-04-19,0.2,34.9,5.38,
2003-04-20,0.0,36.5,6.0,
2003-04-21,1.1,35.3,5.31,
2003-04-22,0.0,35.5,5.96,
2003-04-23,0.2,35.6,6.56,
2003-04-24,0.0,36.3,6.38,
2003-04-25,0.0,37.0,6.93,
2003-04-26,0.0,36.7,6.67,
2003-04-27,0.1,37.3,6.56,
2003-04-28,0.1,36.7,6.76,
2003-04-29,0.0,36.9,6.68,
2003-04-30,2.4,35.8,4.72,
2003-05-01,1.0,36.1,5.67,
2003-05-02,0.4,34.5,5.08,
2003-05-03,9.2,34.6,4.13,
2003-05-04,6.3,33.0,3.48,
2003-05-05,0.6,34.1,4.4,
2003-05-06,0.6,34.6,5.5,
2003-05-07,17.5,32.7,4.71,
2003-05-08,0.8,33.6,4.22,
2003-05-09,6.5,33.0,3.81,
2003-05-10,6.0,31.7,3.14,
2003-05-11,17.8,31.8,2.54,
2003-05-12,27.2,27.6,1.35,
2003-05-13,17.5,30.2,2.94,
2003-05-14,5.4,30.4,2.66,
2003-05-15,13.3,29.6,2.3,
2003-05-16,4.0,28.7,2.08,
2003-05-17,4.7,28.4,2.1,
2003-05-18,9.0,32.1,4.37,
2003-05-19,2.3,32.0,4.34,
2003-05-20,2.6,31.6,3.75,
2003-05-21,15.0,29.7,2.62,
2003-05-22,5.5,30.9,3.7,
2003-05-23,3.2,29.5,3.45,
2003-05-24,5.8,30.4,3.27,
2003-05-25,7.7,28.9,3.04,
2003-05-26,6.9,29.0,3.2,
2003-05-27,7.9,29.1,3.45,
2003-05-28,7.5,29.4,3.33,
2003-05-29,9.7,29.0,2.92,
2003-05-30,9.3,29.1,2.73,
2003-05-31,6.9,29.2,2.96,
2003-06-01,5.5,28.8,2.63,
2003-06-02,9.0,29.0,2.91,
2003-06-03,3.2,29.8,3.35,
2003-06-04,8.3,31.1,3.71,
2003-06-05,1.0,31.7,4.3,
2003-06-06,0.7,31.6,4.65,
2003-06-07,0.0,31.8,5.35,
2003-06-08,0.7,31.5,4.5,
2003-06-09,0.8,31.6,4.94,
2003-06-10,2.6,31.0,4.78,
2003-06-11,2.7,31.1,4.45,
2003-06-12,0.9,30.7,4.67,
2003-06-13,0.7,31.0,4.37,
2003-06-14,0.9,31.3,4.68,
2003-06-15,2.4,31.1,4.63,
2003-06-16,1.7,30.4,3.96,
2003-06-17,4.5,29.8,3.8,
2003-06-18,2.4,30.8,4.41,
2003-06-19,6.8,29.9,3.24,
2003-06-20,3.3,28.2,2.27,
2003-06-21,5.0,29.3,3.22,
2003-06-22,24.5,28.4,2.4,
2003-06-23,0.0,31.3,4.3,
2003-06-24,3.3,31.4,4.44,
2003-06-25,5.1,31.7,4.61,
2003-06-26,11.8,29.6,3.44,
2003-06-27,4.4,31.5,4.27,
2003-06-28,6.8,31.3,4.17,
2003-06-29,5.2,29.5,3.6,
2003-06-30,9.2,30.3,3.35,
2003-07-01,12.0,27.9,2.16,
2003-07-02,4.4,30.0,3.83,
2003-07-03,5.3,31.7,4.12,
2003-07-04,17.5,30.2,3.32,
2003-07-05,11.4,28.6,2.21,
2003-07-06,4.0,28.2,2.85,
2003-07-07,9.8,30.6,3.74,
2003-07-08,7.0,30.2,3.44,
2003-07-09,4.2,30.2,3.97,
2003-07-10,5.4,31.3,4.12,
2003-07-11,6.9,30.7,3.52,
2003-07-12,13.2,29.1,2.69,
2003-07-13,7.6,30.2,3.21,
2003-07-14,3.4,31.4,4.06,
2003-07-15,4.5,31.7,4.52,
2003-07-16,8.3,31.6,4.12,
2003-07-17,16.8,32.4,4.29,
2003-07-18,10.5,31.2,3.72,
2003-07-19,9.2,31.2,4.14,
2003-07-20,10.2,29.5,2.98,
2003-07-21,6.8,28.2,2.81,
2003-07-22,33.6,28.4,2.85,
2003-07-23,20.9,27.9,1.78,
2003-07-24,11.2,27.1,1.68,
2003-07-25,12.9,28.4,2.42,
2003-07-26,7.0,31.2,4.23,
2003-07-27,8.1,31.2,3.95,
2003-07-28,8.0,30.5,3.88,
2003-07-29,6.0,30.7,3.48,
2003-07-30,2.4,31.1,3.67,
2003-07-31,0.0,31.7,4.97,
2003-08-01,7.4,32.1,4.88,
2003-08-02,11.1,30.0,3.35,
2003-08-03,14.8,29.8,3.37,
2003-08-04,21.7,26.9,2.16,
2003-08-05,5.1,28.9,3.78,
2003-08-06,9.6,28.7,3.2,
2003-08-07,6.5,30.1,3.38,
2003-08-08,3.2,30.8,3.88,
2003-08-09,5.3,31.1,4.28,
2003-08-10,3.9,31.1,4.41,
2003-08-11,4.9,30.3,3.73,
2003-08-12,4.4,30.7,3.78,
2003-08-13,2.0,30.7,4.32,
2003-08-14,4.1,31.6,4.44,
2003-08-15,6.2,30.5,3.94,
2003-08-16,9.3,30.0,3.34,
2003-08-17,21.3,29.6,3.53,
2003-08-18,9.8,29.3,2.28,
2003-08-19,19.7,27.3,2.07,
2003-08-20,15.1,27.5,1.63,
2003-08-21,1.0,30.1,3.92,
2003-08-22,0.4,31.7,4.49,
2003-08-23,6.5,31.3,3.86,
2003-08-24,2.6,31.4,4.14,
2003-08-25,0.8,31.2,5.08,
2003-08-26,1.0,31.3,4.48,
2003-08-27,0.5,32.4,5.18,
2003-08-28,10.4,31.7,4.38,
2003-08-29,25.7,29.4,2.54,
2003-08-30,18.3,29.5,2.42,
2003-08-31,1.1,30.1,3.66,
2003-09-01,8.4,30.4,4.07,
2003-09-02,7.5,31.1,4.59,
2003-09-03,10.4,29.3,3.28,
2003-09-04,1.3,30.0,3.77,
2003-09-05,1.6,30.6,4.39,
2003-09-06,1.8,31.2,4.3,
2003-09-07,3.9,31.5,4.46,
2003-09-08,11.0,29.3,2.97,
2003-09-09,4.6,28.9,3.64,
2003-09-10,6.1,28.0,2.27,
2003-09-11,13.3,30.2,3.14,
2003-09-12,17.4,27.7,2.34,
2003-09-13,9.5,29.1,2.71,
2003-09-14,2.7,29.4,2.51,
2003-09-15,5.4,29.8,3.69,
2003-09-16,3.9,30.3,3.71,
2003-09-17,4.2,31.7,4.54,
2003-09-18,2.5,28.6,2.48,
2003-09-19,18.6,29.7,2.58,
2003-09-20,11.2,30.0,3.25,
2003-09-21,11.2,28.8,2.17,
2003-09-22,3.2,30.2,3.66,
2003-09-23,8.2,31.2,3.92,
2003-09-24,8.0,31.4,4.19,
2003-09-25,30.8,30.6,2.58,
2003-09-26,13.7,28.6,1.9,
2003-09-27,4.6,30.3,3.08,
2003-09-28,5.4,30.7,3.27,
2003-09-29,7.4,30.5,3.26,
2003-09-30,15.8,29.7,2.42,
2003-10-01,15.8,30.8,3.39,
2003-10-02,13.8,31.7,3.79,
2003-10-03,16.7,30.3,3.03,
2003-10-04,21.4,28.4,1.54,
2003-10-05,8.9,29.4,2.4,
2003-10-06,11.2,31.3,3.55,
2003-10-07,8.1,31.2,3.4,
2003-10-08,8.8,30.5,3.49,
2003-10-09,7.7,31.3,3.55,
2003-10-10,11.2,31.6,3.86,
2003-10-11,3.7,31.2,3.85,
2003-10-12,4.7,29.8,2.83,
2003-10-13,20.5,29.7,2.68,
2003-10-14,22.8,29.3,2.52,
2003-10-15,41.8,28.2,2.2,
2003-10-16,8.2,28.9,2.44,
2003-10-17,23.5,30.3,3.24,
2003-10-18,33.7,29.7,2.43,
2003-10-19,15.6,29.1,2.15,
2003-10-20,7.4,28.5,2.54,
2003-10-21,24.3,28.1,1.72,
2003-10-22,15.8,29.1,2.43,
2003-10-23,16.4,28.9,2.21,
2003-10-24,15.2,29.7,3.25,
2003-10-25,26.6,25.8,0.79,
2003-10-26,2.9,30.0,3.94,
2003-10-27,0.0,30.2,4.39,
2003-10-28,0.0,30.8,4.53,
2003-10-29,0.2,30.7,4.27,
2003-10-30,0.1,31.3,4.49,
2003-10-31,11.0,31.0,3.95,
2003-11-01,6.5,31.2,3.86,
2003-11-02,0.2,31.0,4.24,
2003-11-03,0.5,31.3,4.22,
2003-11-04,1.3,31.3,3.99,
2003-11-05,0.0,31.8,4.74,
2003-11-06,0.1,31.4,4.12,
2003-11-07,0.0,31.4,4.15,
2003-11-08,1.4,31.2,3.65,
2003-11-09,1.2,31.4,3.99,
2003-11-10,7.4,31.4,3.61,
2003-11-11,9.5,31.8,3.66,
2003-11-12,13.1,30.0,2.61,
2003-11-13,49.5,25.0,0.71,
2003-11-14,0.1,30.8,3.61,
2003-11-15,0.0,31.6,4.37,
2003-11-16,0.0,31.2,4.15,
2003-11-17,0.9,30.7,3.76,
2003-11-18,0.0,31.4,4.15,
2003-11-19,0.0,31.1,4.11,
2003-11-20,0.0,31.3,3.89,
2003-11-21,5.3,31.4,3.69,
2003-11-22,1.4,31.1,3.98,
2003-11-23,4.8,31.2,4.03,
2003-11-24,4.8,31.7,3.83,
2003-11-25,0.1,31.7,4.04,
2003-11-26,0.2,31.8,4.11,
2003-11-27,0.0,31.4,4.12,
2003-11-28,0.1,31.0,4.64,
2003-11-29,0.0,31.3,4.77,
2003-11-30,0.0,30.3,4.02,
2003-12-01,0.0,31.1,4.38,
2003-12-02,0.0,30.4,4.48,
2003-12-03,0.0,30.7,4.39,
2003-12-04,0.0,30.7,4.28,
2003-12-05,0.0,30.6,3.84,
2003-12-06,0.0,31.5,4.51,
2003-12-07,0.0,31.6,4.58,
2003-12-08,0.0,32.3,4.65,
2003-12-09,6.3,29.9,2.89,
2003-12-10,1.5,30.4,3.42,
2003-12-11,0.0,32.0,4.31,
2003-12-12,0.0,31.5,4.22,
2003-12-13,0.0,32.0,4.83,
2003-12-14,0.0,30.9,4.33,
2003-12-15,0.0,30.9,5.17,
2003-12-16,0.4,28.8,2.89,
2003-12-17,0.0,28.2,2.45,
2003-12-18,1.7,30.0,2.99,
2003-12-19,3.9,29.8,3.6,
2003-12-20,0.0,28.1,4.14,
2003-12-21,0.0,29.1,4.96,
2003-12-22,0.0,30.0,4.55,
2003-12-23,0.0,29.9,4.04,
2003-12-24,0.0,31.1,4.22,
2003-12-25,0.0,30.4,3.75,
2003-12-26,0.2,30.0,3.55,
2003-12-27,0.0,29.9,4.24,
2003-12-28,0.0,30.4,4.3,
2003-12-29,0.0,29.3,3.45,
2003-12-30,0.0,31.8,4.55,
2003-12-31,0.0,30.6,3.9,
2004-01-01,0.0,31.9,4.23,
2004-01-02,0.0,30.6,3.91,
2004-01-03,0.0,31.3,4.15,
2004-01-04,0.1,30.9,4.08,
2004-01-05,0.0,31.9,4.22,
2004-01-06,0.2,31.3,4.3,
2004-01-07,0.0,31.4,4.2,
2004-01-08,0.1,30.9,4.24,
2004-01-09,0.0,31.4,4.68,
2004-01-10,0.1,31.2,4.52,
2004-01-11,0.0,31.2,4.61,
2004-01-12,0.0,31.0,4.66,
2004-01-13,0.0,30.4,3.57,
2004-01-14,0.0,29.9,4.13,
2004-01-15,0.0,31.4,4.59,
2004-01-16,0.0,31.7,4.66,
2004-01-17,0.0,31.4,4.46,
2004-01-18,0.0,31.9,4.96,
2004-01-19,0.0,30.9,3.82,
2004-01-20,0.0,31.2,4.44,
2004-01-21,0.0,31.1,4.48,
2004-01-22,0.0,31.3,4.74,
2004-01-23,0.0,31.3,4.94,
2004-01-24,0.0,31.2,4.8,
2004-01-25,0.0,29.7,4.72,
2004-01-26,0.0,30.2,4.27,
2004-01-27,0.0,31.7,4.5,
2004-01-28,0.0,31.6,4.38,
2004-01-29,0.0,31.8,4.49,
2004-01-30,0.0,31.7,4.52,
2004-01-31,0.0,32.3,5.2,
2004-02-01,0.0,32.1,5.01,
2004-02-02,0.0,32.6,4.72,
2004-02-03,0.0,32.1,4.46,
2004-02-04,0.0,31.8,4.31,
2004-02-05,0.0,31.7,4.48,
2004-02-06,0.0,31.8,5.01,
2004-02-07,0.0,31.3,4.67,
2004-02-08,0.1,30.8,4.25,
2004-02-09,0.0,31.1,3.94,
2004-02-10,0.0,31.0,4.38,
2004-02-11,0.0,31.1,4.34,
2004-02-12,0.0,31.9,4.97,
2004-02-13,0.0,31.4,5.23,
2004-02-14,0.0,30.4,4.98,
2004-02-15,0.0,30.3,5.04,
2004-02-16,0.0,31.0,5.35,
2004-02-17,0.0,30.9,4.88,
2004-02-18,0.0,31.4,4.82,
2004-02-19,0.0,30.8,5.07,
2004-02-20,0.0,31.4,4.86,
2004-02-21,0.0,31.8,4.72,
2004-02-22,0.0,31.8,4.81,
2004-02-23,0.0,32.3,5.53,
2004-02-24,0.0,31.3,4.2,
2004-02-25,0.0,31.5,4.33,
2004-02-26,0.0,32.5,5.1,
2004-02-27,0.2,32.2,5.31,
2004-02-28,0.0,33.2,6.0,
2004-02-29,0.0,32.3,4.57,
2004-03-01,0.0,32.4,4.09,
2004-03-02,0.0,34.1,5.11,
2004-03-03,0.4,33.9,4.72,
2004-03-04,0.2,33.5,5.22,
2004-03-05,0.0,33.3,5.77,
2004-03-06,0.2,32.0,4.93,
2004-03-07,0.0,33.3,5.92,
2004-03-08,0.0,34.1,6.09,
2004-03-09,0.0,33.6,6.71,
2004-03-10,0.0,34.0,5.77,
2004-03-11,0.0,33.8,4.88,
2004-03-12,0.0,32.9,4.18,
2004-03-13,0.0,34.5,5.4,
2004-03-14,0.0,34.9,6.04,
2004-03-15,0.0,34.1,6.84,
2004-03-16,0.0,34.3,6.41,
2004-03-17,0.0,34.6,5.78,
2004-03-18,0.0,35.3,6.22,
2004-03-19,0.0,32.9,4.51,
2004-03-20,0.1,33.3,5.39,
2004-03-21,0.1,32.5,4.14,
2004-03-22,0.0,32.7,4.04,
2004-03-23,0.1,33.2,4.27,
2004-03-24,0.5,34.1,4.89,
2004-03-25,0.0,34.3,5.56,
2004-03-26,0.0,35.9,5.77,
2004-03-27,0.7,34.9,5.13,
2004-03-28,0.0,34.6,5.12,
2004-03-29,0.0,35.8,6.05,
2004-03-30,0.0,34.9,5.89,
2004-03-31,0.0,35.7,6.38,
2004-04-01,0.0,35.2,5.85,
2004-04-02,0.0,35.4,6.11,
2004-04-03,0.0,35.9,6.72,
2004-04-04,0.1,34.7,5.64,
2004-04-05,0.0,34.0,5.35,
2004-04-06,0.0,35.4,6.1,
2004-04-07,0.0,35.8,6.36,
2004-04-08,1.1,36.6,6.27,
2004-04-09,0.3,34.1,5.29,
2004-04-10,0.0,36.2,6.62,
2004-04-11,0.2,35.2,4.88,
2004-04-12,0.0,36.2,5.8,
2004-04-13,0.0,36.0,5.53,
2004-04-14,0.3,36.2,5.75,
2004-04-15,0.6,36.7,5.62,
2004-04-16,0.3,36.3,6.04,
2004-04-17,0.2,36.1,6.15,
2004-04-18,0.1,36.0,6.03,
2004-04-19,1.0,36.6,5.91,
2004-04-20,0.1,35.5,5.84,
2004-04-21,0.0,36.4,6.92,
2004-04-22,0.5,36.4,5.75,
2004-04-23,0.4,36.3,5.72,
2004-04-24,0.7,36.6,5.95,
2004-04-25,1.6,36.2,5.14,
2004-04-26,0.2,36.2,5.5,
2004-04-27,1.0,36.4,5.58,
2004-04-28,4.9,34.4,4.9,
2004-04-29,0.8,35.1,4.77,
2004-04-30,8.4,35.2,4.71,
2004-05-01,9.9,32.7,4.31,
2004-05-02,1.0,33.6,4.65,
2004-05-03,4.1,32.4,3.69,
2004-05-04,5.7,32.5,4.3,
2004-05-05,0.5,33.5,4.89,
2004-05-06,0.6,34.2,5.31,
2004-05-07,8.1,30.4,3.56,
2004-05-08,2.2,32.4,4.13,
2004-05-09,0.1,33.1,4.96,
2004-05-10,4.4,32.9,3.96,
2004-05-11,2.6,32.1,3.21,
2004-05-12,9.7,32.2,4.42,
2004-05-13,3.0,32.5,3.91,
2004-05-14,15.1,31.1,3.45,
2004-05-15,11.5,31.9,3.58,
2004-05-16,14.9,29.6,1.59,
2004-05-17,7.1,31.3,2.62,
2004-05-18,6.2,31.7,3.55,
2004-05-19,0.0,31.8,5.17,
2004-05-20,0.0,32.3,5.35,
2004-05-21,3.8,30.8,4.01,
2004-05-22,0.2,31.1,3.75,
2004-05-23,6.7,29.7,3.41,
2004-05-24,18.3,28.1,2.18,
2004-05-25,3.4,28.6,2.96,
2004-05-26,1.8,30.3,4.29,
2004-05-27,0.8,32.1,4.83,
2004-05-28,3.3,31.9,4.84,
2004-05-29,0.1,32.9,4.76,
2004-05-30,1.5,32.8,5.01,
2004-05-31,15.8,31.2,4.52,
2004-06-01,12.2,31.9,4.32,
2004-06-02,9.4,31.2,3.84,
2004-06-03,25.9,28.1,1.9,
2004-06-04,19.8,30.0,2.72,
2004-06-05,10.9,30.4,3.59,
2004-06-06,8.2,30.5,3.48,
2004-06-07,13.4,27.9,2.4,
2004-06-08,8.7,27.8,2.23,
2004-06-09,11.4,28.0,1.67,
2004-06-10,7.3,28.6,2.81,
2004-06-11,12.6,28.1,1.79,
2004-06-12,24.9,28.5,2.73,
2004-06-13,21.5,26.3,1.4,
2004-06-14,9.1,29.3,2.92,
2004-06-15,3.3,28.3,2.96,
2004-06-16,9.5,29.3,3.37,
2004-06-17,8.1,29.1,3.13,
2004-06-18,1.4,31.1,4.96,
2004-06-19,5.1,30.8,4.21,
2004-06-20,5.5,29.8,3.41,
2004-06-21,7.8,30.6,3.71,
2004-06-22,5.9,30.3,4.55,
2004-06-23,2.7,29.9,4.14,
2004-06-24,1.3,30.3,4.44,
2004-06-25,0.4,31.4,5.22,
2004-06-26,1.2,31.0,4.69,
2004-06-27,3.8,29.8,4.09,
2004-06-28,4.7,29.3,3.64,
2004-06-29,0.9,31.5,5.06,
2004-06-30,4.8,30.6,3.92,
2004-07-01,6.6,29.0,3.54,
2004-07-02,17.8,29.0,3.14,
2004-07-03,9.0,29.0,3.46,
2004-07-04,13.9,29.8,3.92,
2004-07-05,3.7,31.5,4.38,
2004-07-06,0.3,31.1,4.23,
2004-07-07,0.6,31.9,4.45,
2004-07-08,8.5,30.2,4.12,
2004-07-09,6.2,31.3,4.07,
2004-07-10,2.0,30.9,4.25,
2004-07-11,1.5,29.7,3.23,
2004-07-12,6.6,30.4,3.52,
2004-07-13,5.1,31.3,4.39,
2004-07-14,7.9,31.7,4.82,
2004-07-15,3.6,31.3,4.21,
2004-07-16,4.9,31.6,4.06,
2004-07-17,6.5,29.7,3.68,
2004-07-18,1.3,30.8,3.78,
2004-07-19,10.5,30.7,3.68,
2004-07-20,10.4,28.9,3.03,
2004-07-21,10.7,27.7,1.89,
2004-07-22,9.6,28.3,2.43,
2004-07-23,4.9,30.7,4.03,
2004-07-24,0.7,31.2,4.43,
2004-07-25,13.0,29.4,3.17,
2004-07-26,11.9,26.8,1.39,
2004-07-27,2.0,28.9,3.58,
2004-07-28,9.9,28.9,3.04,
2004-07-29,6.4,28.7,2.57,
2004-07-30,4.8,28.2,2.85,
2004-07-31,2.1,28.6,3.24,
2004-08-01,34.1,26.9,1.94,
2004-08-02,14.4,28.0,2.43,
2004-08-03,11.4,29.8,3.2,
2004-08-04,6.4,29.9,3.62,
2004-08-05,0.3,30.6,4.47,
2004-08-06,4.5,29.9,3.34,
2004-08-07,6.8,28.6,2.06,
2004-08-08,6.6,29.7,3.45,
2004-08-09,4.4,29.3,3.18,
2004-08-10,10.8,29.9,3.46,
2004-08-11,8.0,27.9,2.62,
2004-08-12,0.0,29.6,2.88,
2004-08-13,2.6,29.9,3.51,
2004-08-14,1.7,31.6,5.23,
2004-08-15,4.9,31.8,5.33,
2004-08-16,1.3,30.5,4.29,
2004-08-17,10.7,30.1,3.38,
2004-08-18,8.3,29.2,2.29,
2004-08-19,14.3,26.8,1.83,
2004-08-20,7.1,29.2,2.32,
2004-08-21,4.1,29.4,3.68,
2004-08-22,3.1,30.2,4.15,
2004-08-23,6.3,30.7,3.83,
2004-08-24,1.8,31.6,4.6,
2004-08-25,6.4,30.0,3.82,
2004-08-26,2.4,31.2,4.18,
2004-08-27,7.3,29.9,4.05,
2004-08-28,5.0,30.4,4.12,
2004-08-29,10.4,28.8,3.34,
2004-08-30,2.4,30.8,3.95,
2004-08-31,1.6,31.0,4.53,
2004-09-01,4.7,31.4,4.42,
2004-09-02,7.3,31.3,4.16,
2004-09-03,1.0,31.7,4.13,
2004-09-04,6.7,30.7,4.32,
2004-09-05,5.0,31.5,4.63,
2004-09-06,4.5,31.5,4.71,
2004-09-07,0.3,30.1,3.16,
2004-09-08,8.1,30.9,3.59,
2004-09-09,7.4,31.3,3.8,
2004-09-10,7.4,31.7,4.43,
2004-09-11,9.5,30.4,3.48,
2004-09-12,19.1,29.7,2.95,
2004-09-13,16.8,30.2,3.01,
2004-09-14,9.0,28.3,2.05,
2004-09-15,10.6,30.4,4.05,
2004-09-16,8.5,30.2,3.48,
2004-09-17,10.5,30.3,3.46,
2004-09-18,14.1,30.0,3.43,
2004-09-19,11.6,29.8,2.57,
2004-09-20,4.6,30.5,3.42,
2004-09-21,0.2,31.8,4.74,
2004-09-22,1.9,31.6,4.19,
2004-09-23,6.7,30.8,3.43,
2004-09-24,4.8,31.4,3.93,
2004-09-25,5.7,30.9,3.2,
2004-09-26,5.0,31.4,4.12,
2004-09-27,4.2,31.5,3.68,
2004-09-28,7.0,29.9,3.21,
2004-09-29,11.6,28.5,2.41,
2004-09-30,7.5,28.5,2.28,
2004-10-01,14.9,28.9,2.32,
2004-10-02,22.9,29.4,2.35,
2004-10-03,8.5,30.3,2.86,
2004-10-04,10.0,29.6,2.44,
2004-10-05,15.1,28.6,1.99,
2004-10-06,12.4,29.4,2.41,
2004-10-07,2.3,29.3,3.28,
2004-10-08,1.1,29.8,3.58,
2004-10-09,9.7,30.4,3.41,
2004-10-10,7.9,30.7,3.79,
2004-10-11,6.6,31.0,3.9,
2004-10-12,12.7,29.7,3.27,
2004-10-13,0.5,30.7,4.2,
2004-10-14,0.9,30.7,4.18,
2004-10-15,1.7,31.3,4.36,
2004-10-16,1.0,31.2,4.36,
2004-10-17,1.7,30.7,3.74,
2004-10-18,0.6,30.2,3.5,
2004-10-19,0.2,30.2,4.0,
2004-10-20,0.0,30.8,4.56,
2004-10-21,0.0,31.4,4.67,
2004-10-22,0.7,31.5,4.39,
2004-10-23,0.0,31.9,4.43,
2004-10-24,3.9,31.6,4.36,
2004-10-25,0.9,31.0,4.13,
2004-10-26,0.0,32.1,4.95,
2004-10-27,0.0,31.9,4.91,
2004-10-28,0.0,32.4,4.6,
2004-10-29,7.1,32.2,4.3,
2004-10-30,2.8,32.2,3.97,
2004-10-31,7.2,30.7,3.13,
2004-11-01,0.4,31.4,4.26,
2004-11-02,2.5,31.0,3.46,
2004-11-03,2.7,31.4,3.99,
2004-11-04,2.9,31.5,4.05,
2004-11-05,6.1,31.7,4.3,
2004-11-06,17.7,31.1,3.35,
2004-11-07,6.5,31.7,3.65,
2004-11-08,0.5,31.0,3.91,
2004-11-09,3.8,31.7,3.82,
2004-11-10,0.2,30.6,3.58,
2004-11-11,0.7,30.9,3.96,
2004-11-12,0.7,31.7,4.21,
2004-11-13,0.0,31.4,3.97,
2004-11-14,3.6,31.6,3.47,
2004-11-15,1.2,32.1,3.8,
2004-11-16,1.1,31.4,3.87,
2004-11-17,0.4,30.7,3.94,
2004-11-18,1.2,31.0,3.89,
2004-11-19,0.2,31.1,3.99,
2004-11-20,0.1,31.0,4.39,
2004-11-21,0.0,31.0,4.7,
2004-11-22,0.0,31.7,4.76,
2004-11-23,0.0,31.8,4.73,
2004-11-24,4.3,32.4,4.18,
2004-11-25,8.8,29.2,2.68,
2004-11-26,0.4,31.4,4.15,
2004-11-27,0.4,31.5,4.21,
2004-11-28,0.1,31.3,4.2,
2004-11-29,0.0,31.4,4.41,
2004-11-30,0.0,31.7,4.65,
2004-12-01,0.0,32.4,4.86,
2004-12-02,3.8,30.7,3.9,
2004-12-03,0.0,31.9,4.17,
2004-12-04,0.2,31.8,4.03,
2004-12-05,0.0,31.3,4.34,
2004-12-06,0.0,31.4,4.19,
2004-12-07,0.0,30.3,3.2,
2004-12-08,0.0,30.8,3.57,
2004-12-09,0.0,30.5,4.07,
2004-12-10,0.0,31.4,3.66,
2004-12-11,0.0,31.8,4.61,
2004-12-12,0.0,31.8,4.5,
2004-12-13,0.0,31.2,4.63,
2004-12-14,0.0,30.8,4.42,
2004-12-15,0.0,31.8,4.71,
2004-12-16,0.0,30.8,3.63,
2004-12-17,0.0,31.7,4.27,
2004-12-18,0.0,31.9,4.4,
2004-12-19,0.0,31.6,4.42,
2004-12-20,0.0,30.6,4.1,
2004-12-21,0.0,30.4,4.19,
2004-12-22,0.0,30.8,4.66,
2004-12-23,0.0,30.2,4.41,
2004-12-24,0.0,31.1,4.63,
2004-12-25,0.0,30.8,4.45,
2004-12-26,0.0,29.8,4.37,
2004-12-27,0.0,30.2,4.18,
2004-12-28,0.0,30.4,4.12,
2004-12-29,0.0,30.3,4.04,
2004-12-30,0.0,31.5,4.21,
2004-12-31,0.0,31.1,4.16,
2005-01-01,0.0,29.8,4.65,
2005-01-02,0.0,29.6,4.64,
2005-01-03,0.0,29.5,4.09,
2005-01-04,0.0,30.4,4.39,
2005-01-05,0.0,30.2,4.48,
2005-01-06,0.0,29.2,3.59,
2005-01-07,0.0,30.7,4.12,
2005-01-08,0.0,30.5,3.98,
2005-01-09,0.0,31.2,4.64,
2005-01-10,0.0,30.5,4.32,
2005-01-11,0.0,31.0,4.45,
2005-01-12,0.0,30.8,4.35,
2005-01-13,0.0,31.1,4.88,
2005-01-14,0.0,29.7,4.16,
2005-01-15,0.0,29.5,4.17,
2005-01-16,0.1,29.1,3.87,
2005-01-17,0.0,29.2,3.72,
2005-01-18,0.0,30.4,4.66,
2005-01-19,0.0,30.5,5.0,
2005-01-20,0.0,31.3,5.03,
2005-01-21,0.0,31.7,5.24,
2005-01-22,0.0,31.7,5.15,
2005-01-23,0.0,31.7,5.12,
2005-01-24,0.0,30.9,4.76,
2005-01-25,0.0,30.9,4.42,
2005-01-26,0.0,31.1,4.06,
2005-01-27,0.0,30.3,3.35,
2005-01-28,0.0,31.5,4.07,
2005-01-29,0.0,32.0,4.4,
2005-01-30,0.5,30.5,3.67,
2005-01-31,0.0,30.1,3.35,
2005-02-01,0.0,31.2,4.86,
2005-02-02,0.0,32.0,4.79,
2005-02-03,0.0,31.5,4.73,
2005-02-04,0.0,31.8,4.72,
2005-02-05,0.0,31.7,4.98,
2005-02-06,0.0,31.8,4.37,
2005-02-07,0.0,32.2,5.06,
2005-02-08,0.0,32.5,5.2,
2005-02-09,0.0,32.6,5.33,
2005-02-10,0.0,33.1,5.25,
2005-02-11,0.0,32.7,6.14,
2005-02-12,0.0,32.5,5.3,
2005-02-13,0.0,32.2,4.86,
2005-02-14,0.0,32.5,5.21,
2005-02-15,0.0,32.0,4.23,
2005-02-16,0.0,32.9,4.9,
2005-02-17,0.0,33.0,5.02,
2005-02-18,0.0,34.2,5.16,
2005-02-19,0.0,33.3,4.85,
2005-02-20,0.2,32.3,4.76,
2005-02-21,0.0,34.0,6.02,
2005-02-22,0.0,32.4,5.37,
2005-02-23,0.0,32.9,5.58,
2005-02-24,0.0,33.4,5.36,
2005-02-25,0.0,33.3,5.13,
2005-02-26,0.0,34.5,5.4,
2005-02-27,0.0,34.5,5.49,
2005-02-28,0.0,33.9,5.77,
2005-03-01,0.0,33.5,6.32,
2005-03-02,0.0,34.1,5.88,
2005-03-03,0.2,32.7,5.61,
2005-03-04,4.9,32.4,4.83,
2005-03-05,0.8,31.5,5.28,
2005-03-06,0.0,30.0,5.71,
2005-03-07,0.0,30.7,5.6,
2005-03-08,0.0,32.4,5.95,
2005-03-09,0.0,33.1,5.74,
2005-03-10,0.0,33.4,5.59,
2005-03-11,0.0,33.7,5.46,
2005-03-12,0.0,34.9,5.85,
2005-03-13,0.0,34.6,5.97,
2005-03-14,0.0,33.5,6.17,
2005-03-15,0.0,33.8,6.46,
2005-03-16,0.0,34.3,6.4,
2005-03-17,0.0,33.7,5.78,
2005-03-18,0.0,34.4,6.2,
2005-03-19,0.0,35.0,6.27,
2005-03-20,11.8,33.4,4.51,
2005-03-21,0.0,33.4,5.8,
2005-03-22,0.0,33.4,5.65,
2005-03-23,0.2,33.9,5.01,
2005-03-24,0.0,34.6,6.02,
2005-03-25,0.0,34.4,6.73,
2005-03-26,0.0,34.6,6.55,
2005-03-27,0.0,33.7,5.48,
2005-03-28,0.0,34.4,5.36,
2005-03-29,0.0,34.3,5.67,
2005-03-30,1.6,34.7,4.99,
2005-03-31,0.3,34.6,5.59,
2005-04-01,0.0,34.8,5.72,
2005-04-02,0.0,35.8,6.63,
2005-04-03,0.1,35.2,6.34,
2005-04-04,0.1,34.8,6.31,
2005-04-05,0.0,34.4,6.08,
2005-04-06,0.3,34.6,5.73,
2005-04-07,0.0,35.6,6.24,
2005-04-08,0.3,35.3,5.67,
2005-04-09,0.0,35.0,5.55,
2005-04-10,0.2,35.5,5.51,
2005-04-11,0.0,36.3,6.74,
2005-04-12,0.0,36.6,6.74,
2005-04-13,0.0,35.2,6.15,
2005-04-14,0.2,36.1,6.61,
2005-04-15,0.3,35.1,6.28,
2005-04-16,0.0,35.2,6.59,
2005-04-17,0.0,35.4,6.35,
2005-04-18,0.0,34.6,5.72,
2005-04-19,0.1,36.2,6.22,
2005-04-20,0.0,36.2,6.91,
2005-04-21,0.2,35.4,6.04,
2005-04-22,0.9,35.1,5.3,
2005-04-23,0.4,35.3,5.73,
2005-04-24,0.1,35.6,5.61,
2005-04-25,1.8,34.6,4.35,
2005-04-26,6.4,33.3,4.04,
2005-04-27,1.8,34.6,4.92,
2005-04-28,4.5,34.1,4.3,
2005-04-29,0.8,33.9,4.83,
2005-04-30,0.0,35.3,6.54,
2005-05-01,0.2,36.1,5.91,
2005-05-02,0.0,37.0,5.79,
2005-05-03,0.0,36.8,6.28,
2005-05-04,0.0,36.7,6.34,
2005-05-05,0.0,36.2,5.67,
2005-05-06,3.7,36.5,5.51,
2005-05-07,1.9,36.5,5.9,
2005-05-08,21.9,34.9,4.22,
2005-05-09,5.5,32.7,3.82,
2005-05-10,18.6,28.4,1.77,
2005-05-11,11.5,29.3,2.76,
2005-05-12,8.6,31.1,3.68,
2005-05-13,7.7,30.6,3.87,
2005-05-14,6.0,29.7,3.47,
2005-05-15,8.5,31.1,3.83,
2005-05-16,14.6,30.7,3.62,
2005-05-17,9.7,30.3,3.71,
2005-05-18,17.8,30.8,3.55,
2005-05-19,7.6,31.1,3.59,
2005-05-20,4.3,30.8,4.11,
2005-05-21,4.5,30.2,3.92,
2005-05-22,5.0,30.4,3.27,
2005-05-23,4.5,31.8,4.07,
2005-05-24,4.0,31.8,4.71,
2005-05-25,3.8,31.8,4.62,
2005-05-26,0.9,31.6,4.72,
2005-05-27,5.5,31.3,4.33,
2005-05-28,2.0,29.8,3.64,
2005-05-29,6.3,31.9,4.59,
2005-05-30,12.1,31.1,4.11,
2005-05-31,8.5,28.8,3.03,
2005-06-01,0.3,31.0,4.51,
2005-06-02,9.0,30.7,3.63,
2005-06-03,13.2,30.3,3.61,
2005-06-04,18.6,28.6,2.93,
2005-06-05,1.6,30.3,3.85,
2005-06-06,0.5,31.9,4.67,
2005-06-07,10.5,28.8,3.01,
2005-06-08,16.6,29.6,2.85,
2005-06-09,4.8,27.9,2.48,
2005-06-10,3.6,30.0,2.64,
2005-06-11,0.0,32.2,5.01,
2005-06-12,1.1,32.0,4.68,
2005-06-13,0.2,31.6,4.76,
2005-06-14,0.6,31.6,4.78,
2005-06-15,6.1,31.4,4.61,
2005-06-16,4.8,30.1,3.97,
2005-06-17,7.2,30.1,3.51,
2005-06-18,1.3,31.1,4.14,
2005-06-19,3.2,30.7,4.02,
2005-06-20,7.0,31.2,4.05,
2005-06-21,1.9,31.3,4.21,
2005-06-22,8.4,31.5,4.31,
2005-06-23,13.0,29.2,2.86,
2005-06-24,4.6,30.3,3.58,
2005-06-25,1.6,31.4,4.02,
2005-06-26,1.4,32.0,4.5,
2005-06-27,5.1,30.5,4.15,
2005-06-28,6.0,30.7,3.02,
2005-06-29,4.0,29.8,3.86,
2005-06-30,4.5,28.8,2.77,
2005-07-01,10.6,29.6,3.19,
2005-07-02,3.8,29.3,3.61,
2005-07-03,8.2,29.3,2.61,
2005-07-04,16.2,28.2,2.32,
2005-07-05,9.3,28.6,2.98,
2005-07-06,4.6,29.7,3.2,
2005-07-07,8.0,28.8,2.72,
2005-07-08,2.0,29.5,4.0,
2005-07-09,4.3,30.5,3.84,
2005-07-10,3.7,31.4,4.18,
2005-07-11,10.7,30.3,3.69,
2005-07-12,15.3,29.4,3.13,
2005-07-13,11.0,30.9,4.01,
2005-07-14,0.9,31.6,4.44,
2005-07-15,1.2,31.0,4.45,
2005-07-16,13.3,31.2,3.54,
2005-07-17,6.3,31.8,4.7,
2005-07-18,12.0,29.5,3.63,
2005-07-19,17.3,30.5,3.88,
2005-07-20,13.4,28.9,2.56,
2005-07-21,0.9,28.7,2.65,
2005-07-22,11.9,29.8,3.36,
2005-07-23,5.8,29.1,2.6,
2005-07-24,1.1,29.1,2.33,
2005-07-25,3.9,29.5,3.66,
2005-07-26,2.1,29.4,3.01,
2005-07-27,10.4,28.0,1.77,
2005-07-28,7.1,29.4,3.03,
2005-07-29,15.0,29.8,3.01,
2005-07-30,3.4,28.0,2.22,
2005-07-31,28.1,26.0,1.27,
2005-08-01,7.6,29.2,2.81,
2005-08-02,1.0,30.6,4.38,
2005-08-03,3.6,30.9,3.89,
2005-08-04,1.8,30.8,4.2,
2005-08-05,2.0,30.7,4.4,
2005-08-06,6.4,29.9,3.98,
2005-08-07,1.3,31.2,4.91,
2005-08-08,6.3,30.4,3.97,
2005-08-09,3.9,30.1,3.28,
2005-08-10,1.0,30.7,4.3,
2005-08-11,0.8,31.2,4.72,
2005-08-12,6.8,29.3,3.28,
2005-08-13,0.8,29.4,3.06,
2005-08-14,6.4,30.6,3.59,
2005-08-15,7.7,31.8,4.4,
2005-08-16,11.9,30.6,3.9,
2005-08-17,3.6,31.6,4.02,
2005-08-18,5.5,31.4,4.11,
2005-08-19,4.9,31.0,3.82,
2005-08-20,10.1,31.7,4.39,
2005-08-21,11.2,31.0,4.11,
2005-08-22,6.4,29.9,3.55,
2005-08-23,11.0,30.3,3.56,
2005-08-24,2.4,32.2,4.78,
2005-08-25,0.4,31.9,4.58,
2005-08-26,4.2,31.3,4.46,
2005-08-27,8.8,30.7,4.24,
2005-08-28,7.4,29.5,3.19,
2005-08-29,5.5,29.8,3.3,
2005-08-30,8.6,29.6,3.56,
2005-08-31,6.9,29.6,3.5,
2005-09-01,5.4,31.2,4.17,
2005-09-02,8.5,31.6,4.34,
2005-09-03,3.3,31.1,3.12,
2005-09-04,3.8,31.4,4.01,
2005-09-05,1.4,31.6,4.1,
2005-09-06,2.7,32.2,4.68,
2005-09-07,6.0,30.4,3.08,
2005-09-08,10.5,29.2,2.29,
2005-09-09,18.0,27.1,1.64,
2005-09-10,8.1,31.2,3.07,
2005-09-11,4.4,30.8,3.37,
2005-09-12,23.9,28.2,1.6,
2005-09-13,6.8,27.8,2.24,
2005-09-14,3.1,29.3,3.15,
2005-09-15,0.0,31.5,4.91,
2005-09-16,18.1,30.3,3.22,
2005-09-17,15.8,30.0,3.11,
2005-09-18,6.6,29.6,3.4,
2005-09-19,4.0,29.1,2.84,
2005-09-20,9.1,29.3,2.66,
2005-09-21,4.5,31.3,4.32,
2005-09-22,0.4,31.1,4.43,
2005-09-23,0.4,30.8,4.36,
2005-09-24,6.0,31.0,4.52,
2005-09-25,8.7,29.9,3.13,
2005-09-26,11.1,28.2,2.54,
2005-09-27,2.7,29.3,3.49,
2005-09-28,10.0,31.2,3.66,
2005-09-29,7.9,32.0,4.39,
2005-09-30,6.3,31.0,3.37,
2005-10-01,17.0,31.3,4.03,
2005-10-02,3.2,31.2,3.8,
2005-10-03,18.3,31.2,3.5,
2005-10-04,18.8,31.1,3.78,
2005-10-05,8.3,29.7,3.06,
2005-10-06,1.5,30.4,3.46,
2005-10-07,10.2,31.4,3.92,
2005-10-08,15.2,29.9,3.45,
2005-10-09,4.1,30.3,3.15,
2005-10-10,6.3,30.3,2.81,
2005-10-11,10.6,30.8,3.02,
2005-10-12,2.9,31.1,3.98,
2005-10-13,16.7,31.3,3.97,
2005-10-14,38.1,29.4,2.64,
2005-10-15,3.4,30.7,3.17,
2005-10-16,5.3,29.5,2.9,
2005-10-17,14.7,30.8,3.63,
2005-10-18,3.2,31.0,4.16,
2005-10-19,11.7,31.7,3.13,
2005-10-20,11.4,29.8,2.46,
2005-10-21,20.8,29.4,2.33,
2005-10-22,20.2,29.9,2.35,
2005-10-23,12.7,28.3,2.02,
2005-10-24,10.6,28.2,2.44,
2005-10-25,14.1,30.6,3.14,
2005-10-26,5.6,31.1,2.7,
2005-10-27,11.9,31.4,4.11,
2005-10-28,3.2,30.7,3.46,
2005-10-29,0.0,31.9,4.25,
2005-10-30,3.1,31.9,3.87,
2005-10-31,2.2,31.6,3.65,
2005-11-01,0.4,31.5,4.08,
2005-11-02,0.0,31.1,4.35,
2005-11-03,7.6,31.0,3.59,
2005-11-04,6.4,29.0,2.4,
2005-11-05,10.2,28.3,1.89,
2005-11-06,4.7,29.5,2.49,
2005-11-07,5.8,29.7,2.66,
2005-11-08,9.7,29.2,2.27,
2005-11-09,9.3,30.5,3.24,
2005-11-10,0.3,31.2,4.17,
2005-11-11,1.6,31.3,3.73,
2005-11-12,0.2,30.8,3.5,
2005-11-13,3.4,30.9,3.41,
2005-11-14,1.9,31.1,3.49,
2005-11-15,1.2,30.9,3.79,
2005-11-16,0.7,31.1,3.72,
2005-11-17,3.8,30.6,3.18,
2005-11-18,1.5,31.0,3.88,
2005-11-19,0.0,30.4,3.97,
2005-11-20,0.0,29.7,4.84,
2005-11-21,0.0,29.1,5.32,
2005-11-22,0.0,29.4,5.01,
2005-11-23,0.3,30.1,3.67,
2005-11-24,4.5,30.8,3.62,
2005-11-25,1.9,30.0,3.37,
2005-11-26,13.9,30.6,3.26,
2005-11-27,4.6,30.2,2.97,
2005-11-28,10.1,30.5,3.08,
2005-11-29,1.4,30.5,2.95,
2005-11-30,26.3,28.4,2.03,
2005-12-01,14.5,28.8,2.2,
2005-12-02,3.9,30.1,3.29,
2005-12-03,14.7,28.9,2.7,
2005-12-04,3.5,30.6,3.48,
2005-12-05,4.9,29.3,2.55,
2005-12-06,6.9,29.3,2.6,
2005-12-07,13.8,27.3,2.2,
2005-12-08,0.0,28.7,3.09,
2005-12-09,0.0,30.2,4.04,
2005-12-10,3.5,26.5,1.65,
2005-12-11,18.3,28.5,2.07,
2005-12-12,7.7,29.9,3.17,
2005-12-13,5.2,28.8,3.84,
2005-12-14,25.1,25.3,1.32,
2005-12-15,5.4,25.6,1.69,
2005-12-16,0.0,28.4,4.1,
2005-12-17,0.0,29.3,4.24,
2005-12-18,0.0,27.0,4.88,
2005-12-19,0.0,26.9,4.01,
2005-12-20,3.5,26.4,2.91,
2005-12-21,0.0,26.2,3.47,
2005-12-22,0.0,25.5,3.98,
2005-12-23,0.2,26.2,3.63,
2005-12-24,2.7,27.2,2.57,
2005-12-25,6.0,28.6,2.74,
2005-12-26,4.5,29.3,3.17,
2005-12-27,1.3,29.2,3.17,
2005-12-28,0.2,29.1,3.41,
2005-12-29,0.4,29.3,3.82,
2005-12-30,0.0,29.4,3.8,
2005-12-31,4.4,29.9,3.41,
2006-01-01,2.8,29.8,3.23,
2006-01-02,4.5,27.5,1.33,
2006-01-03,3.1,29.2,2.81,
2006-01-04,0.1,29.7,3.76,
2006-01-05,0.3,29.4,3.8,
2006-01-06,0.1,29.9,3.95,
2006-01-07,0.0,28.6,3.49,
2006-01-08,0.0,28.3,3.34,
2006-01-09,0.0,28.4,3.9,
2006-01-10,0.0,27.8,3.76,
2006-01-11,0.0,28.6,2.74,
2006-01-12,0.0,30.5,3.88,
2006-01-13,0.0,30.2,3.77,
2006-01-14,0.0,30.5,4.08,
2006-01-15,0.0,29.4,3.77,
2006-01-16,0.0,29.5,3.56,
2006-01-17,0.0,30.1,4.15,
2006-01-18,1.2,29.9,3.72,
2006-01-19,0.4,29.8,3.27,
2006-01-20,0.1,30.9,4.02,
2006-01-21,0.2,31.2,4.08,
2006-01-22,0.4,29.4,3.89,
2006-01-23,0.3,29.3,3.28,
2006-01-24,0.4,30.1,4.74,
2006-01-25,0.0,29.4,4.73,
2006-01-26,0.0,30.1,4.52,
2006-01-27,0.0,30.5,5.16,
2006-01-28,0.0,31.1,5.06,
2006-01-29,0.1,29.8,3.63,
2006-01-30,0.4,30.6,4.06,
2006-01-31,0.1,30.9,4.24,
2006-02-01,4.7,31.5,3.82,
2006-02-02,0.0,31.2,4.82,
2006-02-03,0.0,31.0,4.74,
2006-02-04,0.0,31.4,4.68,
2006-02-05,0.0,31.1,4.84,
2006-02-06,0.0,31.0,4.63,
2006-02-07,0.0,31.1,4.72,
2006-02-08,0.1,30.7,4.31,
2006-02-09,0.0,31.4,4.38,
2006-02-10,1.9,30.7,3.86,
2006-02-11,0.0,30.2,3.81,
2006-02-12,0.2,30.8,4.8,
2006-02-13,0.0,31.7,5.57,
2006-02-14,0.0,31.2,4.47,
2006-02-15,0.0,31.8,4.69,
2006-02-16,0.2,31.8,4.53,
2006-02-17,0.1,32.2,4.98,
2006-02-18,0.1,31.9,4.59,
2006-02-19,0.2,31.3,4.18,
2006-02-20,0.5,31.8,4.76,
2006-02-21,0.0,32.8,5.17,
2006-02-22,0.6,32.6,4.81,
2006-02-23,0.0,32.6,5.35,
2006-02-24,0.0,33.0,5.3,
2006-02-25,0.1,32.9,5.18,
2006-02-26,0.2,31.6,4.55,
2006-02-27,0.4,32.1,5.05,
2006-02-28,0.5,32.3,4.46,
2006-03-01,0.0,31.5,3.94,
2006-03-02,0.9,31.4,4.04,
2006-03-03,0.1,31.0,4.59,
2006-03-04,0.0,32.9,5.47,
2006-03-05,0.0,31.1,4.67,
2006-03-06,0.0,32.5,4.92,
2006-03-07,0.0,32.5,4.59,
2006-03-08,0.0,33.2,5.49,
2006-03-09,0.5,32.9,4.57,
2006-03-10,0.0,33.0,5.53,
2006-03-11,0.3,33.2,5.42,
2006-03-12,0.0,33.7,4.75,
2006-03-13,0.9,33.8,5.01,
2006-03-14,0.4,32.3,4.31,
2006-03-15,2.8,30.0,2.84,
2006-03-16,0.4,32.3,4.6,
2006-03-17,0.3,33.5,5.5,
2006-03-18,0.0,33.3,5.11,
2006-03-19,0.0,34.4,6.03,
2006-03-20,0.0,34.6,6.17,
2006-03-21,0.0,34.7,6.34,
2006-03-22,0.0,33.3,5.38,
2006-03-23,3.3,33.5,4.98,
2006-03-24,3.2,34.1,4.91,
2006-03-25,0.0,32.8,5.07,
2006-03-26,2.1,33.7,4.98,
2006-03-27,0.5,33.7,4.95,
2006-03-28,1.7,33.8,4.95,
2006-03-29,0.4,34.1,5.91,
2006-03-30,0.0,33.5,5.05,
2006-03-31,6.7,33.1,4.38,
2006-04-01,0.2,32.7,4.72,
2006-04-02,0.5,32.3,4.52,
2006-04-03,1.5,32.9,4.18,
2006-04-04,4.2,32.1,3.8,
2006-04-05,0.0,33.0,5.09,
2006-04-06,0.2,32.9,4.66,
2006-04-07,10.3,33.1,3.97,
2006-04-08,4.9,32.7,4.34,
2006-04-09,10.4,31.1,3.52,
2006-04-10,6.4,31.8,4.3,
2006-04-11,3.6,32.1,4.44,
2006-04-12,1.7,32.6,4.92,
2006-04-13,1.1,33.0,4.83,
2006-04-14,0.2,33.3,5.36,
2006-04-15,1.6,32.9,4.86,
2006-04-16,1.5,32.3,4.41,
2006-04-17,9.7,32.9,4.53,
2006-04-18,7.9,32.6,4.21,
2006-04-19,4.0,32.5,4.64,
2006-04-20,0.0,33.4,6.1,
2006-04-21,0.0,32.4,4.93,
2006-04-22,6.0,32.8,4.69,
2006-04-23,0.7,32.5,4.71,
2006-04-24,0.2,32.5,4.98,
2006-04-25,0.0,32.7,5.15,
2006-04-26,0.0,33.6,5.47,
2006-04-27,2.1,33.9,4.68,
2006-04-28,2.5,33.6,4.44,
2006-04-29,26.5,33.6,4.6,
2006-04-30,15.0,30.0,2.93,
2006-05-01,2.9,31.1,4.04,
2006-05-02,0.9,31.9,4.6,
2006-05-03,5.6,32.0,4.69,
2006-05-04,3.1,32.1,4.62,
2006-05-05,5.4,31.6,4.16,
2006-05-06,6.7,31.7,4.46,
2006-05-07,11.0,30.1,3.88,
2006-05-08,7.2,31.1,4.22,
2006-05-09,5.3,32.5,4.67,
2006-05-10,1.8,31.9,4.6,
2006-05-11,1.5,32.5,4.71,
2006-05-12,0.4,32.7,4.78,
2006-05-13,4.2,32.7,4.48,
2006-05-14,20.6,28.5,1.84,
2006-05-15,2.3,31.4,4.52,
2006-05-16,0.3,32.2,4.44,
2006-05-17,3.9,31.1,3.85,
2006-05-18,17.0,29.4,3.02,
2006-05-19,33.7,26.1,1.49,
2006-05-20,12.0,28.6,2.3,
2006-05-21,13.0,30.3,2.99,
2006-05-22,8.6,29.0,2.47,
2006-05-23,6.4,31.2,3.92,
2006-05-24,17.1,31.1,4.52,
2006-05-25,8.2,30.7,4.19,
2006-05-26,2.8,31.2,4.32,
2006-05-27,10.3,31.0,3.46,
2006-05-28,0.9,31.0,4.64,
2006-05-29,12.4,31.1,4.33,
2006-05-30,6.7,30.8,3.61,
2006-05-31,16.9,30.9,4.23,
2006-06-01,3.4,31.4,4.63,
2006-06-02,8.1,30.6,3.73,
2006-06-03,7.7,30.2,3.43,
2006-06-04,9.6,30.8,3.97,
2006-06-05,4.5,29.8,3.95,
2006-06-06,10.9,29.9,3.02,
2006-06-07,9.7,29.4,3.85,
2006-06-08,3.8,30.7,4.36,
2006-06-09,1.0,30.1,4.09,
2006-06-10,9.3,30.5,3.47,
2006-06-11,4.2,30.4,3.93,
2006-06-12,2.4,30.0,3.99,
2006-06-13,2.1,29.7,3.42,
2006-06-14,3.1,29.5,3.21,
2006-06-15,1.3,30.7,4.07,
2006-06-16,4.9,30.0,3.44,
2006-06-17,10.8,29.1,3.12,
2006-06-18,7.9,30.6,2.95,
2006-06-19,17.7,29.2,2.23,
2006-06-20,15.0,29.8,3.43,
2006-06-21,9.0,31.0,4.11,
2006-06-22,17.0,30.2,2.95,
2006-06-23,7.6,29.7,3.03,
2006-06-24,10.7,30.0,3.13,
2006-06-25,11.4,28.4,2.04,
2006-06-26,9.8,28.3,2.69,
2006-06-27,1.8,28.8,2.95,
2006-06-28,23.3,28.8,2.65,
2006-06-29,15.7,28.5,1.91,
2006-06-30,2.9,29.4,2.25,
2006-07-01,13.6,26.7,1.41,
2006-07-02,13.9,26.9,1.59,
2006-07-03,24.1,27.6,1.78,
2006-07-04,10.9,28.3,1.95,
2006-07-05,9.4,28.9,2.56,
2006-07-06,7.2,28.8,3.28,
2006-07-07,2.5,30.6,4.25,
2006-07-08,6.0,30.1,3.83,
2006-07-09,3.7,30.7,4.36,
2006-07-10,8.0,29.9,3.48,
2006-07-11,6.0,29.6,3.51,
2006-07-12,7.4,28.2,2.92,
2006-07-13,3.3,30.3,3.89,
2006-07-14,9.2,28.8,3.37,
2006-07-15,6.0,28.7,2.78,
2006-07-16,0.6,30.1,3.76,
2006-07-17,0.9,29.5,3.11,
2006-07-18,2.4,30.7,4.08,
2006-07-19,5.8,31.4,4.16,
2006-07-20,12.4,31.1,4.06,
2006-07-21,6.3,29.1,2.74,
2006-07-22,5.1,28.1,1.93,
2006-07-23,1.2,29.8,3.39,
2006-07-24,2.0,29.8,3.97,
2006-07-25,0.0,30.7,4.53,
2006-07-26,1.2,30.8,4.68,
2006-07-27,1.5,29.9,4.13,
2006-07-28,1.1,31.2,3.8,
2006-07-29,1.9,30.4,4.45,
2006-07-30,12.4,28.2,2.77,
2006-07-31,20.1,26.6,1.64,
2006-08-01,5.4,29.4,3.08,
2006-08-02,3.9,29.1,2.88,
2006-08-03,8.4,29.7,3.48,
2006-08-04,7.2,29.3,3.79,
2006-08-05,0.8,30.1,3.62,
2006-08-06,1.4,29.6,3.8,
2006-08-07,7.5,29.6,3.52,
2006-08-08,11.8,29.2,3.26,
2006-08-09,3.5,29.2,3.32,
2006-08-10,3.3,29.8,3.57,
2006-08-11,4.5,29.3,3.09,
2006-08-12,6.8,31.0,4.06,
2006-08-13,11.6,30.2,3.6,
2006-08-14,20.4,27.9,2.72,
2006-08-15,34.9,25.3,1.37,
2006-08-16,3.8,29.1,3.47,
2006-08-17,4.3,30.5,4.06,
2006-08-18,12.2,30.0,3.68,
2006-08-19,11.6,29.7,3.76,
2006-08-20,3.3,31.6,4.28,
2006-08-21,1.0,31.5,4.71,
2006-08-22,3.5,30.5,3.62,
2006-08-23,3.8,31.4,4.24,
2006-08-24,3.0,30.5,4.26,
2006-08-25,1.7,29.4,3.89,
2006-08-26,4.0,29.8,3.83,
2006-08-27,10.4,29.2,3.36,
2006-08-28,11.8,29.1,2.61,
2006-08-29,14.2,28.1,1.93,
2006-08-30,17.3,29.0,2.19,
2006-08-31,11.3,29.6,2.55,
2006-09-01,1.2,31.1,4.3,
2006-09-02,5.0,31.5,4.58,
2006-09-03,4.0,32.0,4.71,
2006-09-04,7.5,31.6,4.18,
2006-09-05,8.2,31.1,3.85,
2006-09-06,2.7,30.9,4.06,
2006-09-07,4.1,31.3,4.4,
2006-09-08,1.0,31.8,4.48,
2006-09-09,12.9,31.0,4.15,
2006-09-10,18.2,31.3,4.1,
2006-09-11,13.7,30.5,2.88,
2006-09-12,16.4,28.5,1.65,
2006-09-13,10.6,29.8,3.69,
2006-09-14,5.7,29.9,3.4,
2006-09-15,8.8,31.2,4.28,
2006-09-16,8.5,30.6,3.91,
2006-09-17,13.8,29.9,3.18,
2006-09-18,25.6,28.2,1.86,
2006-09-19,13.4,28.8,3.01,
2006-09-20,17.5,29.8,3.2,
2006-09-21,1.6,31.4,4.48,
2006-09-22,15.8,28.1,2.11,
2006-09-23,6.9,30.6,3.74,
2006-09-24,19.3,30.1,2.84,
2006-09-25,5.9,29.5,3.44,
2006-09-26,9.7,27.9,2.4,
2006-09-27,10.4,27.6,2.09,
2006-09-28,20.0,28.2,1.85,
2006-09-29,4.9,29.3,2.89,
2006-09-30,19.2,29.3,3.21,
2006-10-01,4.9,28.8,3.1,
2006-10-02,1.8,29.1,3.29,
2006-10-03,5.6,28.3,2.73,
2006-10-04,21.4,28.1,2.48,
2006-10-05,10.8,28.9,2.32,
2006-10-06,7.7,29.2,2.97,
2006-10-07,7.4,28.7,2.61,
2006-10-08,6.4,30.9,3.92,
2006-10-09,19.7,30.9,3.4,
2006-10-10,37.6,27.6,1.27,
2006-10-11,9.4,28.1,2.12,
2006-10-12,4.1,30.4,3.4,
2006-10-13,2.8,30.7,3.98,
2006-10-14,8.6,31.1,3.73,
2006-10-15,10.6,30.8,3.36,
2006-10-16,6.3,31.5,3.99,
2006-10-17,8.0,30.7,3.47,
2006-10-18,22.6,29.9,2.76,
2006-10-19,3.0,31.3,3.59,
2006-10-20,1.6,31.5,3.92,
2006-10-21,2.4,31.1,3.85,
2006-10-22,8.2,31.1,3.2,
2006-10-23,9.9,30.2,3.32,
2006-10-24,0.3,31.2,4.03,
2006-10-25,0.3,31.8,4.4,
2006-10-26,0.5,31.6,4.34,
2006-10-27,9.9,31.3,3.55,
2006-10-28,7.9,30.8,3.44,
2006-10-29,0.4,31.4,4.17,
2006-10-30,0.0,31.9,4.48,
2006-10-31,0.0,29.8,3.05,
2006-11-01,2.6,31.2,3.83,
2006-11-02,0.2,30.5,3.83,
2006-11-03,2.6,30.7,3.96,
2006-11-04,5.4,30.2,3.61,
2006-11-05,0.6,30.8,3.96,
2006-11-06,0.0,32.2,4.39,
2006-11-07,3.7,31.4,3.54,
2006-11-08,5.1,29.2,2.9,
2006-11-09,5.9,30.9,3.58,
2006-11-10,0.7,31.6,4.33,
2006-11-11,1.1,31.2,3.91,
2006-11-12,0.0,31.1,4.43,
2006-11-13,0.0,31.5,4.2,
2006-11-14,0.3,31.6,4.18,
2006-11-15,8.7,31.8,3.88,
2006-11-16,0.7,31.5,3.96,
2006-11-17,1.8,31.6,4.18,
2006-11-18,0.0,32.0,4.65,
2006-11-19,10.2,32.0,4.11,
2006-11-20,1.3,32.1,4.08,
2006-11-21,5.1,31.5,3.91,
2006-11-22,0.1,31.7,3.99,
2006-11-23,0.0,31.4,4.22,
2006-11-24,0.0,32.0,4.27,
2006-11-25,0.3,32.0,4.01,
2006-11-26,0.4,31.8,3.88,
2006-11-27,0.0,32.4,4.43,
2006-11-28,0.0,31.8,4.19,
2006-11-29,0.3,32.3,4.17,
2006-11-30,0.0,32.6,4.56,
2006-12-01,0.0,32.7,4.1,
2006-12-02,0.0,32.4,4.28,
2006-12-03,0.1,33.1,4.26,
2006-12-04,0.0,33.6,5.63,
2006-12-05,16.1,27.8,1.83,
2006-12-06,0.0,31.4,3.96,
2006-12-07,3.6,31.9,3.88,
2006-12-08,0.1,32.9,4.25,
2006-12-09,0.1,32.4,4.07,
2006-12-10,1.9,32.5,3.98,
2006-12-11,0.0,31.8,4.0,
2006-12-12,0.0,32.7,4.19,
2006-12-13,0.0,32.7,4.2,
2006-12-14,0.8,30.9,3.8,
2006-12-15,1.1,31.4,3.65,
2006-12-16,0.2,32.3,3.89,
2006-12-17,0.0,32.3,4.86,
2006-12-18,0.0,31.6,5.11,
2006-12-19,0.0,32.5,5.1,
2006-12-20,0.0,32.0,4.57,
2006-12-21,0.0,31.3,5.77,
2006-12-22,0.0,30.3,5.18,
2006-12-23,0.0,30.1,4.52,
2006-12-24,0.0,31.2,5.03,
2006-12-25,0.0,31.6,4.7,
2006-12-26,0.0,31.9,4.11,
2006-12-27,0.0,31.3,4.0,
2006-12-28,0.0,31.3,4.04,
2006-12-29,0.0,29.3,3.59,
2006-12-30,0.0,30.5,3.93,
2006-12-31,0.0,32.5,4.34,
2007-01-01,0.2,31.9,3.87,
2007-01-02,0.0,32.7,4.26,
2007-01-03,1.0,32.2,3.26,
2007-01-04,4.6,31.7,3.6,
2007-01-05,8.8,31.0,2.76,
2007-01-06,18.3,25.4,0.99,
2007-01-07,26.8,25.2,1.99,
2007-01-08,7.0,27.5,2.7,
2007-01-09,0.0,29.4,3.45,
2007-01-10,0.0,28.9,3.44,
2007-01-11,1.5,30.3,4.0,
2007-01-12,0.0,30.2,3.95,
2007-01-13,0.0,30.4,4.06,
2007-01-14,0.4,28.9,2.68,
2007-01-15,1.3,30.0,3.93,
2007-01-16,0.2,30.4,3.28,
2007-01-17,1.3,30.4,3.34,
2007-01-18,0.8,28.5,2.61,
2007-01-19,0.0,30.3,4.56,
2007-01-20,0.0,30.8,4.72,
2007-01-21,0.0,30.8,4.53,
2007-01-22,0.5,31.1,4.4,
2007-01-23,0.0,31.3,4.35,
2007-01-24,0.2,30.7,3.91,
2007-01-25,0.0,30.9,4.44,
2007-01-26,0.0,31.4,4.53,
2007-01-27,0.0,31.3,4.93,
2007-01-28,0.0,30.4,5.01,
2007-01-29,0.0,27.9,4.87,
2007-01-30,0.0,27.9,4.59,
2007-01-31,0.0,28.7,4.73,
2007-02-01,0.0,29.0,5.04,
2007-02-02,0.0,29.1,4.63,
2007-02-03,0.0,29.0,4.37,
2007-02-04,0.0,29.4,4.54,
2007-02-05,0.1,29.8,4.49,
2007-02-06,0.0,31.2,5.64,
2007-02-07,0.0,31.0,5.58,
2007-02-08,0.0,32.5,5.56,
2007-02-09,0.0,32.2,5.27,
2007-02-10,0.0,32.5,5.24,
2007-02-11,0.1,31.7,4.95,
2007-02-12,0.0,31.7,5.02,
2007-02-13,0.0,31.9,5.54,
2007-02-14,0.0,31.8,5.34,
2007-02-15,0.0,31.9,4.92,
2007-02-16,0.0,31.5,4.91,
2007-02-17,0.0,31.8,4.4,
2007-02-18,0.0,31.9,5.09,
2007-02-19,0.0,32.1,4.77,
2007-02-20,0.0,32.0,4.39,
2007-02-21,0.9,31.7,4.15,
2007-02-22,0.1,31.3,3.99,
2007-02-23,0.0,32.2,4.92,
2007-02-24,0.0,33.1,5.22,
2007-02-25,0.0,33.0,5.06,
2007-02-26,0.0,32.0,4.69,
2007-02-27,0.0,33.8,5.52,
2007-02-28,0.0,31.8,4.74,
2007-03-01,0.0,33.0,5.28,
2007-03-02,0.0,32.2,5.07,
2007-03-03,0.0,33.7,5.37,
2007-03-04,0.0,32.1,4.46,
2007-03-05,0.0,33.2,4.84,
2007-03-06,0.0,34.0,5.79,
2007-03-07,0.3,33.6,5.33,
2007-03-08,2.9,31.3,3.41,
2007-03-09,0.1,32.7,4.75,
2007-03-10,0.1,33.9,6.07,
2007-03-11,0.0,33.8,5.93,
2007-03-12,0.0,35.4,6.67,
2007-03-13,0.3,34.6,6.29,
2007-03-14,0.0,34.4,5.7,
2007-03-15,0.0,34.1,4.92,
2007-03-16,0.0,35.0,5.69,
2007-03-17,1.0,34.0,5.05,
2007-03-18,0.0,34.2,5.75,
2007-03-19,3.3,34.2,5.42,
2007-03-20,19.1,30.2,3.06,
2007-03-21,1.6,31.3,3.81,
2007-03-22,0.6,31.1,3.92,
2007-03-23,3.3,30.1,3.02,
2007-03-24,9.3,30.4,3.09,
2007-03-25,3.1,30.2,3.47,
2007-03-26,6.8,31.5,3.85,
2007-03-27,3.5,31.4,4.31,
2007-03-28,0.6,31.9,4.19,
2007-03-29,0.0,32.6,5.39,
2007-03-30,0.0,33.1,5.98,
2007-03-31,0.1,32.7,5.02,
2007-04-01,0.0,33.3,5.37,
2007-04-02,0.0,34.5,5.87,
2007-04-03,0.0,34.0,5.83,
2007-04-04,0.0,33.9,6.11,
2007-04-05,0.0,34.0,6.25,
2007-04-06,0.2,34.5,6.61,
2007-04-07,0.0,34.6,6.29,
2007-04-08,0.7,34.2,5.47,
2007-04-09,1.2,33.5,4.92,
2007-04-10,0.8,34.6,5.28,
2007-04-11,0.6,32.9,5.05,
2007-04-12,0.0,33.8,5.48,
2007-04-13,0.0,34.0,6.01,
2007-04-14,0.0,34.4,5.59,
2007-04-15,0.2,34.0,5.06,
2007-04-16,0.9,34.0,4.85,
2007-04-17,0.7,35.8,5.61,
2007-04-18,11.6,32.7,4.71,
2007-04-19,4.5,34.1,4.66,
2007-04-20,0.0,34.3,5.56,
2007-04-21,3.7,33.5,4.72,
2007-04-22,0.2,34.4,5.22,
2007-04-23,2.4,34.8,5.43,
2007-04-24,0.1,34.6,5.47,
2007-04-25,1.5,34.7,5.23,
2007-04-26,5.5,33.4,4.59,
2007-04-27,0.2,34.6,5.14,
2007-04-28,20.0,27.1,1.25,
2007-04-29,21.2,30.2,2.91,
2007-04-30,12.5,30.0,3.38,
2007-05-01,10.9,29.7,3.11,
2007-05-02,2.0,30.9,4.04,
2007-05-03,5.6,32.2,4.58,
2007-05-04,4.4,32.0,4.19,
2007-05-05,1.7,31.9,4.55,
2007-05-06,3.4,31.2,3.95,
2007-05-07,5.2,29.0,2.93,
2007-05-08,2.0,30.1,3.63,
2007-05-09,12.5,30.3,3.22,
2007-05-10,12.7,28.5,2.28,
2007-05-11,12.2,30.6,3.17,
2007-05-12,14.5,29.8,2.56,
2007-05-13,11.9,28.9,2.19,
2007-05-14,20.2,30.2,2.44,
2007-05-15,16.0,28.8,2.56,
2007-05-16,9.8,31.1,4.12,
2007-05-17,6.3,29.4,3.04,
2007-05-18,9.0,31.1,3.9,
2007-05-19,6.8,31.4,4.44,
2007-05-20,1.7,31.8,4.41,
2007-05-21,5.2,30.9,3.87,
2007-05-22,1.3,31.6,4.54,
2007-05-23,0.0,32.1,4.91,
2007-05-24,5.4,31.4,4.46,
2007-05-25,3.2,30.3,3.68,
2007-05-26,4.2,31.0,3.82,
2007-05-27,10.0,29.7,3.11,
2007-05-28,7.1,30.6,3.57,
2007-05-29,6.6,29.7,2.7,
2007-05-30,3.2,31.2,4.0,
2007-05-31,3.1,30.7,3.66,
2007-06-01,7.1,31.3,4.17,
2007-06-02,1.6,31.5,4.43,
2007-06-03,9.9,30.6,3.47,
2007-06-04,3.6,31.0,4.07,
2007-06-05,3.4,31.1,4.09,
2007-06-06,5.3,32.0,4.61,
2007-06-07,7.7,30.4,3.49,
2007-06-08,4.3,32.0,4.6,
2007-06-09,11.2,30.9,4.34,
2007-06-10,11.8,31.0,3.96,
2007-06-11,7.0,30.4,4.02,
2007-06-12,0.3,31.4,4.49,
2007-06-13,1.3,31.7,4.48,
2007-06-14,8.0,31.6,4.13,
2007-06-15,9.9,30.6,3.97,
2007-06-16,22.7,31.1,3.59,
2007-06-17,15.5,30.7,3.56,
2007-06-18,18.4,29.7,3.1,
2007-06-19,9.4,30.1,2.92,
2007-06-20,12.0,31.2,4.08,
2007-06-21,9.9,30.3,3.26,
2007-06-22,20.1,27.4,1.4,
2007-06-23,27.4,28.4,2.15,
2007-06-24,5.7,29.7,2.96,
2007-06-25,15.0,29.1,2.49,
2007-06-26,10.0,29.9,2.59,
2007-06-27,9.0,29.5,3.41,
2007-06-28,0.0,30.2,2.98,
2007-06-29,0.6,29.3,2.96,
2007-06-30,5.3,29.8,2.33,
2007-07-01,7.4,29.1,2.78,
2007-07-02,6.4,27.7,1.95,
2007-07-03,2.8,30.2,2.76,
2007-07-04,2.4,29.3,2.78,
2007-07-05,1.3,28.5,2.25,
2007-07-06,19.1,29.0,2.65,
2007-07-07,12.1,28.3,2.43,
2007-07-08,4.0,28.5,3.08,
2007-07-09,9.6,28.8,3.39,
2007-07-10,15.5,28.9,2.91,
2007-07-11,8.2,28.5,2.96,
2007-07-12,13.1,29.4,2.44,
2007-07-13,15.5,29.4,3.45,
2007-07-14,2.0,30.1,2.73,
2007-07-15,18.3,29.3,2.44,
2007-07-16,10.9,28.4,2.64,
2007-07-17,4.5,30.5,3.64,
2007-07-18,13.7,29.9,3.78,
2007-07-19,13.2,30.7,3.91,
2007-07-20,0.4,31.9,5.01,
2007-07-21,1.6,31.8,4.5,
2007-07-22,1.8,32.1,4.09,
2007-07-23,1.5,30.9,3.55,
2007-07-24,4.1,31.2,3.8,
2007-07-25,2.2,31.4,4.39,
2007-07-26,2.9,31.6,4.65,
2007-07-27,11.8,30.6,3.48,
2007-07-28,3.0,30.2,3.18,
2007-07-29,8.6,29.8,3.02,
2007-07-30,17.7,29.1,2.79,
2007-07-31,6.6,28.3,2.69,
2007-08-01,3.5,29.8,3.24,
2007-08-02,4.1,27.3,1.92,
2007-08-03,0.8,28.6,2.59,
2007-08-04,5.1,28.7,2.43,
2007-08-05,1.6,27.3,2.21,
2007-08-06,0.5,30.2,3.96,
2007-08-07,7.3,30.0,3.95,
2007-08-08,6.7,28.8,3.85,
2007-08-09,5.8,27.5,2.01,
2007-08-10,3.0,29.6,3.29,
2007-08-11,4.6,29.8,3.76,
2007-08-12,3.4,30.9,3.98,
2007-08-13,6.4,30.9,3.93,
2007-08-14,4.1,30.7,4.2,
2007-08-15,6.8,30.5,3.96,
2007-08-16,8.8,29.8,3.25,
2007-08-17,13.3,28.3,2.49,
2007-08-18,3.4,31.1,4.07,
2007-08-19,5.5,30.1,3.79,
2007-08-20,3.7,29.7,3.41,
2007-08-21,10.6,29.2,3.35,
2007-08-22,6.8,30.4,3.21,
2007-08-23,3.1,31.0,4.31,
2007-08-24,3.9,30.9,4.15,
2007-08-25,13.5,30.4,3.82,
2007-08-26,11.2,31.0,3.81,
2007-08-27,20.9,29.3,2.74,
2007-08-28,20.3,28.3,2.51,
2007-08-29,25.4,29.3,3.15,
2007-08-30,5.2,30.0,3.13,
2007-08-31,7.6,30.6,3.55,
2007-09-01,10.1,31.0,4.35,
2007-09-02,5.8,31.2,3.84,
2007-09-03,9.5,29.8,2.92,
2007-09-04,1.0,30.8,3.85,
2007-09-05,0.3,32.1,4.91,
2007-09-06,0.2,31.6,4.74,
2007-09-07,0.7,32.9,4.76,
2007-09-08,3.7,32.7,5.06,
2007-09-09,1.4,32.6,4.88,
2007-09-10,2.0,31.9,4.65,
2007-09-11,1.8,32.0,4.39,
2007-09-12,12.3,30.4,3.87,
2007-09-13,4.2,31.4,3.92,
2007-09-14,10.5,31.4,3.67,
2007-09-15,10.0,30.2,2.82,
2007-09-16,9.9,28.9,2.88,
2007-09-17,11.8,27.9,2.89,
2007-09-18,20.6,28.9,2.38,
2007-09-19,13.0,28.3,2.58,
2007-09-20,17.6,28.0,2.06,
2007-09-21,35.1,27.0,1.52,
2007-09-22,10.0,30.2,3.5,
2007-09-23,4.7,31.4,4.58,
2007-09-24,6.7,30.8,4.08,
2007-09-25,11.7,30.4,3.57,
2007-09-26,10.4,30.1,3.02,
2007-09-27,7.7,30.3,3.57,
2007-09-28,12.5,29.5,2.49,
2007-09-29,1.6,28.9,2.6,
2007-09-30,6.8,28.3,2.2,
2007-10-01,13.2,28.5,2.43,
2007-10-02,8.0,28.8,2.76,
2007-10-03,5.3,27.9,2.94,
2007-10-04,9.2,28.3,2.72,
2007-10-05,7.2,29.6,3.62,
2007-10-06,9.9,30.5,3.28,
2007-10-07,4.2,30.1,3.48,
2007-10-08,8.4,31.3,4.22,
2007-10-09,7.7,31.7,4.09,
2007-10-10,15.9,30.1,2.99,
2007-10-11,28.7,30.1,2.68,
2007-10-12,4.4,31.0,3.28,
2007-10-13,12.6,30.3,2.74,
2007-10-14,11.8,29.7,2.88,
2007-10-15,5.9,30.1,3.06,
2007-10-16,27.6,30.9,3.48,
2007-10-17,27.0,30.4,3.39,
2007-10-18,11.8,31.4,3.31,
2007-10-19,8.8,30.9,3.37,
2007-10-20,3.0,31.0,4.54,
2007-10-21,5.4,31.0,3.57,
2007-10-22,23.4,30.2,2.89,
2007-10-23,19.5,29.4,2.51,
2007-10-24,2.8,30.9,4.13,
2007-10-25,6.2,28.7,2.33,
2007-10-26,7.5,29.5,2.04,
2007-10-27,6.7,29.3,2.51,
2007-10-28,10.9,30.4,3.02,
2007-10-29,1.7,30.2,3.45,
2007-10-30,0.0,28.6,2.71,
2007-10-31,0.0,30.3,4.21,
2007-11-01,0.1,30.4,3.53,
2007-11-02,40.5,30.4,2.72,
2007-11-03,10.8,29.6,3.34,
2007-11-04,1.6,27.1,2.63,
2007-11-05,18.1,27.4,1.72,
2007-11-06,0.4,27.5,2.55,
2007-11-07,0.0,30.6,4.62,
2007-11-08,0.0,30.6,4.42,
2007-11-09,0.0,30.6,4.62,
2007-11-10,0.0,29.7,3.61,
2007-11-11,15.7,27.7,2.12,
2007-11-12,12.9,29.6,2.53,
2007-11-13,0.0,30.4,4.24,
2007-11-14,5.5,30.8,3.17,
2007-11-15,11.5,30.5,3.05,
2007-11-16,0.0,30.2,4.04,
2007-11-17,0.1,29.6,3.83,
2007-11-18,2.6,29.8,3.34,
2007-11-19,14.0,29.1,2.14,
2007-11-20,0.2,30.1,4.37,
2007-11-21,0.0,29.6,4.33,
2007-11-22,0.0,27.9,3.43,
2007-11-23,0.0,27.7,3.59,
2007-11-24,0.0,29.4,4.79,
2007-11-25,0.0,29.7,4.44,
2007-11-26,0.0,30.1,4.4,
2007-11-27,0.1,29.1,4.18,
2007-11-28,0.0,28.3,4.57,
2007-11-29,0.0,28.5,3.8,
2007-11-30,0.0,27.8,4.12,
2007-12-01,0.0,28.4,3.96,
2007-12-02,0.0,29.4,4.19,
2007-12-03,0.0,29.9,4.65,
2007-12-04,0.0,30.0,4.35,
2007-12-05,0.2,31.4,4.45,
2007-12-06,1.5,31.4,4.26,
2007-12-07,0.4,30.5,3.8,
2007-12-08,0.2,30.5,3.74,
2007-12-09,0.0,31.3,3.77,
2007-12-10,0.0,31.5,4.25,
2007-12-11,0.0,30.8,3.05,
2007-12-12,0.0,31.4,3.76,
2007-12-13,0.3,30.9,3.89,
2007-12-14,1.5,31.3,3.52,
2007-12-15,0.0,31.7,4.44,
2007-12-16,1.2,31.8,3.41,
2007-12-17,4.7,31.7,3.82,
2007-12-18,2.0,31.3,3.64,
2007-12-19,0.0,31.9,4.37,
2007-12-20,0.5,30.6,3.39,
2007-12-21,0.0,31.1,4.03,
2007-12-22,1.0,30.4,3.74,
2007-12-23,0.3,30.6,3.75,
2007-12-24,0.0,31.2,3.93,
2007-12-25,0.0,31.5,3.97,
2007-12-26,0.0,32.0,4.35,
2007-12-27,0.2,30.6,3.28,
2007-12-28,1.0,30.1,2.93,
2007-12-29,0.4,30.3,2.76,
2007-12-30,0.5,28.3,2.52,
2007-12-31,0.4,30.9,3.75,
2008-01-01,0.5,29.3,3.65,
2008-01-02,0.3,28.0,3.97,
2008-01-03,0.6,26.5,2.94,
2008-01-04,0.0,27.0,2.18,
2008-01-05,0.5,28.4,2.54,
2008-01-06,0.0,30.3,3.53,
2008-01-07,0.0,30.2,3.98,
2008-01-08,0.0,31.5,4.43,
2008-01-09,0.0,30.2,3.79,
2008-01-10,0.0,30.6,4.01,
2008-01-11,0.0,31.0,3.42,
2008-01-12,0.1,31.2,3.62,
2008-01-13,0.0,31.2,3.95,
2008-01-14,0.9,30.6,3.71,
2008-01-15,0.3,32.7,5.03,
2008-01-16,2.3,31.0,4.19,
2008-01-17,1.3,30.2,3.54,
2008-01-18,0.0,31.8,4.97,
2008-01-19,0.0,31.6,4.45,
2008-01-20,0.0,31.5,4.38,
2008-01-21,0.0,31.7,4.45,
2008-01-22,0.0,31.6,4.07,
2008-01-23,0.0,31.2,4.11,
2008-01-24,2.7,27.3,2.72,
2008-01-25,5.5,30.1,3.31,
2008-01-26,0.0,31.8,4.65,
2008-01-27,0.0,31.8,4.68,
2008-01-28,0.0,32.6,5.4,
2008-01-29,0.0,32.3,4.8,
2008-01-30,0.0,31.8,5.18,
2008-01-31,0.0,32.3,5.15,
2008-02-01,0.0,32.7,5.19,
2008-02-02,0.0,32.2,5.02,
2008-02-03,0.0,31.1,4.56,
2008-02-04,0.1,30.5,4.18,
2008-02-05,0.0,32.4,4.86,
2008-02-06,0.0,32.4,4.99,
2008-02-07,0.0,32.2,4.94,
2008-02-08,0.0,32.3,4.99,
2008-02-09,0.0,32.1,5.07,
2008-02-10,0.0,31.2,4.67,
2008-02-11,0.0,31.7,4.63,
2008-02-12,0.0,30.8,4.13,
2008-02-13,0.1,31.6,4.68,
2008-02-14,0.0,32.2,5.12,
2008-02-15,0.0,32.5,5.52,
2008-02-16,0.0,31.4,4.69,
2008-02-17,0.0,31.7,4.99,
2008-02-18,0.0,33.3,5.5,
2008-02-19,0.0,31.8,5.33,
2008-02-20,0.0,31.5,5.47,
2008-02-21,0.0,31.1,4.5,
2008-02-22,0.0,32.8,4.67,
2008-02-23,1.9,28.1,2.49,
2008-02-24,1.1,30.8,3.58,
2008-02-25,2.5,31.5,4.63,
2008-02-26,5.5,31.6,4.31,
2008-02-27,2.6,32.2,4.37,
2008-02-28,0.5,31.7,4.12,
2008-02-29,0.0,31.6,3.92,
2008-03-01,0.0,31.4,4.53,
2008-03-02,0.0,32.4,4.82,
2008-03-03,0.0,32.9,5.27,
2008-03-04,0.0,32.2,5.12,
2008-03-05,0.2,31.8,4.26,
2008-03-06,1.0,32.1,4.91,
2008-03-07,2.0,31.7,4.26,
2008-03-08,19.5,30.4,3.58,
2008-03-09,0.2,31.0,4.58,
2008-03-10,7.4,31.8,5.01,
2008-03-11,1.5,32.1,4.76,
2008-03-12,0.1,31.8,4.97,
2008-03-13,0.0,32.7,5.83,
2008-03-14,0.0,32.2,5.27,
2008-03-15,0.0,32.4,5.35,
2008-03-16,0.0,33.0,5.83,
2008-03-17,0.0,33.4,5.83,
2008-03-18,0.0,32.6,4.95,
2008-03-19,4.6,32.5,4.13,
2008-03-20,3.7,32.3,4.66,
2008-03-21,1.5,32.4,4.46,
2008-03-22,0.0,32.6,5.02,
2008-03-23,0.3,32.3,4.63,
2008-03-24,0.0,33.7,6.07,
2008-03-25,0.0,34.0,5.97,
2008-03-26,6.4,33.4,5.06,
2008-03-27,1.3,32.5,4.89,
2008-03-28,0.0,34.0,5.44,
2008-03-29,0.0,34.2,5.66,
2008-03-30,0.0,34.8,6.0,
2008-03-31,0.0,35.0,5.58,
2008-04-01,0.5,35.4,5.5,
2008-04-02,1.5,33.5,4.79,
2008-04-03,2.5,35.0,5.64,
2008-04-04,2.7,33.9,5.03,
2008-04-05,16.8,30.7,2.9,
2008-04-06,3.9,31.0,3.92,
2008-04-07,0.2,32.4,5.02,
2008-04-08,0.0,33.3,5.44,
2008-04-09,0.0,33.4,5.42,
2008-04-10,0.2,33.7,5.39,
2008-04-11,0.0,33.8,5.64,
2008-04-12,0.1,34.1,5.9,
2008-04-13,0.5,33.2,5.34,
2008-04-14,0.2,34.3,5.05,
2008-04-15,2.9,33.4,4.84,
2008-04-16,8.5,32.4,3.91,
2008-04-17,3.6,32.3,4.32,
2008-04-18,5.3,32.8,4.17,
2008-04-19,0.0,33.3,5.33,
2008-04-20,0.0,32.6,5.08,
2008-04-21,0.0,33.1,5.33,
2008-04-22,0.0,34.1,6.08,
2008-04-23,0.0,33.8,5.59,
2008-04-24,0.0,34.6,6.37,
2008-04-25,2.2,35.0,5.69,
2008-04-26,12.0,30.2,2.41,
2008-04-27,8.0,32.1,4.13,
2008-04-28,10.6,30.4,3.45,
2008-04-29,17.6,30.0,2.33,
2008-04-30,12.3,30.3,3.33,
2008-05-01,10.2,31.6,4.21,
2008-05-02,9.4,30.3,2.77,
2008-05-03,10.4,31.1,3.73,
2008-05-04,15.6,30.7,3.38,
2008-05-05,15.5,28.7,2.82,
2008-05-06,8.6,29.9,3.22,
2008-05-07,3.3,29.8,3.03,
2008-05-08,8.2,29.8,3.3,
2008-05-09,1.2,30.9,4.16,
2008-05-10,12.2,29.2,3.67,
2008-05-11,19.2,28.4,2.91,
2008-05-12,42.2,26.5,1.44,
2008-05-13,29.4,26.9,1.73,
2008-05-14,16.3,28.2,2.1,
2008-05-15,8.4,30.1,3.76,
2008-05-16,14.3,28.8,2.61,
2008-05-17,15.1,28.1,2.25,
2008-05-18,8.3,28.2,2.78,
2008-05-19,7.9,28.8,3.41,
2008-05-20,5.2,29.5,3.56,
2008-05-21,7.4,29.6,3.25,
2008-05-22,10.1,29.7,3.74,
2008-05-23,5.1,30.3,3.86,
2008-05-24,6.1,30.9,4.22,
2008-05-25,9.5,29.8,4.0,
2008-05-26,3.4,31.0,4.04,
2008-05-27,2.2,30.8,4.42,
2008-05-28,2.3,29.7,4.05,
2008-05-29,10.2,30.1,3.67,
2008-05-30,5.9,30.6,4.27,
2008-05-31,2.7,30.7,4.23,
2008-06-01,3.3,31.6,4.76,
2008-06-02,7.0,29.5,3.33,
2008-06-03,2.7,31.1,4.67,
2008-06-04,4.8,31.4,4.53,
2008-06-05,0.9,31.3,4.63,
2008-06-06,1.0,31.1,4.67,
2008-06-07,4.6,31.7,4.64,
2008-06-08,15.6,30.5,3.82,
2008-06-09,12.2,28.4,2.12,
2008-06-10,15.7,29.1,2.94,
2008-06-11,12.3,29.3,2.5,
2008-06-12,7.9,28.4,2.46,
2008-06-13,6.9,27.9,2.05,
2008-06-14,8.4,28.9,2.97,
2008-06-15,3.0,30.4,3.67,
2008-06-16,4.2,30.1,4.07,
2008-06-17,5.7,30.3,3.89,
2008-06-18,1.3,29.0,2.54,
2008-06-19,3.3,29.9,4.06,
2008-06-20,0.8,30.7,4.43,
2008-06-21,5.6,30.0,4.18,
2008-06-22,10.2,30.5,3.97,
2008-06-23,0.6,31.1,4.49,
2008-06-24,8.5,29.1,3.02,
2008-06-25,10.4,29.0,2.75,
2008-06-26,16.4,28.3,3.03,
2008-06-27,0.5,30.5,4.23,
2008-06-28,6.4,29.2,3.28,
2008-06-29,3.7,30.8,4.01,
2008-06-30,4.5,30.7,4.38,
2008-07-01,18.6,29.6,2.9,
2008-07-02,0.2,30.2,3.37,
2008-07-03,10.4,30.3,4.15,
2008-07-04,14.5,29.1,3.23,
2008-07-05,13.9,28.9,2.92,
2008-07-06,6.3,30.0,3.53,
2008-07-07,19.5,29.3,3.32,
2008-07-08,21.0,28.6,2.11,
2008-07-09,9.5,29.1,3.28,
2008-07-10,6.3,30.1,4.41,
2008-07-11,9.4,30.1,4.08,
2008-07-12,0.0,30.9,4.82,
2008-07-13,7.0,30.0,3.37,
2008-07-14,5.6,31.3,4.45,
2008-07-15,0.7,31.1,4.74,
2008-07-16,7.6,30.5,4.14,
2008-07-17,2.2,28.8,3.27,
2008-07-18,2.0,31.0,4.31,
2008-07-19,9.5,30.7,3.88,
2008-07-20,6.9,30.6,3.92,
2008-07-21,5.3,31.7,4.61,
2008-07-22,5.9,31.7,4.73,
2008-07-23,10.0,30.7,3.85,
2008-07-24,11.4,30.7,4.23,
2008-07-25,10.8,30.8,3.77,
2008-07-26,21.8,29.6,3.0,
2008-07-27,13.4,28.1,2.61,
2008-07-28,0.3,28.3,2.24,
2008-07-29,0.0,30.4,4.3,
2008-07-30,0.1,29.9,3.71,
2008-07-31,1.4,30.4,3.39,
2008-08-01,13.9,29.7,3.19,
2008-08-02,11.7,29.1,3.22,
2008-08-03,18.5,29.2,3.16,
2008-08-04,7.4,28.2,2.49,
2008-08-05,12.9,28.8,2.74,
2008-08-06,4.0,28.8,2.98,
2008-08-07,13.4,27.6,2.03,
2008-08-08,2.1,29.7,3.06,
2008-08-09,0.9,30.6,4.27,
2008-08-10,6.8,31.1,4.25,
2008-08-11,9.2,29.5,3.37,
2008-08-12,15.0,28.2,2.74,
2008-08-13,2.8,31.7,4.35,
2008-08-14,1.7,30.6,3.89,
2008-08-15,4.9,31.2,3.68,
2008-08-16,0.1,31.0,4.55,
2008-08-17,4.7,29.6,3.78,
2008-08-18,23.8,28.8,2.31,
2008-08-19,5.7,29.8,3.04,
2008-08-20,3.5,29.8,3.59,
2008-08-21,7.0,29.1,3.41,
2008-08-22,6.2,31.0,4.16,
2008-08-23,5.0,31.2,4.1,
2008-08-24,0.6,31.0,3.98,
2008-08-25,1.7,31.8,4.71,
2008-08-26,8.4,32.1,4.66,
2008-08-27,5.7,31.2,3.61,
2008-08-28,4.3,31.7,3.99,
2008-08-29,4.8,32.1,4.93,
2008-08-30,1.0,31.8,4.61,
2008-08-31,2.4,31.7,4.65,
2008-09-01,6.6,30.7,3.65,
2008-09-02,5.8,31.5,4.57,
2008-09-03,6.7,32.0,4.4,
2008-09-04,4.1,31.9,4.45,
2008-09-05,17.9,30.2,3.36,
2008-09-06,16.4,31.3,3.07,
2008-09-07,4.2,30.1,3.23,
2008-09-08,40.6,29.9,2.72,
2008-09-09,37.9,28.4,1.78,
2008-09-10,29.9,26.8,1.09,
2008-09-11,9.0,27.2,2.57,
2008-09-12,4.5,30.0,4.02,
2008-09-13,2.6,29.9,3.26,
2008-09-14,10.9,30.7,3.33,
2008-09-15,26.3,29.7,2.81,
2008-09-16,17.1,27.6,1.84,
2008-09-17,3.8,28.9,3.43,
2008-09-18,3.5,29.4,3.37,
2008-09-19,8.3,29.3,3.28,
2008-09-20,9.8,30.9,3.71,
2008-09-21,1.5,30.8,4.23,
2008-09-22,1.3,31.1,4.6,
2008-09-23,2.2,30.8,4.39,
2008-09-24,1.7,30.1,3.72,
2008-09-25,3.8,28.8,2.45,
2008-09-26,0.7,31.1,4.81,
2008-09-27,12.2,29.6,3.22,
2008-09-28,10.6,30.3,2.93,
2008-09-29,12.5,26.9,1.78,
2008-09-30,8.9,30.4,2.76,
2008-10-01,8.8,30.0,4.08,
2008-10-02,1.0,31.2,4.28,
2008-10-03,4.4,31.5,4.1,
2008-10-04,0.0,32.2,4.91,
2008-10-05,2.6,31.8,4.44,
2008-10-06,8.9,31.2,3.94,
2008-10-07,6.7,31.5,3.62,
2008-10-08,3.9,30.7,3.6,
2008-10-09,5.7,31.3,4.13,
2008-10-10,6.1,31.2,3.72,
2008-10-11,2.8,31.6,4.01,
2008-10-12,7.5,30.2,2.59,
2008-10-13,10.8,31.8,3.68,
2008-10-14,7.5,31.4,4.0,
2008-10-15,1.5,31.4,3.76,
2008-10-16,11.5,31.7,3.29,
2008-10-17,19.9,28.6,2.07,
2008-10-18,4.9,31.0,3.64,
2008-10-19,0.3,31.6,3.94,
2008-10-20,2.4,31.1,3.81,
2008-10-21,13.4,30.3,3.06,
2008-10-22,12.0,29.9,2.72,
2008-10-23,14.3,30.0,2.34,
2008-10-24,20.3,29.2,2.15,
2008-10-25,4.9,30.4,2.9,
2008-10-26,10.1,29.0,2.34,
2008-10-27,15.0,30.6,2.96,
2008-10-28,12.2,30.1,2.55,
2008-10-29,5.4,28.9,2.14,
2008-10-30,5.4,29.4,2.34,
2008-10-31,8.7,28.6,1.93,
2008-11-01,5.6,29.8,2.72,
2008-11-02,12.6,30.6,3.02,
2008-11-03,6.6,30.6,3.18,
2008-11-04,21.3,29.0,2.2,
2008-11-05,5.0,30.4,2.88,
2008-11-06,9.1,29.1,2.67,
2008-11-07,9.8,27.9,1.63,
2008-11-08,7.2,30.2,3.16,
2008-11-09,13.1,30.9,3.29,
2008-11-10,5.9,30.4,3.14,
2008-11-11,0.0,29.8,4.03,
2008-11-12,0.0,29.6,4.57,
2008-11-13,0.0,29.4,4.9,
2008-11-14,0.2,27.6,4.1,
2008-11-15,7.4,27.1,1.65,
2008-11-16,1.0,29.7,3.02,
2008-11-17,1.2,30.8,3.16,
2008-11-18,0.8,30.4,3.34,
2008-11-19,4.4,31.3,3.95,
2008-11-20,2.1,30.5,3.78,
2008-11-21,2.3,29.7,3.46,
2008-11-22,6.6,29.9,2.8,
2008-11-23,5.6,30.8,3.36,
2008-11-24,12.9,29.6,2.57,
2008-11-25,5.3,30.6,3.38,
2008-11-26,9.2,31.3,3.62,
2008-11-27,4.8,29.9,4.75,
2008-11-28,3.3,25.1,2.95,
2008-11-29,6.2,26.0,2.2,
2008-11-30,0.1,27.2,3.67,
2008-12-01,0.0,27.6,3.96,
2008-12-02,0.0,28.8,4.21,
2008-12-03,0.0,29.4,4.54,
2008-12-04,0.0,30.3,4.34,
2008-12-05,0.0,28.8,3.11,
2008-12-06,1.0,29.5,3.63,
2008-12-07,0.2,29.8,3.99,
2008-12-08,0.0,29.9,4.88,
2008-12-09,0.0,28.2,3.73,
2008-12-10,0.0,29.0,4.41,
2008-12-11,0.0,29.3,3.86,
2008-12-12,0.0,30.8,4.24,
2008-12-13,0.0,31.0,4.13,
2008-12-14,0.4,31.0,3.71,
2008-12-15,0.0,29.7,3.43,
2008-12-16,0.0,29.3,3.7,
2008-12-17,0.0,29.3,4.15,
2008-12-18,0.0,29.5,4.1,
2008-12-19,1.6,29.1,3.42,
2008-12-20,0.0,30.2,4.49,
2008-12-21,0.0,30.4,3.99,
2008-12-22,0.0,31.0,4.12,
2008-12-23,0.0,30.9,4.28,
2008-12-24,7.2,30.7,4.0,
2008-12-25,1.6,30.4,3.84,
2008-12-26,12.9,29.0,2.4,
2008-12-27,4.4,27.9,2.03,
2008-12-28,7.3,29.0,2.77,
2008-12-29,7.3,29.1,2.65,
2008-12-30,22.7,28.2,2.0,
2008-12-31,25.2,27.6,1.9,
2009-01-01,5.0,27.5,2.62,
2009-01-02,0.5,28.4,3.59,
2009-01-03,1.2,26.6,1.95,
2009-01-04,0.0,28.2,3.92,
2009-01-05,0.0,29.1,3.96,
2009-01-06,0.0,29.1,3.62,
2009-01-07,0.0,29.4,3.94,
2009-01-08,0.0,28.5,3.81,
2009-01-09,0.0,27.1,4.39,
2009-01-10,0.0,25.9,4.52,
2009-01-11,0.0,25.6,4.37,
2009-01-12,0.0,26.1,3.82,
2009-01-13,0.0,27.0,3.62,
2009-01-14,0.0,26.7,4.49,
2009-01-15,0.0,27.1,4.42,
2009-01-16,0.0,27.2,4.08,
2009-01-17,0.0,27.9,4.05,
2009-01-18,0.0,28.6,3.82,
2009-01-19,0.0,28.9,4.15,
2009-01-20,0.0,29.0,3.98,
2009-01-21,0.0,29.4,4.13,
2009-01-22,0.0,30.0,3.91,
2009-01-23,0.2,30.7,4.18,
2009-01-24,4.5,30.5,3.73,
2009-01-25,0.5,29.3,2.99,
2009-01-26,0.0,29.6,3.41,
2009-01-27,0.0,29.8,4.13,
2009-01-28,0.0,29.9,4.03,
2009-01-29,0.0,30.2,4.11,
2009-01-30,0.0,29.8,3.83,
2009-01-31,0.0,29.6,4.2,
2009-02-01,0.0,29.9,4.13,
2009-02-02,0.0,30.4,4.54,
2009-02-03,0.0,30.2,4.22,
2009-02-04,0.2,29.5,4.05,
2009-02-05,0.6,29.3,3.56,
2009-02-06,0.2,30.4,4.48,
2009-02-07,0.0,29.9,4.31,
2009-02-08,0.0,30.7,4.45,
2009-02-09,0.0,31.4,4.91,
2009-02-10,0.2,31.1,4.1,
2009-02-11,31.6,26.2,1.32,
2009-02-12,5.7,28.2,2.46,
2009-02-13,0.9,29.2,3.89,
2009-02-14,0.9,30.3,3.95,
2009-02-15,0.3,30.4,4.29,
2009-02-16,0.9,30.8,4.39,
2009-02-17,0.8,30.4,4.3,
2009-02-18,0.2,30.7,4.42,
2009-02-19,0.0,32.3,5.38,
2009-02-20,2.9,32.1,4.68,
2009-02-21,0.0,32.4,5.23,
2009-02-22,0.0,31.6,4.46,
2009-02-23,0.0,31.9,4.77,
2009-02-24,0.1,31.8,4.51,
2009-02-25,0.0,31.4,4.37,
2009-02-26,0.0,32.2,4.97,
2009-02-27,3.1,32.0,4.33,
2009-02-28,3.3,31.8,3.61,
2009-03-01,0.0,31.4,4.73,
2009-03-02,0.0,32.7,6.01,
2009-03-03,0.3,32.6,5.16,
2009-03-04,3.1,32.9,4.67,
2009-03-05,2.3,31.6,3.99,
2009-03-06,0.7,32.4,4.52,
2009-03-07,2.8,31.9,3.92,
2009-03-08,6.3,31.9,4.29,
2009-03-09,4.4,32.3,4.32,
2009-03-10,0.0,32.7,5.4,
2009-03-11,0.1,32.2,4.96,
2009-03-12,0.0,32.3,4.96,
2009-03-13,0.0,32.3,4.61,
2009-03-14,0.2,32.9,4.84,
2009-03-15,0.2,33.2,5.59,
2009-03-16,0.3,32.7,4.29,
2009-03-17,3.4,31.5,3.66,
2009-03-18,3.8,32.7,4.37,
2009-03-19,0.4,32.8,4.68,
2009-03-20,0.3,32.6,4.87,
2009-03-21,0.7,32.6,4.76,
2009-03-22,1.7,33.5,5.2,
2009-03-23,0.2,34.6,5.72,
2009-03-24,1.0,34.6,5.63,
2009-03-25,0.9,34.3,5.39,
2009-03-26,0.1,33.3,5.32,
2009-03-27,0.0,34.2,5.71,
2009-03-28,0.3,34.6,5.41,
2009-03-29,1.5,34.4,5.04,
2009-03-30,0.3,34.7,5.79,
2009-03-31,0.2,34.4,5.0,
2009-04-01,7.3,31.5,4.1,
2009-04-02,7.8,31.3,3.55,
2009-04-03,0.0,32.9,5.2,
2009-04-04,0.4,35.0,6.04,
2009-04-05,1.4,33.4,4.7,
2009-04-06,16.0,30.5,3.26,
2009-04-07,8.9,29.3,2.92,
2009-04-08,7.9,30.1,2.73,
2009-04-09,0.3,32.6,5.63,
2009-04-10,0.2,32.6,5.06,
2009-04-11,8.5,33.3,4.34,
2009-04-12,0.4,32.0,4.48,
2009-04-13,1.4,32.7,4.4,
2009-04-14,0.3,33.4,5.18,
2009-04-15,1.3,33.9,5.05,
2009-04-16,0.0,34.0,5.58,
2009-04-17,0.0,34.6,5.94,
2009-04-18,1.4,34.7,5.86,
2009-04-19,2.4,34.0,5.51,
2009-04-20,4.0,34.7,5.68,
2009-04-21,4.6,31.6,4.14,
2009-04-22,1.0,33.7,5.23,
2009-04-23,0.5,33.7,5.46,
2009-04-24,2.7,31.8,4.48,
2009-04-25,9.8,31.0,3.77,
2009-04-26,15.6,29.9,3.09,
2009-04-27,14.7,31.5,4.07,
2009-04-28,7.8,31.7,4.21,
2009-04-29,7.6,30.2,3.35,
2009-04-30,2.9,31.8,4.09,
2009-05-01,19.6,30.5,3.25,
2009-05-02,16.3,30.7,2.96,
2009-05-03,9.4,30.5,3.0,
2009-05-04,4.7,30.2,2.91,
2009-05-05,7.2,28.2,2.42,
2009-05-06,8.2,31.4,3.83,
2009-05-07,3.7,30.7,3.68,
2009-05-08,13.3,29.7,3.37,
2009-05-09,8.7,29.4,3.27,
2009-05-10,18.3,30.3,3.09,
2009-05-11,16.4,29.5,2.83,
2009-05-12,5.1,31.0,3.89,
2009-05-13,7.7,31.0,3.71,
2009-05-14,11.1,30.8,3.53,
2009-05-15,3.4,31.6,4.24,
2009-05-16,8.9,29.7,2.52,
2009-05-17,10.6,30.6,3.49,
2009-05-18,10.0,30.8,3.48,
2009-05-19,1.2,30.9,3.93,
2009-05-20,8.2,30.7,3.72,
2009-05-21,1.2,31.1,4.06,
2009-05-22,5.6,30.9,4.01,
2009-05-23,12.1,30.6,2.76,
2009-05-24,11.8,31.4,4.1,
2009-05-25,6.2,28.5,2.25,
2009-05-26,13.6,30.5,3.46,
2009-05-27,18.3,28.9,2.4,
2009-05-28,6.5,29.7,3.41,
2009-05-29,0.1,30.8,3.99,
2009-05-30,0.8,30.9,4.05,
2009-05-31,0.0,31.6,4.54,
2009-06-01,11.6,30.9,3.76,
2009-06-02,5.4,29.8,3.24,
2009-06-03,14.7,28.4,2.49,
2009-06-04,5.2,27.6,2.1,
2009-06-05,3.5,30.0,4.06,
2009-06-06,0.1,31.3,4.67,
2009-06-07,0.0,31.3,4.94,
2009-06-08,0.0,31.5,5.06,
2009-06-09,8.4,30.9,3.84,
2009-06-10,4.9,29.6,3.47,
2009-06-11,1.8,30.3,3.84,
2009-06-12,0.0,31.7,5.15,
2009-06-13,0.0,31.5,5.21,
2009-06-14,3.3,30.5,4.28,
2009-06-15,8.5,29.4,3.51,
2009-06-16,12.9,28.4,2.38,
2009-06-17,5.7,30.1,3.8,
2009-06-18,8.7,29.2,3.21,
2009-06-19,13.7,30.3,3.36,
2009-06-20,6.6,29.7,3.39,
2009-06-21,5.8,30.2,3.54,
2009-06-22,6.6,30.0,3.36,
2009-06-23,1.1,30.8,4.0,
2009-06-24,3.8,31.4,4.7,
2009-06-25,1.4,30.5,3.89,
2009-06-26,6.9,30.9,3.48,
2009-06-27,0.6,31.1,4.18,
2009-06-28,15.3,29.6,3.42,
2009-06-29,8.1,29.7,3.66,
2009-06-30,7.5,31.2,4.02,
2009-07-01,8.7,30.8,3.33,
2009-07-02,1.0,31.5,4.83,
2009-07-03,4.8,31.1,4.48,
2009-07-04,0.0,31.6,4.94,
2009-07-05,9.1,30.3,3.19,
2009-07-06,8.4,30.6,3.87,
2009-07-07,0.0,31.1,4.57,
2009-07-08,5.1,31.9,4.63,
2009-07-09,1.3,31.7,4.89,
2009-07-10,8.3,32.1,4.46,
2009-07-11,12.7,29.8,3.23,
2009-07-12,4.9,29.4,3.45,
2009-07-13,13.1,28.4,2.74,
2009-07-14,4.3,31.1,3.86,
2009-07-15,16.1,29.1,2.31,
2009-07-16,10.6,27.6,1.53,
2009-07-17,12.3,27.1,1.48,
2009-07-18,4.3,28.1,2.22,
2009-07-19,3.2,30.5,3.84,
2009-07-20,16.6,30.6,3.07,
2009-07-21,11.2,27.2,1.95,
2009-07-22,7.1,27.8,2.32,
2009-07-23,2.7,30.4,3.81,
2009-07-24,5.0,30.1,4.01,
2009-07-25,0.9,30.4,4.48,
2009-07-26,6.9,31.4,4.71,
2009-07-27,1.8,31.6,4.92,
2009-07-28,2.6,29.6,2.77,
2009-07-29,1.5,31.3,4.85,
2009-07-30,0.6,31.2,4.62,
2009-07-31,3.6,28.6,3.06,
2009-08-01,5.6,31.2,3.38,
2009-08-02,10.6,27.3,2.27,
2009-08-03,6.9,29.2,2.65,
2009-08-04,8.3,29.2,3.2,
2009-08-05,7.8,31.1,4.28,
2009-08-06,0.6,31.3,4.89,
2009-08-07,2.2,30.4,4.17,
2009-08-08,0.8,30.0,3.44,
2009-08-09,1.6,30.4,4.34,
2009-08-10,1.1,30.4,4.33,
2009-08-11,3.1,31.8,4.57,
2009-08-12,1.7,31.1,4.14,
2009-08-13,1.4,31.9,4.38,
2009-08-14,2.0,32.4,4.75,
2009-08-15,3.1,31.8,4.68,
2009-08-16,11.7,32.0,4.55,
2009-08-17,9.0,31.9,4.58,
2009-08-18,3.4,31.7,4.24,
2009-08-19,6.0,31.6,4.53,
2009-08-20,16.2,32.0,3.8,
2009-08-21,6.7,31.4,4.05,
2009-08-22,8.3,31.6,3.65,
2009-08-23,6.3,30.6,3.82,
2009-08-24,11.8,30.0,3.74,
2009-08-25,10.3,31.8,4.17,
2009-08-26,12.0,31.4,3.58,
2009-08-27,10.0,31.5,3.38,
2009-08-28,3.8,31.1,3.63,
2009-08-29,14.0,31.0,3.66,
2009-08-30,11.5,30.5,3.73,
2009-08-31,12.4,28.9,2.3,
2009-09-01,8.0,27.5,1.91,
2009-09-02,3.4,28.6,2.72,
2009-09-03,9.6,28.9,2.36,
2009-09-04,3.9,29.8,2.92,
2009-09-05,6.9,28.5,2.83,
2009-09-06,2.3,27.6,2.62,
2009-09-07,21.9,26.3,1.37,
2009-09-08,16.2,27.2,1.67,
2009-09-09,14.9,28.9,2.39,
2009-09-10,19.8,29.7,2.44,
2009-09-11,6.5,29.9,3.45,
2009-09-12,7.7,30.3,3.63,
2009-09-13,8.4,30.1,3.26,
2009-09-14,17.3,29.1,2.55,
2009-09-15,13.9,29.7,2.97,
2009-09-16,15.5,29.7,3.48,
2009-09-17,1.8,31.5,3.5,
2009-09-18,4.4,32.0,4.75,
2009-09-19,12.3,31.7,4.2,
2009-09-20,5.3,31.0,3.72,
2009-09-21,6.1,31.6,4.45,
2009-09-22,2.2,31.4,3.51,
2009-09-23,6.0,31.4,3.81,
2009-09-24,12.2,29.8,3.02,
2009-09-25,7.8,29.7,3.21,
2009-09-26,11.7,28.2,2.53,
2009-09-27,10.0,28.0,2.16,
2009-09-28,0.4,29.6,3.51,
2009-09-29,0.4,29.4,3.54,
2009-09-30,1.2,29.6,3.53,
2009-10-01,3.4,29.4,4.16,
2009-10-02,3.1,30.7,3.99,
2009-10-03,8.8,31.4,3.35,
2009-10-04,18.7,30.4,2.87,
2009-10-05,18.5,30.6,3.01,
2009-10-06,13.9,29.4,2.3,
2009-10-07,9.2,28.0,1.81,
2009-10-08,6.5,28.0,2.35,
2009-10-09,8.2,27.5,2.04,
2009-10-10,9.0,28.1,1.83,
2009-10-11,11.1,26.6,1.68,
2009-10-12,1.5,30.0,3.49,
2009-10-13,0.8,31.4,4.1,
2009-10-14,3.9,31.5,4.4,
2009-10-15,4.4,31.5,3.18,
2009-10-16,5.7,31.2,3.14,
2009-10-17,2.8,30.2,2.41,
2009-10-18,3.7,29.7,3.15,
2009-10-19,6.4,29.9,3.16,
2009-10-20,4.9,30.5,3.4,
2009-10-21,0.1,31.3,4.24,
2009-10-22,2.4,31.0,3.78,
2009-10-23,8.5,31.0,3.34,
2009-10-24,14.1,30.8,2.97,
2009-10-25,25.8,28.9,2.04,
2009-10-26,8.6,29.3,2.57,
2009-10-27,1.9,31.2,4.07,
2009-10-28,1.6,31.3,4.24,
2009-10-29,0.0,31.3,4.55,
2009-10-30,3.4,31.7,4.3,
2009-10-31,0.0,31.4,4.63,
2009-11-01,0.3,31.0,3.96,
2009-11-02,0.6,31.7,4.08,
2009-11-03,9.8,29.7,3.07,
2009-11-04,0.0,31.3,4.78,
2009-11-05,1.3,30.6,4.3,
2009-11-06,4.9,32.0,4.31,
2009-11-07,9.0,28.4,1.56,
2009-11-08,0.1,32.1,4.25,
2009-11-09,1.5,31.6,4.02,
2009-11-10,2.5,31.2,3.79,
2009-11-11,4.3,31.7,3.69,
2009-11-12,4.4,32.1,3.75,
2009-11-13,0.1,31.8,3.99,
2009-11-14,0.9,31.6,3.97,
2009-11-15,2.1,30.9,3.68,
2009-11-16,3.5,31.1,3.19,
2009-11-17,0.5,31.2,3.67,
2009-11-18,0.2,30.9,4.79,
2009-11-19,0.0,30.8,4.85,
2009-11-20,0.0,30.9,5.04,
2009-11-21,0.0,31.0,5.93,
2009-11-22,0.4,28.8,3.58,
2009-11-23,2.6,27.7,2.05,
2009-11-24,6.7,28.1,2.24,
2009-11-25,0.0,28.5,1.91,
2009-11-26,2.3,30.5,2.07,
2009-11-27,0.3,32.1,3.24,
2009-11-28,0.8,30.9,3.7,
2009-11-29,0.1,31.6,3.74,
2009-11-30,0.2,31.1,3.75,
2009-12-01,0.4,30.4,3.52,
2009-12-02,0.3,30.5,3.87,
2009-12-03,0.4,30.7,3.79,
2009-12-04,0.0,30.6,3.81,
2009-12-05,0.0,30.9,4.23,
2009-12-06,0.0,30.8,4.13,
2009-12-07,0.0,31.0,3.94,
2009-12-08,0.0,30.9,3.92,
2009-12-09,0.0,31.6,4.66,
2009-12-10,0.0,31.2,4.38,
2009-12-11,0.0,31.7,4.42,
2009-12-12,0.0,32.5,4.52,
2009-12-13,0.2,31.7,4.13,
2009-12-14,0.3,31.6,3.93,
2009-12-15,1.8,31.0,3.32,
2009-12-16,14.4,30.1,3.01,
2009-12-17,0.0,31.0,3.97,
2009-12-18,0.1,31.3,4.36,
2009-12-19,0.0,30.3,4.03,
2009-12-20,0.1,29.7,3.05,
2009-12-21,0.0,30.2,3.83,
2009-12-22,0.0,30.6,4.35,
2009-12-23,0.0,31.5,4.27,
2009-12-24,0.0,32.3,4.45,
2009-12-25,0.0,31.2,3.79,
2009-12-26,0.0,31.6,4.1,
2009-12-27,0.1,30.9,3.83,
2009-12-28,0.5,30.1,3.67,
2009-12-29,0.0,30.5,4.08,
2009-12-30,0.0,31.2,4.34,
2009-12-31,0.0,31.2,4.19,
2010-01-01,0.0,31.4,4.22,0.15208333333333332
2010-01-02,0.0,31.8,4.31,0.14979166666666666
2010-01-03,0.0,30.9,3.67,0.14841666666666667
2010-01-04,0.2,31.3,4.64,0.14891666666666667
2010-01-05,0.1,31.6,4.5,0.14870833333333333
2010-01-06,0.0,31.9,4.57,0.14754166666666665
2010-01-07,0.0,32.2,5.22,0.14604166666666665
2010-01-08,0.0,31.2,4.3,0.14462499999999998
2010-01-09,0.1,30.3,3.66,0.14683333333333334
2010-01-10,0.9,30.1,3.56,0.1505
2010-01-11,0.6,30.4,3.87,0.15395833333333334
2010-01-12,0.0,31.0,4.29,0.15291666666666667
2010-01-13,0.0,30.6,4.05,0.15116666666666667
2010-01-14,0.0,29.9,4.15,0.14958333333333332
2010-01-15,0.0,29.8,3.84,0.14716666666666667
2010-01-16,0.0,30.7,4.2,0.14541666666666667
2010-01-17,0.0,30.7,4.54,0.14354166666666665
2010-01-18,0.0,30.3,4.32,0.1420833333333333
2010-01-19,30.3,24.4,1.08,0.21829166666666666
2010-01-20,12.5,24.7,1.11,0.377375
2010-01-21,2.0,28.1,2.84,0.34325
2010-01-22,1.5,29.3,3.07,0.324375
2010-01-23,0.0,29.6,4.04,0.303125
2010-01-24,0.0,29.4,4.21,0.281125
2010-01-25,0.5,29.8,3.66,0.2657916666666667
2010-01-26,0.8,29.5,3.33,0.25666666666666665
2010-01-27,0.6,29.2,3.62,0.2547916666666667
2010-01-28,0.5,29.5,3.89,0.24566666666666667
2010-01-29,0.0,30.3,4.45,0.23166666666666666
2010-01-30,0.2,29.7,4.4,0.21741666666666667
2010-01-31,0.0,30.6,4.54,0.20541666666666666
2010-02-01,0.0,30.2,4.05,0.194375
2010-02-02,0.2,30.7,4.06,0.1864583333333333
2010-02-03,0.5,30.7,4.1,0.18004166666666666
2010-02-04,0.0,30.6,4.27,0.17466666666666666
2010-02-05,0.0,31.8,4.73,0.16774999999999998
2010-02-06,0.0,31.1,4.63,0.16175
2010-02-07,0.0,32.2,4.91,0.15720833333333334
2010-02-08,0.0,32.0,4.88,0.15362499999999998
2010-02-09,0.0,31.7,5.04,0.15062499999999998
2010-02-10,0.0,32.1,5.12,0.14816666666666667
2010-02-11,0.0,32.5,4.92,0.14654166666666665
2010-02-12,0.0,32.9,5.12,0.145
2010-02-13,0.0,32.6,4.97,0.14366666666666664
2010-02-14,0.0,32.3,5.2,0.14254166666666665
2010-02-15,0.0,32.7,5.25,0.1415
2010-02-16,0.0,33.4,5.56,0.14016666666666666
2010-02-17,0.0,33.6,5.63,0.13870833333333335
2010-02-18,0.0,33.6,5.54,0.138
2010-02-19,0.0,32.7,4.94,0.13820833333333335
2010-02-20,0.0,32.5,5.36,0.138
2010-02-21,0.6,31.3,4.58,0.13983333333333334
2010-02-22,0.0,32.5,4.83,0.141875
2010-02-23,0.6,32.1,5.0,0.1435833333333333
2010-02-24,0.0,33.5,5.61,0.14412499999999998
2010-02-25,0.0,34.1,5.58,0.142
2010-02-26,0.0,34.0,5.49,0.14004166666666668
2010-02-27,0.0,34.8,5.94,0.13854166666666667
2010-02-28,0.0,35.1,5.57,0.13762500000000003
2010-03-01,0.0,34.3,5.63,0.137
2010-03-02,0.0,34.4,5.58,0.13645833333333335
2010-03-03,0.0,35.4,5.82,0.136
2010-03-04,0.0,34.6,5.0,0.136
2010-03-05,0.0,34.5,5.28,0.136
2010-03-06,0.0,35.1,5.29,0.13554166666666667
2010-03-07,0.0,33.9,4.51,0.135
2010-03-08,0.0,34.9,5.74,0.135
2010-03-09,0.7,34.8,5.73,0.13533333333333333
2010-03-10,0.5,32.8,5.31,0.14395833333333333
2010-03-11,0.0,34.5,6.22,0.14304166666666665
2010-03-12,0.0,35.0,6.19,0.14091666666666666
2010-03-13,0.0,34.4,5.69,0.1395
2010-03-14,0.0,34.5,5.76,0.138375
2010-03-15,0.0,34.7,5.67,0.13745833333333335
2010-03-16,0.0,35.4,6.65,0.13654166666666667
2010-03-17,0.0,35.4,7.13,0.136
2010-03-18,0.0,35.5,7.06,0.13541666666666666
2010-03-19,0.0,35.4,7.06,0.135
2010-03-20,0.1,34.1,5.6,0.13554166666666667
2010-03-21,0.0,33.5,5.32,0.136875
2010-03-22,0.2,34.2,5.33,0.1389166666666667
2010-03-23,0.0,34.3,5.09,0.1389166666666667
2010-03-24,0.0,34.7,5.28,0.13954166666666667
2010-03-25,8.0,36.4,5.71,0.14704166666666668
2010-03-26,2.2,32.7,3.8,0.26783333333333337
2010-03-27,0.6,32.7,4.97,0.2515833333333333
2010-03-28,0.0,34.3,5.68,0.22387500000000002
2010-03-29,0.0,33.2,5.58,0.200125
2010-03-30,0.0,34.9,5.78,0.18329166666666666
2010-03-31,0.0,33.7,4.84,0.17141666666666666
2010-04-01,1.4,34.9,4.82,0.16949999999999998
2010-04-02,0.1,34.9,5.82,0.17354166666666668
2010-04-03,0.0,35.1,6.16,0.16416666666666668
2010-04-04,0.3,35.1,5.76,0.15758333333333333
2010-04-05,0.0,35.5,5.66,0.15358333333333332
2010-04-06,0.0,36.8,6.23,0.14916666666666667
2010-04-07,0.0,37.1,6.36,0.145375
2010-04-08,0.0,36.5,6.42,0.14216666666666666
2010-04-09,0.0,36.8,6.43,0.14008333333333334
2010-04-10,0.0,36.8,6.5,0.13825
2010-04-11,0.0,37.7,6.74,0.1366666666666667
2010-04-12,0.4,36.3,5.65,0.13658333333333336
2010-04-13,0.1,35.5,5.1,0.14025
2010-04-14,0.2,36.7,6.04,0.14379166666666665
2010-04-15,0.0,36.6,6.23,0.14245833333333333
2010-04-16,0.3,35.6,6.02,0.1425833333333333
2010-04-17,0.6,35.8,6.13,0.14545833333333333
2010-04-18,0.0,36.3,6.21,0.14895833333333333
2010-04-19,10.9,35.7,4.63,0.20125
2010-04-20,9.5,34.3,4.42,0.303125
2010-04-21,1.4,34.6,5.64,0.305625
2010-04-22,2.0,34.0,4.74,0.28708333333333336
2010-04-23,6.2,35.0,5.3,0.30783333333333335
2010-04-24,0.0,35.3,6.4,0.286625
2010-04-25,0.0,35.3,6.62,0.24091666666666667
2010-04-26,0.0,35.1,5.95,0.210375
2010-04-27,0.2,34.7,5.21,0.18941666666666668
2010-04-28,4.5,34.1,4.9,0.19883333333333333
2010-04-29,3.6,35.2,5.13,0.2167916666666667
2010-04-30,3.1,34.1,4.65,0.263375
2010-05-01,2.5,33.0,4.24,0.27779166666666666
2010-05-02,3.7,32.5,3.87,0.2965833333333333
2010-05-03,3.3,33.5,4.17,0.2980833333333333
2010-05-04,3.1,33.2,4.02,0.305
2010-05-05,0.3,33.5,4.77,0.3025833333333333
2010-05-06,0.0,34.9,5.6,0.263625
2010-05-07,0.1,35.4,5.56,0.22708333333333333
2010-05-08,0.0,36.1,5.85,0.20095833333333335
2010-05-09,5.9,34.3,5.03,0.20091666666666666
2010-05-10,3.6,34.0,4.83,0.21966666666666668
2010-05-11,0.0,35.7,5.9,0.211875
2010-05-12,0.9,35.3,5.25,0.19804166666666667
2010-05-13,1.0,34.8,4.79,0.1975
2010-05-14,5.4,34.4,4.49,0.21220833333333333
2010-05-15,3.3,34.4,4.51,0.24358333333333335
2010-05-16,0.3,35.5,5.78,0.23416666666666666
2010-05-17,0.8,37.1,6.28,0.20729166666666665
2010-05-18,5.4,36.2,4.91,0.24204166666666668
2010-05-19,8.0,32.8,3.95,0.3349583333333333
2010-05-20,2.3,34.7,5.34,0.3087083333333333
2010-05-21,9.3,33.0,4.26,0.307
2010-05-22,14.4,30.4,3.45,0.37445833333333334
2010-05-23,0.4,32.9,5.21,0.3320416666666667
2010-05-24,0.7,33.4,5.18,0.298125
2010-05-25,6.2,32.7,4.89,0.29416666666666663
2010-05-26,15.0,32.6,4.3,0.3362083333333333
2010-05-27,23.2,31.6,3.51,0.3658333333333333
2010-05-28,4.3,32.1,3.44,0.36024999999999996
2010-05-29,4.3,32.4,4.32,0.37120833333333336
2010-05-30,3.4,32.8,4.73,0.365
2010-05-31,5.7,32.7,4.45,0.3660833333333333
2010-06-01,3.7,32.4,4.43,0.362125
2010-06-02,6.3,31.1,4.12,0.3745833333333333
2010-06-03,3.0,31.4,3.74,0.3620833333333333
2010-06-04,2.2,30.8,3.8,0.35508333333333336
2010-06-05,9.2,31.7,3.77,0.36754166666666666
2010-06-06,2.8,31.1,3.58,0.3754166666666667
2010-06-07,19.8,30.3,2.94,0.3917916666666667
2010-06-08,2.7,31.4,3.8,0.38645833333333335
2010-06-09,2.9,30.9,3.61,0.38258333333333333
2010-06-10,11.9,29.9,3.15,0.38966666666666666
2010-06-11,6.3,32.5,4.64,0.3862916666666667
2010-06-12,15.2,32.4,4.48,0.3901666666666667
2010-06-13,3.2,32.8,4.99,0.381125
2010-06-14,1.3,32.7,5.09,0.3617916666666667
2010-06-15,6.8,30.5,3.74,0.368125
2010-06-16,10.5,32.2,4.15,0.3799166666666667
2010-06-17,13.2,30.3,3.88,0.3925
2010-06-18,12.8,29.3,2.77,0.40087500000000004
2010-06-19,8.0,28.6,2.79,0.40129166666666666
2010-06-20,15.8,28.9,2.57,0.41279166666666667
2010-06-21,18.5,28.8,2.16,0.4175
2010-06-22,14.6,29.9,2.89,0.41529166666666667
2010-06-23,5.9,30.2,3.15,0.4114583333333333
2010-06-24,7.6,31.1,3.77,0.4027083333333334
2010-06-25,1.1,30.7,4.25,0.390125
2010-06-26,5.8,30.4,3.17,0.39066666666666666
2010-06-27,7.4,30.9,3.68,0.3917916666666667
2010-06-28,4.8,31.3,3.46,0.39266666666666666
2010-06-29,7.3,30.0,3.51,0.397875
2010-06-30,6.6,31.5,4.31,0.39679166666666665
2010-07-01,12.7,30.3,3.08,0.4013333333333333
2010-07-02,20.1,29.3,2.66,0.41441666666666666
2010-07-03,13.9,30.5,3.16,0.40687500000000004
2010-07-04,6.7,30.3,3.24,0.4083333333333334
2010-07-05,0.4,31.3,4.41,0.39037499999999997
2010-07-06,0.5,31.8,4.68,0.37175
2010-07-07,0.0,32.6,5.16,0.36566666666666664
2010-07-08,5.4,31.8,4.55,0.37908333333333327
2010-07-09,8.5,29.9,3.43,0.39516666666666667
2010-07-10,6.1,31.1,3.93,0.3940416666666667
2010-07-11,5.5,31.2,3.84,0.3990833333333333
2010-07-12,9.2,31.3,3.99,0.39525000000000005
2010-07-13,10.8,29.4,2.77,0.40429166666666666
2010-07-14,5.4,30.3,3.69,0.4070416666666667
2010-07-15,3.8,28.9,2.8,0.40995833333333337
2010-07-16,20.8,30.1,2.94,0.4091666666666667
2010-07-17,3.0,30.9,3.4,0.40137500000000004
2010-07-18,9.3,30.9,3.52,0.39658333333333334
2010-07-19,0.3,31.6,4.46,0.38595833333333335
2010-07-20,0.6,32.6,4.75,0.370125
2010-07-21,10.5,31.9,4.14,0.3784166666666667
2010-07-22,9.3,30.9,3.84,0.3957916666666667
2010-07-23,5.7,30.2,3.52,0.3990833333333333
2010-07-24,2.6,30.5,2.71,0.40599999999999997
2010-07-25,10.2,28.0,2.28,0.4164583333333333
2010-07-26,5.4,28.4,2.2,0.42049999999999993
2010-07-27,12.0,29.5,3.15,0.41279166666666667
2010-07-28,12.4,30.2,3.0,0.41883333333333334
2010-07-29,13.2,30.6,3.71,0.41429166666666667
2010-07-30,0.5,31.0,4.41,0.39408333333333334
2010-07-31,11.3,30.2,3.5,0.39820833333333333
2010-08-01,17.1,30.0,2.49,0.4182083333333333
2010-08-02,8.4,28.3,1.85,0.42049999999999993
2010-08-03,4.6,31.3,4.31,0.41320833333333334
2010-08-04,0.0,31.5,5.03,0.39362500000000006
2010-08-05,2.8,31.8,5.12,0.37762500000000004
2010-08-06,4.1,30.8,3.48,0.39058333333333334
2010-08-07,12.8,29.8,3.15,0.4091666666666667
2010-08-08,4.8,29.5,3.76,0.40854166666666664
2010-08-09,6.4,30.0,3.92,0.407125
2010-08-10,16.4,28.4,2.28,0.41604166666666664
2010-08-11,5.0,29.4,3.1,0.41333333333333333
2010-08-12,2.5,31.7,4.42,0.40625
2010-08-13,20.9,31.8,3.65,0.40529166666666666
2010-08-14,8.2,30.9,3.6,0.41029166666666667
2010-08-15,10.9,31.6,4.03,0.4139583333333334
2010-08-16,9.3,31.5,3.81,0.40924999999999995
2010-08-17,3.8,31.4,3.95,0.4106666666666667
2010-08-18,1.8,31.8,4.1,0.4038333333333333
2010-08-19,3.2,30.6,3.31,0.411375
2010-08-20,13.6,29.9,2.59,0.4115416666666667
2010-08-21,13.6,30.5,3.33,0.4123333333333333
2010-08-22,5.5,29.4,2.98,0.41324999999999995
2010-08-23,23.4,27.9,1.88,0.425375
2010-08-24,6.6,30.0,3.19,0.4187083333333333
2010-08-25,3.6,32.5,4.47,0.4090833333333333
2010-08-26,7.0,31.7,4.64,0.4035416666666667
2010-08-27,9.3,31.7,4.11,0.40549999999999997
2010-08-28,10.5,30.2,2.78,0.41383333333333333
2010-08-29,4.4,31.5,4.05,0.41575
2010-08-30,7.5,31.8,3.89,0.40854166666666664
2010-08-31,10.6,30.2,3.7,0.4074166666666667
2010-09-01,9.3,29.5,3.38,0.40995833333333337
2010-09-02,10.4,30.6,3.58,0.4170416666666667
2010-09-03,3.1,30.5,3.02,0.41354166666666664
2010-09-04,8.3,29.6,2.46,0.414
2010-09-05,10.8,30.2,3.54,0.41333333333333333
2010-09-06,8.0,31.1,3.64,0.40991666666666665
2010-09-07,8.8,30.7,3.54,0.40808333333333335
2010-09-08,11.7,30.6,3.4,0.409875
2010-09-09,8.3,30.7,3.92,0.4134583333333333
2010-09-10,15.0,30.7,3.72,0.4109583333333333
2010-09-11,8.0,31.0,4.01,0.40479166666666666
2010-09-12,21.5,29.8,2.89,0.4077916666666667
2010-09-13,11.8,31.6,4.29,0.40850000000000003
2010-09-14,12.3,30.5,3.77,0.4140833333333333
2010-09-15,8.0,31.2,3.85,0.41162499999999996
2010-09-16,11.0,30.9,3.84,0.4166666666666667
2010-09-17,25.0,30.4,2.47,0.42841666666666667
2010-09-18,9.6,30.6,3.57,0.4172916666666666
2010-09-19,2.5,31.6,4.61,0.4009583333333333
2010-09-20,4.5,31.8,4.36,0.39766666666666667
2010-09-21,0.3,32.5,4.56,0.38283333333333336
2010-09-22,4.2,31.7,4.19,0.37720833333333337
2010-09-23,1.8,32.6,4.95,0.3790833333333334
2010-09-24,3.4,32.4,4.15,0.37354166666666666
2010-09-25,8.4,31.5,4.06,0.40158333333333335
2010-09-26,9.2,31.3,3.5,0.4096666666666667
2010-09-27,25.2,31.0,3.3,0.41129166666666667
2010-09-28,8.2,31.6,4.31,0.4094583333333333
2010-09-29,15.7,30.8,2.87,0.4206666666666667
2010-09-30,12.3,31.9,3.73,0.4164583333333333
2010-10-01,22.6,29.3,1.65,0.42691666666666667
2010-10-02,5.0,30.1,3.42,0.417875
2010-10-03,7.1,30.5,3.21,0.4074166666666667
2010-10-04,17.2,29.9,2.26,0.4204583333333333
2010-10-05,8.9,31.5,3.23,0.41358333333333336
2010-10-06,6.9,31.7,3.65,0.4146666666666667
2010-10-07,14.3,31.2,3.6,0.4094583333333333
2010-10-08,0.3,32.0,4.32,0.391125
2010-10-09,9.8,30.7,3.43,0.3965
2010-10-10,20.6,29.7,2.23,0.41241666666666665
2010-10-11,36.1,25.5,0.91,0.42674999999999996
2010-10-12,5.5,30.2,3.13,0.4135
2010-10-13,6.8,31.2,3.19,0.4029583333333333
2010-10-14,7.0,26.9,1.42,0.42416666666666664
2010-10-15,10.8,27.2,1.54,0.4203333333333333
2010-10-16,2.6,30.0,3.36,0.401125
2010-10-17,13.4,29.5,2.34,0.40858333333333335
2010-10-18,12.5,28.4,2.69,0.41962499999999997
2010-10-19,8.0,31.6,3.61,0.4041666666666666
2010-10-20,3.5,30.4,3.21,0.4054166666666667
2010-10-21,20.5,30.4,2.76,0.40820833333333334
2010-10-22,3.3,29.9,3.0,0.4048333333333333
2010-10-23,7.0,30.6,2.29,0.409875
2010-10-24,11.7,30.0,2.99,0.411375
2010-10-25,13.2,31.2,3.43,0.42025
2010-10-26,7.1,28.7,2.17,0.41491666666666666
2010-10-27,10.9,30.9,3.46,0.4155
2010-10-28,89.7,27.8,1.86,0.42695833333333333
2010-10-29,0.0,30.0,4.49,0.39749999999999996
2010-10-30,17.2,25.7,2.41,0.404375
2010-10-31,13.3,26.3,2.37,0.4111666666666667
2010-11-01,31.5,25.7,1.36,0.42016666666666663
2010-11-02,22.7,29.2,2.09,0.4230416666666667
2010-11-03,1.9,29.7,3.1,0.40625
2010-11-04,0.0,30.0,4.24,0.38316666666666666
2010-11-05,0.3,29.9,4.42,0.3655
2010-11-06,0.3,28.9,3.37,0.35474999999999995
2010-11-07,20.4,30.8,3.78,0.3695
2010-11-08,15.5,29.8,2.62,0.4129583333333333
2010-11-09,10.5,30.0,2.61,0.4145833333333333
2010-11-10,1.8,29.5,2.77,0.4091666666666667
2010-11-11,0.0,31.0,4.02,0.3852083333333334
2010-11-12,1.0,30.8,3.94,0.37045833333333333
2010-11-13,5.8,30.7,3.58,0.37041666666666667
2010-11-14,15.1,30.2,2.68,0.39966666666666667
2010-11-15,13.9,30.7,3.44,0.41766666666666663
2010-11-16,11.3,30.7,3.74,0.411375
2010-11-17,20.0,30.8,2.84,0.41775
2010-11-18,12.4,29.7,2.57,0.413375
2010-11-19,18.2,29.1,2.07,0.414125
2010-11-20,6.8,28.8,2.55,0.40841666666666665
2010-11-21,4.9,30.1,3.43,0.40420833333333334
2010-11-22,24.8,30.6,3.24,0.41162499999999996
2010-11-23,15.4,29.6,2.65,0.41554166666666664
2010-11-24,0.2,31.3,3.9,0.3947083333333334
2010-11-25,0.0,30.8,4.37,0.37600000000000006
2010-11-26,20.9,27.3,2.54,0.38962499999999994
2010-11-27,4.7,29.9,3.63,0.40595833333333337
2010-11-28,19.3,30.5,3.36,0.4051666666666667
2010-11-29,24.8,30.1,2.69,0.41654166666666664
2010-11-30,6.6,28.8,2.33,0.41691666666666666
2010-12-01,0.8,29.8,3.24,0.39762500000000006
2010-12-02,1.0,30.2,3.73,0.3799166666666667
2010-12-03,0.6,30.1,3.68,0.36683333333333334
2010-12-04,0.2,30.4,4.39,0.351
2010-12-05,8.3,29.4,2.51,0.36870833333333336
2010-12-06,13.2,30.4,3.23,0.39516666666666667
2010-12-07,1.3,30.6,3.67,0.39875
2010-12-08,0.0,29.7,4.23,0.379
2010-12-09,0.0,29.1,3.76,0.3624583333333333
2010-12-10,0.0,29.4,3.31,0.3509166666666666
2010-12-11,0.4,29.3,3.47,0.34437500000000004
2010-12-12,1.4,29.0,3.13,0.34241666666666665
2010-12-13,0.0,30.1,3.25,0.33716666666666667
2010-12-14,13.4,29.7,2.19,0.36462500000000003
2010-12-15,25.4,29.4,2.84,0.4028333333333334
2010-12-16,1.9,30.1,3.6,0.3919166666666667
2010-12-17,1.4,27.6,3.62,0.39458333333333334
2010-12-18,6.8,26.7,2.99,0.3865
2010-12-19,1.1,28.1,3.23,0.3719166666666667
2010-12-20,1.0,29.3,3.28,0.367
2010-12-21,3.4,30.2,3.63,0.36125
2010-12-22,3.1,29.1,2.99,0.35908333333333337
2010-12-23,4.2,29.2,3.29,0.3673333333333333
2010-12-24,0.0,29.6,3.52,0.3638333333333333
2010-12-25,0.0,29.8,3.62,0.3445416666666667
2010-12-26,0.0,29.0,3.95,0.32879166666666665
2010-12-27,0.0,28.0,2.41,0.31645833333333334
2010-12-28,3.7,25.1,1.42,0.33408333333333334
2010-12-29,0.3,27.7,2.54,0.341625
2010-12-30,0.4,29.7,3.12,0.32508333333333334
2010-12-31,0.9,28.6,2.63,0.316625
2011-01-01,0.6,28.9,3.25,0.30791666666666667
2011-01-02,0.0,28.9,3.56,0.2964583333333333
2011-01-03,0.0,29.2,3.12,0.285875
2011-01-04,19.8,25.9,1.05,0.33470833333333333
2011-01-05,1.3,27.4,2.66,0.36837499999999995
2011-01-06,5.6,29.8,3.57,0.35641666666666666
2011-01-07,0.0,28.2,3.49,0.34850000000000003
2011-01-08,0.0,27.4,2.58,0.33
2011-01-09,0.0,28.2,3.97,0.315125
2011-01-10,0.0,28.7,4.17,0.29924999999999996
2011-01-11,0.0,27.8,3.69,0.2856666666666667
2011-01-12,0.0,29.2,3.93,0.27475
2011-01-13,0.0,28.1,2.31,0.26725000000000004
2011-01-14,0.3,29.0,3.46,0.26225000000000004
2011-01-15,0.0,29.3,3.63,0.25404166666666667
2011-01-16,0.3,28.2,3.73,0.24458333333333335
2011-01-17,0.7,28.0,4.31,0.23850000000000002
2011-01-18,0.0,28.3,4.16,0.22816666666666666
2011-01-19,0.0,29.1,4.33,0.21754166666666666
2011-01-20,0.0,30.5,4.36,0.20750000000000002
2011-01-21,0.0,29.5,3.83,0.19875
2011-01-22,1.2,29.1,3.61,0.19641666666666668
2011-01-23,4.8,30.4,3.2,0.20770833333333336
2011-01-24,0.0,28.4,2.63,0.21704166666666666
2011-01-25,0.0,29.9,3.87,0.208
2011-01-26,0.2,30.8,4.5,0.19662500000000002
2011-01-27,0.0,30.9,4.52,0.18641666666666667
2011-01-28,0.0,30.9,4.41,0.17754166666666668
2011-01-29,0.0,30.3,4.2,0.17025
2011-01-30,0.0,30.6,4.87,0.16433333333333333
2011-01-31,0.0,30.4,4.88,0.15891666666666668
2011-02-01,0.0,29.9,4.1,0.155375
2011-02-02,0.0,30.1,4.25,0.15262499999999998
2011-02-03,0.3,29.9,4.02,0.15104166666666666
2011-02-04,0.0,29.9,4.11,0.15020833333333333
2011-02-05,0.1,29.9,4.2,0.14958333333333332
2011-02-06,0.0,29.3,3.95,0.14858333333333332
2011-02-07,0.0,29.6,4.03,0.14716666666666667
2011-02-08,0.0,30.0,3.84,0.14608333333333332
2011-02-09,0.0,31.0,4.7,0.14516666666666667
2011-02-10,0.0,31.2,5.02,0.14354166666666665
2011-02-11,0.0,31.0,5.1,0.14216666666666666
2011-02-12,0.0,30.9,4.59,0.14116666666666666
2011-02-13,0.0,30.8,4.75,0.141
2011-02-14,0.0,31.6,5.5,0.140625
2011-02-15,0.0,31.3,5.18,0.14
2011-02-16,0.1,31.3,4.65,0.14012500000000003
2011-02-17,0.0,31.7,4.67,0.14045833333333332
2011-02-18,0.0,31.3,4.56,0.14020833333333335
2011-02-19,0.0,32.1,4.85,0.14
2011-02-20,0.1,31.3,4.44,0.14070833333333335
2011-02-21,0.1,31.9,4.78,0.14483333333333334
2011-02-22,0.1,32.3,4.94,0.14425
2011-02-23,0.0,32.4,5.7,0.14254166666666665
2011-02-24,0.0,32.5,5.29,0.141
2011-02-25,0.0,31.5,4.45,0.14
2011-02-26,0.0,31.3,4.84,0.14
2011-02-27,0.0,32.8,5.32,0.1389166666666667
2011-02-28,0.1,31.5,4.59,0.13858333333333336
2011-03-01,0.1,31.1,4.45,0.14020833333333332
2011-03-02,0.0,31.8,3.47,0.140625
2011-03-03,0.0,31.6,4.08,0.14033333333333334
2011-03-04,0.8,31.9,4.56,0.1445833333333333
2011-03-05,25.1,32.5,3.85,0.19758333333333333
2011-03-06,5.6,31.1,3.99,0.3589583333333333
2011-03-07,1.3,31.7,4.37,0.32558333333333334
2011-03-08,0.6,31.5,4.8,0.2982916666666667
2011-03-09,0.0,32.2,5.64,0.26995833333333336
2011-03-10,0.0,32.5,5.61,0.246
2011-03-11,0.1,32.6,5.73,0.2227916666666667
2011-03-12,0.0,33.1,6.09,0.20466666666666666
2011-03-13,0.0,31.9,5.08,0.18883333333333333
2011-03-14,0.0,32.8,5.42,0.177875
2011-03-15,0.0,32.8,5.22,0.16916666666666666
2011-03-16,1.8,33.0,4.27,0.1681666666666667
2011-03-17,20.4,29.7,2.25,0.24287499999999998
2011-03-18,4.9,29.9,3.44,0.33629166666666666
2011-03-19,0.6,31.2,4.62,0.329125
2011-03-20,9.0,31.6,4.28,0.3193333333333333
2011-03-21,9.2,30.9,3.42,0.3584583333333333
2011-03-22,6.8,31.2,4.06,0.363125
2011-03-23,23.9,28.5,1.99,0.3990416666666667
2011-03-24,12.4,27.1,1.38,0.4146666666666667
2011-03-25,25.6,28.7,2.83,0.40195833333333336
2011-03-26,7.6,26.5,1.66,0.40625
2011-03-27,3.5,28.5,3.35,0.39608333333333334
2011-03-28,0.2,30.0,4.02,0.3685
2011-03-29,2.4,29.6,3.91,0.35004166666666664
2011-03-30,0.0,29.1,3.88,0.34474999999999995
2011-03-31,0.0,30.8,5.24,0.3209166666666667
2011-04-01,2.0,30.1,3.52,0.30579166666666663
2011-04-02,9.8,31.1,3.43,0.33466666666666667
2011-04-03,16.0,30.3,3.38,0.3742916666666667
2011-04-04,9.8,30.6,3.86,0.38695833333333335
2011-04-05,0.8,30.7,4.37,0.3755833333333333
2011-04-06,0.0,30.9,4.63,0.35341666666666666
2011-04-07,0.2,30.9,5.16,0.33237500000000003
2011-04-08,0.0,31.0,5.13,0.3135
2011-04-09,0.0,31.6,5.18,0.297375
2011-04-10,0.0,31.0,5.2,0.27995833333333336
2011-04-11,0.2,31.5,5.16,0.26508333333333334
2011-04-12,0.1,31.3,4.99,0.25504166666666667
2011-04-13,0.0,31.8,5.49,0.24366666666666667
2011-04-14,0.0,32.2,5.62,0.22875
2011-04-15,3.6,31.2,4.29,0.23158333333333334
2011-04-16,0.1,32.4,5.03,0.23545833333333333
2011-04-17,0.0,32.6,4.54,0.220625
2011-04-18,0.7,33.5,5.34,0.20833333333333334
2011-04-19,10.3,33.7,4.59,0.23650000000000002
2011-04-20,25.2,29.8,2.85,0.3990416666666667
2011-04-21,9.5,30.0,3.37,0.3810833333333333
2011-04-22,2.0,31.2,4.33,0.37129166666666663
2011-04-23,2.9,30.8,4.31,0.36270833333333335
2011-04-24,0.9,30.9,4.59,0.35791666666666666
2011-04-25,8.2,31.2,4.0,0.3714166666666667
2011-04-26,0.2,31.1,4.73,0.364125
2011-04-27,0.0,31.8,5.01,0.33708333333333335
2011-04-28,0.0,31.4,4.47,0.3232083333333334
2011-04-29,13.2,29.7,3.44,0.36670833333333336
2011-04-30,5.2,31.8,4.44,0.37304166666666666
2011-05-01,4.2,31.8,3.98,0.37125
2011-05-02,4.9,31.3,3.89,0.36941666666666667
2011-05-03,3.6,32.1,4.61,0.37929166666666664
2011-05-04,1.6,31.0,3.74,0.3602916666666667
2011-05-05,1.8,31.7,3.98,0.35029166666666667
2011-05-06,9.1,30.9,3.69,0.36375
2011-05-07,9.6,31.8,4.61,0.3735
2011-05-08,4.1,32.5,4.95,0.36725
2011-05-09,0.6,32.0,4.73,0.3553333333333333
2011-05-10,3.8,30.5,3.93,0.36316666666666664
2011-05-11,4.9,30.7,3.73,0.37529166666666663
2011-05-12,12.8,30.5,3.58,0.3804166666666667
2011-05-13,6.8,29.8,3.26,0.38962500000000005
2011-05-14,14.8,30.1,3.21,0.38529166666666664
2011-05-15,12.5,31.0,3.32,0.38799999999999996
2011-05-16,6.9,31.7,4.39,0.3929583333333333
2011-05-17,5.6,31.6,4.01,0.407125
2011-05-18,13.9,30.8,3.71,0.41358333333333336
2011-05-19,2.7,31.2,3.96,0.404625
2011-05-20,5.5,31.3,4.35,0.394375
2011-05-21,1.3,31.2,4.39,0.38604166666666667
2011-05-22,12.4,31.8,4.52,0.3845416666666667
2011-05-23,1.5,31.8,4.85,0.37354166666666666
2011-05-24,1.9,31.1,4.16,0.3660833333333333
2011-05-25,1.7,31.0,3.69,0.3625
2011-05-26,7.0,30.7,3.2,0.392375
2011-05-27,7.7,29.9,3.41,0.39475
2011-05-28,7.0,30.2,3.13,0.39395833333333335
2011-05-29,8.5,28.1,1.59,0.40804166666666664
2011-05-30,12.1,28.0,1.82,0.4106666666666667
2011-05-31,4.2,29.8,3.12,0.4123333333333333
2011-06-01,13.8,29.6,3.42,0.4091666666666667
2011-06-02,6.4,30.9,3.94,0.410125
2011-06-03,1.2,30.4,3.42,0.3934166666666667
2011-06-04,5.8,31.4,3.66,0.393125
2011-06-05,18.1,31.7,4.3,0.4002916666666667
2011-06-06,13.7,29.7,2.63,0.40758333333333335
2011-06-07,13.8,31.0,2.86,0.410625
2011-06-08,2.0,31.4,4.84,0.3983333333333334
2011-06-09,4.8,31.2,4.21,0.3970416666666667
2011-06-10,3.1,30.7,4.36,0.39399999999999996
2011-06-11,4.8,30.4,3.28,0.39375
2011-06-12,1.3,29.8,3.57,0.393
2011-06-13,12.7,30.8,3.93,0.39395833333333335
2011-06-14,2.8,27.5,1.33,0.3990416666666667
2011-06-15,2.2,30.8,4.29,0.3890833333333334
2011-06-16,7.7,29.5,3.86,0.39558333333333334
2011-06-17,10.6,29.7,2.72,0.4001666666666666
2011-06-18,19.0,27.1,1.9,0.41300000000000003
2011-06-19,12.6,27.5,2.1,0.41825
2011-06-20,2.9,29.9,3.43,0.4019166666666667
2011-06-21,3.1,28.9,3.01,0.3987083333333334
2011-06-22,1.3,29.6,4.0,0.3950416666666667
2011-06-23,1.1,29.4,3.89,0.38437499999999997
2011-06-24,0.8,30.6,5.05,0.37083333333333335
2011-06-25,0.3,31.0,4.99,0.3540833333333333
2011-06-26,2.9,30.8,3.74,0.34554166666666664
2011-06-27,7.3,30.5,3.78,0.369
2011-06-28,3.9,31.0,4.21,0.38599999999999995
2011-06-29,7.5,29.6,3.65,0.3890416666666667
2011-06-30,15.1,29.9,2.77,0.3958333333333333
2011-07-01,9.8,29.1,2.91,0.4013333333333333
2011-07-02,7.0,29.5,3.66,0.40054166666666674
2011-07-03,5.9,29.9,3.95,0.39970833333333333
2011-07-04,0.1,31.7,4.77,0.38916666666666666
2011-07-05,0.2,31.6,4.38,0.3749166666666666
2011-07-06,5.1,30.6,2.9,0.37595833333333334
2011-07-07,4.4,30.8,4.62,0.38833333333333336
2011-07-08,0.5,32.0,5.05,0.373
2011-07-09,0.6,30.9,4.91,0.35120833333333334
2011-07-10,11.1,28.8,3.0,0.383375
2011-07-11,4.8,30.8,3.75,0.3953333333333333
2011-07-12,2.5,30.8,3.76,0.3970833333333333
2011-07-13,2.5,29.3,2.98,0.3974166666666667
2011-07-14,17.9,28.9,2.71,0.4034166666666667
2011-07-15,4.5,30.2,3.99,0.40370833333333334
2011-07-16,1.1,30.6,4.41,0.3934583333333333
2011-07-17,8.7,30.3,4.22,0.39620833333333333
2011-07-18,0.3,31.5,5.03,0.388125
2011-07-19,0.5,31.4,4.8,0.368875
2011-07-20,1.9,31.7,4.72,0.35883333333333334
2011-07-21,0.2,32.0,4.69,0.34775
2011-07-22,5.5,32.5,5.2,0.3485416666666667
2011-07-23,14.2,29.5,2.8,0.38237499999999996
2011-07-24,9.4,30.1,2.97,0.40041666666666664
2011-07-25,14.3,28.7,2.49,0.419
2011-07-26,19.2,29.9,3.27,0.4162083333333333
2011-07-27,7.0,29.7,2.92,0.417875
2011-07-28,7.4,30.1,2.58,0.42162499999999997
2011-07-29,5.3,28.3,3.06,0.410375
2011-07-30,19.6,28.1,2.28,0.4266666666666667
2011-07-31,2.7,29.0,3.32,0.4178333333333333
2011-08-01,4.1,31.3,3.86,0.4096666666666666
2011-08-02,2.7,31.4,4.26,0.40199999999999997
2011-08-03,8.2,30.2,4.18,0.4036666666666667
2011-08-04,2.8,32.0,4.87,0.40220833333333333
2011-08-05,1.3,31.5,4.92,0.3902916666666667
2011-08-06,2.2,31.1,4.16,0.39033333333333337
2011-08-07,2.3,30.1,3.46,0.3937083333333333
2011-08-08,11.4,31.1,4.07,0.39158333333333334
2011-08-09,2.0,31.2,4.3,0.3879166666666667
2011-08-10,6.7,28.7,2.79,0.39795833333333336
2011-08-11,6.7,30.4,4.03,0.3982916666666667
2011-08-12,17.2,29.4,2.69,0.4222916666666667
2011-08-13,0.8,32.1,4.94,0.394375
2011-08-14,5.7,31.3,4.05,0.39762499999999995
2011-08-15,21.3,28.4,2.34,0.422
2011-08-16,10.7,30.5,3.97,0.41229166666666667
2011-08-17,6.9,31.5,4.28,0.405875
2011-08-18,0.9,31.9,4.57,0.4014583333333333
2011-08-19,6.0,31.7,4.04,0.40025
2011-08-20,4.4,32.1,4.57,0.403
2011-08-21,4.1,32.4,4.52,0.4030416666666667
2011-08-22,19.5,31.2,3.72,0.40875
2011-08-23,11.8,30.8,3.01,0.4149583333333333
2011-08-24,15.1,29.9,3.09,0.4220833333333333
2011-08-25,13.5,30.6,3.14,0.41158333333333336
2011-08-26,23.0,30.0,2.56,0.4190833333333333
2011-08-27,10.7,28.2,2.34,0.4194166666666666
2011-08-28,24.9,26.1,1.31,0.4227083333333333
2011-08-29,5.8,28.9,3.03,0.414125
2011-08-30,0.4,30.9,4.66,0.39362500000000006
2011-08-31,4.3,30.3,4.39,0.3845
2011-09-01,0.8,30.5,4.04,0.38158333333333333
2011-09-02,0.1,30.8,4.34,0.37195833333333334
2011-09-03,2.6,30.4,4.42,0.3757916666666667
2011-09-04,14.8,29.8,3.7,0.39041666666666663
2011-09-05,5.0,30.3,3.6,0.40487500000000004
2011-09-06,9.2,31.0,4.08,0.4019166666666667
2011-09-07,6.1,30.3,3.53,0.4088333333333333
2011-09-08,12.0,30.4,3.15,0.4159583333333334
2011-09-09,14.9,30.2,3.06,0.41883333333333334
2011-09-10,42.8,25.9,1.19,0.42683333333333334
2011-09-11,35.2,25.7,1.2,0.4283333333333333
2011-09-12,13.2,29.1,3.23,0.41558333333333336
2011-09-13,3.4,31.3,4.27,0.40195833333333336
2011-09-14,6.9,31.3,4.47,0.395
2011-09-15,9.1,31.3,4.3,0.398625
2011-09-16,3.9,32.3,4.66,0.40087500000000004
2011-09-17,1.3,30.7,4.51,0.39566666666666667
2011-09-18,19.7,31.1,3.91,0.401875
2011-09-19,19.9,29.0,2.68,0.41733333333333333
2011-09-20,23.4,25.9,1.02,0.42854166666666665
2011-09-21,15.1,29.1,2.6,0.429375
2011-09-22,22.7,26.9,1.74,0.42287499999999995
2011-09-23,12.7,27.6,2.12,0.4206666666666667
2011-09-24,4.1,28.4,2.38,0.4088333333333333
2011-09-25,3.7,30.0,3.3,0.40025
2011-09-26,4.5,31.0,4.23,0.3957916666666667
2011-09-27,11.2,28.6,2.53,0.409125
2011-09-28,24.0,26.6,1.45,0.42391666666666666
2011-09-29,6.2,29.7,3.51,0.412
2011-09-30,3.1,29.4,3.24,0.4105833333333333
2011-10-01,8.8,30.4,3.94,0.41195833333333337
2011-10-02,3.2,30.7,3.99,0.403
2011-10-03,15.0,29.4,2.72,0.4134583333333333
2011-10-04,11.2,29.2,2.24,0.423875
2011-10-05,13.4,30.4,3.21,0.4243333333333333
2011-10-06,3.1,30.1,3.11,0.41683333333333333
2011-10-07,4.5,30.5,3.47,0.411375
2011-10-08,11.3,30.1,3.23,0.41804166666666664
2011-10-09,15.0,29.6,2.79,0.41524999999999995
2011-10-10,8.5,29.5,3.1,0.4159583333333334
2011-10-11,6.9,30.3,3.4,0.4097916666666666
2011-10-12,18.6,29.1,2.67,0.4088333333333334
2011-10-13,10.7,30.4,3.21,0.41558333333333336
2011-10-14,13.5,30.2,3.01,0.4134166666666667
2011-10-15,4.1,29.9,3.01,0.4109583333333333
2011-10-16,0.0,31.2,4.44,0.3961666666666667
2011-10-17,0.3,31.4,4.03,0.38279166666666664
2011-10-18,6.4,31.6,4.13,0.38608333333333333
2011-10-19,1.3,32.0,3.99,0.39887500000000004
2011-10-20,2.3,31.1,3.73,0.40720833333333334
2011-10-21,0.6,30.8,3.85,0.40166666666666667
2011-10-22,9.7,30.3,2.84,0.416375
2011-10-23,4.8,31.9,4.02,0.40608333333333335
2011-10-24,0.3,31.7,4.42,0.3945
2011-10-25,7.7,30.6,3.15,0.40054166666666663
2011-10-26,12.8,31.2,3.68,0.4097916666666667
2011-10-27,0.4,31.9,4.42,0.397875
2011-10-28,1.3,31.6,4.14,0.385125
2011-10-29,2.7,31.4,4.4,0.384125
2011-10-30,0.0,31.8,4.83,0.37125
2011-10-31,0.1,31.2,4.1,0.35266666666666663
2011-11-01,0.1,31.7,4.74,0.3383333333333333
2011-11-02,1.0,31.4,3.97,0.33
2011-11-03,0.0,32.1,4.71,0.3229166666666667
2011-11-04,0.0,31.8,4.81,0.3073333333333333
2011-11-05,15.7,31.3,3.54,0.31645833333333334
2011-11-06,23.4,30.4,2.81,0.4182916666666667
2011-11-07,4.0,29.9,2.7,0.4190833333333333
2011-11-08,18.1,29.5,2.45,0.41220833333333334
2011-11-09,5.8,29.1,2.57,0.4033333333333333
2011-11-10,0.8,30.6,3.92,0.3885
2011-11-11,4.8,29.1,2.67,0.38866666666666666
2011-11-12,6.6,29.3,2.81,0.40120833333333333
2011-11-13,0.3,30.5,3.9,0.393125
2011-11-14,9.2,30.8,3.46,0.39245833333333335
2011-11-15,0.1,31.1,4.21,0.39125000000000004
2011-11-16,0.1,31.3,4.46,0.36991666666666667
2011-11-17,1.6,31.5,3.59,0.362875
2011-11-18,12.2,29.6,2.56,0.37904166666666667
2011-11-19,14.1,30.2,2.86,0.398375
2011-11-20,0.0,30.8,3.49,0.3964166666666667
2011-11-21,3.5,31.1,3.88,0.385125
2011-11-22,0.0,31.2,4.17,0.38479166666666664
2011-11-23,2.2,31.4,4.28,0.3685833333333333
2011-11-24,0.0,30.3,4.3,0.36595833333333333
2011-11-25,1.5,29.6,2.44,0.3538333333333333
2011-11-26,4.6,30.8,3.78,0.34829166666666667
2011-11-27,6.7,30.7,3.12,0.3741666666666667
2011-11-28,3.6,31.1,3.59,0.37329166666666663
2011-11-29,0.1,31.0,4.02,0.3682083333333333
2011-11-30,0.0,31.6,3.95,0.34595833333333337
2011-12-01,0.0,31.8,4.47,0.3279166666666667
2011-12-02,0.0,31.3,4.6,0.311125
2011-12-03,0.0,29.9,3.38,0.30124999999999996
2011-12-04,0.0,29.3,3.16,0.29441666666666666
2011-12-05,0.0,29.0,2.8,0.28683333333333333
2011-12-06,0.0,30.5,4.03,0.27754166666666663
2011-12-07,4.5,28.3,1.9,0.28558333333333336
2011-12-08,14.8,29.0,2.32,0.34008333333333335
2011-12-09,10.1,28.3,2.13,0.3850833333333334
2011-12-10,0.0,30.6,4.72,0.3565833333333333
2011-12-11,0.0,29.6,5.2,0.32466666666666666
2011-12-12,0.0,29.3,4.77,0.30254166666666665
2011-12-13,0.3,27.1,2.58,0.29120833333333335
2011-12-14,3.4,30.3,2.95,0.29666666666666663
2011-12-15,1.9,30.9,3.9,0.30916666666666665
2011-12-16,3.9,30.8,3.7,0.3052916666666667
2011-12-17,0.0,30.8,4.07,0.3154166666666667
2011-12-18,0.0,31.3,4.86,0.29079166666666667
2011-12-19,0.0,31.0,4.88,0.2694166666666667
2011-12-20,2.7,27.3,2.69,0.274375
2011-12-21,0.0,29.8,3.47,0.30041666666666667
2011-12-22,0.0,30.9,3.23,0.282875
2011-12-23,0.1,30.3,3.59,0.271625
2011-12-24,0.0,29.7,3.33,0.257625
2011-12-25,0.0,29.0,4.7,0.24187499999999998
2011-12-26,0.0,28.8,3.62,0.22808333333333333
2011-12-27,2.7,27.8,2.35,0.22404166666666667
2011-12-28,0.0,31.3,3.95,0.22870833333333332
2011-12-29,4.8,29.5,3.62,0.21866666666666668
2011-12-30,2.4,31.0,3.33,0.228
2011-12-31,0.2,30.3,3.1,0.22308333333333333
2012-01-01,0.1,29.9,3.16,0.21454166666666666
2012-01-02,0.0,31.0,4.11,0.20558333333333334
2012-01-03,0.4,29.9,3.83,0.1975
2012-01-04,0.8,29.7,3.8,0.19245833333333331
2012-01-05,0.0,31.5,4.18,0.18600000000000003
2012-01-06,0.0,31.6,3.99,0.1784583333333333
2012-01-07,0.0,31.5,3.62,0.17295833333333333
2012-01-08,0.0,30.9,4.22,0.16720833333333332
2012-01-09,1.9,30.2,3.55,0.173625
2012-01-10,0.6,29.6,2.96,0.17595833333333333
2012-01-11,3.2,26.5,2.97,0.17912499999999998
2012-01-12,1.2,29.3,2.92,0.19845833333333332
2012-01-13,0.0,30.7,3.56,0.19545833333333332
2012-01-14,0.0,31.0,4.37,0.18791666666666665
2012-01-15,4.2,29.2,3.1,0.21575
2012-01-16,0.8,30.2,3.09,0.25433333333333336
2012-01-17,7.8,29.8,2.77,0.2765416666666667
2012-01-18,14.0,28.9,2.74,0.3305416666666667
2012-01-19,14.9,29.7,2.95,0.35400000000000004
2012-01-20,6.2,29.4,3.06,0.359875
2012-01-21,0.0,30.7,4.5,0.335625
2012-01-22,0.0,30.3,4.38,0.2995833333333333
2012-01-23,1.0,30.2,3.99,0.2783333333333333
2012-01-24,2.6,30.4,3.62,0.27258333333333334
2012-01-25,1.4,30.8,3.39,0.28162499999999996
2012-01-26,0.8,30.0,3.77,0.277625
2012-01-27,0.1,29.9,3.49,0.26458333333333334
2012-01-28,2.8,29.0,2.2,0.2552083333333333
2012-01-29,3.5,30.3,3.57,0.30233333333333334
2012-01-30,5.2,30.7,3.63,0.3204166666666667
2012-01-31,7.2,30.4,3.12,0.34837500000000005
2012-02-01,0.0,29.8,4.03,0.34712499999999996
2012-02-02,2.6,30.1,4.18,0.31858333333333333
2012-02-03,1.1,30.0,3.68,0.3105833333333333
2012-02-04,0.1,29.9,3.92,0.2947916666666666
2012-02-05,0.5,30.6,4.42,0.27599999999999997
2012-02-06,0.0,30.4,4.19,0.259125
2012-02-07,0.2,30.5,4.08,0.24479166666666666
2012-02-08,0.0,30.4,4.48,0.23324999999999999
2012-02-09,0.0,31.4,5.18,0.21866666666666668
2012-02-10,0.1,30.2,4.19,0.20633333333333334
2012-02-11,0.0,32.6,5.4,0.19558333333333333
2012-02-12,0.0,31.8,4.75,0.183625
2012-02-13,0.0,31.3,4.59,0.17500000000000002
2012-02-14,0.0,30.8,4.33,0.16862500000000002
2012-02-15,0.0,31.3,4.17,0.16366666666666665
2012-02-16,6.8,31.5,4.32,0.19504166666666667
2012-02-17,26.4,29.9,3.04,0.369
2012-02-18,0.3,30.6,4.05,0.3544583333333333
2012-02-19,0.0,30.5,4.86,0.3105833333333333
2012-02-20,0.0,30.4,5.13,0.2790416666666667
2012-02-21,0.1,31.8,4.62,0.255625
2012-02-22,10.5,27.7,2.0,0.3409166666666667
2012-02-23,0.0,31.1,4.05,0.34225
2012-02-24,0.0,31.9,5.05,0.310625
2012-02-25,0.0,32.2,4.78,0.28554166666666664
2012-02-26,0.0,31.7,4.54,0.26637500000000003
2012-02-27,0.0,31.2,5.1,0.2508333333333333
2012-02-28,0.0,31.7,5.19,0.23475000000000001
2012-02-29,0.0,32.1,5.2,0.21945833333333334
2012-03-01,0.0,32.0,4.65,0.20745833333333333
2012-03-02,0.0,33.0,5.41,0.19741666666666668
2012-03-03,0.0,33.5,5.44,0.18708333333333335
2012-03-04,0.0,32.2,4.87,0.17858333333333332
2012-03-05,0.8,32.5,4.51,0.17733333333333334
2012-03-06,0.0,32.7,4.88,0.17595833333333333
2012-03-07,0.3,33.6,4.85,0.169875
2012-03-08,4.1,33.5,4.33,0.17441666666666666
2012-03-09,5.7,33.1,4.7,0.20566666666666666
2012-03-10,0.0,33.4,5.7,0.22595833333333334
2012-03-11,0.0,35.1,6.42,0.20433333333333334
2012-03-12,0.0,33.4,5.52,0.188125
2012-03-13,0.0,34.8,5.33,0.1775
2012-03-14,0.0,34.7,5.51,0.16683333333333336
2012-03-15,1.0,35.1,5.32,0.16129166666666667
2012-03-16,1.3,34.3,5.11,0.17141666666666666
2012-03-17,0.0,33.9,5.02,0.17579166666666668
2012-03-18,0.0,35.1,5.88,0.16554166666666667
2012-03-19,2.1,34.4,5.28,0.16633333333333333
2012-03-20,4.1,32.7,4.23,0.21162500000000004
2012-03-21,6.9,33.5,4.25,0.25175
2012-03-22,5.4,33.7,4.87,0.28475
2012-03-23,2.3,33.3,4.7,0.28295833333333337
2012-03-24,25.5,30.7,3.0,0.35470833333333335
2012-03-25,0.0,31.0,3.94,0.35025
2012-03-26,0.5,32.0,4.64,0.312375
2012-03-27,1.8,32.1,4.58,0.29341666666666666
2012-03-28,3.1,31.9,4.64,0.305125
2012-03-29,1.3,33.3,5.01,0.2843333333333333
2012-03-30,1.7,33.2,4.15,0.266125
2012-03-31,37.4,33.0,3.63,0.33320833333333333
2012-04-01,0.0,32.1,5.46,0.3524583333333333
2012-04-02,0.3,30.5,4.58,0.31445833333333334
2012-04-03,14.1,30.9,3.44,0.338
2012-04-04,4.3,31.1,4.39,0.36916666666666664
2012-04-05,0.0,32.1,5.15,0.3431666666666667
2012-04-06,0.3,32.5,5.08,0.31245833333333334
2012-04-07,0.0,32.4,5.26,0.29724999999999996
2012-04-08,1.9,32.2,4.8,0.28020833333333334
2012-04-09,0.5,32.3,5.05,0.26929166666666665
2012-04-10,6.2,33.0,5.3,0.259375
2012-04-11,11.8,32.8,4.25,0.32641666666666663
2012-04-12,7.3,32.4,4.54,0.3765833333333333
2012-04-13,5.4,31.9,4.26,0.3725416666666667
2012-04-14,15.2,31.3,3.53,0.38045833333333334
2012-04-15,5.1,32.2,4.89,0.37637499999999996
2012-04-16,2.0,32.2,4.57,0.371
2012-04-17,0.0,32.6,5.01,0.355375
2012-04-18,1.7,32.8,4.8,0.33745833333333336
2012-04-19,0.2,32.8,5.15,0.3199166666666667
2012-04-20,0.0,33.2,5.47,0.2960833333333333
2012-04-21,0.7,32.8,4.85,0.2794583333333333
2012-04-22,9.3,32.0,3.96,0.32079166666666664
2012-04-23,3.1,32.0,4.47,0.363875
2012-04-24,1.3,32.7,5.03,0.33791666666666664
2012-04-25,4.3,32.8,4.72,0.32233333333333336
2012-04-26,0.6,33.6,5.03,0.31504166666666666
2012-04-27,11.7,31.6,4.29,0.3422083333333333
2012-04-28,18.1,30.9,3.76,0.38008333333333333
2012-04-29,5.2,31.1,3.58,0.37904166666666667
2012-04-30,11.2,30.1,2.95,0.39479166666666665
2012-05-01,3.0,32.1,4.41,0.380625
2012-05-02,6.1,31.2,4.43,0.385
2012-05-03,8.0,31.8,4.1,0.38208333333333333
2012-05-04,4.3,31.0,4.29,0.3793333333333333
2012-05-05,4.0,31.6,4.76,0.3774166666666667
2012-05-06,11.6,30.8,3.34,0.3815
2012-05-07,16.1,28.1,2.37,0.39329166666666665
2012-05-08,3.8,29.1,2.48,0.3933333333333333
2012-05-09,6.6,30.6,3.76,0.3947083333333334
2012-05-10,7.9,31.1,4.33,0.39091666666666663
2012-05-11,9.9,31.3,4.35,0.3874583333333333
2012-05-12,3.4,30.7,4.01,0.3917083333333333
2012-05-13,11.1,30.5,3.94,0.3890416666666667
2012-05-14,7.6,30.7,3.59,0.38637499999999997
2012-05-15,7.1,29.2,2.47,0.39879166666666666
2012-05-16,21.9,27.6,1.95,0.41583333333333333
2012-05-17,5.9,28.5,2.99,0.41562499999999997
2012-05-18,1.0,31.3,4.26,0.38958333333333334
2012-05-19,1.9,31.2,4.46,0.37470833333333337
2012-05-20,0.3,31.0,4.63,0.359875
2012-05-21,1.9,31.3,4.54,0.34725
2012-05-22,4.5,31.5,4.36,0.34479166666666666
2012-05-23,5.3,30.4,3.57,0.37204166666666666
2012-05-24,11.0,30.0,3.24,0.3902916666666667
2012-05-25,11.9,29.4,2.72,0.40575
2012-05-26,4.7,29.6,2.44,0.4087083333333333
2012-05-27,11.1,29.6,2.92,0.4134583333333333
2012-05-28,26.9,26.6,1.3,0.4294166666666666
2012-05-29,18.1,29.9,2.72,0.41966666666666663
2012-05-30,3.6,30.8,3.5,0.40762499999999996
2012-05-31,11.2,31.0,4.27,0.40162500000000007
2012-06-01,7.4,30.1,3.46,0.401875
2012-06-02,13.4,29.3,3.46,0.4086666666666667
2012-06-03,8.6,31.4,4.21,0.406125
2012-06-04,3.9,30.5,3.39,0.40608333333333335
2012-06-05,10.8,30.0,3.67,0.41333333333333333
2012-06-06,8.8,28.9,3.14,0.4114166666666667
2012-06-07,11.3,29.2,2.96,0.41766666666666663
2012-06-08,5.0,29.9,3.5,0.4104583333333333
2012-06-09,15.2,28.7,2.86,0.4131666666666667
2012-06-10,4.8,30.9,3.95,0.4059166666666667
2012-06-11,0.5,30.3,4.3,0.394375
2012-06-12,7.7,29.3,3.31,0.4057916666666667
2012-06-13,0.0,30.7,4.53,0.38866666666666666
2012-06-14,0.3,31.2,5.01,0.36954166666666666
2012-06-15,6.4,29.6,3.88,0.38195833333333334
2012-06-16,1.2,30.2,4.56,0.37520833333333337
2012-06-17,1.8,27.7,2.07,0.36624999999999996
2012-06-18,1.7,29.6,3.2,0.3661666666666667
2012-06-19,1.0,29.9,3.08,0.35666666666666663
2012-06-20,0.3,30.7,4.66,0.34470833333333334
2012-06-21,5.4,30.6,4.34,0.34400000000000003
2012-06-22,1.0,30.8,4.39,0.35141666666666665
2012-06-23,10.2,29.6,3.96,0.3724166666666667
2012-06-24,2.5,30.3,4.58,0.37175
2012-06-25,0.8,30.8,4.95,0.3522083333333333
2012-06-26,0.0,31.5,5.57,0.33229166666666665
2012-06-27,6.2,31.1,4.54,0.32858333333333334
2012-06-28,11.4,30.2,3.58,0.3681666666666667
2012-06-29,9.5,29.5,2.74,0.39175000000000004
2012-06-30,18.3,29.5,3.41,0.4090833333333333
2012-07-01,15.5,28.9,2.72,0.41354166666666664
2012-07-02,16.9,28.5,2.7,0.409125
2012-07-03,6.9,30.2,3.36,0.4067083333333333
2012-07-04,2.0,29.4,3.65,0.39770833333333333
2012-07-05,10.1,28.3,3.05,0.407875
2012-07-06,7.5,28.4,2.62,0.41204166666666664
2012-07-07,12.8,28.6,2.47,0.4146666666666667
2012-07-08,9.4,29.5,2.42,0.4147083333333333
2012-07-09,8.5,30.3,3.23,0.4116666666666666
2012-07-10,1.4,31.0,4.42,0.40199999999999997
2012-07-11,9.5,30.0,3.31,0.40475
2012-07-12,23.5,28.9,2.51,0.4230833333333333
2012-07-13,6.2,29.2,3.01,0.4164583333333333
2012-07-14,6.8,30.2,3.66,0.408375
2012-07-15,0.3,31.2,4.58,0.39225
2012-07-16,8.4,31.1,4.12,0.3938333333333333
2012-07-17,6.2,30.4,3.74,0.405125
2012-07-18,14.6,30.5,3.36,0.4109583333333333
2012-07-19,2.9,30.1,3.69,0.4066666666666667
2012-07-20,0.6,30.7,4.45,0.39258333333333334
2012-07-21,0.0,30.4,4.12,0.376875
2012-07-22,6.7,30.4,3.25,0.38795833333333335
2012-07-23,0.2,31.0,5.07,0.37958333333333333
2012-07-24,7.6,29.0,4.01,0.38637499999999997
2012-07-25,1.3,31.2,4.68,0.3833333333333333
2012-07-26,1.1,31.0,4.65,0.3725416666666667
2012-07-27,0.3,31.1,4.71,0.362625
2012-07-28,1.1,31.3,4.5,0.3470416666666667
2012-07-29,3.6,29.8,2.56,0.357875
2012-07-30,0.8,28.7,2.68,0.34925
2012-07-31,1.0,30.9,4.68,0.34354166666666663
2012-08-01,3.3,28.6,3.69,0.3485416666666667
2012-08-02,12.4,26.8,1.62,0.38858333333333334
2012-08-03,3.6,30.0,3.83,0.40158333333333335
2012-08-04,1.7,31.7,4.87,0.3798333333333333
2012-08-05,0.6,31.6,4.97,0.36466666666666664
2012-08-06,2.7,31.2,5.17,0.3546666666666667
2012-08-07,0.8,30.9,4.91,0.34525
2012-08-08,0.0,31.4,5.24,0.3313333333333333
2012-08-09,0.7,30.7,4.54,0.322
2012-08-10,1.4,31.2,4.77,0.31816666666666665
2012-08-11,0.5,32.1,5.26,0.3070833333333333
2012-08-12,0.3,31.7,5.13,0.297
2012-08-13,0.0,32.3,5.8,0.2831666666666667
2012-08-14,1.9,32.0,4.88,0.2738333333333334
2012-08-15,8.3,31.2,4.24,0.32116666666666666
2012-08-16,2.1,30.6,3.58,0.35670833333333335
2012-08-17,16.4,29.2,2.64,0.384625
2012-08-18,11.2,28.3,2.62,0.41654166666666664
2012-08-19,6.6,30.9,4.16,0.4115
2012-08-20,3.2,30.7,3.99,0.39570833333333333
2012-08-21,9.0,30.7,3.63,0.39358333333333334
2012-08-22,13.7,29.4,3.0,0.40229166666666666
2012-08-23,3.3,30.0,3.12,0.40641666666666665
2012-08-24,11.9,29.1,2.59,0.40995833333333337
2012-08-25,11.8,27.6,1.94,0.42050000000000004
2012-08-26,8.1,31.1,3.37,0.42241666666666666
2012-08-27,5.6,30.0,3.05,0.41124999999999995
2012-08-28,4.9,29.4,3.48,0.40791666666666665
2012-08-29,2.7,30.3,3.94,0.4015416666666667
2012-08-30,1.1,31.5,5.06,0.39399999999999996
2012-08-31,8.3,31.1,4.0,0.398375
2012-09-01,5.6,29.8,3.12,0.406375
2012-09-02,6.0,29.7,3.37,0.40958333333333335
2012-09-03,17.3,30.4,4.03,0.4074166666666667
2012-09-04,13.6,31.4,3.67,0.40758333333333335
2012-09-05,19.3,29.4,2.29,0.4174583333333333
2012-09-06,12.0,27.6,2.09,0.41687499999999994
2012-09-07,9.0,29.5,3.02,0.41483333333333333
2012-09-08,11.6,31.4,4.36,0.4134166666666667
2012-09-09,8.3,31.7,4.22,0.41279166666666667
2012-09-10,14.1,29.8,3.02,0.4189583333333333
2012-09-11,13.2,29.3,2.46,0.4195
2012-09-12,11.8,27.2,1.66,0.41804166666666664
2012-09-13,20.4,26.3,1.68,0.426
2012-09-14,8.6,29.7,3.27,0.4162083333333333
2012-09-15,9.2,28.7,2.29,0.420375
2012-09-16,13.3,27.8,2.34,0.42283333333333334
2012-09-17,2.0,29.9,3.66,0.41020833333333334
2012-09-18,5.7,29.8,3.49,0.40370833333333334
2012-09-19,3.8,29.9,3.79,0.3974583333333333
2012-09-20,15.6,29.6,3.01,0.4030416666666667
2012-09-21,13.9,29.4,2.9,0.41712499999999997
2012-09-22,6.7,30.0,3.31,0.41575
2012-09-23,9.5,30.1,3.52,0.4121666666666666
2012-09-24,12.8,29.8,2.81,0.41204166666666664
2012-09-25,12.0,29.4,2.13,0.41629166666666667
2012-09-26,16.2,28.7,1.85,0.41733333333333333
2012-09-27,13.9,29.3,2.03,0.41791666666666666
2012-09-28,18.3,26.2,1.63,0.42641666666666667
2012-09-29,11.1,28.7,2.29,0.4194583333333333
2012-09-30,13.8,29.7,2.74,0.416
2012-10-01,12.2,29.0,2.5,0.41816666666666663
2012-10-02,12.1,29.5,2.48,0.41825
2012-10-03,11.4,29.9,2.63,0.4194583333333333
2012-10-04,5.1,30.8,3.87,0.4075
2012-10-05,17.3,28.6,2.46,0.4090416666666667
2012-10-06,27.3,29.8,2.76,0.4182916666666667
2012-10-07,27.0,27.1,1.43,0.42487499999999995
2012-10-08,2.8,29.7,3.15,0.40454166666666663
2012-10-09,8.0,31.0,3.73,0.39845833333333336
2012-10-10,4.8,31.6,4.31,0.39366666666666666
2012-10-11,0.7,31.4,4.19,0.3937916666666667
2012-10-12,0.9,31.8,4.37,0.3774166666666667
2012-10-13,2.7,30.2,3.64,0.3741666666666667
2012-10-14,21.1,30.1,3.08,0.39087500000000003
2012-10-15,4.7,31.0,3.73,0.40425
2012-10-16,6.8,31.2,3.98,0.40025
2012-10-17,1.1,30.8,3.49,0.399125
2012-10-18,0.0,31.0,4.49,0.3801666666666667
2012-10-19,0.1,31.3,4.56,0.361875
2012-10-20,1.2,31.4,4.27,0.3524583333333333
2012-10-21,7.0,31.9,4.2,0.3577916666666667
2012-10-22,14.4,29.3,2.36,0.395875
2012-10-23,17.8,28.8,1.92,0.42120833333333335
2012-10-24,0.1,31.1,4.31,0.3940416666666667
2012-10-25,0.1,31.8,4.46,0.3745416666666667
2012-10-26,0.1,32.0,4.63,0.3577083333333333
2012-10-27,0.0,31.3,3.91,0.34349999999999997
2012-10-28,1.4,31.8,4.32,0.3362083333333334
2012-10-29,7.0,32.1,4.06,0.3495
2012-10-30,13.5,30.4,2.77,0.3749166666666666
2012-10-31,7.3,30.8,3.3,0.39479166666666665
2012-11-01,0.6,30.7,3.88,0.3829166666666666
2012-11-02,3.3,30.9,3.96,0.37833333333333335
2012-11-03,3.7,30.7,3.62,0.387
2012-11-04,6.4,31.0,3.29,0.3980416666666667
2012-11-05,8.4,31.1,3.78,0.40858333333333335
2012-11-06,9.8,31.3,3.53,0.4055416666666667
2012-11-07,0.5,31.0,3.57,0.39725000000000005
2012-11-08,0.3,31.6,4.06,0.3794583333333333
2012-11-09,0.1,31.8,4.12,0.3647916666666666
2012-11-10,0.5,31.7,3.96,0.3518333333333333
2012-11-11,6.0,30.5,3.23,0.36575
2012-11-12,1.2,31.2,3.9,0.3789166666666666
2012-11-13,0.0,31.9,4.07,0.35433333333333333
2012-11-14,4.8,27.8,1.88,0.3485833333333333
2012-11-15,27.2,27.6,2.45,0.38187499999999996
2012-11-16,6.2,28.9,2.09,0.41008333333333336
2012-11-17,7.4,30.3,3.35,0.4056666666666667
2012-11-18,5.9,30.9,3.52,0.4034166666666667
2012-11-19,3.6,28.6,2.12,0.401
2012-11-20,1.9,29.5,2.67,0.3960000000000001
2012-11-21,5.0,30.8,2.82,0.400625
2012-11-22,5.1,30.8,3.24,0.40125000000000005
2012-11-23,11.0,30.6,2.96,0.4040416666666667
2012-11-24,5.2,29.2,2.42,0.40879166666666666
2012-11-25,2.3,31.0,3.51,0.40129166666666666
2012-11-26,0.3,30.9,4.06,0.3842083333333333
2012-11-27,3.1,30.9,3.8,0.3793333333333333
2012-11-28,5.1,30.0,3.16,0.388125
2012-11-29,0.0,30.4,3.85,0.37670833333333337
2012-11-30,14.4,30.6,3.01,0.37883333333333336
2012-12-01,0.0,30.9,4.06,0.37675
2012-12-02,0.0,30.5,3.78,0.35804166666666665
2012-12-03,0.1,31.2,3.81,0.34450000000000003
2012-12-04,0.1,30.7,3.65,0.33287500000000003
2012-12-05,0.0,31.4,4.13,0.321125
2012-12-06,0.4,30.6,3.64,0.3130833333333333
2012-12-07,1.7,29.8,3.09,0.3122916666666667
2012-12-08,0.5,30.8,3.64,0.31904166666666667
2012-12-09,0.6,30.4,3.6,0.31483333333333335
2012-12-10,0.8,30.5,3.45,0.31183333333333335
2012-12-11,0.8,30.7,3.73,0.3045833333333333
2012-12-12,0.3,30.6,3.79,0.2965
2012-12-13,0.4,30.6,3.76,0.28591666666666665
2012-12-14,0.2,31.3,3.89,0.27666666666666667
2012-12-15,0.5,31.4,4.01,0.26866666666666666
2012-12-16,0.0,32.3,4.29,0.26004166666666667
2012-12-17,0.0,32.8,4.49,0.24850000000000003
2012-12-18,0.0,32.9,4.69,0.236375
2012-12-19,0.1,32.1,4.31,0.22687500000000002
2012-12-20,0.0,32.2,4.68,0.21804166666666666
2012-12-21,0.0,32.1,4.14,0.20891666666666664
2012-12-22,0.3,32.6,4.4,0.20341666666666666
2012-12-23,0.0,31.6,3.78,0.20154166666666665
2012-12-24,0.0,31.2,5.12,0.19287500000000002
2012-12-25,0.0,29.5,4.05,0.18479166666666666
2012-12-26,0.0,31.9,4.44,0.17875
2012-12-27,0.0,32.1,4.29,0.17300000000000001
2012-12-28,0.0,32.5,4.22,0.16804166666666667
2012-12-29,5.1,28.2,1.4,0.19758333333333333
2012-12-30,5.0,31.8,3.7,0.2615
2012-12-31,1.1,30.5,3.75,0.31116666666666665
2013-01-01,0.0,29.6,3.5,0.27691666666666664
2013-01-02,0.2,30.2,3.62,0.2549166666666667
2013-01-03,0.0,30.8,3.84,0.23695833333333335
2013-01-04,0.1,30.5,3.18,0.22412500000000002
2013-01-05,0.0,30.8,3.69,0.2127083333333333
2013-01-06,22.4,26.2,2.19,0.2979583333333333
2013-01-07,26.0,24.8,1.01,0.4033333333333333
2013-01-08,3.1,28.9,2.52,0.37395833333333334
2013-01-09,0.7,27.9,2.28,0.3582083333333333
2013-01-10,1.6,29.4,3.32,0.3450416666666667
2013-01-11,0.0,28.8,3.13,0.33408333333333334
2013-01-12,0.2,29.5,3.7,0.31904166666666667
2013-01-13,0.6,28.9,3.73,0.30745833333333333
2013-01-14,0.6,28.6,3.56,0.29904166666666665
2013-01-15,0.6,28.5,3.12,0.294
2013-01-16,0.1,29.5,3.79,0.28541666666666665
2013-01-17,0.0,29.1,4.18,0.26975
2013-01-18,0.1,28.3,3.77,0.254
2013-01-19,0.0,28.6,4.35,0.24008333333333334
2013-01-20,0.0,30.3,3.93,0.22745833333333335
2013-01-21,0.0,30.7,4.21,0.21662499999999998
2013-01-22,0.2,30.4,4.4,0.20758333333333331
2013-01-23,0.2,29.8,4.11,0.20166666666666666
2013-01-24,0.0,29.6,3.41,0.19620833333333335
2013-01-25,0.0,30.0,4.32,0.18933333333333335
2013-01-26,0.0,29.6,4.14,0.18233333333333332
2013-01-27,0.0,30.1,4.39,0.17620833333333333
2013-01-28,0.0,31.0,4.68,0.17016666666666666
2013-01-29,0.0,30.2,4.12,0.16516666666666668
2013-01-30,0.0,32.2,5.49,0.160625
2013-01-31,0.0,32.1,5.32,0.15616666666666668
2013-02-01,0.0,31.7,4.63,0.15266666666666664
2013-02-02,0.0,32.2,4.95,0.15008333333333332
2013-02-03,0.0,32.7,5.53,0.1485
2013-02-04,0.0,34.0,6.1,0.14695833333333333
2013-02-05,0.0,33.0,5.34,0.14495833333333333
2013-02-06,0.0,32.5,4.92,0.14312499999999997
2013-02-07,0.0,31.4,4.03,0.14166666666666664
2013-02-08,0.0,32.3,3.89,0.14129166666666665
2013-02-09,0.0,32.8,5.43,0.14054166666666665
2013-02-10,0.0,33.0,5.65,0.13954166666666667
2013-02-11,0.0,32.1,4.84,0.13854166666666667
2013-02-12,0.0,33.6,5.51,0.1376666666666667
2013-02-13,0.0,33.7,5.87,0.137
2013-02-14,0.0,33.1,4.86,0.13733333333333334
2013-02-15,0.0,33.5,5.57,0.13754166666666667
2013-02-16,0.0,33.9,5.72,0.137
2013-02-17,0.0,33.5,5.74,0.13654166666666667
2013-02-18,0.0,34.0,6.14,0.136
2013-02-19,0.0,33.9,5.51,0.13566666666666669
2013-02-20,0.0,32.9,5.17,0.13504166666666667
2013-02-21,0.0,33.4,4.72,0.135
2013-02-22,11.2,26.3,1.48,0.198375
2013-02-23,3.3,28.1,2.88,0.279875
2013-02-24,0.1,29.8,4.04,0.27908333333333335
2013-02-25,0.0,32.6,5.54,0.25070833333333337
2013-02-26,0.0,33.8,5.95,0.21875
2013-02-27,0.0,32.8,5.62,0.19608333333333336
2013-02-28,0.0,33.5,5.52,0.18066666666666667
2013-03-01,0.0,33.1,4.88,0.170625
2013-03-02,0.0,34.7,5.75,0.16345833333333334
2013-03-03,0.0,34.4,6.32,0.15616666666666668
2013-03-04,0.1,32.7,5.06,0.15216666666666667
2013-03-05,1.3,33.2,5.06,0.15945833333333334
2013-03-06,0.0,33.5,5.68,0.15470833333333334
2013-03-07,0.0,34.2,5.9,0.15008333333333332
2013-03-08,0.0,33.9,5.8,0.1465
2013-03-09,0.0,32.8,5.24,0.14391666666666666
2013-03-10,0.0,33.6,5.14,0.14220833333333333
2013-03-11,0.0,34.4,6.04,0.14054166666666665
2013-03-12,0.0,32.6,4.81,0.13941666666666666
2013-03-13,0.0,34.2,5.51,0.1385
2013-03-14,0.0,34.0,5.5,0.13829166666666667
2013-03-15,0.7,35.1,5.47,0.140875
2013-03-16,0.0,32.9,5.28,0.14804166666666665
2013-03-17,0.0,34.0,5.14,0.14704166666666665
2013-03-18,0.2,33.7,4.19,0.14629166666666665
2013-03-19,0.0,35.8,6.46,0.14416666666666667
2013-03-20,0.0,35.8,6.28,0.14175
2013-03-21,0.0,35.8,6.18,0.13958333333333336
2013-03-22,0.0,35.5,5.64,0.13858333333333336
2013-03-23,0.0,35.2,5.67,0.1381666666666667
2013-03-24,0.0,35.4,5.47,0.13745833333333335
2013-03-25,2.6,34.7,5.26,0.1461666666666667
2013-03-26,6.4,35.6,5.15,0.18283333333333332
2013-03-27,0.4,35.4,5.41,0.2101666666666667
2013-03-28,0.1,35.2,6.03,0.1894583333333333
2013-03-29,0.2,36.5,6.02,0.1735
2013-03-30,0.5,36.3,5.89,0.163125
2013-03-31,0.5,34.8,5.27,0.16179166666666667
2013-04-01,0.8,35.2,5.16,0.17279166666666668
2013-04-02,1.7,34.7,5.07,0.191375
2013-04-03,6.9,34.6,4.43,0.21004166666666668
2013-04-04,0.3,35.4,5.43,0.22783333333333333
2013-04-05,1.1,35.7,6.02,0.21408333333333332
2013-04-06,0.4,36.9,6.43,0.1935416666666667
2013-04-07,13.8,36.8,5.3,0.21354166666666666
2013-04-08,15.4,33.5,3.69,0.32325
2013-04-09,1.4,33.2,4.45,0.29724999999999996
2013-04-10,22.7,31.3,2.94,0.33208333333333334
2013-04-11,4.2,32.9,3.83,0.3468333333333333
2013-04-12,14.3,31.7,2.47,0.3817083333333333
2013-04-13,24.5,29.0,2.9,0.39045833333333335
2013-04-14,3.9,29.3,2.55,0.395
2013-04-15,1.0,31.6,3.88,0.36879166666666663
2013-04-16,6.4,32.2,4.27,0.3649166666666666
2013-04-17,3.1,31.7,4.27,0.3713333333333333
2013-04-18,0.4,32.1,4.62,0.3546666666666667
2013-04-19,0.6,32.3,5.31,0.32845833333333335
2013-04-20,0.0,32.4,5.02,0.3056666666666667
2013-04-21,0.0,32.4,4.73,0.2848333333333333
2013-04-22,15.2,32.2,4.29,0.3089166666666667
2013-04-23,18.4,30.1,2.81,0.38729166666666665
2013-04-24,2.5,31.6,4.05,0.3761666666666667
2013-04-25,1.3,32.2,4.39,0.36283333333333334
2013-04-26,0.6,32.0,4.66,0.3405416666666667
2013-04-27,0.0,32.2,4.86,0.32
2013-04-28,6.3,31.9,4.54,0.3280416666666667
2013-04-29,0.4,32.3,4.95,0.3389583333333333
2013-04-30,0.1,32.6,4.87,0.311375
2013-05-01,2.9,32.5,4.97,0.29875
2013-05-02,1.7,32.5,4.75,0.29524999999999996
2013-05-03,1.7,32.9,4.77,0.28641666666666665
2013-05-04,5.5,32.5,3.74,0.31079166666666663
2013-05-05,6.2,32.1,4.14,0.342625
2013-05-06,6.3,32.1,3.83,0.3617916666666667
2013-05-07,8.5,32.5,4.03,0.36470833333333336
2013-05-08,9.5,31.6,3.68,0.38666666666666666
2013-05-09,10.9,31.1,3.19,0.38775000000000004
2013-05-10,3.8,32.4,4.67,0.37270833333333336
2013-05-11,10.4,32.4,4.5,0.3757916666666667
2013-05-12,14.1,31.9,3.8,0.38916666666666666
2013-05-13,6.1,29.8,3.71,0.4015416666666667
2013-05-14,0.4,32.9,4.98,0.374125
2013-05-15,7.6,31.7,3.92,0.37845833333333334
2013-05-16,4.6,31.9,4.13,0.38445833333333335
2013-05-17,4.0,30.8,3.63,0.3804166666666667
2013-05-18,7.8,30.8,3.69,0.3822083333333333
2013-05-19,8.2,30.2,3.24,0.391125
2013-05-20,1.8,30.7,3.9,0.3864166666666667
2013-05-21,14.3,30.9,3.39,0.3945
2013-05-22,2.3,31.9,4.69,0.3884166666666667
2013-05-23,9.9,31.3,3.75,0.39129166666666665
2013-05-24,22.2,30.3,3.2,0.403
2013-05-25,11.3,30.0,3.65,0.40845833333333337
2013-05-26,1.7,31.0,4.01,0.39266666666666666
2013-05-27,1.7,31.5,4.59,0.37316666666666665
2013-05-28,12.1,31.2,4.28,0.38104166666666667
2013-05-29,8.9,31.0,3.6,0.3915
2013-05-30,7.7,30.8,3.39,0.3919166666666667
2013-05-31,6.7,31.0,4.11,0.39375
2013-06-01,5.0,30.5,3.54,0.40079166666666666
2013-06-02,9.9,30.5,3.57,0.3984166666666667
2013-06-03,4.9,30.6,3.06,0.4001666666666667
2013-06-04,8.9,30.1,2.84,0.40395833333333336
2013-06-05,13.3,30.1,3.29,0.40254166666666663
2013-06-06,5.5,30.6,3.38,0.40275
2013-06-07,4.3,31.7,4.73,0.39891666666666664
2013-06-08,3.0,31.9,4.62,0.395
2013-06-09,4.6,31.6,4.14,0.39516666666666667
2013-06-10,12.1,31.2,3.92,0.396125
2013-06-11,9.6,29.9,3.03,0.40245833333333336
2013-06-12,16.3,29.3,2.5,0.4110416666666667
2013-06-13,3.9,28.5,2.79,0.40620833333333334
2013-06-14,24.5,26.1,1.21,0.42691666666666667
2013-06-15,15.7,27.5,1.68,0.429375
2013-06-16,24.9,26.4,1.46,0.4251666666666667
2013-06-17,11.8,28.1,2.43,0.415375
2013-06-18,3.5,29.9,3.39,0.40570833333333334
2013-06-19,9.4,30.0,3.27,0.4020416666666667
2013-06-20,8.2,29.4,3.0,0.407375
2013-06-21,7.4,29.7,3.31,0.4058333333333333
2013-06-22,7.9,27.3,2.21,0.41087500000000005
2013-06-23,9.0,28.4,2.71,0.413
2013-06-24,5.4,29.4,2.86,0.40991666666666665
2013-06-25,7.2,31.4,4.37,0.4014583333333333
2013-06-26,8.1,31.6,4.63,0.3994166666666667
2013-06-27,17.1,30.9,4.0,0.40804166666666664
2013-06-28,3.8,31.1,4.14,0.40720833333333334
2013-06-29,2.5,30.5,4.32,0.39683333333333337
2013-06-30,8.1,31.7,4.49,0.40041666666666664
2013-07-01,11.3,30.3,3.55,0.4077916666666667
2013-07-02,8.2,30.5,3.93,0.40645833333333337
2013-07-03,8.2,28.7,3.18,0.412
2013-07-04,23.5,28.4,2.17,0.41891666666666666
2013-07-05,18.8,30.5,3.22,0.411
2013-07-06,18.3,29.6,2.7,0.424625
2013-07-07,8.9,28.3,2.56,0.4218333333333333
2013-07-08,13.2,29.4,3.12,0.4194166666666666
2013-07-09,6.9,28.5,2.19,0.42
2013-07-10,6.2,30.3,4.32,0.41329166666666667
2013-07-11,0.9,31.1,4.94,0.40199999999999997
2013-07-12,0.0,31.9,5.17,0.38445833333333335
2013-07-13,0.1,32.2,5.01,0.36424999999999996
2013-07-14,10.8,29.9,4.02,0.38045833333333334
2013-07-15,13.3,28.3,2.47,0.404125
2013-07-16,2.6,29.0,3.26,0.4095
2013-07-17,1.0,29.1,2.93,0.3959166666666667
2013-07-18,7.1,29.4,4.19,0.40162499999999995
2013-07-19,20.0,28.0,2.45,0.41570833333333335
2013-07-20,3.3,27.1,1.88,0.4180833333333333
2013-07-21,9.3,25.9,1.27,0.41487500000000005
2013-07-22,11.0,28.3,2.37,0.4163333333333334
2013-07-23,27.1,27.9,2.06,0.42416666666666664
2013-07-24,3.8,29.3,3.42,0.4134166666666666
2013-07-25,2.1,29.9,4.09,0.39645833333333336
2013-07-26,1.4,30.7,4.47,0.3842916666666667
2013-07-27,7.3,30.3,3.61,0.3915
2013-07-28,2.7,30.5,3.7,0.39408333333333334
2013-07-29,6.1,30.0,2.89,0.39937500000000004
2013-07-30,9.5,30.3,4.1,0.4002916666666667
2013-07-31,16.0,30.2,2.81,0.4051666666666667
2013-08-01,10.6,29.1,2.63,0.41625
2013-08-02,16.1,28.0,2.04,0.4262083333333333
2013-08-03,4.7,29.6,2.89,0.41254166666666664
2013-08-04,4.9,30.8,4.09,0.41370833333333334
2013-08-05,9.9,31.2,4.4,0.40729166666666666
2013-08-06,11.9,29.3,2.15,0.41479166666666667
2013-08-07,11.6,29.2,3.4,0.41650000000000004
2013-08-08,9.1,28.9,2.73,0.409875
2013-08-09,6.8,29.7,3.27,0.40750000000000003
2013-08-10,8.0,30.6,3.7,0.40720833333333334
2013-08-11,17.5,28.2,1.72,0.4194583333333333
2013-08-12,10.8,29.6,2.66,0.41625
2013-08-13,10.4,28.6,1.67,0.4202916666666667
2013-08-14,1.4,30.7,4.0,0.406125
2013-08-15,3.3,30.9,4.43,0.39695833333333336
2013-08-16,1.4,31.2,4.51,0.39366666666666666
2013-08-17,4.3,31.9,4.8,0.39525000000000005
2013-08-18,4.7,31.0,4.56,0.39758333333333334
2013-08-19,0.7,31.2,5.02,0.384125
2013-08-20,0.0,31.2,6.2,0.3625
2013-08-21,2.3,30.6,5.05,0.3549166666666666
2013-08-22,2.6,30.4,4.53,0.3625833333333333
2013-08-23,4.3,29.3,3.77,0.3685
2013-08-24,8.0,29.2,3.14,0.38279166666666664
2013-08-25,11.1,27.7,2.09,0.4114166666666667
2013-08-26,3.0,30.0,2.9,0.409375
2013-08-27,5.8,30.7,3.93,0.402625
2013-08-28,1.9,29.3,3.45,0.396375
2013-08-29,0.5,30.7,4.45,0.3845416666666667
2013-08-30,10.8,31.2,3.88,0.38891666666666663
2013-08-31,8.0,31.6,4.4,0.39595833333333336
2013-09-01,6.2,32.0,4.73,0.39366666666666666
2013-09-02,2.3,31.7,4.79,0.38933333333333336
2013-09-03,6.7,32.0,4.4,0.39266666666666666
2013-09-04,0.4,31.9,4.42,0.3862916666666667
2013-09-05,4.1,31.4,3.99,0.3825416666666667
2013-09-06,2.0,30.2,3.82,0.3930416666666667
2013-09-07,31.1,29.2,2.56,0.4195
2013-09-08,8.3,30.4,3.23,0.4174166666666666
2013-09-09,10.5,30.6,3.84,0.415
2013-09-10,40.2,30.6,3.49,0.42366666666666664
2013-09-11,10.5,29.7,3.16,0.4142083333333333
2013-09-12,9.2,28.8,2.03,0.4150833333333333
2013-09-13,11.8,28.8,1.88,0.4210833333333333
2013-09-14,12.2,29.6,2.76,0.42074999999999996
2013-09-15,10.5,29.8,3.23,0.41662499999999997
2013-09-16,5.9,30.3,3.03,0.4090416666666667
2013-09-17,14.5,29.8,2.97,0.41720833333333335
2013-09-18,2.5,28.8,2.8,0.41083333333333333
2013-09-19,0.2,29.8,3.64,0.3932083333333334
2013-09-20,15.5,29.4,3.74,0.41162499999999996
2013-09-21,5.3,30.4,3.09,0.41208333333333336
2013-09-22,5.9,29.1,2.48,0.40608333333333335
2013-09-23,4.1,29.6,3.46,0.4081666666666666
2013-09-24,2.1,29.3,2.96,0.4020416666666667
2013-09-25,3.0,28.8,2.4,0.40425
2013-09-26,2.6,30.3,3.17,0.39737500000000003
2013-09-27,2.6,31.2,4.11,0.394125
2013-09-28,1.3,30.8,4.55,0.38237499999999996
2013-09-29,3.9,30.2,3.84,0.379875
2013-09-30,12.0,29.9,3.54,0.3914583333333333
2013-10-01,13.4,30.4,3.65,0.4031666666666667
2013-10-02,12.7,29.1,2.31,0.411875
2013-10-03,2.3,29.7,2.84,0.4117916666666666
2013-10-04,4.0,30.3,4.02,0.412625
2013-10-05,9.7,28.0,2.29,0.41825
2013-10-06,29.1,27.3,1.68,0.4242916666666667
2013-10-07,16.1,27.4,1.93,0.4222083333333333
2013-10-08,12.8,29.7,3.17,0.41333333333333333
2013-10-09,13.5,29.1,3.11,0.4134166666666667
2013-10-10,0.6,31.1,4.1,0.398625
2013-10-11,1.1,31.1,4.29,0.38758333333333334
2013-10-12,13.6,31.0,3.56,0.39529166666666665
2013-10-13,10.2,30.4,3.27,0.41158333333333336
2013-10-14,2.7,31.1,3.03,0.40791666666666665
2013-10-15,3.2,30.0,3.48,0.403125
2013-10-16,11.8,30.0,3.0,0.407875
2013-10-17,2.4,31.5,4.07,0.40575
2013-10-18,3.1,31.5,3.94,0.4035
2013-10-19,16.4,30.1,3.07,0.41958333333333336
2013-10-20,10.7,31.1,4.04,0.41054166666666664
2013-10-21,3.0,30.7,3.85,0.4149583333333333
2013-10-22,1.8,31.4,4.04,0.40479166666666666
2013-10-23,10.3,30.8,3.95,0.414
2013-10-24,2.4,31.0,3.9,0.4075
2013-10-25,6.5,30.9,3.88,0.4075416666666667
2013-10-26,6.6,28.8,2.41,0.42087499999999994
2013-10-27,19.1,30.0,3.27,0.41475
2013-10-28,2.7,30.9,4.29,0.40608333333333335
2013-10-29,0.3,30.8,4.16,0.385
2013-10-30,1.9,30.6,3.32,0.37962500000000005
2013-10-31,2.6,31.2,3.83,0.37762500000000004
2013-11-01,0.3,30.6,3.84,0.3689166666666666
2013-11-02,0.4,31.2,4.09,0.35624999999999996
2013-11-03,0.0,31.6,4.4,0.3421666666666667
2013-11-04,0.0,31.3,4.42,0.32725
2013-11-05,0.0,32.0,4.77,0.31316666666666665
2013-11-06,16.0,32.3,4.14,0.33525
2013-11-07,48.1,27.3,1.27,0.42650000000000005
2013-11-08,3.3,30.2,2.94,0.403125
2013-11-09,0.0,31.3,4.38,0.38883333333333336
2013-11-10,1.5,30.4,3.77,0.3765416666666667
2013-11-11,1.3,31.2,3.8,0.3755
2013-11-12,2.4,31.0,3.48,0.37954166666666667
2013-11-13,2.7,30.9,3.65,0.3913333333333333
2013-11-14,0.1,31.3,3.56,0.37566666666666665
2013-11-15,10.8,27.4,1.38,0.391125
2013-11-16,5.7,29.9,3.22,0.4039166666666667
2013-11-17,1.7,30.6,3.35,0.4030416666666667
2013-11-18,4.2,30.7,3.78,0.3965
2013-11-19,0.4,31.0,4.01,0.38375000000000004
2013-11-20,5.0,29.0,2.98,0.37362500000000004
2013-11-21,13.2,26.3,1.26,0.412625
2013-11-22,4.3,28.0,1.74,0.40687500000000004
2013-11-23,5.1,28.1,1.79,0.40429166666666666
2013-11-24,8.2,30.6,3.55,0.399875
2013-11-25,4.6,30.9,3.74,0.40120833333333333
2013-11-26,1.6,30.1,3.47,0.3962916666666667
2013-11-27,13.0,30.2,2.34,0.39641666666666664
2013-11-28,8.1,30.1,2.85,0.40525000000000005
2013-11-29,0.9,30.2,3.87,0.39433333333333337
2013-11-30,0.0,29.9,3.97,0.37479166666666663
2013-12-01,0.0,29.1,3.84,0.358875
2013-12-02,0.2,27.9,3.81,0.3452916666666667
2013-12-03,0.2,28.7,3.89,0.334625
2013-12-04,0.5,29.9,3.68,0.32633333333333336
2013-12-05,0.0,30.1,3.53,0.319
2013-12-06,0.0,29.2,3.44,0.30904166666666666
2013-12-07,0.0,29.1,3.54,0.29916666666666664
2013-12-08,0.0,29.9,4.31,0.28825
2013-12-09,0.0,29.6,3.36,0.2784166666666667
2013-12-10,0.0,30.8,4.28,0.26933333333333337
2013-12-11,0.0,30.7,3.66,0.25958333333333333
2013-12-12,0.0,30.8,3.86,0.2515
2013-12-13,0.0,31.3,3.94,0.24266666666666667
2013-12-14,3.1,31.0,3.38,0.25075
2013-12-15,0.4,29.8,3.33,0.2828333333333333
2013-12-16,12.5,29.2,2.02,0.3164166666666666
2013-12-17,15.6,29.8,3.2,0.34958333333333336
2013-12-18,0.4,27.0,2.84,0.3492916666666666
2013-12-19,0.0,28.1,3.33,0.33145833333333335
2013-12-20,0.0,27.7,3.8,0.31216666666666665
2013-12-21,0.0,28.1,3.75,0.29562499999999997
2013-12-22,0.0,28.7,3.63,0.28229166666666666
2013-12-23,0.0,29.7,4.45,0.2694166666666667
2013-12-24,0.0,28.9,4.0,0.256875
2013-12-25,0.0,29.4,4.01,0.2459583333333333
2013-12-26,0.0,29.4,4.49,0.23458333333333334
2013-12-27,0.0,29.2,4.33,0.22358333333333333
2013-12-28,0.0,26.9,3.59,0.21424999999999997
2013-12-29,0.1,27.5,3.79,0.20675
2013-12-30,0.0,28.2,4.14,0.19966666666666666
2013-12-31,0.0,29.0,3.71,0.19308333333333336
2014-01-01,0.0,28.8,3.43,0.18708333333333335
2014-01-02,0.0,29.7,3.58,0.18154166666666668
2014-01-03,0.0,30.1,3.19,0.17695833333333333
2014-01-04,7.3,29.3,3.17,0.1991666666666667
2014-01-05,0.0,29.5,3.27,0.2635
2014-01-06,0.0,29.5,3.74,0.24616666666666664
2014-01-07,0.0,30.6,4.02,0.2295
2014-01-08,0.1,28.8,2.28,0.217
2014-01-09,1.4,28.7,2.76,0.21045833333333333
2014-01-10,0.0,29.1,3.25,0.20195833333333335
2014-01-11,0.0,30.2,4.2,0.19195833333333334
2014-01-12,0.0,30.0,3.77,0.18233333333333332
2014-01-13,0.0,30.9,4.44,0.17429166666666665
2014-01-14,0.0,29.7,4.54,0.16945833333333335
2014-01-15,0.0,29.0,4.6,0.16316666666666668
2014-01-16,0.0,28.2,4.02,0.15816666666666668
2014-01-17,0.0,28.7,4.27,0.15462499999999998
2014-01-18,0.0,28.7,4.15,0.15166666666666664
2014-01-19,0.0,28.1,5.03,0.14916666666666667
2014-01-20,0.0,29.5,5.0,0.14716666666666667
2014-01-21,1.3,29.2,4.68,0.14925
2014-01-22,0.0,28.2,5.28,0.14854166666666666
2014-01-23,0.0,27.4,4.58,0.14654166666666665
2014-01-24,0.0,27.9,4.49,0.145
2014-01-25,0.0,27.6,3.84,0.1435
2014-01-26,0.0,28.2,3.87,0.14245833333333333
2014-01-27,0.0,29.7,4.5,0.1415
2014-01-28,0.0,29.3,4.18,0.14049999999999999
2014-01-29,0.0,29.8,4.39,0.1395
2014-01-30,0.0,29.6,4.35,0.13862500000000003
2014-01-31,0.0,29.4,4.23,0.138
2014-02-01,0.0,29.4,4.01,0.13754166666666667
2014-02-02,0.0,28.8,3.75,0.13758333333333336
2014-02-03,0.0,30.4,3.93,0.13770833333333335
2014-02-04,0.0,29.4,3.35,0.13845833333333335
2014-02-05,0.0,28.2,3.09,0.140125
2014-02-06,0.0,29.8,4.59,0.140625
2014-02-07,0.0,30.3,4.27,0.1396666666666667
2014-02-08,0.0,31.1,4.87,0.1386666666666667
2014-02-09,0.0,31.5,4.82,0.138
2014-02-10,0.0,31.9,5.08,0.137375
2014-02-11,0.3,30.5,4.31,0.138
2014-02-12,0.2,31.2,4.65,0.13958333333333336
2014-02-13,0.0,31.0,5.0,0.13995833333333335
2014-02-14,0.0,31.5,4.67,0.13954166666666667
2014-02-15,0.0,31.8,5.25,0.13862500000000003
2014-02-16,0.0,31.4,5.44,0.138
2014-02-17,0.0,31.9,5.25,0.13754166666666667
2014-02-18,0.0,32.1,5.23,0.137
2014-02-19,0.0,31.1,4.63,0.1369166666666667
2014-02-20,0.0,31.5,5.63,0.13658333333333336
2014-02-21,0.5,30.8,4.56,0.1365
2014-02-22,0.3,31.4,4.81,0.13870833333333335
2014-02-23,0.2,29.9,4.51,0.14020833333333335
2014-02-24,0.0,31.5,5.07,0.14054166666666665
2014-02-25,0.0,32.2,5.5,0.13925
2014-02-26,0.0,32.3,5.47,0.138
2014-02-27,0.0,32.3,5.98,0.13741666666666666
2014-02-28,0.0,32.5,5.97,0.13658333333333336
2014-03-01,0.0,32.3,4.68,0.136
2014-03-02,0.0,33.1,5.41,0.13575
2014-03-03,0.0,33.4,5.47,0.1355
2014-03-04,0.0,32.4,5.26,0.135
2014-03-05,0.0,33.5,6.1,0.135
2014-03-06,0.0,33.0,5.63,0.135
2014-03-07,0.0,33.1,5.2,0.13529166666666667
2014-03-08,0.0,33.2,5.73,0.13516666666666668
2014-03-09,0.0,33.6,5.58,0.135
2014-03-10,0.0,34.1,6.35,0.135
2014-03-11,0.0,34.4,6.4,0.135
2014-03-12,0.0,35.4,6.87,0.135
2014-03-13,0.0,34.3,4.93,0.135
2014-03-14,0.0,34.7,5.69,0.135
2014-03-15,0.0,35.7,7.12,0.135
2014-03-16,0.8,35.9,7.08,0.13645833333333335
2014-03-17,1.0,35.0,6.49,0.14291666666666666
2014-03-18,0.0,35.2,6.57,0.14833333333333332
2014-03-19,0.0,33.3,4.91,0.14520833333333333
2014-03-20,0.0,34.7,5.36,0.1430833333333333
2014-03-21,4.8,32.5,4.66,0.16495833333333335
2014-03-22,0.0,34.3,6.89,0.19075
2014-03-23,0.1,33.4,6.13,0.17475
2014-03-24,0.0,33.7,6.35,0.164625
2014-03-25,0.1,33.6,5.24,0.15775
2014-03-26,0.0,34.9,5.86,0.1525
2014-03-27,0.1,35.1,6.13,0.14825
2014-03-28,2.2,34.1,4.68,0.15316666666666667
2014-03-29,1.5,35.2,5.2,0.16733333333333333
2014-03-30,0.7,35.2,5.44,0.16691666666666669
2014-03-31,0.0,34.8,5.28,0.16137500000000002
2014-04-01,1.0,35.6,5.51,0.163125
2014-04-02,0.0,35.1,5.52,0.16866666666666666
2014-04-03,3.8,34.4,4.68,0.17179166666666668
2014-04-04,6.4,33.9,4.92,0.19458333333333333
2014-04-05,4.6,31.9,4.03,0.25991666666666663
2014-04-06,0.2,31.1,3.32,0.29833333333333334
2014-04-07,7.8,31.7,3.78,0.2899583333333334
2014-04-08,21.2,32.6,4.46,0.334
2014-04-09,0.5,32.2,4.9,0.31583333333333335
2014-04-10,0.1,32.6,4.55,0.2904583333333333
2014-04-11,9.9,32.7,4.43,0.310625
2014-04-12,15.2,31.1,3.42,0.3702916666666667
2014-04-13,1.0,32.2,4.8,0.33866666666666667
2014-04-14,0.3,32.5,4.95,0.3082916666666667
2014-04-15,0.5,32.1,4.83,0.2886666666666667
2014-04-16,0.4,32.7,4.82,0.270125
2014-04-17,2.2,32.4,4.69,0.25454166666666667
2014-04-18,0.5,33.5,5.4,0.24908333333333332
2014-04-19,0.0,33.2,5.5,0.22983333333333333
2014-04-20,0.0,34.0,5.65,0.209375
2014-04-21,2.5,34.3,5.25,0.20145833333333332
2014-04-22,3.4,34.5,5.18,0.233625
2014-04-23,0.6,33.5,5.15,0.24166666666666667
2014-04-24,0.1,34.1,5.49,0.22466666666666665
2014-04-25,0.0,35.4,5.8,0.20199999999999999
2014-04-26,0.0,35.2,5.55,0.18370833333333333
2014-04-27,1.5,34.9,5.41,0.17237499999999997
2014-04-28,4.5,34.4,4.93,0.20466666666666666
2014-04-29,3.5,31.9,3.4,0.25966666666666666
2014-04-30,5.3,32.5,4.0,0.274375
2014-05-01,13.6,33.2,4.08,0.315
2014-05-02,7.0,31.2,3.43,0.3426666666666667
2014-05-03,3.1,32.4,4.25,0.32987500000000003
2014-05-04,2.0,32.8,4.89,0.308
2014-05-05,2.4,33.6,4.86,0.287875
2014-05-06,0.8,33.0,4.54,0.2808333333333333
2014-05-07,1.8,33.4,4.75,0.2657083333333334
2014-05-08,4.6,32.8,4.65,0.2689166666666667
2014-05-09,0.7,33.7,5.06,0.26058333333333333
2014-05-10,0.8,33.9,5.13,0.24050000000000002
2014-05-11,0.5,33.5,4.5,0.22241666666666668
2014-05-12,9.1,34.3,4.75,0.22524999999999998
2014-05-13,3.6,32.6,4.77,0.24820833333333334
2014-05-14,1.1,33.5,5.01,0.24483333333333332
2014-05-15,4.9,32.8,4.76,0.23629166666666668
2014-05-16,11.3,33.4,4.26,0.27558333333333335
2014-05-17,8.2,33.2,4.31,0.31825
2014-05-18,6.8,33.0,4.52,0.33508333333333334
2014-05-19,7.3,32.3,4.2,0.3385416666666667
2014-05-20,3.8,33.2,4.59,0.3184166666666667
2014-05-21,6.1,33.9,4.68,0.3115
2014-05-22,2.9,33.5,4.87,0.3142916666666667
2014-05-23,7.2,32.3,4.18,0.32325
2014-05-24,4.8,32.4,3.72,0.32725
2014-05-25,5.7,33.4,4.07,0.31616666666666665
2014-05-26,14.8,32.3,3.94,0.3491666666666667
2014-05-27,5.3,32.7,4.11,0.36345833333333327
2014-05-28,3.3,32.5,4.67,0.33716666666666667
2014-05-29,1.3,33.4,4.84,0.3216666666666667
2014-05-30,5.0,32.0,4.51,0.31454166666666666
2014-05-31,4.2,31.4,4.51,0.3243333333333333
2014-06-01,8.0,32.5,4.11,0.3465416666666667
2014-06-02,10.4,31.1,3.23,0.36283333333333334
2014-06-03,9.9,30.9,3.5,0.371125
2014-06-04,11.2,30.8,3.55,0.37904166666666667
2014-06-05,3.2,30.2,3.99,0.37554166666666666
2014-06-06,5.3,31.2,3.96,0.37879166666666664
2014-06-07,1.8,32.6,4.62,0.37033333333333335
2014-06-08,8.2,32.0,4.0,0.369125
2014-06-09,0.7,32.5,4.77,0.3529583333333333
2014-06-10,4.6,32.1,4.35,0.3430416666666667
2014-06-11,4.6,30.2,2.96,0.36799999999999994
2014-06-12,9.0,29.3,2.43,0.3900416666666667
2014-06-13,9.8,27.4,1.68,0.4027083333333334
2014-06-14,6.4,29.4,2.54,0.4085833333333333
2014-06-15,6.6,30.4,2.81,0.4106666666666667
2014-06-16,13.1,30.4,2.77,0.4100416666666667
2014-06-17,10.0,28.9,2.68,0.40575
2014-06-18,16.4,30.8,3.47,0.4056666666666667
2014-06-19,0.0,31.0,3.88,0.39275
2014-06-20,1.5,30.0,3.48,0.386125
2014-06-21,9.7,29.2,2.37,0.39408333333333334
2014-06-22,14.8,28.9,2.57,0.4033333333333333
2014-06-23,1.5,31.2,4.01,0.38925000000000004
2014-06-24,4.6,29.6,3.72,0.3855
2014-06-25,9.0,29.6,2.67,0.39970833333333333
2014-06-26,0.0,32.0,4.82,0.38075
2014-06-27,8.7,29.8,3.62,0.38408333333333333
2014-06-28,8.5,30.3,3.56,0.39620833333333333
2014-06-29,11.9,29.2,3.4,0.39820833333333333
2014-06-30,6.0,30.0,3.77,0.4047083333333334
2014-07-01,4.5,30.0,4.07,0.39845833333333336
2014-07-02,6.4,31.1,4.48,0.3892083333333334
2014-07-03,2.0,31.1,4.33,0.38683333333333336
2014-07-04,11.2,30.4,3.9,0.39195833333333335
2014-07-05,18.1,29.8,3.0,0.40258333333333335
2014-07-06,11.6,28.8,3.1,0.41570833333333335
2014-07-07,2.7,30.4,4.05,0.4046666666666667
2014-07-08,8.6,29.4,3.06,0.40349999999999997
2014-07-09,12.7,29.0,2.26,0.4145833333333333
2014-07-10,10.6,29.5,2.98,0.421
2014-07-11,0.0,30.9,3.32,0.39575000000000005
2014-07-12,15.1,29.6,3.05,0.39675
2014-07-13,3.6,29.5,3.21,0.40608333333333335
2014-07-14,13.4,27.6,1.91,0.41783333333333333
2014-07-15,6.5,30.9,3.74,0.4187916666666667
2014-07-16,5.6,31.3,4.76,0.40558333333333335
2014-07-17,7.6,29.9,3.75,0.40850000000000003
2014-07-18,12.5,28.2,2.45,0.4142083333333333
2014-07-19,1.3,29.6,3.48,0.4003333333333334
2014-07-20,0.6,31.8,4.87,0.38162500000000005
2014-07-21,10.4,29.4,3.31,0.3917083333333333
2014-07-22,17.8,27.6,1.62,0.4189583333333333
2014-07-23,7.9,29.8,3.18,0.41091666666666665
2014-07-24,8.4,29.3,3.49,0.40654166666666663
2014-07-25,6.6,29.4,3.46,0.40549999999999997
2014-07-26,9.1,29.3,3.03,0.4096666666666667
2014-07-27,18.0,29.1,3.15,0.4101666666666666
2014-07-28,6.7,31.1,3.87,0.40970833333333334
2014-07-29,3.7,30.1,3.16,0.40441666666666665
2014-07-30,13.6,29.7,3.57,0.42124999999999996
2014-07-31,7.0,29.0,2.73,0.4229583333333333
2014-08-01,2.2,29.7,3.13,0.41154166666666664
2014-08-02,1.4,30.8,4.07,0.4008333333333334
2014-08-03,4.1,30.4,3.86,0.39916666666666667
2014-08-04,2.1,29.8,3.14,0.3967083333333334
2014-08-05,22.2,26.7,1.44,0.42091666666666666
2014-08-06,0.8,28.2,2.5,0.41075
2014-08-07,0.3,30.7,4.49,0.39283333333333337
2014-08-08,3.6,30.9,3.91,0.37995833333333334
2014-08-09,0.1,32.1,4.79,0.3717083333333333
2014-08-10,0.1,32.7,5.43,0.35154166666666664
2014-08-11,0.7,31.0,4.68,0.3397916666666667
2014-08-12,0.7,31.6,4.93,0.3372916666666667
2014-08-13,0.5,31.9,4.95,0.33270833333333333
2014-08-14,2.3,32.2,4.98,0.3284166666666667
2014-08-15,9.5,31.1,4.09,0.36237500000000006
2014-08-16,9.1,30.6,4.29,0.38066666666666665
2014-08-17,7.2,31.8,4.51,0.38558333333333333
2014-08-18,2.8,30.5,3.61,0.393
2014-08-19,14.0,29.7,3.31,0.4013333333333333
2014-08-20,3.8,30.7,4.07,0.39916666666666667
2014-08-21,5.9,31.1,4.25,0.400375
2014-08-22,9.4,31.8,4.61,0.4007083333333334
2014-08-23,10.3,32.1,4.49,0.40320833333333334
2014-08-24,15.9,30.8,3.32,0.4174166666666666
2014-08-25,39.9,30.3,3.39,0.417
2014-08-26,15.5,29.1,2.33,0.4245833333333333
2014-08-27,8.2,29.4,3.09,0.42154166666666665
2014-08-28,15.6,28.0,2.19,0.4280833333333333
2014-08-29,21.4,28.7,2.54,0.420375
2014-08-30,10.4,29.9,3.37,0.4246666666666667
2014-08-31,0.1,30.7,4.41,0.3998333333333333
2014-09-01,5.6,30.0,3.39,0.3959166666666667
2014-09-02,2.2,30.3,3.97,0.39729166666666665
2014-09-03,0.7,31.5,4.65,0.38070833333333337
2014-09-04,2.4,31.5,4.69,0.37125
2014-09-05,16.8,29.5,2.68,0.39729166666666665
2014-09-06,3.8,29.4,2.39,0.40900000000000003
2014-09-07,7.0,27.0,2.36,0.4135416666666667
2014-09-08,16.1,27.4,2.18,0.41887499999999994
2014-09-09,8.2,29.2,3.53,0.41320833333333334
2014-09-10,9.7,29.7,2.77,0.41687500000000005
2014-09-11,1.0,30.0,2.94,0.41250000000000003
2014-09-12,11.7,30.0,3.55,0.4105833333333333
2014-09-13,5.1,30.2,3.49,0.412625
2014-09-14,6.4,30.8,4.04,0.40616666666666673
2014-09-15,17.8,29.1,2.55,0.41275
2014-09-16,14.4,28.0,2.46,0.42016666666666663
2014-09-17,9.1,28.9,2.8,0.4195
2014-09-18,1.2,31.3,4.36,0.3960000000000001
2014-09-19,2.2,32.2,4.49,0.3844166666666667
2014-09-20,6.5,32.3,4.55,0.38658333333333333
2014-09-21,3.1,30.8,4.04,0.3925
2014-09-22,1.0,31.4,3.82,0.37904166666666667
2014-09-23,0.9,31.2,4.7,0.36391666666666667
2014-09-24,1.0,31.7,4.41,0.35104166666666664
2014-09-25,4.6,31.7,4.3,0.3561666666666667
2014-09-26,0.0,31.7,4.63,0.3562083333333333
2014-09-27,4.0,32.0,4.21,0.35479166666666667
2014-09-28,17.5,31.2,3.58,0.3945
2014-09-29,8.0,31.4,3.87,0.412625
2014-09-30,19.0,30.8,3.48,0.42391666666666666
2014-10-01,16.7,29.9,2.74,0.4095416666666667
2014-10-02,5.0,31.6,4.24,0.40599999999999997
2014-10-03,6.7,31.4,3.59,0.408375
2014-10-04,21.5,30.9,3.42,0.41850000000000004
2014-10-05,14.0,26.8,1.29,0.422
2014-10-06,13.0,28.1,2.1,0.4207916666666667
2014-10-07,8.0,28.5,2.34,0.42366666666666664
2014-10-08,14.4,29.4,2.42,0.4151666666666667
2014-10-09,0.0,30.8,3.75,0.389875
2014-10-10,11.1,31.9,4.38,0.3937083333333333
2014-10-11,26.5,31.4,3.35,0.42050000000000004
2014-10-12,42.8,29.5,2.67,0.41441666666666666
2014-10-13,15.9,31.2,3.73,0.402375
2014-10-14,0.8,30.9,4.34,0.39716666666666667
2014-10-15,5.4,31.5,4.06,0.3859166666666667
2014-10-16,4.4,31.6,3.72,0.3882916666666667
2014-10-17,1.5,31.3,3.64,0.38437499999999997
2014-10-18,21.0,29.0,2.39,0.40329166666666666
2014-10-19,6.3,30.4,3.26,0.41
2014-10-20,1.1,31.1,4.3,0.4019166666666667
2014-10-21,4.8,30.9,3.69,0.39875
2014-10-22,12.2,30.6,3.03,0.41474999999999995
2014-10-23,16.4,29.5,2.25,0.41591666666666666
2014-10-24,2.8,30.3,3.6,0.41358333333333336
2014-10-25,6.8,31.2,3.44,0.4088333333333333
2014-10-26,1.7,31.3,4.08,0.40170833333333333
2014-10-27,10.8,31.2,3.6,0.40408333333333335
2014-10-28,6.3,31.4,3.66,0.41887499999999994
2014-10-29,3.3,31.7,4.26,0.4056666666666667
2014-10-30,3.8,30.1,2.37,0.39970833333333333
2014-10-31,5.8,31.0,3.08,0.4058333333333333
2014-11-01,3.1,29.0,2.47,0.41204166666666664
2014-11-02,3.2,31.0,3.81,0.40045833333333336
2014-11-03,16.7,28.1,1.53,0.41816666666666663
2014-11-04,15.0,30.8,2.98,0.41850000000000004
2014-11-05,3.4,32.1,4.13,0.40279166666666666
2014-11-06,4.8,31.4,3.74,0.411375
2014-11-07,0.4,30.6,3.49,0.4014166666666667
2014-11-08,10.8,31.2,3.94,0.40958333333333335
2014-11-09,1.1,30.7,3.82,0.39408333333333334
2014-11-10,1.0,31.4,3.91,0.38025
2014-11-11,1.2,31.2,4.06,0.3705
2014-11-12,0.7,30.9,3.63,0.36375
2014-11-13,0.8,31.2,3.98,0.35683333333333334
2014-11-14,0.9,30.9,3.96,0.35462499999999997
2014-11-15,2.7,31.3,3.75,0.3512916666666666
2014-11-16,0.1,31.1,4.08,0.354875
2014-11-17,0.0,30.9,4.21,0.3364583333333333
2014-11-18,0.0,31.0,4.51,0.320125
2014-11-19,0.0,29.7,2.92,0.30816666666666664
2014-11-20,0.7,30.5,3.67,0.30020833333333335
2014-11-21,2.3,30.8,3.28,0.3090833333333333
2014-11-22,15.3,29.9,2.58,0.36933333333333335
2014-11-23,2.7,31.4,3.59,0.37325
2014-11-24,5.9,31.5,3.6,0.370875
2014-11-25,1.0,31.9,3.83,0.38458333333333333
2014-11-26,9.9,30.9,2.83,0.386125
2014-11-27,5.6,30.2,2.63,0.40537500000000004
2014-11-28,0.8,30.8,3.57,0.39158333333333334
2014-11-29,0.6,31.4,3.48,0.377875
2014-11-30,1.1,31.4,3.45,0.3655
2014-12-01,1.3,30.3,2.57,0.35833333333333334
2014-12-02,11.4,30.8,3.13,0.37833333333333335
2014-12-03,11.7,29.5,2.37,0.41120833333333334
2014-12-04,3.7,29.8,2.71,0.41091666666666665
2014-12-05,1.0,30.4,3.03,0.40691666666666665
2014-12-06,8.0,30.4,2.92,0.4098333333333333
2014-12-07,1.6,30.7,3.57,0.40608333333333335
2014-12-08,0.9,30.4,3.84,0.3906666666666667
2014-12-09,0.6,30.0,3.61,0.37279166666666663
2014-12-10,0.0,30.3,4.47,0.354875
2014-12-11,0.2,30.5,4.35,0.3385833333333333
2014-12-12,1.0,27.0,3.24,0.32987500000000003
2014-12-13,2.6,29.0,3.2,0.3409583333333333
2014-12-14,0.0,30.0,4.43,0.3270416666666667
2014-12-15,0.3,30.0,4.12,0.3102916666666667
2014-12-16,0.0,30.3,4.51,0.298625
2014-12-17,3.4,27.5,3.71,0.30241666666666667
2014-12-18,0.9,27.7,4.61,0.2937083333333333
2014-12-19,0.0,28.3,3.71,0.2836666666666667
2014-12-20,0.0,29.2,3.38,0.27295833333333336
2014-12-21,0.0,30.5,3.95,0.2622083333333333
2014-12-22,2.1,30.1,3.91,0.2537916666666667
2014-12-23,0.0,28.6,3.82,0.24966666666666668
2014-12-24,3.1,30.5,2.97,0.25195833333333334
2014-12-25,2.7,30.3,3.19,0.27108333333333334
2014-12-26,1.1,30.8,3.54,0.3002916666666667
2014-12-27,1.3,31.1,3.51,0.30816666666666664
2014-12-28,0.0,31.2,4.2,0.3050833333333333
2014-12-29,0.0,29.6,3.63,0.279875
2014-12-30,0.0,27.9,3.46,0.262
2014-12-31,0.0,28.4,3.41,0.24779166666666666
2015-01-01,0.0,29.4,3.5,0.23583333333333334
2015-01-02,0.0,28.0,3.78,0.224375
2015-01-03,0.3,30.1,3.8,0.21404166666666666
2015-01-04,0.2,29.3,2.81,0.20816666666666664
2015-01-05,0.9,29.6,2.96,0.208
2015-01-06,1.7,28.9,2.35,0.21783333333333332
2015-01-07,2.0,29.8,3.38,0.227625
2015-01-08,0.5,29.8,3.54,0.24508333333333332
2015-01-09,0.0,30.4,4.18,0.23154166666666667
2015-01-10,0.0,30.3,3.8,0.217125
2015-01-11,0.0,30.4,3.92,0.20566666666666666
2015-01-12,0.0,30.7,3.64,0.19604166666666667
2015-01-13,0.0,31.3,4.3,0.18733333333333335
2015-01-14,0.0,29.8,3.88,0.178625
2015-01-15,0.0,29.9,4.17,0.1718333333333333
2015-01-16,0.0,29.4,4.38,0.16537500000000002
2015-01-17,0.0,29.3,3.91,0.1605
2015-01-18,0.8,28.5,3.18,0.15958333333333333
2015-01-19,0.0,29.1,3.96,0.15816666666666668
2015-01-20,0.0,29.5,3.84,0.15466666666666665
2015-01-21,0.0,30.7,4.52,0.15179166666666666
2015-01-22,0.1,29.8,3.86,0.14991666666666667
2015-01-23,0.0,29.8,4.36,0.14825
2015-01-24,0.0,29.9,4.67,0.14654166666666665
2015-01-25,0.0,30.3,4.52,0.14508333333333331
2015-01-26,0.0,30.4,4.46,0.14354166666666665
2015-01-27,0.0,30.8,4.85,0.14212499999999997
2015-01-28,0.0,30.5,4.34,0.14070833333333332
2015-01-29,0.0,31.2,4.61,0.13975
2015-01-30,0.0,30.9,4.47,0.13933333333333334
2015-01-31,0.0,31.2,5.15,0.13854166666666667
2015-02-01,0.0,30.1,5.05,0.1376666666666667
2015-02-02,0.0,31.6,5.43,0.137
2015-02-03,0.0,31.3,4.49,0.137
2015-02-04,0.0,30.9,4.54,0.1365
2015-02-05,0.0,31.8,5.37,0.136
2015-02-06,0.0,29.9,5.11,0.136
2015-02-07,0.0,30.3,4.88,0.13554166666666667
2015-02-08,0.0,30.7,5.28,0.135
2015-02-09,0.0,30.4,5.44,0.135
2015-02-10,0.0,30.1,5.05,0.135
2015-02-11,0.0,30.0,4.56,0.135
2015-02-12,0.0,30.7,4.87,0.135
2015-02-13,0.0,29.7,4.57,0.135
2015-02-14,0.0,29.0,4.02,0.135
2015-02-15,0.0,30.6,4.51,0.135
2015-02-16,0.0,31.2,4.74,0.135
2015-02-17,0.0,31.9,5.39,0.135
2015-02-18,0.0,32.4,4.98,0.135
2015-02-19,0.1,31.6,4.32,0.13612500000000002
2015-02-20,0.2,32.1,5.13,0.14058333333333334
2015-02-21,0.0,31.6,4.41,0.13970833333333335
2015-02-22,0.0,31.7,4.72,0.139
2015-02-23,0.0,31.7,4.45,0.13841666666666666
2015-02-24,0.0,31.4,3.87,0.138
2015-02-25,0.0,30.1,3.35,0.138
2015-02-26,0.0,32.5,5.6,0.13758333333333336
2015-02-27,0.6,32.4,4.6,0.13858333333333336
2015-02-28,0.7,32.2,4.64,0.14704166666666665
2015-03-01,0.0,34.0,5.6,0.15733333333333333
2015-03-02,0.0,33.4,6.2,0.15195833333333333
2015-03-03,0.0,33.0,5.05,0.14783333333333334
2015-03-04,0.1,32.4,4.76,0.14608333333333332
2015-03-05,0.0,33.9,6.02,0.14495833333333333
2015-03-06,0.0,33.3,5.19,0.14279166666666665
2015-03-07,0.1,33.0,5.18,0.14183333333333334
2015-03-08,0.0,33.3,5.47,0.14058333333333334
2015-03-09,0.0,33.9,5.34,0.1396666666666667
2015-03-10,0.0,34.1,6.25,0.13862500000000003
2015-03-11,0.0,33.9,6.58,0.13758333333333336
2015-03-12,0.0,34.2,6.22,0.13670833333333335
2015-03-13,0.0,33.9,5.57,0.13616666666666669
2015-03-14,0.3,33.3,5.27,0.13754166666666667
2015-03-15,0.1,32.6,4.96,0.13912500000000003
2015-03-16,0.0,33.4,5.77,0.13945833333333335
2015-03-17,0.0,34.4,6.07,0.13779166666666667
2015-03-18,0.0,35.0,6.47,0.13675
2015-03-19,0.0,35.6,5.91,0.136
2015-03-20,0.1,33.4,5.31,0.136
2015-03-21,0.0,34.1,5.93,0.13654166666666667
2015-03-22,0.0,33.6,5.88,0.136
2015-03-23,0.0,33.4,5.63,0.13658333333333336
2015-03-24,0.0,33.9,5.89,0.13704166666666667
2015-03-25,0.0,35.4,7.0,0.13654166666666667
2015-03-26,0.0,35.4,6.64,0.136
2015-03-27,0.1,35.5,6.77,0.136
2015-03-28,0.1,35.3,6.78,0.136
2015-03-29,0.0,35.0,6.48,0.1365
2015-03-30,0.0,35.5,6.51,0.13683333333333333
2015-03-31,0.1,34.5,5.42,0.137
2015-04-01,0.1,34.2,5.34,0.137
2015-04-02,0.0,34.7,5.41,0.13891666666666666
2015-04-03,0.0,35.4,5.68,0.141
2015-04-04,1.6,34.5,5.06,0.14508333333333331
2015-04-05,0.0,34.9,5.45,0.14929166666666666
2015-04-06,0.0,35.1,5.86,0.14579166666666665
2015-04-07,0.0,35.8,6.26,0.143375
2015-04-08,0.0,36.0,6.82,0.14212499999999997
2015-04-09,0.1,35.1,6.13,0.14058333333333334
2015-04-10,0.0,35.0,5.98,0.13945833333333335
2015-04-11,1.7,33.8,5.09,0.14383333333333334
2015-04-12,6.7,33.5,4.27,0.17595833333333333
2015-04-13,27.2,30.8,3.42,0.33908333333333335
2015-04-14,2.4,31.3,4.5,0.3373333333333333
2015-04-15,0.0,32.9,6.04,0.28929166666666667
2015-04-16,0.3,32.0,5.33,0.25908333333333333
2015-04-17,0.1,32.6,4.96,0.23925
2015-04-18,0.0,33.2,5.04,0.2195
2015-04-19,0.0,34.7,6.01,0.20066666666666666
2015-04-20,0.4,34.5,5.59,0.18737499999999999
2015-04-21,0.0,35.4,6.13,0.17804166666666665
2015-04-22,7.0,34.8,4.97,0.1885416666666667
2015-04-23,1.0,34.3,5.39,0.22933333333333336
2015-04-24,0.3,33.6,5.37,0.2245
2015-04-25,1.0,33.2,4.78,0.23883333333333334
2015-04-26,0.3,33.1,4.87,0.236625
2015-04-27,0.9,33.7,5.2,0.21958333333333332
2015-04-28,6.3,32.3,4.14,0.24058333333333334
2015-04-29,10.5,33.3,4.3,0.28554166666666664
2015-04-30,0.4,33.4,4.88,0.30416666666666664
2015-05-01,0.6,33.3,4.62,0.276375
2015-05-02,0.8,34.0,5.11,0.2624166666666667
2015-05-03,11.4,32.8,4.56,0.29320833333333335
2015-05-04,0.4,33.4,5.27,0.311
2015-05-05,0.3,33.5,5.04,0.27579166666666666
2015-05-06,0.0,34.7,5.76,0.24533333333333332
2015-05-07,0.0,35.2,5.54,0.21695833333333334
2015-05-08,3.1,34.9,4.84,0.20691666666666667
2015-05-09,4.5,34.0,4.47,0.22420833333333334
2015-05-10,1.2,35.2,5.44,0.21829166666666666
2015-05-11,4.1,34.0,4.38,0.21987500000000001
2015-05-12,10.1,34.7,4.21,0.265625
2015-05-13,0.0,33.0,4.8,0.30495833333333333
2015-05-14,0.5,35.1,5.82,0.2587083333333334
2015-05-15,0.0,34.9,5.26,0.2293333333333333
2015-05-16,0.5,34.3,5.3,0.20550000000000002
2015-05-17,1.6,35.0,5.77,0.19458333333333333
2015-05-18,0.0,35.6,5.56,0.1765
2015-05-19,0.1,35.8,5.98,0.16508333333333333
2015-05-20,1.0,34.7,5.22,0.16004166666666667
2015-05-21,2.8,35.6,5.24,0.16595833333333335
2015-05-22,2.3,34.9,4.79,0.17966666666666667
2015-05-23,0.8,34.5,5.29,0.1815
2015-05-24,4.5,34.8,5.35,0.19029166666666666
2015-05-25,7.2,32.5,4.43,0.23466666666666666
2015-05-26,11.5,31.0,3.7,0.2954583333333333
2015-05-27,1.0,33.0,5.34,0.28858333333333336
2015-05-28,4.3,32.9,5.1,0.264375
2015-05-29,5.0,32.0,4.21,0.268125
2015-05-30,8.8,31.5,4.1,0.287
2015-05-31,6.0,32.9,4.86,0.285125
2015-06-01,4.1,33.2,5.12,0.2690416666666667
2015-06-02,2.8,32.9,4.51,0.26045833333333335
2015-06-03,1.1,33.9,4.92,0.24345833333333333
2015-06-04,0.1,35.1,5.78,0.2177916666666667
2015-06-05,0.0,35.3,5.28,0.19316666666666668
2015-06-06,7.3,35.0,4.29,0.20125
2015-06-07,4.7,33.0,4.19,0.2645416666666667
2015-06-08,4.8,34.1,5.11,0.2871666666666666
2015-06-09,1.6,34.3,5.1,0.2774166666666667
2015-06-10,0.3,34.4,5.04,0.24991666666666668
2015-06-11,5.1,34.1,5.19,0.25225000000000003
2015-06-12,8.6,33.2,4.34,0.2870416666666667
2015-06-13,1.9,33.2,4.61,0.2982916666666667
2015-06-14,19.9,31.6,3.14,0.32941666666666664
2015-06-15,11.5,30.3,3.05,0.35770833333333335
2015-06-16,8.3,29.5,2.44,0.35566666666666663
2015-06-17,12.6,27.7,1.84,0.38975
2015-06-18,1.1,29.0,2.38,0.3662916666666667
2015-06-19,0.2,31.6,4.8,0.33125
2015-06-20,11.3,27.4,1.48,0.36400000000000005
2015-06-21,11.8,29.0,2.56,0.3815
2015-06-22,16.5,28.8,2.75,0.3919166666666667
2015-06-23,2.0,28.6,1.97,0.3825
2015-06-24,5.9,27.5,1.9,0.3902916666666667
2015-06-25,3.9,28.7,2.1,0.39808333333333334
2015-06-26,5.4,30.1,3.05,0.39291666666666664
2015-06-27,0.7,31.0,4.43,0.37333333333333335
2015-06-28,0.6,31.9,4.63,0.353
2015-06-29,3.7,31.4,4.58,0.34541666666666665
2015-06-30,6.9,32.3,4.9,0.3500833333333333
2015-07-01,2.0,31.7,4.63,0.3482083333333333
2015-07-02,4.3,31.6,4.64,0.3365
2015-07-03,10.2,31.7,4.32,0.35370833333333335
2015-07-04,4.2,31.7,4.7,0.3662916666666667
2015-07-05,1.9,31.6,5.09,0.3560833333333333
2015-07-06,10.6,30.6,3.18,0.36800000000000005
2015-07-07,6.4,30.5,3.71,0.3927083333333334
2015-07-08,2.8,29.6,3.46,0.3765833333333333
2015-07-09,1.8,29.4,2.62,0.3697916666666667
2015-07-10,2.6,31.6,4.69,0.3587916666666666
2015-07-11,2.3,30.4,4.22,0.35637499999999994
2015-07-12,9.6,30.5,3.6,0.3725
2015-07-13,7.2,29.8,3.51,0.3870416666666667
2015-07-14,9.0,29.7,3.16,0.3927083333333334
2015-07-15,3.4,30.1,3.58,0.39254166666666673
2015-07-16,1.5,30.9,3.79,0.3706666666666667
2015-07-17,1.8,30.8,3.45,0.3595833333333333
2015-07-18,6.4,29.9,2.2,0.3765833333333333
2015-07-19,12.3,29.6,2.12,0.405375
2015-07-20,0.4,30.8,3.3,0.38558333333333333
2015-07-21,21.8,30.1,3.16,0.39487500000000003
2015-07-22,0.3,32.6,5.1,0.38070833333333337
2015-07-23,0.9,32.3,4.81,0.36074999999999996
2015-07-24,0.9,33.2,5.27,0.35241666666666666
2015-07-25,0.0,32.3,5.17,0.3358333333333334
2015-07-26,0.7,31.8,4.56,0.31525
2015-07-27,1.6,32.2,4.62,0.30745833333333333
2015-07-28,4.1,30.8,3.96,0.3212916666666667
2015-07-29,2.0,32.2,4.22,0.325
2015-07-30,7.7,31.4,4.18,0.34775
2015-07-31,12.0,31.6,4.32,0.38104166666666667
2015-08-01,6.8,31.3,3.96,0.38716666666666666
2015-08-02,10.2,30.6,3.6,0.38729166666666665
2015-08-03,5.5,29.8,3.79,0.3944166666666667
2015-08-04,5.6,30.0,3.7,0.3897083333333333
2015-08-05,9.1,29.5,3.07,0.3978333333333333
2015-08-06,4.9,30.0,3.74,0.39645833333333336
2015-08-07,9.4,29.3,3.2,0.4014166666666667
2015-08-08,16.5,30.1,2.99,0.410125
2015-08-09,4.5,29.7,3.45,0.4073333333333333
2015-08-10,13.2,30.1,2.96,0.41
2015-08-11,2.5,31.1,3.3,0.39895833333333336
2015-08-12,6.9,31.2,3.5,0.39475
2015-08-13,6.7,31.9,4.31,0.3937083333333333
2015-08-14,8.4,31.5,4.04,0.39925000000000005
2015-08-15,7.9,31.5,4.52,0.399125
2015-08-16,0.4,32.5,4.88,0.381125
2015-08-17,9.6,31.3,4.06,0.38295833333333335
2015-08-18,14.6,31.7,4.43,0.39691666666666664
2015-08-19,9.7,31.8,4.31,0.4050833333333333
2015-08-20,5.0,30.6,3.83,0.4071666666666667
2015-08-21,6.5,29.9,3.79,0.40291666666666665
2015-08-22,5.4,31.2,4.22,0.39491666666666664
2015-08-23,0.6,32.4,5.03,0.39137500000000003
2015-08-24,9.4,31.5,4.32,0.39325000000000004
2015-08-25,9.0,29.4,3.04,0.40479166666666666
2015-08-26,7.4,27.3,2.31,0.42062499999999997
2015-08-27,0.0,31.1,3.89,0.39058333333333334
2015-08-28,1.1,31.9,4.89,0.3720833333333333
2015-08-29,8.9,31.3,4.43,0.385125
2015-08-30,6.8,31.7,4.57,0.3915
2015-08-31,5.3,30.6,4.15,0.39516666666666667
2015-09-01,8.4,30.7,3.39,0.4008333333333334
2015-09-02,0.4,31.8,4.93,0.38825
2015-09-03,2.4,31.3,4.73,0.37679166666666664
2015-09-04,2.5,30.9,4.32,0.37233333333333335
2015-09-05,1.2,32.0,4.93,0.36237499999999995
2015-09-06,3.8,31.4,4.73,0.3695
2015-09-07,1.9,32.1,4.87,0.37395833333333334
2015-09-08,4.8,30.9,3.13,0.3874166666666667
2015-09-09,12.8,29.1,2.19,0.40575
2015-09-10,12.5,28.1,2.46,0.418
2015-09-11,4.7,31.0,4.16,0.40425
2015-09-12,7.3,31.6,4.12,0.4030833333333333
2015-09-13,9.2,29.4,2.77,0.40887500000000004
2015-09-14,19.0,30.0,2.5,0.42216666666666663
2015-09-15,5.5,28.6,2.29,0.4116666666666666
2015-09-16,17.0,28.7,2.17,0.42241666666666666
2015-09-17,23.2,26.8,1.57,0.42395833333333327
2015-09-18,8.5,31.2,3.44,0.41195833333333337
2015-09-19,5.1,32.7,4.59,0.40549999999999997
2015-09-20,5.8,33.0,4.91,0.39958333333333335
2015-09-21,13.8,31.3,3.35,0.411375
2015-09-22,15.1,29.6,2.88,0.41229166666666667
2015-09-23,5.6,31.2,3.95,0.4110416666666667
2015-09-24,4.1,30.7,4.53,0.40491666666666665
2015-09-25,9.1,30.1,3.8,0.40195833333333336
2015-09-26,8.0,29.9,3.75,0.4117916666666666
2015-09-27,17.5,30.0,3.42,0.41183333333333333
2015-09-28,17.3,29.3,2.71,0.4214583333333333
2015-09-29,6.8,28.8,3.15,0.41191666666666665
2015-09-30,6.4,30.6,4.01,0.410125
2015-10-01,3.3,31.4,4.24,0.3992083333333334
2015-10-02,10.7,29.8,3.46,0.40241666666666664
2015-10-03,15.9,30.3,3.32,0.41283333333333333
2015-10-04,16.9,29.3,2.02,0.418125
2015-10-05,2.2,29.3,2.92,0.4088333333333333
2015-10-06,7.2,31.8,4.51,0.40570833333333334
2015-10-07,12.3,31.3,3.53,0.4075
2015-10-08,14.7,30.5,3.62,0.41362499999999996
2015-10-09,14.5,31.4,3.76,0.41783333333333333
2015-10-10,11.2,30.2,3.04,0.41020833333333334
2015-10-11,4.0,31.6,4.14,0.4071666666666667
2015-10-12,12.7,30.0,2.9,0.412375
2015-10-13,4.7,30.8,3.37,0.4210833333333333
2015-10-14,1.3,31.4,3.44,0.4050416666666667
2015-10-15,10.3,30.6,3.89,0.41487499999999994
2015-10-16,15.0,30.8,3.13,0.4123333333333334
2015-10-17,5.6,31.2,3.94,0.41558333333333336
2015-10-18,8.8,28.9,2.51,0.419
2015-10-19,22.6,30.2,2.76,0.4194166666666666
2015-10-20,19.0,30.1,2.75,0.4166666666666667
2015-10-21,10.8,31.2,3.14,0.41025
2015-10-22,1.0,31.8,3.63,0.3997916666666667
2015-10-23,10.6,29.6,3.16,0.39620833333333333
2015-10-24,2.4,31.5,3.79,0.3967083333333334
2015-10-25,0.2,31.5,4.36,0.38466666666666666
2015-10-26,12.6,29.6,1.94,0.4078333333333333
2015-10-27,3.0,31.6,4.18,0.3974583333333333
2015-10-28,0.3,31.8,4.16,0.3935
2015-10-29,0.0,32.0,4.48,0.37399999999999994
2015-10-30,0.0,32.3,4.59,0.357625
2015-10-31,11.3,31.4,4.11,0.368875
2015-11-01,15.3,31.2,3.49,0.4007083333333334
2015-11-02,11.6,31.2,3.45,0.4195
2015-11-03,4.4,31.0,3.11,0.41191666666666665
2015-11-04,10.4,31.2,3.48,0.41225
2015-11-05,11.8,28.9,1.92,0.42212500000000003
2015-11-06,10.2,29.6,2.05,0.41783333333333333
2015-11-07,5.7,31.5,3.78,0.4013333333333333
2015-11-08,16.4,29.1,2.31,0.418125
2015-11-09,4.4,31.0,3.47,0.4083333333333334
2015-11-10,2.0,31.8,3.84,0.4014166666666667
2015-11-11,3.7,31.2,3.48,0.40604166666666663
2015-11-12,9.4,30.8,3.04,0.4007083333333334
2015-11-13,4.3,31.7,3.7,0.40166666666666667
2015-11-14,5.1,31.6,3.83,0.401875
2015-11-15,0.2,31.7,4.02,0.389
2015-11-16,0.2,31.2,4.14,0.3729166666666666
2015-11-17,0.2,31.3,4.18,0.3617916666666667
2015-11-18,8.5,31.4,3.72,0.36999999999999994
2015-11-19,0.0,31.4,4.19,0.37529166666666663
2015-11-20,0.0,32.1,4.39,0.35516666666666663
2015-11-21,2.8,31.4,3.94,0.35237500000000005
2015-11-22,5.3,30.5,3.04,0.3718333333333333
2015-11-23,0.1,30.6,3.48,0.36391666666666667
2015-11-24,6.1,31.5,3.69,0.365
2015-11-25,1.7,31.4,3.81,0.3805
2015-11-26,9.5,31.3,3.72,0.389375
2015-11-27,0.0,30.7,4.01,0.3719166666666667
2015-11-28,0.2,31.1,3.62,0.3516666666666666
2015-11-29,1.0,31.4,3.83,0.34208333333333335
2015-11-30,7.4,31.6,3.31,0.3637916666666667
2015-12-01,1.8,31.4,3.89,0.3887083333333334
2015-12-02,0.2,31.3,3.84,0.37695833333333334
2015-12-03,4.1,31.8,3.78,0.37233333333333335
2015-12-04,0.0,30.7,3.88,0.37024999999999997
2015-12-05,0.1,31.3,4.19,0.3479583333333333
2015-12-06,2.5,31.1,3.35,0.34191666666666665
2015-12-07,3.7,31.4,3.78,0.3424583333333333
2015-12-08,0.6,31.3,3.89,0.33712499999999995
2015-12-09,1.9,31.3,3.36,0.32937500000000003
2015-12-10,1.9,31.3,3.4,0.33137500000000003
2015-12-11,1.2,31.5,3.54,0.33558333333333334
2015-12-12,1.7,31.4,3.63,0.34120833333333334
2015-12-13,0.0,31.7,4.14,0.3217083333333333
2015-12-14,0.1,31.2,3.68,0.305
2015-12-15,0.4,31.1,3.82,0.294375
2015-12-16,1.5,30.8,3.57,0.290375
2015-12-17,3.8,30.1,4.06,0.32937500000000003
2015-12-18,0.0,29.2,4.4,0.307875
2015-12-19,0.0,29.1,3.88,0.28754166666666664
2015-12-20,0.9,28.3,3.66,0.2747916666666667
2015-12-21,2.2,28.2,1.73,0.29120833333333335
2015-12-22,3.7,27.8,1.9,0.3262083333333334
2015-12-23,1.6,30.1,3.79,0.326125
2015-12-24,0.0,31.0,4.22,0.30433333333333334
2015-12-25,0.0,30.8,4.01,0.283875
2015-12-26,0.0,30.9,4.48,0.2667083333333334
2015-12-27,0.0,31.7,4.69,0.25066666666666665
2015-12-28,0.0,31.3,4.87,0.23545833333333333
2015-12-29,0.0,30.8,4.43,0.22275
2015-12-30,0.0,30.7,4.39,0.211875
2015-12-31,0.0,31.1,4.43,0.20229166666666668
2016-01-01,0.0,30.9,4.58,0.19308333333333336
2016-01-02,0.0,31.4,4.29,0.18458333333333332
2016-01-03,0.1,31.4,3.82,0.17866666666666667
2016-01-04,0.5,30.9,3.84,0.17595833333333333
2016-01-05,0.2,31.2,3.82,0.17554166666666668
2016-01-06,0.0,30.7,3.82,0.17258333333333334
2016-01-07,0.0,31.4,4.38,0.16858333333333334
2016-01-08,0.2,30.6,4.11,0.16537500000000002
2016-01-09,0.0,31.2,4.45,0.16316666666666668
2016-01-10,0.0,31.2,4.19,0.15920833333333334
2016-01-11,0.0,30.8,3.87,0.15591666666666668
2016-01-12,0.1,30.8,3.79,0.15458333333333332
2016-01-13,0.0,32.8,4.89,0.15258333333333332
2016-01-14,0.2,32.4,4.75,0.15062499999999998
2016-01-15,0.0,31.8,4.37,0.15054166666666666
2016-01-16,0.0,31.8,3.87,0.15
2016-01-17,0.0,32.0,4.24,0.15179166666666666
2016-01-18,0.0,32.1,4.49,0.14912499999999998
2016-01-19,0.0,32.2,4.62,0.148
2016-01-20,0.0,33.2,4.94,0.147
2016-01-21,0.0,32.8,5.09,0.14508333333333331
2016-01-22,0.0,32.9,4.73,0.14354166666666665
2016-01-23,0.0,32.6,4.7,0.1425
2016-01-24,0.0,32.7,4.71,0.14166666666666664
2016-01-25,0.0,29.8,5.68,0.14091666666666666
2016-01-26,0.0,30.9,4.93,0.13958333333333336
2016-01-27,0.3,31.6,4.57,0.1396666666666667
2016-01-28,0.1,31.8,4.57,0.1401666666666667
2016-01-29,1.3,32.4,4.22,0.14204166666666665
2016-01-30,0.0,32.4,4.68,0.14475
2016-01-31,0.0,32.7,5.01,0.1435833333333333
2016-02-01,0.0,32.7,4.71,0.14254166666666665
2016-02-02,0.3,32.1,4.31,0.14262499999999997
2016-02-03,0.0,32.4,4.14,0.14312499999999997
2016-02-04,0.0,32.7,4.58,0.14162499999999997
2016-02-05,0.4,33.1,4.39,0.14170833333333333
2016-02-06,0.0,32.5,5.18,0.14120833333333332
2016-02-07,0.0,29.5,6.13,0.13962500000000003
2016-02-08,0.1,28.2,5.36,0.13929166666666667
2016-02-09,0.0,30.6,5.07,0.13845833333333335
2016-02-10,0.0,31.9,4.88,0.13754166666666667
2016-02-11,0.0,31.9,4.3,0.137
2016-02-12,0.0,33.1,5.29,0.1365
2016-02-13,0.0,32.5,4.52,0.136
2016-02-14,0.0,33.4,5.26,0.136
2016-02-15,0.0,32.2,4.61,0.136
2016-02-16,0.0,32.5,5.18,0.136
2016-02-17,0.0,32.8,5.56,0.136
2016-02-18,0.0,32.9,5.58,0.13545833333333335
2016-02-19,0.0,33.5,6.08,0.135
2016-02-20,0.0,33.4,5.97,0.135
2016-02-21,0.0,33.0,5.92,0.135
2016-02-22,0.0,32.6,4.91,0.135
2016-02-23,0.0,33.5,5.48,0.135
2016-02-24,0.0,33.8,6.05,0.13475
2016-02-25,0.0,33.0,6.02,0.135
2016-02-26,0.0,33.2,5.93,0.13495833333333335
2016-02-27,0.0,33.2,5.63,0.13491666666666668
2016-02-28,0.0,33.4,5.66,0.135
2016-02-29,0.0,33.1,5.43,0.135
2016-03-01,0.0,32.9,5.16,0.135
2016-03-02,0.0,32.7,5.27,0.135
2016-03-03,0.0,33.1,5.56,0.135
2016-03-04,0.0,33.5,5.54,0.13454166666666667
2016-03-05,0.0,34.3,5.54,0.13429166666666667
2016-03-06,0.0,34.3,5.75,0.134
2016-03-07,0.0,34.4,6.1,0.134
2016-03-08,0.0,34.7,5.57,0.134
2016-03-09,0.0,35.1,5.68,0.134
2016-03-10,0.0,33.6,4.61,0.134
2016-03-11,0.0,33.2,4.92,0.13441666666666666
2016-03-12,0.0,34.8,6.42,0.135
2016-03-13,0.0,34.4,5.46,0.135
2016-03-14,0.0,35.1,5.8,0.13483333333333333
2016-03-15,0.0,34.5,6.0,0.135
2016-03-16,0.0,34.8,6.01,0.135
2016-03-17,0.0,33.5,4.69,0.135
2016-03-18,0.0,34.3,5.98,0.135
2016-03-19,0.0,34.4,6.27,0.13454166666666667
2016-03-20,0.0,35.0,5.24,0.13462500000000002
2016-03-21,0.0,34.6,5.91,0.135
2016-03-22,0.0,34.8,5.1,0.135
2016-03-23,0.0,35.3,6.02,0.13466666666666668
2016-03-24,0.0,34.5,5.15,0.13466666666666668
2016-03-25,0.0,35.0,6.76,0.13483333333333333
2016-03-26,0.0,33.3,5.49,0.1355
2016-03-27,0.0,34.7,6.59,0.136
2016-03-28,0.0,34.2,6.37,0.136
2016-03-29,0.0,34.4,6.27,0.13562500000000002
2016-03-30,0.0,34.7,6.38,0.135
2016-03-31,0.0,34.5,5.56,0.135
2016-04-01,0.0,35.0,5.33,0.135
2016-04-02,0.0,34.9,5.8,0.135
2016-04-03,0.0,35.2,5.74,0.135
2016-04-04,0.0,35.1,5.96,0.135
2016-04-05,0.0,35.5,6.13,0.135
2016-04-06,0.0,35.7,6.48,0.135
2016-04-07,0.0,35.6,6.69,0.135
2016-04-08,0.0,35.8,5.77,0.135
2016-04-09,0.0,35.4,5.44,0.135
2016-04-10,0.0,36.0,6.13,0.13454166666666667
2016-04-11,0.0,35.8,6.14,0.13441666666666666
2016-04-12,0.0,36.0,6.38,0.135
2016-04-13,0.0,36.6,6.71,0.135
2016-04-14,0.0,36.2,6.28,0.135
2016-04-15,0.0,36.4,6.33,0.135
2016-04-16,0.0,36.8,6.26,0.135
2016-04-17,0.0,36.0,5.48,0.13529166666666667
2016-04-18,0.1,36.7,6.35,0.135875
2016-04-19,0.0,36.3,6.83,0.13554166666666667
2016-04-20,0.0,36.7,6.44,0.135
2016-04-21,0.0,35.5,6.04,0.13604166666666667
2016-04-22,0.0,35.8,5.76,0.136
2016-04-23,0.0,36.3,6.34,0.1355
2016-04-24,0.0,36.1,6.13,0.135
2016-04-25,0.0,36.4,6.33,0.135
2016-04-26,0.0,36.4,6.27,0.134875
2016-04-27,0.1,37.4,6.44,0.13529166666666667
2016-04-28,0.5,35.6,5.19,0.13829166666666667
2016-04-29,0.0,36.6,6.0,0.14166666666666666
2016-04-30,0.0,36.0,5.36,0.14108333333333334
2016-05-01,0.5,36.2,5.76,0.14100000000000001
2016-05-02,0.0,36.7,6.18,0.14570833333333333
2016-05-03,0.1,36.8,5.9,0.14479166666666665
2016-05-04,0.1,37.0,5.8,0.14675
2016-05-05,1.0,36.5,5.46,0.15204166666666666
2016-05-06,7.8,35.4,4.53,0.18966666666666668
2016-05-07,0.2,35.4,5.73,0.21525000000000002
2016-05-08,0.8,35.6,5.11,0.19299999999999998
2016-05-09,0.9,35.5,4.97,0.17916666666666667
2016-05-10,0.0,37.0,6.08,0.16674999999999998
2016-05-11,0.7,36.2,5.56,0.15687500000000001
2016-05-12,0.0,37.4,6.18,0.15683333333333335
2016-05-13,0.5,38.0,6.4,0.15083333333333335
2016-05-14,0.5,36.6,5.51,0.14904166666666666
2016-05-15,3.0,35.8,4.71,0.165375
2016-05-16,6.1,33.1,4.0,0.25204166666666666
2016-05-17,1.4,34.2,4.33,0.24008333333333332
2016-05-18,10.4,30.6,2.23,0.314
2016-05-19,9.1,33.2,4.21,0.34170833333333334
2016-05-20,4.6,32.2,3.94,0.34041666666666665
2016-05-21,11.7,32.0,3.73,0.34312499999999996
2016-05-22,12.3,31.6,1.96,0.3755
2016-05-23,3.6,30.7,3.03,0.35474999999999995
2016-05-24,45.2,30.2,3.17,0.37329166666666663
2016-05-25,13.8,29.4,2.51,0.41729166666666667
2016-05-26,3.7,30.7,3.26,0.392375
2016-05-27,6.7,30.5,2.98,0.3940416666666667
2016-05-28,11.5,28.9,2.49,0.4023333333333334
2016-05-29,6.9,29.5,2.96,0.40166666666666667
2016-05-30,3.1,30.1,3.38,0.38825
2016-05-31,4.0,30.9,3.27,0.3802916666666667
2016-06-01,7.7,31.3,4.18,0.3818333333333333
2016-06-02,1.0,31.7,4.25,0.3702916666666667
2016-06-03,7.6,30.8,3.7,0.3705
2016-06-04,3.4,31.2,4.24,0.36966666666666664
2016-06-05,3.0,31.3,4.15,0.3589583333333333
2016-06-06,5.7,31.2,3.92,0.37483333333333335
2016-06-07,10.7,29.8,3.62,0.385
2016-06-08,5.6,30.6,3.24,0.3905416666666666
2016-06-09,0.9,31.6,4.51,0.3714166666666667
2016-06-10,0.9,32.7,5.11,0.34679166666666666
2016-06-11,0.6,32.5,4.74,0.3292916666666667
2016-06-12,11.3,31.8,4.34,0.35070833333333334
2016-06-13,1.9,30.5,3.74,0.375
2016-06-14,1.5,31.2,3.88,0.3617916666666667
2016-06-15,2.3,30.6,2.88,0.35141666666666665
2016-06-16,4.2,30.5,3.65,0.36599999999999994
2016-06-17,10.3,31.0,4.14,0.37670833333333337
2016-06-18,3.0,30.8,3.73,0.3705
2016-06-19,14.2,31.3,3.03,0.3792083333333333
2016-06-20,23.1,30.8,3.29,0.40370833333333334
2016-06-21,14.0,29.4,3.12,0.41312499999999996
2016-06-22,3.9,29.2,3.27,0.40529166666666666
2016-06-23,13.0,29.3,2.73,0.411375
2016-06-24,5.3,29.0,2.84,0.40804166666666664
2016-06-25,2.7,31.2,3.69,0.395125
2016-06-26,2.9,30.5,3.1,0.3892083333333334
2016-06-27,5.5,29.1,2.31,0.39675
2016-06-28,33.1,26.1,1.22,0.4223333333333333
2016-06-29,17.3,28.1,1.88,0.42616666666666664
2016-06-30,8.9,30.4,3.73,0.409875
2016-07-01,2.0,31.3,4.52,0.3935
2016-07-02,2.0,31.1,4.2,0.38495833333333335
2016-07-03,0.3,31.9,4.66,0.377
2016-07-04,0.0,32.3,4.9,0.3595
2016-07-05,0.8,31.7,4.27,0.3480833333333333
2016-07-06,9.2,27.3,1.71,0.38245833333333334
2016-07-07,8.5,30.0,2.71,0.40641666666666665
2016-07-08,8.4,29.2,2.44,0.40929166666666666
2016-07-09,2.1,30.3,3.33,0.3974166666666667
2016-07-10,14.5,28.6,2.26,0.403125
2016-07-11,10.5,30.0,2.4,0.41762499999999997
2016-07-12,3.8,29.7,2.95,0.4142083333333333
2016-07-13,9.7,31.0,3.75,0.41025
2016-07-14,8.5,31.1,4.03,0.40920833333333334
2016-07-15,7.8,31.1,4.22,0.4066666666666667
2016-07-16,10.8,30.9,3.58,0.41158333333333336
2016-07-17,7.8,31.7,4.26,0.4053333333333333
2016-07-18,13.5,29.3,3.24,0.41008333333333336
2016-07-19,2.5,30.7,4.08,0.40595833333333337
2016-07-20,15.8,30.8,3.72,0.4078333333333333
2016-07-21,4.5,31.0,4.11,0.40549999999999997
2016-07-22,12.8,30.6,3.13,0.40879166666666666
2016-07-23,9.9,31.3,4.01,0.4078333333333333
2016-07-24,0.0,31.8,4.78,0.39333333333333337
2016-07-25,13.8,31.6,4.01,0.40399999999999997
2016-07-26,4.4,30.2,3.19,0.40558333333333335
2016-07-27,6.0,29.8,3.61,0.4094583333333333
2016-07-28,12.2,30.1,3.17,0.4172916666666666
2016-07-29,2.4,28.8,2.76,0.4090833333333333
2016-07-30,7.6,30.2,3.0,0.41570833333333335
2016-07-31,0.4,32.3,5.01,0.39629166666666665
2016-08-01,6.3,32.3,5.13,0.3879166666666667
2016-08-02,8.8,30.2,3.57,0.40158333333333335
2016-08-03,14.0,28.4,2.59,0.410625
2016-08-04,20.1,26.3,1.22,0.420125
2016-08-05,11.7,27.4,1.82,0.42674999999999996
2016-08-06,5.4,28.9,2.81,0.4142083333333333
2016-08-07,10.5,29.2,2.76,0.4180833333333333
2016-08-08,7.0,30.0,3.72,0.4155
2016-08-09,3.7,30.1,4.28,0.40850000000000003
2016-08-10,8.0,30.4,3.81,0.40970833333333334
2016-08-11,7.3,29.3,2.82,0.40845833333333337
2016-08-12,1.9,30.3,4.15,0.41158333333333336
2016-08-13,9.5,29.3,3.23,0.4076666666666667
2016-08-14,3.0,30.0,3.62,0.40479166666666666
2016-08-15,2.4,29.9,4.09,0.40008333333333335
2016-08-16,6.9,30.6,4.22,0.39937500000000004
2016-08-17,5.1,30.4,3.67,0.39854166666666674
2016-08-18,4.6,30.5,4.32,0.400375
2016-08-19,4.3,30.7,4.2,0.399875
2016-08-20,0.4,31.5,4.42,0.388625
2016-08-21,1.9,31.8,4.72,0.37637499999999996
2016-08-22,5.3,31.1,4.49,0.38466666666666666
2016-08-23,3.8,31.2,3.83,0.385875
2016-08-24,1.7,31.1,3.82,0.3873333333333333
2016-08-25,2.6,30.7,3.89,0.383125
2016-08-26,3.9,31.6,4.19,0.38400000000000006
2016-08-27,9.0,31.3,4.3,0.3950416666666667
2016-08-28,10.3,30.7,3.24,0.404375
2016-08-29,5.1,30.4,3.79,0.4025
2016-08-30,12.5,29.9,2.89,0.4090833333333333
2016-08-31,8.4,31.2,4.03,0.4037916666666667
2016-09-01,3.7,32.5,4.73,0.40199999999999997
2016-09-02,9.6,30.0,3.64,0.4070833333333333
2016-09-03,3.0,31.4,4.46,0.39920833333333333
2016-09-04,1.6,31.6,4.72,0.39358333333333334
2016-09-05,4.3,31.6,4.1,0.399125
2016-09-06,5.2,30.7,4.01,0.40095833333333336
2016-09-07,5.7,28.4,2.79,0.40758333333333335
2016-09-08,6.1,28.9,2.62,0.417375
2016-09-09,3.0,29.6,3.53,0.40920833333333334
2016-09-10,10.9,30.5,3.32,0.406125
2016-09-11,11.0,29.1,2.6,0.4098333333333333
2016-09-12,2.2,29.5,2.97,0.40887500000000004
2016-09-13,7.6,27.7,2.2,0.41575
2016-09-14,1.8,29.8,4.03,0.40066666666666667
2016-09-15,0.3,31.8,4.7,0.3854583333333333
2016-09-16,3.0,29.7,2.57,0.38466666666666666
2016-09-17,9.5,29.8,2.63,0.3960416666666667
2016-09-18,8.9,29.4,2.93,0.4087083333333333
2016-09-19,10.7,30.7,3.14,0.4077916666666667
2016-09-20,9.6,30.8,3.81,0.4096666666666667
2016-09-21,18.5,31.3,3.25,0.4202916666666667
2016-09-22,9.7,29.3,2.47,0.41962499999999997
2016-09-23,2.0,29.3,3.16,0.4110833333333333
2016-09-24,2.1,30.7,3.9,0.39716666666666667
2016-09-25,6.8,30.0,3.14,0.40054166666666674
2016-09-26,8.7,29.9,2.8,0.4070833333333333
2016-09-27,6.9,30.3,3.23,0.4207083333333333
2016-09-28,11.2,28.4,1.83,0.4223333333333333
2016-09-29,3.9,30.8,3.13,0.41312499999999996
2016-09-30,3.9,30.1,3.61,0.4075416666666667
2016-10-01,1.8,31.3,3.78,0.40054166666666663
2016-10-02,10.0,31.3,3.38,0.4034166666666667
2016-10-03,27.4,29.7,1.98,0.41766666666666663
2016-10-04,12.0,29.1,2.32,0.4184583333333333
2016-10-05,9.5,30.9,3.39,0.4126666666666667
2016-10-06,5.3,28.9,2.15,0.4116666666666666
2016-10-07,10.3,30.1,2.59,0.41487499999999994
2016-10-08,14.5,30.2,2.44,0.41291666666666665
2016-10-09,7.5,29.9,3.47,0.40445833333333336
2016-10-10,12.7,29.1,2.55,0.417875
2016-10-11,22.9,28.9,2.27,0.41683333333333333
2016-10-12,8.3,30.1,2.27,0.424625
2016-10-13,18.9,30.9,3.4,0.4247916666666667
2016-10-14,4.9,30.7,3.11,0.4190833333333333
2016-10-15,13.3,30.4,3.11,0.4136666666666666
2016-10-16,18.8,28.8,1.93,0.41958333333333336
2016-10-17,19.0,26.8,1.41,0.41991666666666666
2016-10-18,17.3,27.6,1.66,0.42412500000000003
2016-10-19,12.8,29.1,2.3,0.42191666666666666
2016-10-20,10.3,28.5,2.03,0.4162083333333333
2016-10-21,10.7,29.2,2.67,0.41454166666666664
2016-10-22,17.2,30.2,2.84,0.41158333333333336
2016-10-23,12.3,30.0,2.73,0.414125
2016-10-24,15.0,28.3,1.42,0.42566666666666664
2016-10-25,13.7,29.4,2.52,0.424375
2016-10-26,19.1,28.7,2.49,0.4157916666666666
2016-10-27,7.9,31.0,3.09,0.40458333333333335
2016-10-28,15.9,30.9,2.78,0.4097916666666667
2016-10-29,21.7,30.2,2.45,0.41254166666666664
2016-10-30,24.1,27.5,1.01,0.42291666666666666
2016-10-31,8.8,29.0,2.12,0.41720833333333335
2016-11-01,25.4,30.2,2.92,0.4175
2016-11-02,9.7,31.1,2.86,0.41312499999999996
2016-11-03,10.6,30.5,2.95,0.4097916666666666
2016-11-04,2.7,30.4,3.01,0.40220833333333333
2016-11-05,26.8,27.6,1.72,0.42595833333333327
2016-11-06,45.1,27.1,1.3,0.41991666666666666
2016-11-07,11.5,30.3,2.86,0.4054166666666667
2016-11-08,6.7,31.1,3.66,0.40808333333333335
2016-11-09,2.5,31.5,3.79,0.40487500000000004
2016-11-10,8.4,30.7,3.63,0.40762499999999996
2016-11-11,1.3,30.7,3.95,0.39166666666666666
2016-11-12,0.6,31.0,3.82,0.38437499999999997
2016-11-13,1.5,31.6,4.0,0.372875
2016-11-14,0.5,31.4,3.86,0.36916666666666664
2016-11-15,4.5,31.5,3.84,0.36424999999999996
2016-11-16,1.0,31.3,3.89,0.3662083333333333
2016-11-17,18.3,32.0,3.48,0.38070833333333337
2016-11-18,10.0,30.3,3.0,0.41562499999999997
2016-11-19,0.9,31.1,3.48,0.3941666666666667
2016-11-20,11.8,30.4,2.71,0.3979166666666667
2016-11-21,15.8,30.4,1.82,0.426
2016-11-22,5.6,30.3,2.75,0.41720833333333335
2016-11-23,1.8,31.0,3.45,0.4046666666666667
2016-11-24,1.1,31.2,3.79,0.39475
2016-11-25,0.8,31.0,3.66,0.3797916666666667
2016-11-26,1.7,31.4,3.81,0.37125
2016-11-27,2.4,30.6,3.48,0.3826666666666667
2016-11-28,0.2,31.1,3.88,0.3682083333333333
2016-11-29,1.2,31.1,4.44,0.3492916666666666
2016-11-30,6.1,29.8,2.91,0.3717083333333333
2016-12-01,7.5,30.6,3.48,0.3957916666666667
2016-12-02,14.3,27.9,1.73,0.414375
2016-12-03,0.6,30.3,3.39,0.39762500000000006
2016-12-04,5.0,30.4,3.2,0.39725000000000005
2016-12-05,7.4,30.4,3.0,0.4043333333333334
2016-12-06,6.5,29.7,2.82,0.4075416666666667
2016-12-07,9.7,30.5,3.19,0.40362499999999996
2016-12-08,7.7,26.8,1.36,0.417
2016-12-09,0.9,29.8,4.04,0.39079166666666665
2016-12-10,1.4,29.9,3.24,0.3764166666666667
2016-12-11,9.7,27.9,1.59,0.391875
2016-12-12,29.6,24.9,0.95,0.42391666666666666
2016-12-13,7.2,26.7,1.33,0.41570833333333335
2016-12-14,2.8,28.6,2.37,0.4060416666666667
2016-12-15,5.8,28.9,2.25,0.40920833333333334
2016-12-16,12.0,29.6,2.79,0.41791666666666666
2016-12-17,0.1,28.9,3.87,0.4014166666666667
2016-12-18,0.0,28.4,2.94,0.38208333333333333
2016-12-19,3.7,29.6,3.21,0.3785416666666667
2016-12-20,9.6,29.4,2.5,0.41162499999999996
2016-12-21,16.9,29.1,2.43,0.41283333333333333
2016-12-22,0.4,30.6,3.73,0.4061666666666666
2016-12-23,0.8,30.2,3.11,0.387375
2016-12-24,0.0,30.3,3.86,0.3745416666666667
2016-12-25,1.9,29.7,2.69,0.369
2016-12-26,0.2,30.2,3.44,0.3665
2016-12-27,0.0,29.6,3.6,0.349625
2016-12-28,0.0,27.8,3.88,0.3345416666666667
2016-12-29,0.0,27.8,3.49,0.3219166666666667
2016-12-30,0.1,28.2,4.15,0.31204166666666666
2016-12-31,0.8,28.5,3.49,0.303875
2017-01-01,0.2,30.2,4.07,0.3192916666666667
2017-01-02,0.6,29.9,3.74,0.31445833333333334
2017-01-03,0.2,30.0,3.44,0.31275000000000003
2017-01-04,1.3,29.3,3.37,0.3007916666666666
2017-01-05,0.2,30.3,4.0,0.29216666666666663
2017-01-06,3.2,29.9,3.47,0.29541666666666666
2017-01-07,11.7,29.3,3.12,0.35179166666666667
2017-01-08,1.3,29.9,3.99,0.35754166666666665
2017-01-09,0.0,29.9,4.32,0.327375
2017-01-10,1.0,29.4,3.55,0.30675
2017-01-11,1.3,29.8,3.83,0.29204166666666664
2017-01-12,0.7,29.5,3.36,0.2861666666666666
2017-01-13,0.4,30.9,3.95,0.28120833333333334
2017-01-14,1.7,30.6,3.46,0.2747083333333334
2017-01-15,4.0,27.9,2.1,0.30691666666666667
2017-01-16,10.7,26.6,1.86,0.3835
2017-01-17,3.6,29.5,3.52,0.37566666666666665
2017-01-18,1.2,28.8,3.24,0.364125
2017-01-19,0.2,29.5,3.25,0.3565833333333333
2017-01-20,17.3,30.4,2.98,0.3821666666666666
2017-01-21,0.9,27.8,2.58,0.39358333333333334
2017-01-22,0.0,27.8,3.2,0.3695
2017-01-23,0.0,28.9,4.03,0.3498333333333334
2017-01-24,0.3,28.6,3.22,0.33266666666666667
2017-01-25,9.1,30.4,3.41,0.340125
2017-01-26,4.7,29.1,3.4,0.3478333333333334
2017-01-27,0.0,28.8,4.45,0.31725
2017-01-28,0.0,28.4,4.14,0.296
2017-01-29,0.0,29.1,4.47,0.2786666666666667
2017-01-30,0.0,29.4,4.01,0.2634166666666667
2017-01-31,0.2,29.5,4.17,0.2519166666666667
2017-02-01,0.8,30.2,4.25,0.23995833333333336
2017-02-02,15.1,28.4,2.17,0.294875
2017-02-03,1.7,28.0,2.52,0.37474999999999997
2017-02-04,2.2,29.5,3.51,0.3526666666666667
2017-02-05,2.6,29.9,3.96,0.33675000000000005
2017-02-06,1.3,29.9,4.02,0.32616666666666666
2017-02-07,0.0,29.7,3.82,0.30391666666666667
2017-02-08,0.0,30.9,4.37,0.28425
2017-02-09,0.5,30.1,4.37,0.26837500000000003
2017-02-10,1.5,29.2,3.77,0.25975
2017-02-11,0.1,30.0,4.82,0.2545
2017-02-12,0.0,29.3,5.05,0.23358333333333334
2017-02-13,0.0,29.7,4.92,0.21695833333333334
2017-02-14,0.0,30.9,4.99,0.204
2017-02-15,0.0,30.3,4.59,0.19295833333333334
2017-02-16,0.0,30.2,5.2,0.18299999999999997
2017-02-17,0.1,30.2,4.45,0.17608333333333334
2017-02-18,0.2,30.8,4.8,0.17008333333333334
2017-02-19,0.4,30.9,4.47,0.16408333333333333
2017-02-20,0.1,30.3,3.51,0.16133333333333333
2017-02-21,7.6,31.3,4.05,0.19216666666666668
2017-02-22,4.3,32.6,4.53,0.23470833333333332
2017-02-23,0.1,31.8,4.2,0.22220833333333334
2017-02-24,0.0,31.4,4.46,0.22795833333333335
2017-02-25,0.9,31.4,4.46,0.21658333333333335
2017-02-26,12.0,30.9,3.26,0.266375
2017-02-27,0.1,31.1,4.71,0.29891666666666666
2017-02-28,0.0,32.0,5.33,0.26095833333333335
2017-03-01,0.5,31.7,4.63,0.23525
2017-03-02,0.1,32.0,4.88,0.21566666666666667
2017-03-03,0.0,31.4,5.03,0.1985
2017-03-04,0.0,32.1,5.35,0.18512499999999998
2017-03-05,0.0,31.5,4.27,0.17391666666666664
2017-03-06,0.4,31.4,4.55,0.16716666666666669
2017-03-07,0.2,31.6,4.76,0.16479166666666667
2017-03-08,0.0,32.0,5.38,0.15745833333333334
2017-03-09,0.3,32.0,4.84,0.15425
2017-03-10,0.0,32.7,5.32,0.15191666666666667
2017-03-11,0.0,32.9,5.35,0.14916666666666667
2017-03-12,0.0,33.3,5.34,0.14808333333333332
2017-03-13,3.9,32.6,4.47,0.15854166666666666
2017-03-14,0.3,33.9,5.27,0.16716666666666669
2017-03-15,0.1,33.8,5.63,0.163
2017-03-16,4.6,33.2,4.63,0.16954166666666667
2017-03-17,10.0,29.8,3.85,0.19583333333333333
2017-03-18,2.4,32.6,4.74,0.1759166666666667
2017-03-19,4.7,32.4,3.9,0.20525000000000002
2017-03-20,3.1,32.4,4.49,0.21754166666666666
2017-03-21,5.0,31.9,4.45,0.260625
2017-03-22,71.3,31.0,3.89,0.38841666666666663
2017-03-23,0.0,31.7,4.35,0.3538333333333334
2017-03-24,0.4,31.6,4.7,0.32833333333333337
2017-03-25,4.5,31.1,4.03,0.33499999999999996
2017-03-26,0.0,32.8,5.45,0.33775
2017-03-27,0.0,31.6,4.79,0.30691666666666667
2017-03-28,0.1,32.7,5.07,0.28525
2017-03-29,8.8,31.8,4.33,0.3134166666666667
2017-03-30,7.2,31.5,4.27,0.3665833333333333
2017-03-31,5.6,31.6,4.06,0.36725
2017-04-01,39.4,31.2,3.58,0.4075416666666667
2017-04-02,6.4,28.5,2.67,0.40325000000000005
2017-04-03,11.8,27.3,2.06,0.408
2017-04-04,2.2,30.4,4.02,0.3941666666666667
2017-04-05,5.7,30.0,3.57,0.3922083333333333
2017-04-06,3.5,28.6,3.1,0.39737500000000003
2017-04-07,0.9,31.7,4.42,0.38562500000000005
2017-04-08,6.2,31.6,4.02,0.38516666666666666
2017-04-09,10.4,32.1,4.58,0.38037499999999996
2017-04-10,1.1,31.5,4.46,0.3755
2017-04-11,0.0,32.6,5.13,0.3495
2017-04-12,0.0,32.8,5.38,0.324375
2017-04-13,1.1,32.6,5.07,0.30416666666666664
2017-04-14,0.1,33.2,5.69,0.28379166666666666
2017-04-15,0.2,33.0,5.46,0.26608333333333334
2017-04-16,0.0,33.5,5.36,0.24775
2017-04-17,0.0,33.1,5.31,0.23383333333333334
2017-04-18,2.6,32.0,4.62,0.22991666666666666
2017-04-19,0.4,32.7,5.13,0.22108333333333333
2017-04-20,0.0,34.2,5.95,0.20641666666666666
2017-04-21,0.0,33.7,5.71,0.193375
2017-04-22,4.9,34.7,5.49,0.20391666666666666
2017-04-23,11.1,32.5,4.21,0.243
2017-04-24,16.0,32.7,4.05,0.29050000000000004
2017-04-25,9.7,32.3,4.41,0.30054166666666665
2017-04-26,8.8,32.4,4.39,0.3448333333333333
2017-04-27,5.6,33.5,4.79,0.33358333333333334
2017-04-28,1.4,33.1,4.75,0.3112916666666667
2017-04-29,6.5,31.6,4.64,0.32004166666666667
2017-04-30,2.9,32.6,4.6,0.28825
2017-05-01,1.0,32.4,4.76,0.27308333333333334
2017-05-02,1.6,33.6,5.11,0.284875
2017-05-03,6.5,32.6,4.27,0.3120833333333333
2017-05-04,4.1,32.0,3.76,0.31283333333333335
2017-05-05,17.1,32.4,4.38,0.36233333333333334
2017-05-06,5.2,31.9,4.14,0.3519583333333333
2017-05-07,11.5,29.1,2.49,0.37754166666666666
2017-05-08,4.7,31.4,4.39,0.35770833333333335
2017-05-09,7.1,32.2,3.55,0.34908333333333336
2017-05-10,16.0,30.0,3.51,0.38283333333333336
2017-05-11,8.9,30.3,3.13,0.39566666666666667
2017-05-12,5.5,31.4,3.84,0.39683333333333337
2017-05-13,2.4,31.0,4.2,0.38304166666666667
2017-05-14,2.1,31.5,4.01,0.364875
2017-05-15,22.4,31.4,3.56,0.38429166666666664
2017-05-16,11.4,31.4,3.87,0.4008333333333333
2017-05-17,9.2,31.2,3.29,0.398625
2017-05-18,17.7,31.9,3.86,0.40479166666666666
2017-05-19,4.2,31.0,3.05,0.407375
2017-05-20,7.3,32.3,3.99,0.4041666666666666
2017-05-21,19.4,30.3,3.13,0.41191666666666665
2017-05-22,19.1,30.9,3.55,0.40850000000000003
2017-05-23,4.0,30.4,3.68,0.39537500000000003
2017-05-24,6.1,32.4,3.74,0.40291666666666665
2017-05-25,17.3,29.2,2.87,0.4154166666666666
2017-05-26,18.3,29.6,2.72,0.41675
2017-05-27,23.8,29.0,2.17,0.42333333333333334
2017-05-28,35.7,30.0,3.06,0.426
2017-05-29,24.8,30.9,3.36,0.4247916666666667
2017-05-30,16.5,30.5,3.9,0.41358333333333336
2017-05-31,7.3,31.3,3.66,0.4106666666666667
2017-06-01,9.3,31.8,4.2,0.40729166666666666
2017-06-02,16.6,29.2,3.16,0.4103333333333334
2017-06-03,11.1,30.3,3.31,0.4123333333333334
2017-06-04,12.2,30.3,2.79,0.4109583333333333
2017-06-05,26.5,29.2,2.4,0.424625
2017-06-06,15.6,28.1,2.28,0.425125
2017-06-07,4.5,30.8,3.62,0.41375
2017-06-08,11.9,29.2,3.23,0.41320833333333334
2017-06-09,0.4,32.0,4.91,0.392375
2017-06-10,13.9,29.8,2.93,0.40158333333333335
2017-06-11,2.5,31.7,4.36,0.3941666666666667
2017-06-12,0.0,32.3,4.89,0.3714166666666667
2017-06-13,1.7,31.5,4.26,0.35904166666666665
2017-06-14,1.8,30.7,3.15,0.3539999999999999
2017-06-15,9.9,30.9,4.28,0.379375
2017-06-16,2.7,32.0,4.75,0.3722916666666667
2017-06-17,2.2,31.6,4.44,0.3560833333333333
2017-06-18,1.3,31.3,4.45,0.35566666666666663
2017-06-19,3.8,31.3,4.25,0.350875
2017-06-20,3.0,30.1,3.96,0.34958333333333336
2017-06-21,15.3,29.6,2.6,0.37904166666666667
2017-06-22,21.1,29.1,2.59,0.40595833333333337
2017-06-23,11.6,28.3,2.16,0.41425
2017-06-24,27.6,29.4,2.75,0.4207083333333333
2017-06-25,0.4,28.4,3.16,0.40625
2017-06-26,8.1,30.7,4.11,0.4095
2017-06-27,7.8,28.7,3.55,0.40879166666666666
2017-06-28,10.2,28.7,3.4,0.4104583333333333
2017-06-29,20.0,30.4,4.0,0.41220833333333334
2017-06-30,7.0,29.6,3.54,0.4086666666666667
2017-07-01,0.4,32.1,4.7,0.39054166666666673
2017-07-02,1.9,31.7,4.68,0.38199999999999995
2017-07-03,4.3,30.4,3.36,0.398375
2017-07-04,14.4,29.8,3.47,0.41100000000000003
2017-07-05,2.0,31.1,3.62,0.4027083333333334
2017-07-06,23.9,30.0,2.76,0.4123333333333333
2017-07-07,7.8,29.2,2.99,0.40850000000000003
2017-07-08,6.4,30.4,3.89,0.40737500000000004
2017-07-09,7.2,31.2,4.3,0.4043333333333334
2017-07-10,7.8,31.0,3.75,0.405
2017-07-11,24.9,29.0,2.54,0.418375
2017-07-12,20.2,28.5,2.65,0.4222916666666667
2017-07-13,2.4,30.7,2.99,0.4151666666666667
2017-07-14,2.6,29.7,3.01,0.40399999999999997
2017-07-15,9.8,29.1,2.62,0.4028333333333334
2017-07-16,5.5,28.9,2.95,0.40079166666666666
2017-07-17,11.7,27.7,1.93,0.4184583333333333
2017-07-18,12.4,30.0,2.51,0.41966666666666663
2017-07-19,18.4,28.6,2.12,0.41608333333333336
2017-07-20,19.6,28.4,2.14,0.4279583333333333
2017-07-21,4.8,29.4,2.56,0.41970833333333335
2017-07-22,6.4,30.1,3.43,0.41129166666666667
2017-07-23,5.3,30.4,3.47,0.40520833333333334
2017-07-24,9.5,30.0,2.98,0.4097916666666667
2017-07-25,5.9,27.9,2.13,0.41770833333333335
2017-07-26,7.6,29.2,3.09,0.41791666666666666
2017-07-27,9.0,29.4,3.08,0.42354166666666665
2017-07-28,1.6,30.9,4.18,0.404125
2017-07-29,0.0,31.0,4.13,0.39275
2017-07-30,7.0,30.3,3.51,0.3919166666666667
2017-07-31,2.2,30.1,3.64,0.3850833333333334
2017-08-01,8.3,30.0,3.66,0.3988333333333334
2017-08-02,3.7,30.0,3.55,0.39891666666666664
2017-08-03,13.8,29.2,3.22,0.4110416666666667
2017-08-04,8.9,28.8,2.56,0.4214583333333333
2017-08-05,7.2,29.1,2.5,0.41962499999999997
2017-08-06,12.3,30.0,3.29,0.41791666666666666
2017-08-07,3.5,31.0,4.19,0.408125
2017-08-08,5.2,32.0,4.32,0.40762499999999996
2017-08-09,5.2,30.6,3.56,0.40775
2017-08-10,9.9,31.5,4.09,0.40454166666666663
2017-08-11,11.0,31.6,4.01,0.4086666666666667
2017-08-12,3.6,32.2,4.11,0.40758333333333335
2017-08-13,6.3,31.1,3.79,0.40691666666666665
2017-08-14,7.0,30.7,3.75,0.40991666666666665
2017-08-15,12.4,29.3,3.52,0.42158333333333337
2017-08-16,7.4,27.9,2.13,0.4203333333333333
2017-08-17,5.7,29.5,2.47,0.41729166666666667
2017-08-18,10.2,28.4,2.09,0.42124999999999996
2017-08-19,13.0,30.2,3.98,0.41875
2017-08-20,13.4,28.6,3.0,0.40970833333333334
2017-08-21,11.1,28.9,2.98,0.411375
2017-08-22,9.5,29.6,3.21,0.407875
2017-08-23,14.1,29.0,2.23,0.418375
2017-08-24,12.9,30.7,3.54,0.41591666666666666
2017-08-25,9.5,29.4,2.85,0.4164583333333333
2017-08-26,23.4,28.1,2.2,0.42812500000000003
2017-08-27,12.4,28.0,2.08,0.42625
2017-08-28,14.6,29.5,2.81,0.41554166666666664
2017-08-29,8.5,30.3,3.46,0.40429166666666666
2017-08-30,1.6,31.0,4.24,0.38095833333333334
2017-08-31,1.0,31.2,2.82,0.3742083333333333
2017-09-01,1.6,31.3,3.72,0.376625
2017-09-02,7.1,30.8,3.78,0.3845
2017-09-03,1.2,32.2,4.56,0.372125
2017-09-04,2.0,31.4,3.92,0.36991666666666667
2017-09-05,1.3,32.0,4.44,0.37954166666666667
2017-09-06,5.5,32.0,4.28,0.39316666666666666
2017-09-07,6.6,31.9,4.26,0.39762500000000006
2017-09-08,2.6,32.7,4.56,0.390625
2017-09-09,10.0,32.5,4.06,0.39558333333333334
2017-09-10,2.9,32.3,4.45,0.3937083333333333
2017-09-11,26.9,30.6,3.42,0.4230833333333333
2017-09-12,3.2,32.0,4.47,0.3985
2017-09-13,1.1,31.6,4.01,0.379
2017-09-14,5.7,31.8,3.73,0.37704166666666666
2017-09-15,6.1,29.9,2.56,0.401
2017-09-16,9.9,29.7,3.04,0.41370833333333334
2017-09-17,5.4,31.7,3.98,0.41025
2017-09-18,6.0,32.3,4.62,0.40654166666666663
2017-09-19,7.2,30.3,2.89,0.4146666666666667
2017-09-20,35.1,29.4,2.43,0.41575
2017-09-21,10.7,29.8,2.4,0.4199583333333334
2017-09-22,14.9,27.1,2.11,0.427625
2017-09-23,10.7,28.5,2.45,0.42124999999999996
2017-09-24,13.8,27.6,1.57,0.423875
2017-09-25,9.4,27.5,1.73,0.423125
2017-09-26,17.2,30.2,3.27,0.4139583333333334
2017-09-27,23.3,32.0,3.38,0.4117916666666667
2017-09-28,22.8,31.4,3.08,0.417
2017-09-29,12.6,30.6,3.41,0.4235
2017-09-30,12.5,30.0,3.47,0.41983333333333334
2017-10-01,8.0,29.9,3.09,0.4106666666666667
2017-10-02,45.5,28.1,1.45,0.42175
2017-10-03,19.8,26.1,1.38,0.43041666666666667
2017-10-04,8.6,31.2,3.01,0.41120833333333334
2017-10-05,4.2,32.0,4.21,0.39137500000000003
2017-10-06,2.7,30.4,3.48,0.405125
2017-10-07,7.0,31.4,3.61,0.40829166666666666
2017-10-08,2.9,31.9,3.83,0.4054166666666667
2017-10-09,5.0,31.5,3.98,0.404625
2017-10-10,2.0,31.8,4.07,0.3885
2017-10-11,7.1,31.6,3.06,0.4048333333333333
2017-10-12,12.3,32.4,3.78,0.4071666666666667
2017-10-13,15.3,30.1,2.91,0.420375
2017-10-14,13.0,29.2,2.31,0.42425
2017-10-15,9.4,28.7,1.78,0.4242083333333333
2017-10-16,4.6,31.8,3.67,0.405875
2017-10-17,11.9,30.6,2.79,0.40604166666666663
2017-10-18,16.5,30.3,2.73,0.42945833333333333
2017-10-19,14.6,30.5,3.14,0.42891666666666667
2017-10-20,7.3,30.7,3.28,0.418625
2017-10-21,20.2,30.8,3.34,0.41620833333333335
2017-10-22,18.8,28.6,2.36,0.4232916666666666
2017-10-23,22.3,30.4,2.87,0.41358333333333336
2017-10-24,10.3,29.6,2.6,0.41983333333333334
2017-10-25,5.1,30.9,3.73,0.41029166666666667
2017-10-26,0.2,31.7,4.38,0.3834166666666667
2017-10-27,0.4,29.7,3.2,0.382125
2017-10-28,0.7,31.8,4.0,0.36741666666666667
2017-10-29,0.1,31.4,4.36,0.35316666666666663
2017-10-30,0.0,31.2,5.49,0.33512499999999995
2017-10-31,0.0,29.8,4.25,0.32208333333333333
2017-11-01,3.3,27.0,1.94,0.34208333333333335
2017-11-02,8.9,27.0,1.17,0.4015416666666667
2017-11-03,0.0,30.5,4.63,0.38475
2017-11-04,1.9,28.8,3.33,0.37274999999999997
2017-11-05,13.1,28.4,2.02,0.3997916666666667
2017-11-06,8.3,31.0,3.2,0.41208333333333336
2017-11-07,7.4,29.5,2.46,0.41312499999999996
2017-11-08,5.3,30.8,3.21,0.40891666666666665
2017-11-09,4.7,30.7,3.33,0.4081666666666666
2017-11-10,4.7,30.7,3.03,0.4010833333333333
2017-11-11,10.1,30.7,2.96,0.41754166666666664
2017-11-12,6.0,30.5,3.29,0.41
2017-11-13,3.3,31.3,3.5,0.3981666666666667
2017-11-14,11.1,29.5,2.57,0.40691666666666665
2017-11-15,5.7,30.4,3.36,0.4046666666666667
2017-11-16,1.3,30.4,3.55,0.39691666666666664
2017-11-17,2.5,31.6,3.85,0.3915416666666667
2017-11-18,2.7,31.8,3.54,0.39233333333333337
2017-11-19,1.8,27.0,1.36,0.4047083333333334
2017-11-20,3.2,29.2,2.47,0.4190833333333333
2017-11-21,0.2,31.4,4.22,0.3957916666666667
2017-11-22,0.1,31.3,3.79,0.3793333333333333
2017-11-23,0.3,31.7,4.14,0.370875
2017-11-24,2.8,31.5,4.07,0.3721666666666667
2017-11-25,1.2,31.0,4.01,0.38079166666666664
2017-11-26,0.4,31.4,4.11,0.37625
2017-11-27,0.0,31.4,4.37,0.35741666666666666
2017-11-28,4.0,31.5,4.04,0.34679166666666666
2017-11-29,3.8,28.3,2.24,0.37695833333333334
2017-11-30,0.0,31.8,4.25,0.3532916666666666
2017-12-01,0.0,31.1,4.35,0.33045833333333335
2017-12-02,4.0,30.4,3.46,0.31925
2017-12-03,6.1,30.2,2.44,0.36833333333333335
2017-12-04,13.8,27.9,1.68,0.3974583333333333
2017-12-05,13.1,29.7,2.3,0.4070416666666667
2017-12-06,0.2,30.6,3.32,0.395
2017-12-07,0.2,30.3,3.66,0.3742083333333333
2017-12-08,0.5,31.2,4.31,0.3601666666666667
2017-12-09,0.0,28.8,4.47,0.34425
2017-12-10,0.0,29.1,4.41,0.3277083333333333
2017-12-11,0.0,29.5,3.38,0.3156666666666667
2017-12-12,2.2,29.8,3.61,0.3085
2017-12-13,1.0,30.3,3.44,0.308375
2017-12-14,2.2,28.9,2.46,0.31958333333333333
2017-12-15,0.8,30.2,3.44,0.3173333333333333
2017-12-16,0.5,31.5,3.79,0.302625
2017-12-17,0.0,30.2,4.31,0.28441666666666665
2017-12-18,0.0,28.2,5.48,0.2632083333333333
2017-12-19,0.0,27.6,5.23,0.24629166666666666
2017-12-20,0.0,23.6,3.9,0.23483333333333334
2017-12-21,1.9,22.9,3.17,0.23704166666666668
2017-12-22,0.1,30.5,4.3,0.23304166666666667
2017-12-23,0.0,30.5,3.81,0.224375
2017-12-24,0.0,32.1,4.51,0.2135
2017-12-25,7.5,25.6,2.8,0.2567083333333333
2017-12-26,11.8,27.2,2.23,0.3894166666666667
2017-12-27,5.6,26.8,1.77,0.38104166666666667
2017-12-28,0.5,29.8,3.49,0.368875
2017-12-29,1.7,30.2,3.39,0.36237499999999995
2017-12-30,0.1,30.6,3.84,0.3609583333333333
2017-12-31,0.0,29.6,4.26,0.33512499999999995
2018-01-01,0.0,29.4,4.09,0.314875
2018-01-02,0.0,28.9,3.9,0.29954166666666665
2018-01-03,0.0,30.2,3.92,0.28554166666666664
2018-01-04,0.2,30.0,3.42,0.27495833333333336
2018-01-05,6.7,28.7,2.67,0.28270833333333334
2018-01-06,1.7,29.2,3.03,0.29650000000000004
2018-01-07,1.7,30.0,3.5,0.34112499999999996
2018-01-08,2.1,29.7,2.84,0.32983333333333337
2018-01-09,0.9,30.0,3.29,0.3340416666666666
2018-01-10,2.2,30.4,3.42,0.31654166666666667
2018-01-11,0.7,30.7,4.34,0.29662499999999997
2018-01-12,0.5,30.1,4.6,0.2977083333333333
2018-01-13,0.0,28.2,4.33,0.27999999999999997
2018-01-14,0.0,26.4,2.25,0.263
2018-01-15,0.0,28.8,2.98,0.25266666666666665
2018-01-16,0.1,29.3,3.24,0.24325
2018-01-17,1.2,27.0,1.45,0.241375
2018-01-18,2.4,29.7,3.46,0.24079166666666665
2018-01-19,1.9,26.6,1.3,0.25175
2018-01-20,0.3,30.0,3.8,0.2604166666666667
2018-01-21,3.6,29.2,3.07,0.25625000000000003
2018-01-22,22.8,29.3,2.82,0.3066666666666667
2018-01-23,11.0,29.8,3.2,0.33970833333333333
2018-01-24,2.3,29.0,3.02,0.32108333333333333
2018-01-25,0.7,28.4,2.68,0.31104166666666666
2018-01-26,0.1,29.9,3.25,0.288125
2018-01-27,1.0,29.8,3.49,0.2717083333333334
2018-01-28,5.4,29.6,2.82,0.30554166666666666
2018-01-29,2.6,29.1,3.21,0.384625
2018-01-30,0.4,29.3,3.36,0.363875
2018-01-31,0.9,29.9,3.84,0.34775
2018-02-01,0.4,28.3,3.02,0.3367083333333334
2018-02-02,0.1,29.8,4.1,0.32016666666666665
2018-02-03,0.0,29.9,4.13,0.3015
2018-02-04,0.1,28.3,4.04,0.28583333333333333
2018-02-05,0.0,28.2,4.28,0.27195833333333336
2018-02-06,0.0,27.3,4.59,0.25783333333333336
2018-02-07,0.0,27.5,4.26,0.24450000000000002
2018-02-08,0.1,27.7,3.83,0.233375
2018-02-09,0.0,28.4,3.8,0.22204166666666666
2018-02-10,0.0,28.7,3.74,0.21279166666666668
2018-02-11,0.2,29.0,3.39,0.20575
2018-02-12,0.0,30.2,4.89,0.19708333333333336
2018-02-13,0.0,29.2,4.65,0.18733333333333335
2018-02-14,0.0,30.4,4.77,0.18025
2018-02-15,0.0,30.7,3.36,0.17520833333333333
2018-02-16,0.4,30.3,3.26,0.17566666666666664
2018-02-17,0.1,30.9,3.97,0.17279166666666668
2018-02-18,3.4,31.3,3.96,0.18141666666666667
2018-02-19,0.0,31.9,5.04,0.19458333333333333
2018-02-20,0.0,31.4,4.03,0.18441666666666667
2018-02-21,0.0,31.7,4.46,0.17695833333333333
2018-02-22,0.0,32.5,5.08,0.16858333333333334
2018-02-23,0.1,32.2,5.21,0.16437500000000002
2018-02-24,0.0,33.5,5.87,0.160125
2018-02-25,0.0,32.9,5.1,0.15475
2018-02-26,0.0,32.1,4.74,0.15283333333333335
2018-02-27,0.1,31.8,4.74,0.15266666666666664
2018-02-28,0.7,32.4,4.69,0.156625
2018-03-01,0.2,31.6,4.29,0.16929166666666665
2018-03-02,0.4,32.3,4.46,0.19620833333333335
2018-03-03,0.7,31.2,3.63,0.19099999999999998
2018-03-04,0.0,32.8,5.0,0.19033333333333333
2018-03-05,0.3,32.5,4.06,0.17783333333333332
2018-03-06,0.0,32.9,5.06,0.16779166666666667
2018-03-07,0.0,34.4,5.97,0.16179166666666667
2018-03-08,0.0,33.9,5.74,0.15525
2018-03-09,0.0,33.7,5.51,0.15091666666666667
2018-03-10,0.0,32.2,4.91,0.15116666666666667
2018-03-11,0.0,33.3,4.97,0.15012499999999998
2018-03-12,0.0,33.4,5.46,0.14775
2018-03-13,0.3,32.3,4.78,0.14591666666666667
2018-03-14,0.5,32.1,4.49,0.14566666666666664
2018-03-15,2.4,32.2,4.39,0.15083333333333335
2018-03-16,7.0,31.9,4.05,0.21158333333333335
2018-03-17,0.7,31.7,4.69,0.232375
2018-03-18,0.0,33.4,5.63,0.21533333333333335
2018-03-19,0.1,32.9,4.98,0.19541666666666668
2018-03-20,0.0,33.8,5.1,0.18054166666666668
2018-03-21,2.3,33.9,5.09,0.17429166666666665
2018-03-22,6.7,31.1,3.32,0.21808333333333332
2018-03-23,2.3,32.5,4.37,0.23729166666666668
2018-03-24,0.0,33.3,5.86,0.21504166666666666
2018-03-25,0.8,32.5,5.19,0.198375
2018-03-26,0.2,33.2,5.32,0.18341666666666667
2018-03-27,0.3,32.4,5.01,0.17208333333333334
2018-03-28,0.0,32.9,5.12,0.165625
2018-03-29,0.1,32.6,4.89,0.16183333333333336
2018-03-30,0.6,31.9,4.34,0.17470833333333335
2018-03-31,3.5,31.6,4.06,0.205
2018-04-01,6.6,31.0,3.61,0.22925000000000004
2018-04-02,0.0,32.1,4.47,0.251875
2018-04-03,0.2,32.3,5.1,0.22920833333333335
2018-04-04,0.4,32.4,5.2,0.22045833333333334
2018-04-05,0.6,32.6,4.62,0.205125
2018-04-06,0.1,33.5,5.27,0.19733333333333336
2018-04-07,1.5,32.2,4.62,0.19562500000000002
2018-04-08,0.0,32.5,4.27,0.18516666666666667
2018-04-09,0.0,34.7,5.95,0.17737499999999998
2018-04-10,0.0,34.4,5.78,0.166
2018-04-11,0.2,34.2,5.39,0.15875
2018-04-12,0.3,35.9,5.8,0.15341666666666667
2018-04-13,0.0,35.5,5.69,0.1465
2018-04-14,0.1,35.4,5.63,0.14154166666666665
2018-04-15,0.4,34.8,4.91,0.1379166666666667
2018-04-16,0.2,36.3,6.26,0.13675
2018-04-17,0.3,35.2,5.66,0.13695833333333335
2018-04-18,0.6,34.0,4.89,0.139625
2018-04-19,1.1,33.5,4.91,0.14591666666666667
2018-04-20,0.4,34.8,5.21,0.15554166666666666
2018-04-21,0.6,34.1,4.97,0.153
2018-04-22,0.6,34.2,4.84,0.15620833333333334
2018-04-23,6.5,35.3,4.57,0.17204166666666668
2018-04-24,1.4,34.9,4.92,0.163125
2018-04-25,0.2,35.6,5.17,0.16183333333333336
2018-04-26,2.0,35.7,5.15,0.163
2018-04-27,1.5,34.7,5.01,0.18841666666666668
2018-04-28,0.6,34.7,4.99,0.19179166666666667
2018-04-29,1.7,33.5,4.44,0.218125
2018-04-30,2.9,33.6,4.62,0.27599999999999997
2018-05-01,6.1,34.8,4.84,0.24345833333333333
2018-05-02,2.6,33.0,4.66,0.2828333333333333
2018-05-03,11.5,33.0,4.86,0.3290416666666667
2018-05-04,4.3,30.9,3.85,0.35674999999999996
2018-05-05,6.8,30.1,3.21,0.36637499999999995
2018-05-06,2.8,31.5,4.08,0.35941666666666666
2018-05-07,8.0,31.6,3.93,0.3647916666666666
2018-05-08,10.5,31.4,3.62,0.370875
2018-05-09,7.9,31.0,3.34,0.37975000000000003
2018-05-10,1.4,31.8,4.18,0.3600833333333333
2018-05-11,2.3,32.0,4.08,0.36212500000000003
2018-05-12,3.6,32.2,4.46,0.339875
2018-05-13,6.7,30.9,4.45,0.3566666666666667
2018-05-14,6.0,31.9,4.35,0.3336666666666667
2018-05-15,2.9,32.0,4.55,0.30266666666666664
2018-05-16,5.2,31.8,4.37,0.296
2018-05-17,2.9,32.5,4.56,0.294875
2018-05-18,3.4,32.3,4.38,0.29554166666666665
2018-05-19,2.0,32.2,4.36,0.30554166666666666
2018-05-20,5.9,32.3,4.11,0.3312916666666667
2018-05-21,6.5,33.0,4.59,0.33979166666666666
2018-05-22,5.3,29.4,2.63,0.35483333333333333
2018-05-23,6.3,31.3,3.66,0.35804166666666665
2018-05-24,15.1,30.5,3.1,0.38929166666666665
2018-05-25,0.6,32.3,4.49,0.360875
2018-05-26,4.8,31.3,3.89,0.35512499999999997
2018-05-27,7.8,32.9,4.57,0.35704166666666665
2018-05-28,4.0,32.6,4.22,0.33870833333333333
2018-05-29,16.2,31.3,3.18,0.36437500000000006
2018-05-30,1.7,32.2,3.88,0.3558333333333333
2018-05-31,13.4,30.7,3.62,0.38845833333333335
2018-06-01,15.1,30.7,3.59,0.40229166666666666
2018-06-02,25.7,29.0,1.66,0.40725000000000006
2018-06-03,11.7,27.7,1.37,0.41450000000000004
2018-06-04,10.9,29.8,2.69,0.4124583333333333
2018-06-05,6.5,29.7,3.36,0.40195833333333336
2018-06-06,3.4,31.2,3.79,0.39116666666666666
2018-06-07,6.2,30.3,3.49,0.3918333333333333
2018-06-08,4.6,29.6,2.54,0.39025
2018-06-09,8.0,29.6,2.62,0.4070833333333333
2018-06-10,5.2,29.5,2.29,0.41120833333333334
2018-06-11,1.7,30.0,3.13,0.384125
2018-06-12,3.5,30.8,4.07,0.3734166666666667
2018-06-13,5.5,31.1,3.01,0.3629583333333333
2018-06-14,1.5,30.3,3.2,0.34441666666666665
2018-06-15,2.0,31.1,3.89,0.33525000000000005
2018-06-16,8.2,28.0,2.46,0.37154166666666666
2018-06-17,6.2,28.6,2.19,0.3854583333333333
2018-06-18,17.4,27.6,2.34,0.4214583333333333
2018-06-19,5.4,30.3,3.78,0.4025
2018-06-20,1.3,31.1,4.29,0.3892083333333334
2018-06-21,2.7,30.7,4.14,0.38295833333333335
2018-06-22,1.9,30.7,4.14,0.381125
2018-06-23,6.3,31.5,3.93,0.386625
2018-06-24,4.3,30.4,3.42,0.3819166666666667
2018-06-25,7.1,30.7,3.93,0.382125
2018-06-26,4.5,30.0,3.64,0.3877083333333333
2018-06-27,2.3,29.5,2.96,0.40020833333333333
2018-06-28,6.3,30.6,4.16,0.39079166666666665
2018-06-29,4.6,31.2,4.29,0.38362500000000005
2018-06-30,1.3,30.8,4.53,0.36366666666666664
2018-07-01,3.8,30.1,4.12,0.3638333333333333
2018-07-02,10.4,30.1,3.82,0.39037499999999997
2018-07-03,6.8,29.6,3.46,0.3962916666666667
2018-07-04,0.7,30.5,4.0,0.38625
2018-07-05,5.5,30.2,4.0,0.40091666666666664
2018-07-06,7.4,29.0,3.27,0.4101666666666666
2018-07-07,1.7,28.0,2.14,0.3959166666666667
2018-07-08,7.4,30.9,3.39,0.39770833333333333
2018-07-09,5.1,30.4,3.49,0.3985416666666666
2018-07-10,8.3,29.3,3.17,0.4077916666666666
2018-07-11,8.2,29.9,2.97,0.408625
2018-07-12,9.0,27.8,2.53,0.410125
2018-07-13,17.1,29.7,3.21,0.418625
2018-07-14,7.1,27.0,1.73,0.42416666666666664
2018-07-15,6.9,29.5,3.37,0.41362499999999996
2018-07-16,5.7,30.6,3.72,0.39854166666666674
2018-07-17,14.5,27.6,1.73,0.4250833333333333
2018-07-18,14.8,28.3,2.89,0.42841666666666667
2018-07-19,7.9,30.4,3.82,0.41958333333333336
2018-07-20,8.3,29.9,3.02,0.41733333333333333
2018-07-21,10.2,29.1,2.9,0.41566666666666663
2018-07-22,11.7,29.0,3.27,0.41375
2018-07-23,3.4,30.7,4.36,0.40087500000000004
2018-07-24,2.8,30.4,4.09,0.3965
2018-07-25,9.5,29.5,3.47,0.40879166666666666
2018-07-26,5.7,30.7,3.81,0.40608333333333335
2018-07-27,6.5,29.4,3.71,0.40216666666666673
2018-07-28,6.6,30.5,3.4,0.39725000000000005
2018-07-29,5.3,30.5,3.05,0.400375
2018-07-30,9.0,28.7,2.96,0.42133333333333334
2018-07-31,3.3,32.1,4.61,0.40599999999999997
2018-08-01,2.4,31.6,4.71,0.3940416666666667
2018-08-02,8.6,30.5,4.11,0.4007083333333334
2018-08-03,0.4,29.6,3.42,0.395
2018-08-04,4.7,30.5,3.9,0.39920833333333333
2018-08-05,7.8,30.0,3.28,0.41425
2018-08-06,7.2,28.3,2.29,0.41241666666666665
2018-08-07,15.6,29.0,1.88,0.42175
2018-08-08,14.6,28.5,2.19,0.4287916666666667
2018-08-09,22.4,27.2,2.15,0.42945833333333333
2018-08-10,9.1,27.6,2.82,0.42120833333333335
2018-08-11,3.4,30.0,3.68,0.41254166666666664
2018-08-12,2.8,29.3,3.39,0.40487500000000004
2018-08-13,8.7,30.2,3.51,0.41933333333333334
2018-08-14,10.4,28.6,2.61,0.4137916666666666
2018-08-15,4.1,28.7,2.58,0.4095
2018-08-16,1.3,29.9,3.86,0.3979166666666667
2018-08-17,2.8,30.5,4.35,0.39166666666666666
2018-08-18,8.5,29.6,2.99,0.4067083333333334
2018-08-19,19.6,28.6,2.56,0.4254166666666666
2018-08-20,7.1,29.1,2.48,0.4170833333333333
2018-08-21,14.8,29.5,2.87,0.4179583333333334
2018-08-22,6.2,30.6,3.73,0.41383333333333333
2018-08-23,5.5,30.4,3.82,0.412375
2018-08-24,4.4,31.0,3.74,0.40729166666666666
2018-08-25,1.0,31.4,4.48,0.389
2018-08-26,7.3,31.0,3.85,0.3917916666666667
2018-08-27,7.8,28.4,2.84,0.4041666666666666
2018-08-28,3.5,30.8,4.1,0.38933333333333336
2018-08-29,0.9,31.8,4.63,0.370625
2018-08-30,0.4,30.8,4.17,0.35712499999999997
2018-08-31,2.3,30.9,4.4,0.36083333333333334
2018-09-01,10.8,30.7,3.51,0.38475
2018-09-02,5.0,31.2,3.88,0.3944166666666667
2018-09-03,14.5,28.1,2.2,0.41591666666666666
2018-09-04,11.3,28.2,2.46,0.421375
2018-09-05,1.4,31.0,4.57,0.39658333333333334
2018-09-06,5.5,32.2,4.64,0.40162499999999995
2018-09-07,13.1,31.1,3.3,0.4091666666666667
2018-09-08,45.4,27.9,1.96,0.42733333333333334
2018-09-09,8.9,29.8,3.39,0.4211666666666667
2018-09-10,5.7,31.0,4.14,0.41329166666666667
2018-09-11,5.3,31.4,3.92,0.411875
2018-09-12,6.0,28.9,2.84,0.4141666666666666
2018-09-13,10.1,28.4,2.87,0.41804166666666664
2018-09-14,10.5,29.1,2.4,0.42425
2018-09-15,11.3,28.6,2.5,0.41674999999999995
2018-09-16,8.3,28.9,2.94,0.4162083333333333
2018-09-17,22.4,27.5,2.02,0.43
2018-09-18,13.3,29.0,2.24,0.42775
2018-09-19,3.3,31.6,4.16,0.402625
2018-09-20,10.5,30.6,3.34,0.40650000000000003
2018-09-21,20.0,30.3,3.05,0.41608333333333336
2018-09-22,10.8,30.3,3.01,0.4234583333333333
2018-09-23,4.0,30.8,3.65,0.41162499999999996
2018-09-24,2.3,31.5,3.7,0.40020833333333333
2018-09-25,1.5,31.1,3.87,0.390625
2018-09-26,6.5,32.1,4.31,0.39075
2018-09-27,3.9,31.4,3.59,0.3862083333333333
2018-09-28,7.3,31.1,3.79,0.3882916666666667
2018-09-29,4.9,31.8,3.79,0.3852083333333334
2018-09-30,1.3,30.6,3.18,0.3894166666666667
2018-10-01,5.7,31.6,4.09,0.4105833333333333
2018-10-02,18.8,29.5,2.66,0.42404166666666665
2018-10-03,52.8,29.2,2.4,0.428625
2018-10-04,26.5,30.7,2.98,0.42887499999999995
2018-10-05,15.3,28.8,2.21,0.42425
2018-10-06,9.0,30.6,3.38,0.4202083333333333
2018-10-07,5.8,31.1,3.45,0.4084583333333333
2018-10-08,13.5,31.4,3.96,0.4087083333333333
2018-10-09,0.8,31.6,4.74,0.3897916666666667
2018-10-10,1.0,31.8,4.37,0.36375
2018-10-11,1.9,31.9,4.31,0.3492916666666666
2018-10-12,5.5,32.0,4.09,0.37424999999999997
2018-10-13,3.5,31.2,4.0,0.38129166666666664
2018-10-14,2.6,30.9,4.04,0.37204166666666666
2018-10-15,2.9,30.8,3.38,0.362875
2018-10-16,1.8,31.7,4.09,0.34520833333333334
2018-10-17,7.4,31.3,3.76,0.35966666666666663
2018-10-18,71.8,31.4,2.92,0.40524999999999994
2018-10-19,29.5,29.2,2.36,0.418375
2018-10-20,4.1,31.1,3.94,0.4123333333333334
2018-10-21,5.1,31.8,4.09,0.39758333333333334
2018-10-22,8.4,32.1,3.98,0.40558333333333335
2018-10-23,8.3,31.6,3.74,0.4094166666666667
2018-10-24,10.8,29.3,2.76,0.42333333333333334
2018-10-25,3.4,31.5,3.78,0.40241666666666664
2018-10-26,0.3,31.9,4.54,0.380625
2018-10-27,1.3,32.1,4.15,0.36874999999999997
2018-10-28,2.5,31.7,4.36,0.37354166666666666
2018-10-29,1.6,32.0,4.04,0.368875
2018-10-30,0.0,31.0,4.92,0.3549166666666667
2018-10-31,0.2,30.4,4.69,0.332625
2018-11-01,0.0,31.6,4.86,0.31275000000000003
2018-11-02,2.6,31.2,4.22,0.31383333333333335
2018-11-03,3.6,32.3,4.36,0.33808333333333335
2018-11-04,2.8,32.0,3.89,0.3304166666666667
2018-11-05,3.0,31.8,3.8,0.3285
2018-11-06,1.1,32.3,4.48,0.31758333333333333
2018-11-07,7.1,29.0,1.96,0.3280416666666667
2018-11-08,1.6,31.3,4.05,0.33283333333333337
2018-11-09,1.2,31.3,4.44,0.32358333333333333
2018-11-10,0.0,32.1,4.86,0.3096666666666667
2018-11-11,0.5,32.2,4.61,0.29004166666666664
2018-11-12,4.6,31.3,3.65,0.28591666666666665
2018-11-13,0.9,31.1,3.79,0.287125
2018-11-14,4.8,30.1,3.15,0.30266666666666664
2018-11-15,0.0,32.7,4.75,0.27587500000000004
2018-11-16,1.4,31.2,3.25,0.27133333333333337
2018-11-17,5.1,31.4,3.54,0.29262499999999997
2018-11-18,0.6,31.4,3.16,0.27325000000000005
2018-11-19,25.2,28.1,2.1,0.36800000000000005
2018-11-20,1.5,30.6,3.9,0.3562916666666667
2018-11-21,1.0,31.1,3.81,0.3285416666666667
2018-11-22,0.2,32.2,4.37,0.31075
2018-11-23,0.1,32.3,4.36,0.2925833333333333
2018-11-24,0.5,30.2,3.39,0.2823333333333333
2018-11-25,19.7,26.5,1.45,0.34608333333333335
2018-11-26,5.4,27.7,2.96,0.38095833333333334
2018-11-27,6.0,30.5,3.46,0.36024999999999996
2018-11-28,3.4,30.1,3.55,0.3540833333333333
2018-11-29,0.2,31.5,4.38,0.33079166666666665
2018-11-30,0.3,31.7,4.13,0.31154166666666666
2018-12-01,0.6,31.7,3.7,0.296875
2018-12-02,0.1,31.8,4.44,0.283125
2018-12-03,0.0,32.1,4.2,0.2689166666666667
2018-12-04,0.4,31.9,4.4,0.255875
2018-12-05,0.0,32.2,4.94,0.24216666666666667
2018-12-06,0.3,32.2,4.26,0.22883333333333333
2018-12-07,5.8,31.3,3.23,0.24229166666666666
2018-12-08,2.1,31.8,4.3,0.25470833333333337
2018-12-09,2.7,31.3,3.57,0.24779166666666666
2018-12-10,0.1,32.2,4.61,0.235
2018-12-11,0.8,31.0,3.76,0.22495833333333334
2018-12-12,0.2,32.2,4.25,0.21975
2018-12-13,1.8,31.7,3.49,0.21233333333333335
2018-12-14,0.6,32.0,4.7,0.23579166666666665
2018-12-15,1.3,32.3,3.84,0.23366666666666666
2018-12-16,1.2,32.2,3.97,0.24245833333333333
2018-12-17,0.1,32.0,4.18,0.23216666666666666
2018-12-18,0.3,32.3,3.98,0.219625
2018-12-19,3.0,30.3,2.62,0.22908333333333333
2018-12-20,3.1,31.2,3.61,0.23308333333333334
2018-12-21,1.0,31.3,3.61,0.23029166666666667
2018-12-22,0.5,31.0,3.67,0.22012500000000002
2018-12-23,6.7,31.0,3.21,0.22966666666666669
2018-12-24,0.3,31.1,2.84,0.256625
2018-12-25,18.3,30.8,2.85,0.3140833333333333
2018-12-26,33.4,29.4,2.71,0.39337500000000003
2018-12-27,16.2,29.2,2.4,0.38858333333333334
2018-12-28,1.4,30.1,3.41,0.34775
2018-12-29,10.1,31.1,3.47,0.34591666666666665
2018-12-30,3.5,27.2,1.73,0.38516666666666666
2018-12-31,0.0,30.2,4.73,0.34354166666666663
2019-01-01,0.0,29.8,4.24,0.3153333333333333
2019-01-02,6.6,24.8,2.25,0.3289166666666667
2019-01-03,8.2,28.8,3.43,0.36895833333333333
2019-01-04,0.3,29.5,4.01,0.3505416666666667
2019-01-05,0.0,30.0,4.28,0.32645833333333335
2019-01-06,0.6,31.0,4.6,0.3027083333333333
2019-01-07,0.0,30.5,4.79,0.28020833333333334
2019-01-08,0.4,29.2,3.58,0.2632083333333333
2019-01-09,0.0,30.9,4.73,0.24720833333333334
2019-01-10,0.7,30.0,4.47,0.23220833333333335
2019-01-11,0.0,30.4,3.98,0.21908333333333332
2019-01-12,0.0,30.5,4.32,0.2081666666666667
2019-01-13,0.0,31.9,4.48,0.19558333333333333
2019-01-14,0.1,31.3,4.11,0.18320833333333333
2019-01-15,0.9,31.3,4.15,0.1755
2019-01-16,3.4,30.8,3.48,0.19375
2019-01-17,0.6,30.7,4.51,0.21045833333333333
2019-01-18,0.2,30.6,4.52,0.19929166666666667
2019-01-19,0.0,30.7,4.54,0.18558333333333332
2019-01-20,0.2,31.2,4.35,0.17525
2019-01-21,2.0,30.5,3.96,0.16937500000000003
2019-01-22,5.1,30.1,3.31,0.22066666666666668
2019-01-23,1.0,30.8,3.45,0.21533333333333335
2019-01-24,0.0,29.9,4.84,0.19745833333333332
2019-01-25,0.0,30.6,4.64,0.181875
2019-01-26,0.0,30.0,3.92,0.170625
2019-01-27,0.1,31.8,4.17,0.16345833333333334
2019-01-28,0.0,30.2,3.28,0.15704166666666666
2019-01-29,0.0,32.3,4.95,0.15270833333333333
2019-01-30,0.0,33.1,5.74,0.14891666666666667
2019-01-31,0.0,32.1,4.85,0.14541666666666667
2019-02-01,0.0,32.9,5.37,0.14412499999999998
2019-02-02,0.0,33.1,5.39,0.14183333333333334
2019-02-03,0.5,32.8,5.0,0.14091666666666666
2019-02-04,0.3,32.5,4.64,0.14116666666666666
2019-02-05,0.0,31.9,4.54,0.13975
2019-02-06,0.1,31.8,4.2,0.138375
2019-02-07,0.2,32.8,4.1,0.1366666666666667
2019-02-08,0.0,33.7,4.95,0.13445833333333335
2019-02-09,0.0,33.8,5.23,0.13029166666666667
2019-02-10,0.0,33.0,5.64,0.13
2019-02-11,0.2,34.8,5.8,0.13070833333333334
2019-02-12,1.1,32.7,5.42,0.13558333333333336
2019-02-13,0.0,33.2,6.07,0.13779166666666667
2019-02-14,0.0,33.3,5.71,0.13679166666666667
2019-02-15,0.0,33.1,6.29,0.13416666666666668
2019-02-16,0.0,33.4,5.37,0.13175
2019-02-17,0.0,32.2,4.78,0.13158333333333336
2019-02-18,0.1,33.1,5.08,0.13258333333333336
2019-02-19,0.0,33.8,5.34,0.13208333333333333
2019-02-20,0.6,33.6,5.14,0.13316666666666668
2019-02-21,0.2,34.2,5.39,0.13612500000000002
2019-02-22,1.3,31.9,4.72,0.14208333333333334
2019-02-23,0.0,32.0,4.61,0.14712499999999998
2019-02-24,0.0,33.6,5.59,0.14612499999999998
2019-02-25,0.0,33.5,6.0,0.14416666666666667
2019-02-26,0.0,33.6,6.22,0.1423333333333333
2019-02-27,0.0,34.2,6.35,0.14004166666666668
2019-02-28,0.0,33.0,5.31,0.14004166666666668
2019-03-01,0.0,33.4,5.22,0.139
2019-03-02,0.0,33.3,5.52,0.139
2019-03-03,0.0,33.6,5.87,0.13962500000000003
2019-03-04,0.0,33.7,5.76,0.14020833333333335
2019-03-05,0.0,33.7,5.66,0.140375
2019-03-06,0.0,33.6,5.12,0.139375
2019-03-07,0.0,34.9,5.85,0.1375
2019-03-08,0.0,34.4,5.81,0.13729166666666667
2019-03-09,0.0,34.5,5.62,0.136875
2019-03-10,0.0,34.4,5.56,0.138
2019-03-11,0.0,35.6,5.74,0.137
2019-03-12,0.0,34.2,5.44,0.13708333333333333
2019-03-13,0.0,35.1,6.04,0.13770833333333335
2019-03-14,0.0,33.6,4.08,0.1386666666666667
2019-03-15,0.0,35.1,6.08,0.1379166666666667
2019-03-16,1.6,34.0,5.42,0.14929166666666666
2019-03-17,2.2,34.7,5.69,0.15395833333333334
2019-03-18,0.0,36.0,6.91,0.145
2019-03-19,0.3,33.8,5.78,0.1415833333333333
2019-03-20,1.0,33.4,5.09,0.144
2019-03-21,0.7,34.0,4.95,0.14712499999999998
2019-03-22,0.7,34.8,5.26,0.1485
2019-03-23,1.2,34.8,4.98,0.14995833333333333
2019-03-24,4.9,32.8,4.51,0.16704166666666667
2019-03-25,1.5,33.3,4.58,0.18283333333333332
2019-03-26,0.0,34.6,6.25,0.17791666666666664
2019-03-27,0.0,35.1,6.26,0.16370833333333334
2019-03-28,0.0,35.8,5.75,0.155
2019-03-29,0.1,35.2,5.63,0.14975
2019-03-30,1.3,35.4,5.53,0.145375
2019-03-31,1.3,35.1,5.33,0.1545
2019-04-01,0.8,34.6,5.23,0.18925
2019-04-02,1.4,35.4,6.68,0.18916666666666668
2019-04-03,4.5,33.5,4.69,0.18499999999999997
2019-04-04,6.8,31.5,3.67,0.252
2019-04-05,3.2,32.8,4.65,0.29516666666666663
2019-04-06,1.3,32.9,5.08,0.25466666666666665
2019-04-07,0.2,33.7,5.02,0.22275
2019-04-08,0.2,35.8,5.94,0.2011666666666667
2019-04-09,0.1,36.4,6.24,0.18225
2019-04-10,0.0,36.3,6.03,0.1698333333333333
2019-04-11,0.2,36.3,5.38,0.15808333333333333
2019-04-12,3.2,36.5,4.46,0.15941666666666668
2019-04-13,0.0,37.0,6.04,0.15608333333333332
2019-04-14,0.9,36.8,6.18,0.15629166666666666
2019-04-15,0.7,37.3,6.44,0.15358333333333332
2019-04-16,0.7,37.6,5.96,0.15620833333333334
2019-04-17,6.8,36.0,5.1,0.1769166666666667
2019-04-18,3.3,35.3,4.62,0.16879166666666667
2019-04-19,2.0,35.7,5.13,0.17575
2019-04-20,4.5,35.3,4.8,0.17854166666666668
2019-04-21,0.0,36.6,6.25,0.178625
2019-04-22,0.0,36.0,6.26,0.16283333333333336
2019-04-23,0.3,37.2,6.2,0.15533333333333332
2019-04-24,0.1,37.6,6.19,0.15020833333333333
2019-04-25,0.2,35.8,5.25,0.14870833333333333
2019-04-26,0.0,36.5,5.8,0.14575
2019-04-27,0.4,36.1,5.56,0.14645833333333333
2019-04-28,10.9,31.3,2.93,0.20575
2019-04-29,0.0,34.6,5.26,0.28341666666666665
2019-04-30,0.0,35.2,5.62,0.23708333333333334
2019-05-01,0.2,36.0,5.25,0.20520833333333333
2019-05-02,11.9,32.4,3.46,0.23079166666666664
2019-05-03,1.8,34.9,4.74,0.200375
2019-05-04,9.7,34.5,4.23,0.266125
2019-05-05,2.4,33.1,4.8,0.28570833333333334
2019-05-06,2.6,34.4,5.33,0.2507916666666667
2019-05-07,1.3,33.9,5.13,0.22383333333333333
2019-05-08,4.0,34.2,4.76,0.22599999999999998
2019-05-09,8.1,32.1,4.12,0.26991666666666664
2019-05-10,7.8,31.2,3.69,0.3205
2019-05-11,12.5,31.0,3.23,0.34349999999999997
2019-05-12,5.4,30.5,3.88,0.3139166666666667
2019-05-13,1.3,31.5,4.52,0.283375
2019-05-14,1.4,33.1,4.85,0.2714166666666667
2019-05-15,2.0,33.7,4.93,0.2637916666666667
2019-05-16,4.1,32.8,3.96,0.25808333333333333
2019-05-17,0.5,33.4,4.87,0.261
2019-05-18,0.3,33.2,4.81,0.2522083333333333
2019-05-19,4.3,32.7,4.55,0.24475
2019-05-20,3.5,32.2,4.15,0.26
2019-05-21,4.0,32.7,4.28,0.27187500000000003
2019-05-22,9.4,32.2,4.06,0.301875
2019-05-23,0.6,33.6,5.13,0.27058333333333334
2019-05-24,1.3,33.2,4.96,0.24504166666666669
2019-05-25,3.7,31.9,4.21,0.242125
2019-05-26,2.6,31.4,4.28,0.25066666666666665
2019-05-27,3.0,31.3,3.25,0.27645833333333336
2019-05-28,5.7,32.6,4.19,0.32066666666666666
2019-05-29,12.4,32.1,3.91,0.35133333333333333
2019-05-30,7.0,32.3,4.27,0.3408333333333333
2019-05-31,2.6,32.6,4.7,0.329625
2019-06-01,7.0,32.8,4.45,0.309
2019-06-02,9.7,32.6,4.5,0.30566666666666664
2019-06-03,10.6,32.1,3.02,0.3376666666666666
2019-06-04,8.5,32.3,3.38,0.35025
2019-06-05,7.3,31.4,3.66,0.35083333333333333
2019-06-06,1.7,29.0,2.39,0.33183333333333337
2019-06-07,12.2,28.7,2.31,0.378875
2019-06-08,16.2,30.1,2.74,0.39279166666666665
2019-06-09,11.8,29.6,3.11,0.3981666666666666
2019-06-10,0.2,30.9,4.08,0.3785416666666667
2019-06-11,1.4,29.7,3.58,0.36604166666666665
2019-06-12,8.5,32.1,4.37,0.38916666666666666
2019-06-13,5.8,31.7,4.06,0.37474999999999997
2019-06-14,4.7,31.3,3.66,0.362875
2019-06-15,7.7,30.0,3.62,0.36224999999999996
2019-06-16,5.3,30.2,2.79,0.36391666666666667
2019-06-17,6.2,28.3,1.75,0.363125
2019-06-18,7.1,28.6,1.76,0.37045833333333333
2019-06-19,11.0,32.0,4.34,0.36504166666666665
2019-06-20,2.5,33.0,4.68,0.34204166666666663
2019-06-21,3.3,32.2,3.92,0.3470416666666667
2019-06-22,19.1,29.6,2.42,0.39775
2019-06-23,7.5,30.6,3.61,0.39525000000000005
2019-06-24,9.8,30.9,3.56,0.39775
2019-06-25,3.4,30.8,3.37,0.39337500000000003
2019-06-26,10.2,30.9,3.41,0.40399999999999997
2019-06-27,1.5,28.2,2.11,0.3875
2019-06-28,9.3,29.7,3.12,0.39575
2019-06-29,2.3,29.3,2.46,0.3785
2019-06-30,4.4,29.7,2.77,0.372625
2019-07-01,7.1,29.1,3.06,0.37479166666666663
2019-07-02,4.2,28.6,2.75,0.3742916666666667
2019-07-03,6.0,28.1,2.12,0.38729166666666665
2019-07-04,7.6,30.2,3.42,0.39275
2019-07-05,4.5,31.0,3.92,0.3740833333333333
2019-07-06,9.0,30.6,3.92,0.38725000000000004
2019-07-07,9.4,31.3,3.74,0.38775
2019-07-08,7.0,31.7,3.9,0.3795
2019-07-09,2.7,31.3,4.42,0.3575833333333333
2019-07-10,0.5,31.7,4.71,0.33608333333333335
2019-07-11,3.7,32.2,4.49,0.3289166666666667
2019-07-12,0.3,32.5,4.85,0.3212083333333334
2019-07-13,1.1,31.9,4.63,0.299375
2019-07-14,2.1,31.7,4.75,0.29025
2019-07-15,5.5,31.1,4.42,0.28670833333333334
2019-07-16,10.4,30.1,2.72,0.325625
2019-07-17,9.4,30.3,3.11,0.38987499999999997
2019-07-18,5.5,29.6,2.36,0.38045833333333334
2019-07-19,7.0,28.7,2.63,0.3865
2019-07-20,12.9,30.7,3.51,0.38366666666666666
2019-07-21,4.7,31.7,4.33,0.37295833333333334
2019-07-22,6.9,31.6,3.99,0.3834166666666667
2019-07-23,12.1,31.0,3.23,0.40029166666666666
2019-07-24,10.3,29.2,2.87,0.3983333333333334
2019-07-25,11.4,28.2,2.35,0.3961666666666667
2019-07-26,1.9,31.8,4.51,0.37224999999999997
2019-07-27,13.7,30.7,3.56,0.3779166666666667
2019-07-28,6.8,29.9,2.72,0.3935416666666667
2019-07-29,4.4,30.9,3.69,0.37625
2019-07-30,1.4,31.5,4.38,0.36166666666666664
2019-07-31,0.9,31.3,4.07,0.333875
2019-08-01,2.3,30.0,3.99,0.32708333333333334
2019-08-02,12.4,29.3,2.81,0.353375
2019-08-03,9.1,29.0,2.89,0.397125
2019-08-04,5.3,29.2,3.15,0.38575000000000004
2019-08-05,10.4,28.7,1.98,0.3849583333333333
2019-08-06,24.5,29.3,2.72,0.41533333333333333
2019-08-07,2.7,29.3,3.35,0.40650000000000003
2019-08-08,19.3,28.6,2.14,0.41333333333333333
2019-08-09,28.2,28.6,2.04,0.4282916666666667
2019-08-10,5.0,29.6,2.78,0.4185833333333333
2019-08-11,9.1,29.5,3.39,0.4197916666666666
2019-08-12,3.7,30.5,3.93,0.40245833333333336
2019-08-13,5.9,31.1,3.93,0.39295833333333335
2019-08-14,4.5,32.3,4.2,0.38554166666666667
2019-08-15,10.2,30.4,3.96,0.3977916666666667
2019-08-16,6.5,29.6,3.6,0.40854166666666664
2019-08-17,4.5,30.5,4.11,0.406125
2019-08-18,0.2,31.9,4.74,0.37883333333333336
2019-08-19,0.8,32.0,4.6,0.36341666666666667
2019-08-20,7.3,30.6,3.83,0.3852083333333333
2019-08-21,6.2,30.3,3.7,0.393875
2019-08-22,3.8,29.7,3.53,0.39266666666666666
2019-08-23,8.2,30.8,3.64,0.39399999999999996
2019-08-24,9.5,29.5,3.21,0.40325000000000005
2019-08-25,7.0,28.7,3.38,0.40445833333333336
2019-08-26,4.6,31.0,3.88,0.40079166666666666
2019-08-27,7.5,31.4,4.19,0.39970833333333333
2019-08-28,7.8,31.7,4.13,0.4026666666666667
2019-08-29,19.1,28.9,2.49,0.4199583333333334
2019-08-30,10.2,28.8,2.85,0.421875
2019-08-31,4.2,30.6,3.97,0.40991666666666665
2019-09-01,9.1,31.1,3.87,0.40204166666666663
2019-09-02,4.1,30.5,3.02,0.4005
2019-09-03,9.0,27.8,2.12,0.4110416666666667
2019-09-04,7.7,28.9,3.12,0.4034583333333333
2019-09-05,8.0,29.4,3.45,0.416625
2019-09-06,1.4,30.5,4.61,0.3897083333333333
2019-09-07,1.4,31.4,4.62,0.375875
2019-09-08,19.4,28.9,3.01,0.4085833333333333
2019-09-09,5.9,28.6,3.16,0.41279166666666667
2019-09-10,0.9,30.7,3.9,0.394625
2019-09-11,1.3,31.9,4.61,0.38566666666666666
2019-09-12,5.1,32.8,5.09,0.36474999999999996
2019-09-13,8.9,30.3,2.72,0.39075
2019-09-14,30.4,28.4,2.15,0.424375
2019-09-15,7.5,27.8,2.03,0.42112499999999997
2019-09-16,10.2,28.8,2.97,0.417375
2019-09-17,3.6,28.6,2.62,0.4037916666666667
2019-09-18,27.3,26.9,1.61,0.4209583333333333
2019-09-19,14.2,28.8,2.86,0.425625
2019-09-20,12.0,29.9,3.34,0.415375
2019-09-21,12.3,30.0,2.64,0.4145833333333333
2019-09-22,9.0,30.7,3.18,0.423
2019-09-23,28.1,30.9,3.18,0.42691666666666667
2019-09-24,1.8,31.7,4.44,0.399125
2019-09-25,1.8,32.1,4.37,0.3782916666666667
2019-09-26,6.3,31.3,3.29,0.391125
2019-09-27,7.0,31.9,4.1,0.3945
2019-09-28,12.9,30.4,3.44,0.41183333333333333
2019-09-29,6.3,31.3,4.13,0.39595833333333336
2019-09-30,12.8,31.2,3.03,0.40620833333333334
2019-10-01,18.5,31.3,3.89,0.41425
2019-10-02,6.2,30.6,3.73,0.40879166666666666
2019-10-03,13.2,31.7,4.1,0.4145833333333333
2019-10-04,6.1,29.8,2.6,0.41754166666666664
2019-10-05,7.3,30.9,3.29,0.41487499999999994
2019-10-06,14.5,30.6,3.69,0.425625
2019-10-07,5.6,31.0,3.69,0.40804166666666664
2019-10-08,1.2,31.1,4.19,0.3917916666666667
2019-10-09,10.4,29.5,2.67,0.39633333333333337
2019-10-10,8.0,29.7,3.02,0.40091666666666664
2019-10-11,1.3,31.1,4.02,0.381375
2019-10-12,7.4,31.4,3.87,0.384625
2019-10-13,9.3,31.1,3.85,0.4034166666666667
2019-10-14,4.1,31.4,3.95,0.39887500000000004
2019-10-15,3.0,31.2,3.83,0.397875
2019-10-16,8.1,31.1,3.49,0.40149999999999997
2019-10-17,7.6,31.7,3.89,0.405
2019-10-18,10.1,31.0,3.52,0.406125
2019-10-19,1.6,30.7,3.18,0.3965
2019-10-20,9.4,30.9,3.85,0.3909583333333333
2019-10-21,4.2,31.1,4.09,0.39295833333333335
2019-10-22,5.7,31.7,3.44,0.3988333333333334
2019-10-23,4.0,31.5,3.83,0.39758333333333334
2019-10-24,13.4,31.2,3.88,0.39075
2019-10-25,0.4,31.6,4.35,0.36766666666666664
2019-10-26,1.0,31.8,4.47,0.3504583333333333
2019-10-27,2.3,31.7,4.09,0.33979166666666666
2019-10-28,10.3,31.1,2.92,0.35966666666666663
2019-10-29,1.1,31.6,4.22,0.3805
2019-10-30,0.3,32.5,4.77,0.34204166666666663
2019-10-31,1.3,31.0,3.63,0.324625
2019-11-01,13.6,30.8,3.14,0.37070833333333336
2019-11-02,3.8,30.8,3.26,0.38395833333333335
2019-11-03,11.9,31.2,3.31,0.399875
2019-11-04,10.9,31.1,3.45,0.41050000000000003
2019-11-05,5.6,31.3,4.08,0.3914583333333333
2019-11-06,45.3,29.2,2.66,0.42225
2019-11-07,9.1,30.1,3.1,0.4167083333333333
2019-11-08,3.6,29.0,2.56,0.409375
2019-11-09,0.4,30.2,4.18,0.38866666666666666
2019-11-10,0.0,30.4,4.26,0.36791666666666667
2019-11-11,1.0,25.7,1.72,0.3649166666666666
2019-11-12,0.4,29.8,3.76,0.34912499999999996
2019-11-13,0.4,31.5,4.02,0.33870833333333333
2019-11-14,2.3,30.8,3.43,0.3297083333333333
2019-11-15,0.1,30.9,4.67,0.32158333333333333
2019-11-16,2.6,30.5,3.72,0.316
2019-11-17,0.7,30.8,3.82,0.31233333333333335
2019-11-18,4.0,30.7,3.56,0.30875
2019-11-19,2.8,30.3,3.6,0.30666666666666664
2019-11-20,0.0,30.5,4.11,0.291375
2019-11-21,1.4,30.1,3.45,0.2805
2019-11-22,0.0,30.9,3.93,0.273625
2019-11-23,0.0,32.0,4.7,0.26125000000000004
2019-11-24,3.3,31.8,3.98,0.26266666666666666
2019-11-25,6.5,30.9,3.46,0.3145
2019-11-26,0.3,31.7,4.28,0.2979583333333333
2019-11-27,1.3,32.5,4.18,0.28554166666666664
2019-11-28,0.4,32.2,4.46,0.2808333333333333
2019-11-29,0.2,32.0,4.49,0.26433333333333336
2019-11-30,0.4,32.0,4.44,0.250625
2019-12-01,0.0,31.9,3.52,0.2409583333333333
2019-12-02,0.0,31.1,4.54,0.23075
2019-12-03,0.0,30.0,4.43,0.219375
2019-12-04,0.0,29.1,4.57,0.21066666666666667
2019-12-05,0.0,29.6,4.76,0.20558333333333334
2019-12-06,0.0,29.8,5.52,0.1995416666666667
2019-12-07,0.0,28.1,5.02,0.19358333333333333
2019-12-08,0.0,28.9,5.09,0.18800000000000003
2019-12-09,0.0,29.7,4.74,0.1824583333333333
2019-12-10,0.0,30.1,4.35,0.17754166666666668
2019-12-11,0.1,30.3,3.42,0.17266666666666666
2019-12-12,0.0,30.4,3.79,0.16920833333333332
2019-12-13,0.9,30.1,3.35,0.17174999999999999
2019-12-14,0.0,31.8,4.43,0.17279166666666668
2019-12-15,0.0,32.3,4.6,0.173125
2019-12-16,0.3,31.8,4.37,0.17720833333333333
2019-12-17,0.0,31.6,4.32,0.17733333333333334
2019-12-18,0.8,31.5,3.93,0.18083333333333332
2019-12-19,2.8,30.9,3.62,0.19654166666666664
2019-12-20,0.6,30.0,3.62,0.23391666666666666
2019-12-21,0.0,31.0,4.15,0.2195
2019-12-22,0.1,30.8,3.94,0.20766666666666667
2019-12-23,0.3,31.2,4.05,0.197125
2019-12-24,0.2,31.3,4.23,0.1854583333333333
2019-12-25,0.1,30.8,3.9,0.17829166666666665
2019-12-26,0.0,30.7,3.76,0.17320833333333333
2019-12-27,0.0,30.1,3.52,0.17200000000000001
2019-12-28,0.1,30.6,3.74,0.16941666666666666
2019-12-29,0.0,30.9,4.28,0.16454166666666667
2019-12-30,0.1,31.3,4.1,0.16166666666666665
2019-12-31,0.8,31.2,4.1,0.1635
2020-01-01,0.0,32.2,4.86,0.16595833333333335
2020-01-02,0.0,31.9,4.59,0.16187500000000002
2020-01-03,0.2,31.4,4.12,0.15995833333333334
2020-01-04,0.0,31.6,4.26,0.15804166666666666
2020-01-05,0.3,30.1,3.96,0.15770833333333334
2020-01-06,0.0,31.9,4.53,0.157125
2020-01-07,0.0,31.6,4.18,0.15583333333333335
2020-01-08,0.2,32.6,4.77,0.15404166666666666
2020-01-09,0.1,32.1,4.49,0.15425
2020-01-10,0.0,31.3,4.5,0.15408333333333332
2020-01-11,0.2,30.3,3.3,0.1625
2020-01-12,1.1,30.4,3.5,0.165125
2020-01-13,0.0,31.6,4.44,0.16420833333333335
2020-01-14,0.0,31.3,4.54,0.15933333333333333
2020-01-15,0.0,31.1,4.83,0.15520833333333334
2020-01-16,0.0,32.0,4.35,0.15212499999999998
2020-01-17,0.0,31.8,4.43,0.1515
2020-01-18,0.0,31.4,4.47,0.15220833333333333
2020-01-19,0.0,31.9,5.18,0.152375
2020-01-20,0.0,32.4,5.11,0.15062499999999998
2020-01-21,0.0,32.9,5.43,0.14775
2020-01-22,0.0,32.7,5.23,0.14579166666666665
2020-01-23,0.0,33.0,5.21,0.14366666666666664
2020-01-24,0.0,33.1,5.33,0.14212499999999997
2020-01-25,0.2,32.0,4.13,0.14379166666666665
2020-01-26,0.0,32.1,4.46,0.14379166666666665
2020-01-27,0.0,32.3,4.99,0.144
2020-01-28,0.0,32.3,4.36,0.14491666666666667
2020-01-29,0.0,31.9,4.49,0.14404166666666665
2020-01-30,0.9,30.9,4.2,0.14758333333333332
2020-01-31,0.3,30.4,4.13,0.15362499999999998
2020-02-01,0.0,31.5,5.12,0.15395833333333334
2020-02-02,0.0,31.1,5.16,0.15054166666666666
2020-02-03,0.0,31.9,5.42,0.14812499999999998
2020-02-04,0.0,32.9,5.35,0.14495833333333333
2020-02-05,0.0,32.7,5.65,0.139875
2020-02-06,0.0,32.0,5.71,0.137
2020-02-07,0.0,32.9,5.62,0.140875
2020-02-08,0.0,32.4,4.76,0.14079166666666668
2020-02-09,0.0,29.5,3.01,0.14279166666666668
2020-02-10,0.0,32.0,4.4,0.144375
2020-02-11,0.3,33.3,5.5,0.14575
2020-02-12,0.0,33.6,5.6,0.14725
2020-02-13,0.0,33.8,4.9,0.14591666666666667
2020-02-14,0.0,33.9,5.34,0.14583333333333334
2020-02-15,0.0,33.7,5.25,0.14312499999999997
2020-02-16,0.0,33.7,5.2,0.14141666666666666
2020-02-17,6.9,32.7,4.27,0.16879166666666667
2020-02-18,4.0,29.8,3.37,0.2697083333333333
2020-02-19,0.0,32.4,5.67,0.23775000000000002
2020-02-20,0.0,32.4,5.25,0.20941666666666667
2020-02-21,0.1,33.3,5.8,0.18825
2020-02-22,0.0,33.2,5.81,0.17279166666666668
2020-02-23,0.0,33.7,5.99,0.16108333333333333
2020-02-24,0.0,33.1,5.86,0.15483333333333335
2020-02-25,0.0,33.5,5.91,0.15266666666666664
2020-02-26,0.0,34.3,5.86,0.14962499999999998
2020-02-27,0.1,33.3,6.04,0.15120833333333333
2020-02-28,0.3,33.0,5.94,0.15170833333333333
2020-02-29,0.0,33.8,5.63,0.15125
2020-03-01,0.0,33.6,5.15,0.15104166666666666
2020-03-02,0.4,33.9,5.38,0.15166666666666664
2020-03-03,0.0,34.2,5.97,0.15016666666666667
2020-03-04,0.3,33.6,5.21,0.15091666666666667
2020-03-05,0.1,33.9,5.41,0.15433333333333332
2020-03-06,0.0,33.5,5.43,0.153875
2020-03-07,0.0,34.3,4.95,0.15179166666666666
2020-03-08,0.0,34.2,4.55,0.15091666666666667
2020-03-09,0.1,34.2,5.16,0.15225
2020-03-10,0.0,36.3,5.66,0.14983333333333335
2020-03-11,0.8,33.9,4.97,0.15433333333333332
2020-03-12,0.0,35.2,5.33,0.16670833333333335
2020-03-13,0.0,34.2,4.65,0.16083333333333336
2020-03-14,0.0,36.2,6.41,0.15683333333333335
2020-03-15,0.0,34.9,6.12,0.15166666666666664
2020-03-16,0.0,36.2,6.58,0.14791666666666667
2020-03-17,0.0,34.9,6.22,0.14145833333333332
2020-03-18,0.4,34.2,5.62,0.140375
2020-03-19,0.3,35.3,6.08,0.14325
2020-03-20,0.0,34.6,5.95,0.14495833333333333
2020-03-21,0.0,35.4,6.09,0.142875
2020-03-22,1.1,33.6,5.23,0.14870833333333333
2020-03-23,0.1,34.2,5.43,0.153375
2020-03-24,0.3,34.1,5.67,0.154375
2020-03-25,0.4,34.8,5.95,0.15195833333333333
2020-03-26,0.0,35.3,5.95,0.151875
2020-03-27,0.1,35.5,5.75,0.15145833333333333
2020-03-28,0.4,35.1,5.36,0.149
2020-03-29,0.0,35.3,5.57,0.14783333333333334
2020-03-30,0.1,34.8,5.43,0.1465
2020-03-31,0.2,35.5,5.55,0.14829166666666665
2020-04-01,0.0,35.7,5.82,0.14462499999999998
2020-04-02,0.5,35.0,6.02,0.14316666666666666
2020-04-03,0.0,36.5,6.54,0.14216666666666666
2020-04-04,0.6,35.1,5.99,0.143
2020-04-05,0.0,36.2,6.72,0.144875
2020-04-06,0.1,35.4,5.77,0.143875
2020-04-07,0.0,35.5,5.31,0.14145833333333332
2020-04-08,4.1,33.8,4.45,0.14870833333333333
2020-04-09,6.7,33.4,4.26,0.21783333333333332
2020-04-10,1.9,33.4,4.66,0.23779166666666665
2020-04-11,2.1,34.1,4.82,0.22520833333333334
2020-04-12,1.2,35.2,5.47,0.21204166666666666
2020-04-13,52.3,29.8,2.04,0.3677916666666667
2020-04-14,4.5,32.3,4.42,0.3398333333333334
2020-04-15,2.6,32.8,4.88,0.29612499999999997
2020-04-16,6.0,32.9,4.28,0.2981666666666667
2020-04-17,11.7,32.4,3.98,0.34975
2020-04-18,0.0,33.8,5.1,0.33879166666666666
2020-04-19,0.2,33.6,5.03,0.2910833333333333
2020-04-20,0.0,35.1,5.46,0.2584166666666667
2020-04-21,0.0,35.7,5.42,0.232125
2020-04-22,0.8,34.1,4.7,0.21308333333333332
2020-04-23,0.5,35.1,5.36,0.19841666666666669
2020-04-24,13.0,33.7,3.98,0.25745833333333334
2020-04-25,10.1,32.3,4.43,0.36033333333333334
2020-04-26,6.0,32.0,3.87,0.36191666666666666
2020-04-27,0.0,31.2,3.66,0.33408333333333334
2020-04-28,4.7,32.5,4.37,0.3183333333333333
2020-04-29,0.0,33.6,5.63,0.33066666666666666
2020-04-30,0.2,33.9,5.73,0.2997916666666666
2020-05-01,0.0,34.7,5.72,0.2754166666666667
2020-05-02,0.3,32.9,4.51,0.25425000000000003
2020-05-03,0.7,33.0,4.87,0.23858333333333334
2020-05-04,1.5,32.9,4.55,0.22804166666666667
2020-05-05,0.3,34.1,5.11,0.21795833333333334
2020-05-06,0.5,34.2,5.07,0.213
2020-05-07,0.9,33.8,4.75,0.20341666666666666
2020-05-08,0.6,34.7,5.14,0.19291666666666665
2020-05-09,0.1,35.6,5.61,0.18283333333333332
2020-05-10,0.0,36.5,5.88,0.172625
2020-05-11,0.0,35.4,5.49,0.16425
2020-05-12,0.1,36.7,6.03,0.161625
2020-05-13,0.2,35.8,5.6,0.16166666666666665
2020-05-14,1.5,34.0,4.72,0.164125
2020-05-15,2.8,34.6,4.77,0.16337500000000002
2020-05-16,1.4,35.5,5.21,0.15679166666666666
2020-05-17,42.4,32.3,3.97,0.3518333333333334
2020-05-18,1.8,33.7,4.73,0.32787499999999997
2020-05-19,1.2,33.9,4.83,0.3013333333333333
2020-05-20,12.7,31.3,2.98,0.34149999999999997
2020-05-21,2.5,32.4,4.7,0.33975
2020-05-22,2.2,33.7,4.9,0.31925
2020-05-23,8.2,32.1,3.82,0.33708333333333335
2020-05-24,15.8,32.7,3.58,0.37575000000000003
2020-05-25,8.6,32.1,3.72,0.3958333333333333
2020-05-26,0.0,33.7,5.29,0.361375
2020-05-27,8.0,32.8,4.14,0.3538333333333334
2020-05-28,7.3,31.5,3.42,0.382125
2020-05-29,15.9,32.8,4.03,0.37866666666666665
2020-05-30,4.4,32.0,4.17,0.37162500000000004
2020-05-31,1.9,32.6,4.4,0.33995833333333336
2020-06-01,9.1,32.3,4.06,0.37599999999999995
2020-06-02,16.2,31.4,3.48,0.3974583333333333
2020-06-03,8.7,31.9,3.79,0.3893333333333333
2020-06-04,10.2,31.2,3.7,0.3857916666666667
2020-06-05,11.7,30.4,3.51,0.3942916666666667
2020-06-06,5.0,30.5,3.94,0.383875
2020-06-07,5.1,31.4,3.67,0.37975000000000003
2020-06-08,4.2,31.1,4.17,0.35520833333333335
2020-06-09,2.4,33.0,4.19,0.3409166666666667
2020-06-10,19.2,30.7,2.81,0.36991666666666667
2020-06-11,1.4,31.4,3.6,0.34179166666666666
2020-06-12,4.5,29.7,3.1,0.32433333333333336
2020-06-13,5.9,30.2,3.37,0.34591666666666665
2020-06-14,24.4,28.2,2.54,0.39858333333333335
2020-06-15,13.7,29.9,2.78,0.40329166666666666
2020-06-16,12.4,30.1,2.21,0.3967083333333334
2020-06-17,3.4,31.3,3.6,0.37637499999999996
2020-06-18,10.5,31.4,3.99,0.39279166666666665
2020-06-19,8.4,30.6,3.22,0.38504166666666667
2020-06-20,38.7,30.0,2.61,0.40275
2020-06-21,11.8,29.8,2.68,0.408125
2020-06-22,24.7,30.0,3.5,0.4098333333333333
2020-06-23,1.9,32.3,4.55,0.38425
2020-06-24,4.3,31.9,4.13,0.3809166666666666
2020-06-25,10.7,30.4,3.3,0.38995833333333335
2020-06-26,11.4,30.1,3.31,0.39749999999999996
2020-06-27,2.0,30.5,3.48,0.3875
2020-06-28,13.9,29.0,3.01,0.3979166666666667
2020-06-29,11.8,27.9,1.99,0.4117916666666667
2020-06-30,19.9,27.8,1.92,0.4185833333333333
2020-07-01,6.7,29.4,2.75,0.39999999999999997
2020-07-02,9.5,30.6,3.48,0.40175
2020-07-03,22.6,27.3,1.39,0.424
2020-07-04,4.4,29.9,3.25,0.41429166666666667
2020-07-05,12.3,32.2,4.43,0.4067083333333333
2020-07-06,30.7,29.1,2.39,0.41983333333333334
2020-07-07,10.5,31.6,3.99,0.41429166666666667
2020-07-08,11.8,31.7,3.58,0.40924999999999995
2020-07-09,2.9,31.0,4.13,0.40087500000000004
2020-07-10,5.6,29.9,3.92,0.40425
2020-07-11,12.1,31.9,3.46,0.41100000000000003
2020-07-12,8.1,30.5,3.33,0.4157916666666666
2020-07-13,19.3,29.7,2.99,0.42416666666666664
2020-07-14,9.6,31.5,3.91,0.40291666666666665
2020-07-15,1.4,31.5,3.79,0.40158333333333335
2020-07-16,6.3,30.7,3.67,0.39083333333333337
2020-07-17,11.9,32.0,4.04,0.4035416666666667
2020-07-18,7.4,32.1,4.28,0.41275
2020-07-19,4.9,32.3,4.03,0.39962499999999995
2020-07-20,8.8,31.1,3.97,0.3950416666666667
2020-07-21,10.7,31.5,3.83,0.4074166666666667
2020-07-22,3.6,31.6,4.33,0.40054166666666663
2020-07-23,10.1,32.1,4.0,0.39820833333333333
2020-07-24,9.6,30.7,2.9,0.41608333333333336
2020-07-25,8.6,31.7,4.22,0.4087083333333334
2020-07-26,7.9,31.7,3.9,0.40529166666666666
2020-07-27,10.1,31.2,4.11,0.4110416666666667
2020-07-28,16.3,30.8,3.7,0.4088333333333333
2020-07-29,14.0,31.2,3.34,0.41850000000000004
2020-07-30,19.4,31.0,3.23,0.41775
2020-07-31,4.9,30.3,2.92,0.4129583333333333
2020-08-01,13.8,28.4,2.11,0.42716666666666664
2020-08-02,13.4,28.5,2.79,0.42841666666666667
2020-08-03,10.2,29.3,2.22,0.42604166666666665
2020-08-04,7.4,29.2,3.1,0.4190833333333333
2020-08-05,28.5,29.1,2.85,0.421875
2020-08-06,24.5,28.9,1.9,0.4300833333333333
2020-08-07,11.5,30.6,3.43,0.4217916666666666
2020-08-08,11.0,28.9,2.26,0.41616666666666663
2020-08-09,9.9,31.0,3.42,0.41429166666666667
2020-08-10,18.9,28.4,2.44,0.42291666666666666
2020-08-11,6.0,31.9,4.34,0.41225
2020-08-12,11.8,29.7,3.41,0.4087083333333334
2020-08-13,15.0,29.2,2.93,0.4127083333333333
2020-08-14,13.5,29.1,2.8,0.4219583333333334
2020-08-15,3.8,31.6,4.29,0.40562499999999996
2020-08-16,14.5,32.1,4.01,0.415375
2020-08-17,6.7,31.4,4.24,0.4091666666666667
2020-08-18,5.6,31.9,4.33,0.399875
2020-08-19,5.3,29.5,2.46,0.40420833333333334
2020-08-20,0.7,31.8,3.81,0.388125
2020-08-21,0.1,32.4,4.82,0.3627916666666666
2020-08-22,0.5,32.0,4.88,0.351875
2020-08-23,2.3,32.0,4.56,0.3474166666666667
2020-08-24,2.5,32.6,4.6,0.3527916666666666
2020-08-25,3.1,32.5,4.83,0.3497083333333333
2020-08-26,0.4,32.8,5.23,0.33325
2020-08-27,1.6,31.6,4.69,0.31275000000000003
2020-08-28,0.8,31.9,4.05,0.300875
2020-08-29,4.0,31.6,4.22,0.303875
2020-08-30,2.3,32.0,3.84,0.29891666666666666
2020-08-31,0.7,32.8,4.55,0.28008333333333335
2020-09-01,3.7,32.5,4.33,0.28829166666666667
2020-09-02,5.5,32.9,4.37,0.352125
2020-09-03,0.5,32.9,5.17,0.33625
2020-09-04,13.0,31.9,3.92,0.348875
2020-09-05,7.1,32.5,4.57,0.374125
2020-09-06,9.4,31.8,4.27,0.40008333333333335
2020-09-07,20.3,30.9,3.5,0.41058333333333336
2020-09-08,7.6,31.5,4.22,0.405125
2020-09-09,3.4,32.2,4.14,0.3937083333333333
2020-09-10,5.5,31.6,3.63,0.4043333333333334
2020-09-11,27.1,31.0,3.44,0.41441666666666666
2020-09-12,24.1,31.3,3.68,0.4189583333333333
2020-09-13,18.7,30.2,3.14,0.42241666666666666
2020-09-14,30.6,27.9,1.43,0.43154166666666666
2020-09-15,16.1,30.5,3.64,0.42449999999999993
2020-09-16,9.3,29.7,3.47,0.417875
2020-09-17,14.2,30.6,3.19,0.41924999999999996
2020-09-18,24.3,27.9,1.88,0.424
2020-09-19,29.1,28.9,1.96,0.431
2020-09-20,1.6,30.1,2.95,0.4149583333333333
2020-09-21,3.3,32.1,4.45,0.40095833333333336
2020-09-22,14.1,31.0,3.69,0.4070833333333333
2020-09-23,19.5,31.3,3.26,0.414625
2020-09-24,5.9,31.1,3.73,0.41079166666666667
2020-09-25,5.5,32.1,3.97,0.39995833333333336
2020-09-26,3.7,30.9,3.09,0.39516666666666667
2020-09-27,37.4,28.6,1.84,0.42754166666666665
2020-09-28,41.0,26.2,1.28,0.430375
2020-09-29,5.9,29.6,3.17,0.4089583333333333
2020-09-30,4.3,31.9,3.76,0.3999166666666667
2020-10-01,8.6,32.4,4.01,0.40199999999999997
2020-10-02,23.7,30.3,2.75,0.4166666666666667
2020-10-03,12.7,30.2,3.06,0.41958333333333336
2020-10-04,10.7,30.7,3.35,0.41512499999999997
2020-10-05,11.8,30.6,2.28,0.41875
2020-10-06,18.3,30.4,2.71,0.426375
2020-10-07,16.8,28.8,2.29,0.4295833333333334
2020-10-08,5.7,29.5,3.16,0.416
2020-10-09,19.7,28.4,1.92,0.4254583333333333
2020-10-10,45.9,26.6,1.28,0.433
2020-10-11,12.7,27.8,1.57,0.42920833333333336
2020-10-12,18.2,26.8,1.53,0.43095833333333333
2020-10-13,22.9,27.7,1.81,0.4285833333333333
2020-10-14,17.7,28.7,1.94,0.429375
2020-10-15,19.0,28.9,2.13,0.4285833333333333
2020-10-16,14.2,27.6,1.73,0.4272916666666666
2020-10-17,14.5,27.9,2.08,0.4302083333333333
2020-10-18,13.1,28.2,1.93,0.4279583333333333
2020-10-19,8.4,31.2,3.27,0.42
2020-10-20,1.4,30.2,3.18,0.39929166666666666
2020-10-21,24.3,30.1,2.57,0.40920833333333334
2020-10-22,9.4,31.5,3.58,0.4075416666666667
2020-10-23,0.5,30.4,3.06,0.3797083333333333
2020-10-24,4.8,30.3,3.1,0.3810833333333334
2020-10-25,12.2,29.6,2.72,0.41566666666666663
2020-10-26,3.1,30.7,3.49,0.40820833333333334
2020-10-27,0.2,30.6,3.65,0.38725000000000004
2020-10-28,4.2,29.4,2.81,0.38304166666666667
2020-10-29,14.8,28.3,2.47,0.40549999999999997
2020-10-30,3.7,31.4,3.9,0.4047083333333334
2020-10-31,13.6,31.5,3.92,0.410125
2020-11-01,37.6,31.0,3.79,0.415375
2020-11-02,1.3,30.7,3.42,0.39245833333333335
2020-11-03,0.5,31.3,3.93,0.36495833333333333
2020-11-04,0.3,30.9,4.06,0.33749999999999997
2020-11-05,0.3,31.8,4.03,0.3213333333333333
2020-11-06,5.1,29.9,2.83,0.34279166666666666
2020-11-07,11.4,31.0,3.46,0.40320833333333334
2020-11-08,7.8,30.6,3.19,0.4087083333333333
2020-11-09,0.2,30.8,4.35,0.38158333333333333
2020-11-10,0.6,29.7,4.19,0.3592916666666666
2020-11-11,2.9,27.2,2.6,0.3491666666666666
2020-11-12,4.5,30.7,3.82,0.3735
2020-11-13,0.0,32.0,4.58,0.35708333333333336
2020-11-14,0.0,31.3,4.84,0.3310416666666667
2020-11-15,0.1,31.7,4.51,0.312
2020-11-16,2.5,32.0,4.09,0.29975
2020-11-17,0.2,32.1,4.19,0.2917083333333333
2020-11-18,0.9,32.4,4.11,0.27258333333333334
2020-11-19,5.9,30.9,3.02,0.28191666666666665
2020-11-20,3.8,31.0,2.85,0.3085833333333333
2020-11-21,21.7,31.9,3.36,0.35354166666666664
2020-11-22,1.6,30.5,3.54,0.36004166666666665
2020-11-23,10.8,31.7,3.79,0.35633333333333334
2020-11-24,0.6,31.7,4.12,0.3565833333333333
2020-11-25,0.2,30.9,2.94,0.3313333333333333
2020-11-26,0.0,30.0,3.37,0.3113333333333333
2020-11-27,0.6,31.1,4.04,0.2934583333333333
2020-11-28,4.5,32.3,4.43,0.29462499999999997
2020-11-29,4.9,27.7,2.21,0.3524583333333333
2020-11-30,4.4,29.0,2.63,0.33887500000000004
2020-12-01,15.3,29.0,2.3,0.3625416666666667
2020-12-02,1.9,30.3,2.79,0.355875
2020-12-03,0.4,30.8,4.77,0.33391666666666664
2020-12-04,0.0,30.6,5.36,0.30441666666666667
2020-12-05,0.0,30.0,4.47,0.27870833333333334
2020-12-06,0.0,30.5,4.89,0.261625
2020-12-07,0.0,30.6,3.2,0.24591666666666667
2020-12-08,0.0,31.4,3.54,0.23470833333333332
2020-12-09,0.6,30.9,3.77,0.22041666666666668
2020-12-10,0.3,31.4,3.78,0.20795833333333333
2020-12-11,1.9,30.4,3.1,0.21291666666666664
2020-12-12,22.4,31.4,2.91,0.2900833333333333
2020-12-13,1.3,29.2,2.68,0.35533333333333333
2020-12-14,1.6,30.8,3.12,0.348125
2020-12-15,15.2,30.3,3.01,0.3790833333333334
2020-12-16,0.4,31.2,4.2,0.3492916666666666
2020-12-17,0.6,31.1,3.99,0.31833333333333336
2020-12-18,0.9,30.8,3.82,0.2954583333333333
2020-12-19,0.2,30.6,4.01,0.2861666666666666
2020-12-20,0.0,29.7,5.51,0.26987500000000003
2020-12-21,0.0,29.3,5.53,0.25275
2020-12-22,4.4,25.9,2.79,0.251625
2020-12-23,3.8,27.5,3.0,0.244375
2020-12-24,8.2,27.8,2.49,0.28025
2020-12-25,0.4,31.0,4.06,0.278125
2020-12-26,0.5,30.8,3.99,0.25983333333333336
2020-12-27,0.2,31.3,4.06,0.24420833333333333
2020-12-28,0.9,30.0,3.46,0.23370833333333332
2020-12-29,0.5,30.8,3.48,0.221625
2020-12-30,13.8,30.9,3.17,0.264875
2020-12-31,0.0,29.4,4.66,0.20304166666666668
2021-01-01,0.0,28.6,4.83,0.18966666666666665
2021-01-02,0.0,27.2,3.66,0.17958333333333332
2021-01-03,0.0,28.4,3.11,0.16870833333333335
2021-01-04,0.7,31.5,4.08,0.16216666666666668
2021-01-05,4.0,29.7,2.75,0.20145833333333332
2021-01-06,0.0,29.9,3.14,0.20199999999999999
2021-01-07,0.6,31.0,3.85,0.19433333333333333
2021-01-08,0.3,30.8,3.98,0.18758333333333332
2021-01-09,0.0,30.5,3.93,0.17983333333333332
2021-01-10,0.0,30.9,4.1,0.170125
2021-01-11,0.0,30.4,4.41,0.16237500000000002
2021-01-12,0.0,29.6,4.62,0.15691666666666668
2021-01-13,0.0,27.4,4.41,0.15266666666666664
2021-01-14,0.0,28.9,4.47,0.15016666666666667
2021-01-15,0.0,29.8,4.31,0.14895833333333333
2021-01-16,0.0,30.1,3.76,0.14795833333333333
2021-01-17,0.1,30.9,3.98,0.147
2021-01-18,0.0,30.7,5.36,0.14745833333333333
2021-01-19,0.0,28.6,4.15,0.14695833333333333
2021-01-20,0.0,30.9,4.51,0.145875
2021-01-21,0.0,30.9,3.92,0.14454166666666665
2021-01-22,11.4,30.0,3.33,0.19695833333333335
2021-01-23,5.7,30.1,3.82,0.3142916666666667
2021-01-24,0.1,30.3,3.86,0.3165833333333333
2021-01-25,0.6,30.3,3.66,0.2805
2021-01-26,0.3,30.3,4.06,0.2577916666666667
2021-01-27,0.2,31.1,4.39,0.23208333333333334
2021-01-28,0.3,31.3,4.21,0.213875
2021-01-29,0.0,30.6,4.33,0.19870833333333335
2021-01-30,0.0,29.7,4.66,0.18312499999999998
2021-01-31,0.0,30.6,4.36,0.17395833333333333
2021-02-01,0.0,31.3,4.42,0.16675000000000004
2021-02-02,0.0,30.7,4.04,0.16204166666666667
2021-02-03,0.0,32.1,4.88,0.15645833333333334
2021-02-04,0.0,31.4,4.31,0.15420833333333334
2021-02-05,0.2,31.5,4.33,0.15370833333333334
2021-02-06,4.9,31.1,4.13,0.17054166666666667
2021-02-07,0.3,31.1,4.11,0.18487499999999998
2021-02-08,2.8,31.2,3.82,0.18325
2021-02-09,0.3,31.7,4.57,0.21945833333333334
2021-02-10,2.8,30.1,3.53,0.211125
2021-02-11,16.9,29.0,2.97,0.26979166666666665
2021-02-12,0.6,30.2,4.3,0.26175
2021-02-13,0.4,29.9,3.81,0.24395833333333336
2021-02-14,0.0,30.3,4.74,0.219375
2021-02-15,0.0,29.9,4.4,0.20291666666666666
2021-02-16,0.3,28.9,3.72,0.19179166666666667
2021-02-17,0.0,30.7,4.91,0.18095833333333333
2021-02-18,0.0,29.8,4.35,0.17141666666666666
2021-02-19,0.0,30.5,4.98,0.166
2021-02-20,0.0,30.4,4.87,0.159625
2021-02-21,0.0,30.8,4.81,0.15370833333333334
2021-02-22,0.0,31.0,5.01,0.1515
2021-02-23,0.0,31.5,5.05,0.1495
2021-02-24,0.0,31.4,4.3,0.14775
2021-02-25,0.0,32.3,3.76,0.14670833333333333
2021-02-26,0.6,32.6,4.39,0.14816666666666667
2021-02-27,0.2,33.0,4.89,0.14945833333333333
2021-02-28,1.0,32.2,4.36,0.15245833333333333
2021-03-01,0.9,33.0,4.53,0.15825
2021-03-02,0.1,33.8,5.25,0.15345833333333334
2021-03-03,0.0,33.8,6.14,0.155
2021-03-04,0.0,34.5,6.35,0.15354166666666666
2021-03-05,0.0,34.4,6.31,0.15008333333333332
2021-03-06,0.0,34.4,6.05,0.14966666666666664
2021-03-07,0.0,33.9,5.59,0.15012499999999998
2021-03-08,0.1,34.2,5.89,0.14916666666666667
2021-03-09,0.1,33.0,5.43,0.14920833333333333
2021-03-10,0.0,34.1,6.07,0.149875
2021-03-11,0.1,33.7,5.69,0.14645833333333333
2021-03-12,0.1,34.4,6.13,0.14504166666666665
2021-03-13,0.3,33.9,5.72,0.14716666666666667
2021-03-14,0.0,33.7,5.36,0.14654166666666665
2021-03-15,0.2,32.8,5.16,0.15145833333333333
2021-03-16,0.1,33.4,5.63,0.15295833333333334
2021-03-17,0.0,33.5,5.27,0.15316666666666667
2021-03-18,0.0,32.2,3.99,0.15254166666666666
2021-03-19,0.0,34.7,5.51,0.15191666666666667
2021-03-20,0.4,34.5,5.21,0.15075
2021-03-21,0.5,35.3,5.74,0.15304166666666666
2021-03-22,1.0,35.5,5.92,0.15595833333333334
2021-03-23,0.2,35.6,5.96,0.153
2021-03-24,0.8,35.2,5.74,0.15354166666666666
2021-03-25,1.7,33.8,4.8,0.16129166666666667
2021-03-26,0.2,34.8,6.23,0.157125
2021-03-27,0.0,35.7,6.07,0.15270833333333333
2021-03-28,0.4,34.9,5.46,0.15066666666666664
2021-03-29,0.0,35.3,5.58,0.14904166666666666
2021-03-30,0.6,35.0,5.48,0.14941666666666667
2021-03-31,0.0,36.3,6.12,0.15091666666666667
2021-04-01,0.0,35.4,5.85,0.15283333333333335
2021-04-02,3.8,34.6,4.93,0.15925
2021-04-03,14.5,33.4,3.94,0.233125
2021-04-04,17.5,31.7,3.47,0.2985833333333333
2021-04-05,0.1,33.5,5.54,0.30154166666666665
2021-04-06,0.1,33.4,5.93,0.2525833333333333
2021-04-07,0.1,32.8,5.27,0.21987500000000001
2021-04-08,0.9,31.7,4.41,0.2021666666666667
2021-04-09,3.7,32.3,4.18,0.18820833333333334
2021-04-10,3.3,33.5,5.55,0.21191666666666667
2021-04-11,0.9,33.4,5.47,0.19000000000000003
2021-04-12,1.7,33.6,5.28,0.18275
2021-04-13,1.6,33.8,4.93,0.1885
2021-04-14,7.3,33.1,4.35,0.28279166666666666
2021-04-15,10.3,31.7,4.19,0.31
2021-04-16,21.9,31.7,3.68,0.3657083333333333
2021-04-17,5.0,32.3,4.3,0.3428333333333333
2021-04-18,24.4,28.9,2.51,0.37866666666666665
2021-04-19,15.7,30.2,3.77,0.3874583333333333
2021-04-20,1.8,31.8,4.45,0.371875
2021-04-21,3.1,32.3,4.35,0.35566666666666663
2021-04-22,11.8,31.2,3.18,0.36170833333333335
2021-04-23,14.7,30.7,2.94,0.3879166666666667
2021-04-24,4.0,31.8,4.28,0.3817916666666667
2021-04-25,8.5,30.6,3.75,0.39037499999999997
2021-04-26,4.2,31.7,4.27,0.371125
2021-04-27,9.1,30.1,3.5,0.38999999999999996
2021-04-28,5.1,30.3,3.91,0.39562500000000006
2021-04-29,11.0,30.9,3.85,0.39258333333333334
2021-04-30,4.6,31.4,4.19,0.386125
2021-05-01,6.8,30.2,3.76,0.38504166666666667
2021-05-02,1.4,31.8,4.46,0.3665833333333333
2021-05-03,1.1,32.8,5.24,0.3350416666666667
2021-05-04,0.4,33.1,5.1,0.30833333333333335
2021-05-05,0.2,33.5,5.13,0.28420833333333334
2021-05-06,9.1,31.2,3.68,0.30895833333333333
2021-05-07,0.4,31.0,3.42,0.3495
2021-05-08,0.6,31.5,4.14,0.32275000000000004
2021-05-09,3.3,31.7,3.63,0.3225
2021-05-10,4.5,32.2,4.53,0.3315416666666667
2021-05-11,0.9,32.8,5.01,0.3050833333333333
2021-05-12,1.2,33.3,5.07,0.27708333333333335
2021-05-13,3.9,33.2,4.48,0.275375
2021-05-14,3.4,32.4,4.04,0.31233333333333335
2021-05-15,9.5,30.5,3.35,0.352125
2021-05-16,4.1,32.7,4.34,0.34670833333333334
2021-05-17,8.7,31.5,3.35,0.3565416666666667
2021-05-18,9.5,31.3,3.92,0.3918333333333333
2021-05-19,5.0,32.5,4.57,0.3922916666666667
2021-05-20,17.3,31.3,4.01,0.400125
2021-05-21,12.5,31.2,3.59,0.39625
2021-05-22,11.4,29.3,2.62,0.40445833333333336
2021-05-23,7.0,29.8,3.09,0.3900416666666667
2021-05-24,5.9,28.7,2.02,0.3912083333333333
2021-05-25,14.9,29.7,2.42,0.408625
2021-05-26,5.3,28.6,1.82,0.40920833333333334
2021-05-27,7.3,27.8,2.2,0.4010833333333333
2021-05-28,9.9,31.3,3.63,0.40091666666666664
2021-05-29,2.5,31.7,4.45,0.38566666666666666
2021-05-30,3.0,32.0,4.51,0.36933333333333335
2021-05-31,4.5,32.5,4.68,0.35512499999999997
2021-06-01,3.7,32.7,4.58,0.36624999999999996
2021-06-02,5.7,32.3,4.25,0.36704166666666665
2021-06-03,2.6,32.1,4.47,0.3585416666666667
2021-06-04,0.4,33.0,5.04,0.330125
2021-06-05,5.4,30.8,4.0,0.33545833333333336
2021-06-06,1.2,29.9,3.28,0.35612499999999997
2021-06-07,11.8,29.7,3.13,0.3757916666666667
2021-06-08,10.7,27.0,1.56,0.39558333333333334
2021-06-09,6.7,29.9,3.07,0.3887083333333334
2021-06-10,7.7,29.3,2.42,0.387
2021-06-11,5.4,30.9,3.57,0.383125
2021-06-12,3.9,29.8,2.62,0.3895416666666667
2021-06-13,4.0,28.2,2.15,0.36566666666666664
2021-06-14,2.2,30.5,3.91,0.35862499999999997
2021-06-15,4.8,30.0,3.42,0.3817083333333333
2021-06-16,4.1,30.0,3.51,0.3775833333333333
2021-06-17,1.2,32.1,4.81,0.346125
2021-06-18,4.1,31.4,4.33,0.34191666666666665
2021-06-19,1.1,31.8,4.47,0.33216666666666667
2021-06-20,6.1,31.3,4.43,0.32166666666666666
2021-06-21,9.5,30.3,3.86,0.34958333333333336
2021-06-22,6.7,29.5,3.54,0.37266666666666665
2021-06-23,12.0,29.9,3.96,0.38929166666666665
2021-06-24,3.9,31.3,4.3,0.3614583333333334
2021-06-25,0.6,30.7,4.58,0.3265416666666667
2021-06-26,1.8,31.3,4.25,0.3129166666666667
2021-06-27,0.3,32.6,4.97,0.292125
2021-06-28,1.2,32.3,4.62,0.27016666666666667
2021-06-29,1.4,32.7,4.61,0.254125
2021-06-30,7.8,31.6,4.12,0.29
2021-07-01,0.6,32.4,4.88,0.301
2021-07-02,0.8,32.6,4.97,0.2915833333333333
2021-07-03,2.1,33.8,4.92,0.2848333333333333
2021-07-04,2.3,31.8,4.34,0.30504166666666666
2021-07-05,9.3,31.0,3.1,0.3340833333333333
2021-07-06,14.5,28.0,1.98,0.37595833333333334
2021-07-07,7.3,28.9,2.83,0.35841666666666666
2021-07-08,21.7,27.3,1.89,0.39358333333333334
2021-07-09,91.3,26.1,1.14,0.43416666666666665
2021-07-10,6.3,29.6,2.91,0.4195
2021-07-11,9.5,30.4,3.61,0.40362499999999996
2021-07-12,8.3,30.8,3.75,0.3933333333333333
2021-07-13,18.5,30.2,3.55,0.40175
2021-07-14,30.3,30.4,3.5,0.4229583333333333
2021-07-15,36.5,28.3,2.21,0.429875
2021-07-16,0.6,31.4,4.36,0.39529166666666665
2021-07-17,6.5,31.7,4.61,0.382125
2021-07-18,11.5,29.9,2.71,0.3975416666666667
2021-07-19,1.2,29.5,2.49,0.38716666666666666
2021-07-20,0.5,30.5,3.49,0.37445833333333334
2021-07-21,5.7,28.9,3.24,0.3785416666666667
2021-07-22,2.9,30.7,3.56,0.37095833333333333
2021-07-23,4.8,30.2,3.15,0.37474999999999997
2021-07-24,0.5,30.9,3.9,0.36466666666666664
2021-07-25,4.6,30.0,3.55,0.356875
2021-07-26,2.2,30.7,4.18,0.35145833333333326
2021-07-27,2.2,31.1,4.46,0.3526666666666667
2021-07-28,13.3,29.1,3.1,0.38208333333333333
2021-07-29,17.2,28.2,2.35,0.40254166666666663
2021-07-30,6.0,28.6,1.95,0.40420833333333334
2021-07-31,1.9,30.8,3.66,0.38995833333333335
2021-08-01,3.1,31.4,4.23,0.38800000000000007
2021-08-02,4.1,30.4,4.16,0.38445833333333335
2021-08-03,0.7,30.7,4.32,0.357625
2021-08-04,2.3,30.4,4.08,0.3515
2021-08-05,5.7,30.8,3.96,0.35470833333333335
2021-08-06,1.5,31.1,4.57,0.35554166666666664
2021-08-07,2.0,31.9,4.53,0.35366666666666663
2021-08-08,1.5,31.7,4.49,0.33995833333333336
2021-08-09,2.0,31.8,4.53,0.34720833333333334
2021-08-10,10.0,30.6,3.5,0.37754166666666666
2021-08-11,16.3,31.2,3.85,0.39841666666666664
2021-08-12,6.6,30.0,2.9,0.3990416666666667
2021-08-13,11.8,29.8,2.97,0.3920416666666666
2021-08-14,2.3,30.5,3.53,0.38879166666666665
2021-08-15,1.8,29.1,2.12,0.38354166666666667
2021-08-16,5.8,32.4,4.89,0.373375
2021-08-17,14.5,31.7,4.11,0.4077916666666667
2021-08-18,10.7,30.0,3.5,0.41254166666666664
2021-08-19,7.7,30.5,3.96,0.40825
2021-08-20,20.6,31.0,3.61,0.4053333333333333
2021-08-21,3.1,31.9,4.61,0.4005
2021-08-22,5.8,30.9,4.36,0.3945
2021-08-23,6.5,29.5,3.16,0.40058333333333335
2021-08-24,15.4,30.4,3.0,0.41125000000000006
2021-08-25,49.9,25.7,1.09,0.43516666666666665
2021-08-26,45.4,26.4,1.41,0.43129166666666663
2021-08-27,7.1,30.1,2.86,0.41629166666666667
2021-08-28,15.5,29.9,2.98,0.40929166666666666
2021-08-29,26.5,30.7,3.06,0.42370833333333335
2021-08-30,23.8,30.8,3.55,0.4179583333333334
2021-08-31,11.1,30.7,3.99,0.41691666666666666
2021-09-01,11.7,30.7,3.33,0.412625
2021-09-02,14.8,29.5,3.24,0.41641666666666666
2021-09-03,5.8,30.3,3.99,0.4183333333333333
2021-09-04,3.3,29.8,3.11,0.40029166666666666
2021-09-05,28.2,29.7,2.5,0.4068333333333333
2021-09-06,11.2,30.6,3.4,0.416625
2021-09-07,18.7,29.7,3.63,0.4197916666666666
2021-09-08,5.3,30.2,3.69,0.40854166666666664
2021-09-09,12.8,30.0,3.04,0.4135416666666667
2021-09-10,3.5,30.0,2.74,0.41112499999999996
2021-09-11,2.1,30.7,3.29,0.39970833333333333
2021-09-12,0.0,30.9,4.35,0.375
2021-09-13,15.9,30.9,3.26,0.390625
2021-09-14,21.4,30.0,2.67,0.41566666666666663
2021-09-15,44.4,29.9,3.1,0.4246666666666667
2021-09-16,0.5,31.6,4.58,0.39858333333333335
2021-09-17,4.9,31.8,4.42,0.3945416666666666
2021-09-18,23.4,31.2,3.55,0.406375
2021-09-19,60.7,28.4,1.43,0.4330416666666667
2021-09-20,15.6,28.9,2.76,0.42724999999999996
2021-09-21,7.3,28.8,3.15,0.417
2021-09-22,8.1,29.7,3.33,0.41279166666666667
2021-09-23,5.6,30.7,2.72,0.40879166666666666
2021-09-24,18.8,29.9,2.57,0.4123333333333334
2021-09-25,3.4,27.9,2.06,0.39975
2021-09-26,4.2,30.4,3.29,0.409375
2021-09-27,5.0,31.3,4.04,0.4122083333333333
2021-09-28,9.2,30.7,3.63,0.4129583333333333
2021-09-29,10.8,31.6,4.03,0.40858333333333335
2021-09-30,20.9,31.3,3.21,0.4087083333333333
2021-10-01,23.0,31.6,3.54,0.41191666666666665
2021-10-02,13.2,28.5,2.52,0.4249583333333333
2021-10-03,6.8,29.2,2.38,0.41524999999999995
2021-10-04,15.0,30.9,3.41,0.403875
2021-10-05,70.9,30.9,3.51,0.4230416666666667
2021-10-06,11.9,28.6,2.26,0.41954166666666665
2021-10-07,18.8,27.5,1.71,0.427875
2021-10-08,11.0,28.7,2.59,0.4243333333333333
2021-10-09,7.1,30.0,2.94,0.4095
2021-10-10,1.3,31.3,4.54,0.38766666666666666
2021-10-11,15.7,29.8,2.67,0.39666666666666667
2021-10-12,21.9,29.2,2.82,0.426625
2021-10-13,3.7,30.9,3.05,0.4166666666666667
2021-10-14,2.0,30.3,3.91,0.4048333333333333
2021-10-15,14.4,30.5,3.19,0.4051666666666667
2021-10-16,6.6,29.0,1.53,0.41241666666666665
2021-10-17,21.4,29.2,1.96,0.4190833333333333
2021-10-18,0.5,31.7,4.23,0.40025
2021-10-19,1.0,31.6,4.09,0.37962500000000005
2021-10-20,21.2,28.7,2.46,0.39775
2021-10-21,6.5,31.5,4.08,0.41404166666666664
2021-10-22,3.3,30.7,3.27,0.405
2021-10-23,9.5,31.3,3.75,0.41383333333333333
2021-10-24,8.4,31.5,3.78,0.4101666666666666
2021-10-25,4.5,31.4,4.35,0.394375
2021-10-26,0.0,32.1,4.52,0.359375
2021-10-27,0.0,30.0,2.81,0.34874999999999995
2021-10-28,1.4,31.9,4.21,0.34299999999999997
2021-10-29,1.3,32.0,4.2,0.333625
2021-10-30,3.3,31.9,4.09,0.33295833333333336
2021-10-31,13.9,29.3,2.94,0.36516666666666664
2021-11-01,13.3,32.0,4.23,0.37704166666666666
2021-11-02,0.3,32.0,4.6,0.3524583333333333
2021-11-03,2.1,31.9,4.14,0.323625
2021-11-04,5.8,31.2,3.63,0.3172916666666667
2021-11-05,3.3,32.3,4.2,0.31124999999999997
2021-11-06,11.0,31.6,3.81,0.3370416666666667
2021-11-07,3.8,31.7,4.06,0.3092916666666667
2021-11-08,5.6,30.9,3.3,0.2979583333333333
2021-11-09,10.1,31.8,3.5,0.30054166666666665
2021-11-10,17.0,31.5,3.58,0.3193333333333333
2021-11-11,23.6,27.6,1.44,0.38641666666666663
2021-11-12,14.0,29.8,2.83,0.41616666666666663
2021-11-13,9.3,30.9,3.05,0.41816666666666663
2021-11-14,12.5,29.3,2.31,0.4251666666666667
2021-11-15,10.9,29.9,2.49,0.41912499999999997
2021-11-16,18.6,28.2,1.99,0.42554166666666665
2021-11-17,6.0,30.9,3.34,0.4074583333333333
2021-11-18,6.4,30.2,2.59,0.40924999999999995
2021-11-19,0.8,31.1,3.85,0.3945
2021-11-20,3.2,30.5,2.53,0.3885416666666666
2021-11-21,9.8,31.3,3.78,0.40045833333333336
2021-11-22,28.0,28.8,2.42,0.41225
2021-11-23,8.5,31.1,3.72,0.40608333333333335
2021-11-24,11.8,31.1,3.95,0.404625
2021-11-25,3.9,30.8,3.73,0.39858333333333335
2021-11-26,0.0,30.3,4.03,0.3765416666666667
2021-11-27,5.0,27.7,2.76,0.37733333333333335
2021-11-28,16.9,29.0,3.15,0.39008333333333334
2021-11-29,29.3,28.2,1.71,0.4302916666666667
2021-11-30,34.8,27.2,1.39,0.43045833333333333
2021-12-01,0.0,29.6,3.29,0.39999999999999997
2021-12-02,0.0,29.2,4.28,0.38008333333333333
2021-12-03,0.0,28.8,4.28,0.36237499999999995
2021-12-04,0.0,27.9,4.05,0.3469583333333333
2021-12-05,0.0,28.4,4.45,0.326625
2021-12-06,0.0,29.7,4.18,0.31316666666666665
2021-12-07,0.0,29.4,3.9,0.300625
2021-12-08,0.0,29.4,4.45,0.2890833333333333
2021-12-09,12.2,30.3,3.22,0.31504166666666666
2021-12-10,0.0,30.2,4.44,0.33608333333333335
2021-12-11,0.0,28.9,3.77,0.310375
2021-12-12,0.0,30.3,3.9,0.29124999999999995
2021-12-13,0.0,30.4,4.8,0.2753333333333333
2021-12-14,0.0,30.6,4.29,0.2574166666666667
2021-12-15,0.0,31.4,4.04,0.24445833333333333
2021-12-16,0.7,30.7,3.42,0.2360833333333333
2021-12-17,0.6,31.6,3.93,0.22483333333333333
2021-12-18,0.0,32.0,4.83,0.21720833333333334
2021-12-19,0.0,27.6,3.38,0.20829166666666665
2021-12-20,0.0,29.3,3.91,0.20154166666666665
2021-12-21,0.0,30.5,3.7,0.19462500000000002
2021-12-22,14.1,30.0,3.0,0.2333333333333333
2021-12-23,8.9,30.2,3.38,0.2973333333333333
2021-12-24,0.0,30.3,3.75,0.27216666666666667
2021-12-25,0.0,31.4,4.28,0.25095833333333334
2021-12-26,2.5,30.6,3.97,0.23841666666666664
2021-12-27,7.3,30.5,3.77,0.2598333333333333
2021-12-28,6.3,30.3,3.51,0.29254166666666664
2021-12-29,0.7,30.5,3.98,0.270125
2021-12-30,0.0,31.7,4.87,0.248125
2021-12-31,0.0,31.3,4.95,0.22345833333333334
2022-01-01,0.0,30.5,4.46,0.20783333333333334
2022-01-02,0.4,30.9,4.3,0.19625
2022-01-03,0.0,30.5,3.54,0.18770833333333334
2022-01-04,0.8,31.2,4.1,0.18000000000000002
2022-01-05,0.8,30.7,3.92,0.17429166666666665
2022-01-06,0.4,30.8,3.81,0.16945833333333335
2022-01-07,2.2,31.2,3.99,0.17154166666666668
2022-01-08,0.2,31.6,4.27,0.17295833333333333
2022-01-09,0.0,30.8,4.39,0.1635
2022-01-10,0.5,31.3,4.47,0.15841666666666668
2022-01-11,0.2,32.1,4.62,0.15375
2022-01-12,0.0,31.1,4.59,0.15016666666666667
2022-01-13,0.5,31.2,4.41,0.14758333333333332
2022-01-14,0.2,30.9,4.47,0.1445833333333333
2022-01-15,0.0,31.9,4.67,0.14129166666666668
2022-01-16,0.0,32.3,5.07,0.14162499999999997
2022-01-17,0.3,31.6,4.77,0.14212499999999997
2022-01-18,0.1,31.3,4.53,0.14391666666666666
2022-01-19,0.2,30.9,4.0,0.14662499999999998
2022-01-20,0.6,31.4,4.55,0.14745833333333333
2022-01-21,0.2,31.7,4.62,0.14808333333333332
2022-01-22,0.0,32.0,4.25,0.15175
2022-01-23,0.6,31.6,4.26,0.15258333333333332
2022-01-24,0.8,31.6,4.29,0.15379166666666666
2022-01-25,0.1,31.8,4.48,0.15620833333333334
2022-01-26,0.1,31.9,4.36,0.16270833333333334
2022-01-27,0.0,32.9,4.62,0.16008333333333333
2022-01-28,0.2,32.6,4.56,0.15833333333333333
2022-01-29,0.4,32.6,4.56,0.15720833333333334
2022-01-30,0.9,32.8,4.56,0.16075
2022-01-31,0.0,32.5,5.19,0.16241666666666668
2022-02-01,0.1,32.7,5.37,0.15625
2022-02-02,0.0,33.5,5.68,0.14991666666666667
2022-02-03,0.0,34.0,5.56,0.14733333333333332
2022-02-04,0.2,34.1,5.43,0.14941666666666667
2022-02-05,0.0,33.3,5.09,0.15158333333333332
2022-02-06,0.5,33.3,5.05,0.150375
2022-02-07,0.3,33.7,4.98,0.153
2022-02-08,0.6,33.5,4.69,0.15745833333333334
2022-02-09,0.2,33.9,5.56,0.16533333333333333
2022-02-10,0.6,34.1,5.32,0.16475
2022-02-11,0.3,33.3,5.38,0.16837500000000002
2022-02-12,0.2,33.1,4.82,0.16229166666666667
2022-02-13,2.3,32.5,4.59,0.15983333333333333
2022-02-14,0.2,33.4,5.58,0.14991666666666667
2022-02-15,0.6,33.6,5.62,0.15125
2022-02-16,1.1,32.6,4.6,0.15270833333333333
2022-02-17,1.4,33.4,5.04,0.1535
2022-02-18,0.0,34.1,5.15,0.15637500000000001
2022-02-19,0.0,34.1,5.35,0.15420833333333334
2022-02-20,4.0,33.5,4.86,0.15316666666666665
2022-02-21,8.0,32.7,4.14,0.25325
2022-02-22,2.6,31.5,4.04,0.24025
2022-02-23,7.1,31.6,3.93,0.2743333333333334
2022-02-24,0.0,31.7,4.27,0.28258333333333335
2022-02-25,0.0,29.3,3.77,0.24325
2022-02-26,0.0,33.0,5.36,0.21454166666666666
2022-02-27,0.2,32.9,6.04,0.19495833333333334
2022-02-28,0.1,34.2,6.11,0.18508333333333335
2022-03-01,0.3,33.8,5.93,0.17637499999999998
2022-03-02,0.0,33.1,5.21,0.1675
2022-03-03,1.5,32.3,4.04,0.16895833333333332
2022-03-04,0.3,34.7,5.43,0.165
2022-03-05,1.2,33.5,4.47,0.17633333333333334
2022-03-06,0.0,34.0,5.42,0.21575
2022-03-07,0.6,34.0,5.21,0.200125
2022-03-08,0.2,34.4,6.21,0.18866666666666668
2022-03-09,0.0,33.9,5.47,0.17433333333333334
2022-03-10,0.3,32.7,4.7,0.16941666666666666
2022-03-11,0.0,33.7,5.02,0.1685
2022-03-12,0.0,33.4,4.58,0.16416666666666668
2022-03-13,0.3,34.1,5.7,0.1689166666666667
2022-03-14,0.5,34.3,5.41,0.169875
2022-03-15,0.1,34.7,5.34,0.16483333333333336
2022-03-16,0.2,32.4,4.16,0.16233333333333333
2022-03-17,0.6,34.4,5.32,0.16379166666666667
2022-03-18,14.9,33.3,4.08,0.230625
2022-03-19,0.4,34.0,5.39,0.33141666666666664
2022-03-20,0.0,33.5,5.31,0.28291666666666665
2022-03-21,11.3,32.2,3.68,0.29670833333333335
2022-03-22,18.1,31.3,3.27,0.37525000000000003
2022-03-23,1.4,32.2,4.35,0.336625
2022-03-24,0.7,32.4,5.0,0.30391666666666667
2022-03-25,1.5,33.2,4.63,0.2808333333333333
2022-03-26,0.1,33.9,5.37,0.255
2022-03-27,1.2,33.0,4.54,0.24420833333333333
2022-03-28,16.9,33.0,4.89,0.3518333333333333
2022-03-29,14.0,32.1,4.5,0.37270833333333336
2022-03-30,3.8,32.2,4.81,0.34274999999999994
2022-03-31,25.2,32.3,3.82,0.3582916666666667
2022-04-01,32.2,30.2,2.92,0.42216666666666663
2022-04-02,21.2,31.0,3.83,0.414125
2022-04-03,17.1,31.3,4.74,0.4079166666666667
2022-04-04,18.6,30.8,4.28,0.3970833333333333
2022-04-05,24.0,30.8,3.85,0.4090416666666667
2022-04-06,7.9,31.5,4.75,0.40858333333333335
2022-04-07,3.3,31.1,4.41,0.3919166666666667
2022-04-08,2.1,30.7,4.41,0.3675833333333333
2022-04-09,1.2,30.8,4.78,0.3428333333333333
2022-04-10,5.5,31.4,4.8,0.33558333333333334
2022-04-11,2.7,30.6,3.91,0.3140833333333333
2022-04-12,1.3,31.9,4.84,0.30195833333333333
2022-04-13,0.0,32.7,5.25,0.281875
2022-04-14,0.7,33.0,4.89,0.2639166666666667
2022-04-15,3.6,33.0,4.19,0.26775
2022-04-16,5.3,32.4,4.2,0.291375
2022-04-17,0.5,32.7,5.2,0.3215
2022-04-18,11.5,31.8,3.74,0.3209166666666667
2022-04-19,3.0,32.5,4.95,0.30583333333333335
2022-04-20,4.8,32.4,4.71,0.33325
2022-04-21,4.3,31.9,4.28,0.3388333333333333
2022-04-22,1.6,32.8,4.79,0.30945833333333334
2022-04-23,8.3,32.9,4.27,0.31154166666666666
2022-04-24,5.7,33.2,4.53,0.29441666666666666
2022-04-25,1.8,33.3,4.83,0.2897083333333333
2022-04-26,0.1,33.0,5.11,0.267
2022-04-27,0.0,34.2,5.4,0.240625
2022-04-28,9.6,32.3,4.11,0.24487499999999998
2022-04-29,21.9,28.4,1.5,0.32254166666666667
2022-04-30,2.6,31.0,4.05,0.3585
2022-05-01,3.7,32.0,4.32,0.3357916666666667
2022-05-02,21.4,31.5,3.39,0.3649166666666667
2022-05-03,18.3,29.8,2.65,0.399
2022-05-04,28.4,30.8,3.85,0.404375
2022-05-05,8.0,30.6,3.61,0.41170833333333334
2022-05-06,5.2,30.0,3.66,0.3960416666666667
2022-05-07,9.0,31.3,3.51,0.3910416666666667
2022-05-08,14.2,28.7,2.82,0.40275
2022-05-09,17.6,29.6,2.54,0.41287500000000005
2022-05-10,3.2,30.9,3.33,0.40475
2022-05-11,4.3,32.5,4.96,0.3983333333333334
2022-05-12,9.1,30.3,3.69,0.40058333333333335
2022-05-13,4.8,31.6,4.4,0.4023333333333334
2022-05-14,2.6,31.7,4.17,0.38608333333333333
2022-05-15,1.6,32.4,5.01,0.35833333333333334
2022-05-16,9.9,31.3,3.73,0.3887083333333334
2022-05-17,13.9,31.0,3.64,0.40162499999999995
2022-05-18,11.3,30.3,3.56,0.407375
2022-05-19,32.2,29.7,2.39,0.4246666666666667
2022-05-20,14.0,30.8,2.89,0.4114583333333333
2022-05-21,8.4,30.7,3.96,0.4010416666666667
2022-05-22,16.1,29.2,2.57,0.40804166666666664
2022-05-23,5.7,28.2,2.01,0.4194166666666666
2022-05-24,1.5,31.8,4.56,0.3937916666666667
2022-05-25,7.8,32.0,4.42,0.38404166666666667
2022-05-26,9.6,31.6,4.01,0.3774166666666667
2022-05-27,10.5,30.6,2.9,0.39266666666666666
2022-05-28,1.9,30.7,3.58,0.4013333333333333
2022-05-29,5.9,29.4,3.17,0.39920833333333333
2022-05-30,10.9,29.8,3.01,0.4114583333333333
2022-05-31,4.6,30.6,3.48,0.407125
2022-06-01,7.6,31.0,3.53,0.4067083333333334
2022-06-02,20.5,30.9,3.53,0.40770833333333334
2022-06-03,9.0,29.4,2.93,0.4166666666666667
2022-06-04,13.4,29.7,2.95,0.42091666666666666
2022-06-05,0.7,31.4,4.55,0.401875
2022-06-06,3.8,31.6,4.75,0.3927083333333334
2022-06-07,14.9,31.2,3.69,0.3910833333333333
2022-06-08,2.3,31.9,4.66,0.38658333333333333
2022-06-09,0.2,33.3,5.33,0.355375
2022-06-10,6.7,31.4,3.78,0.3646666666666667
2022-06-11,9.2,32.5,4.9,0.3881666666666667
2022-06-12,4.3,31.5,3.96,0.372625
2022-06-13,6.2,30.9,4.48,0.39166666666666666
2022-06-14,1.7,31.6,4.62,0.379
2022-06-15,4.0,31.6,4.39,0.3594583333333334
2022-06-16,1.2,31.9,4.45,0.3462083333333334
2022-06-17,9.2,32.1,4.62,0.380875
2022-06-18,4.8,32.0,4.4,0.38525000000000004
2022-06-19,8.3,32.0,4.07,0.38525000000000004
2022-06-20,6.8,31.5,4.09,0.37975000000000003
2022-06-21,21.1,31.6,3.67,0.40425
2022-06-22,10.2,31.1,3.41,0.3993333333333333
2022-06-23,6.1,30.7,3.41,0.400125
2022-06-24,15.0,30.2,3.42,0.4114583333333333
2022-06-25,10.6,31.0,4.04,0.4070416666666667
2022-06-26,9.8,31.2,4.37,0.40362499999999996
2022-06-27,3.5,31.5,4.57,0.4048333333333333
2022-06-28,8.6,31.0,4.32,0.396625
2022-06-29,6.2,31.7,4.27,0.389125
2022-06-30,9.3,30.2,3.2,0.39975
2022-07-01,8.8,29.1,2.44,0.410375
2022-07-02,4.6,28.4,2.61,0.40595833333333337
2022-07-03,5.3,29.5,3.04,0.4068333333333333
2022-07-04,17.8,29.8,3.68,0.42254166666666665
2022-07-05,7.7,30.3,3.51,0.40920833333333334
2022-07-06,14.2,30.1,3.32,0.4047083333333334
2022-07-07,11.1,31.1,3.67,0.40162500000000007
2022-07-08,14.8,28.9,2.64,0.414
2022-07-09,15.0,30.6,3.52,0.41533333333333333
2022-07-10,7.9,30.9,4.02,0.42025
2022-07-11,8.8,28.7,2.52,0.41791666666666666
2022-07-12,31.0,26.7,1.71,0.4247083333333333
2022-07-13,14.0,26.7,1.59,0.42754166666666665
2022-07-14,6.8,31.1,4.15,0.41770833333333335
2022-07-15,18.3,29.8,3.01,0.41524999999999995
2022-07-16,7.8,30.2,3.53,0.4074583333333333
2022-07-17,21.8,29.2,3.06,0.4125833333333333
2022-07-18,7.6,31.4,4.11,0.40058333333333335
2022-07-19,16.7,30.4,3.45,0.40362499999999996
2022-07-20,11.9,28.7,2.57,0.42154166666666665
2022-07-21,21.6,27.5,1.71,0.43012500000000004
2022-07-22,2.2,31.9,4.79,0.40195833333333336
2022-07-23,6.0,31.7,3.89,0.405125
2022-07-24,3.0,31.6,4.83,0.39687500000000003
2022-07-25,3.9,31.5,4.22,0.3784166666666667
2022-07-26,11.3,31.2,4.31,0.37725000000000003
2022-07-27,10.4,31.4,3.64,0.4107083333333333
2022-07-28,7.2,31.6,4.6,0.404125
2022-07-29,0.2,32.2,5.02,0.392375
2022-07-30,6.3,32.1,4.13,0.3939166666666667
2022-07-31,9.1,31.7,4.15,0.4039166666666667
2022-08-01,15.4,29.5,3.04,0.417
2022-08-02,6.1,31.4,3.95,0.40125000000000005
2022-08-03,7.3,30.3,3.67,0.40254166666666663
2022-08-04,15.4,31.2,3.82,0.4101666666666666
2022-08-05,3.3,30.8,4.27,0.40720833333333334
2022-08-06,15.9,27.6,2.01,0.414625
2022-08-07,5.6,29.5,2.56,0.41124999999999995
2022-08-08,6.3,29.4,2.38,0.40641666666666665
2022-08-09,9.9,29.8,3.64,0.41654166666666664
2022-08-10,4.2,30.2,4.03,0.4056666666666667
2022-08-11,6.8,28.8,2.58,0.40166666666666667
2022-08-12,3.6,32.0,4.42,0.391125
2022-08-13,0.2,31.9,4.96,0.372625
2022-08-14,2.1,32.4,4.96,0.3472916666666666
2022-08-15,3.7,30.8,3.47,0.348125
2022-08-16,3.9,29.8,3.82,0.37399999999999994
2022-08-17,3.3,31.4,4.39,0.37445833333333334
2022-08-18,5.5,31.8,4.71,0.38245833333333334
2022-08-19,4.3,30.1,4.08,0.38275
2022-08-20,5.0,30.8,3.68,0.37775000000000003
2022-08-21,4.9,30.9,3.72,0.39399999999999996
2022-08-22,9.0,31.1,4.11,0.4010833333333333
2022-08-23,8.9,30.1,3.21,0.4028333333333333
2022-08-24,3.8,31.9,4.09,0.39166666666666666
2022-08-25,9.5,29.9,3.12,0.40829166666666666
2022-08-26,8.9,30.7,3.02,0.41050000000000003
2022-08-27,16.1,31.3,3.75,0.40970833333333334
2022-08-28,14.8,31.6,4.09,0.4110416666666667
2022-08-29,6.2,31.2,3.66,0.407375
2022-08-30,10.6,31.9,4.11,0.4034166666666667
2022-08-31,9.8,31.3,4.28,0.40441666666666665
2022-09-01,2.0,31.7,4.12,0.39966666666666667
2022-09-02,7.4,32.5,4.62,0.40008333333333335
2022-09-03,8.9,32.1,4.2,0.4085833333333333
2022-09-04,6.8,29.5,3.62,0.4094166666666667
2022-09-05,7.0,29.8,2.91,0.41850000000000004
2022-09-06,2.9,29.0,3.04,0.41045833333333337
2022-09-07,8.3,28.3,1.8,0.423375
2022-09-08,7.0,28.7,3.22,0.4174583333333333
2022-09-09,8.4,31.9,3.95,0.40254166666666663
2022-09-10,11.7,30.6,3.17,0.41408333333333336
2022-09-11,20.1,31.4,3.67,0.41475
2022-09-12,15.6,30.4,3.37,0.4182916666666667
2022-09-13,10.2,30.6,3.91,0.41370833333333334
2022-09-14,10.0,31.2,3.77,0.4155
2022-09-15,2.5,29.3,3.41,0.40724999999999995
2022-09-16,8.8,31.1,3.91,0.40420833333333334
2022-09-17,11.6,29.7,3.41,0.4037916666666667
2022-09-18,9.6,31.2,3.66,0.39929166666666666
2022-09-19,15.4,30.4,3.27,0.4090416666666667
2022-09-20,16.5,29.7,3.38,0.40970833333333334
2022-09-21,9.6,30.0,3.4,0.4050416666666667
2022-09-22,14.5,29.1,2.98,0.422
2022-09-23,1.0,31.9,4.75,0.39633333333333337
2022-09-24,7.8,31.8,3.96,0.4036666666666667
2022-09-25,6.8,30.4,3.54,0.4106666666666667
2022-09-26,23.8,30.6,2.85,0.4186666666666667
2022-09-27,7.4,29.1,2.23,0.42054166666666665
2022-09-28,12.9,28.5,2.39,0.4187083333333333
2022-09-29,9.8,29.3,3.13,0.4227916666666667
2022-09-30,5.3,30.6,3.47,0.408625
2022-10-01,11.1,29.6,2.81,0.41333333333333333
2022-10-02,18.7,29.0,2.28,0.423625
2022-10-03,14.0,31.0,3.08,0.4139583333333334
2022-10-04,5.0,31.4,3.58,0.41512499999999997
2022-10-05,5.6,28.9,2.91,0.4134583333333333
2022-10-06,13.2,29.5,2.62,0.41441666666666666
2022-10-07,4.4,31.8,4.5,0.3998333333333333
2022-10-08,19.1,25.8,1.13,0.41679166666666667
2022-10-09,15.4,28.8,2.42,0.4245833333333333
2022-10-10,6.0,29.6,2.51,0.3995
2022-10-11,15.7,30.8,3.72,0.3940416666666667
2022-10-12,19.3,31.0,3.54,0.4081666666666666
2022-10-13,1.4,31.6,4.18,0.39208333333333334
2022-10-14,1.0,30.7,4.14,0.37679166666666664
2022-10-15,0.0,30.3,4.82,0.35720833333333335
2022-10-16,0.4,30.5,4.83,0.34070833333333334
2022-10-17,10.9,31.5,4.62,0.3369583333333333
2022-10-18,8.6,31.3,3.98,0.38025
2022-10-19,16.9,30.0,3.18,0.37483333333333335
2022-10-20,6.8,29.6,2.58,0.3935416666666667
2022-10-21,18.5,29.9,2.71,0.4007083333333333
2022-10-22,9.8,30.1,3.0,0.40645833333333337
2022-10-23,13.5,31.1,3.34,0.4091666666666667
2022-10-24,37.2,29.9,2.62,0.418
2022-10-25,4.9,30.8,3.76,0.40991666666666665
2022-10-26,23.8,30.5,3.1,0.42250000000000004
2022-10-27,5.6,29.7,2.23,0.41291666666666665
2022-10-28,1.8,30.8,3.69,0.4046666666666667
2022-10-29,1.4,31.6,5.03,0.37375
2022-10-30,0.0,31.8,4.21,0.3473333333333333
2022-10-31,0.0,31.8,4.82,0.32433333333333336
2022-11-01,0.0,31.0,4.37,0.3104166666666667
2022-11-02,0.0,30.9,4.63,0.2982916666666667
2022-11-03,17.6,30.2,2.65,0.3343333333333333
2022-11-04,18.9,27.7,1.98,0.41362499999999996
2022-11-05,10.9,30.1,2.86,0.41254166666666664
2022-11-06,4.8,30.4,3.69,0.3981666666666667
2022-11-07,10.7,31.3,3.98,0.39208333333333334
2022-11-08,0.5,31.5,4.17,0.3919166666666667
2022-11-09,0.2,32.1,4.63,0.3737916666666667
2022-11-10,5.9,31.9,4.0,0.370875
2022-11-11,3.6,30.9,2.73,0.3682083333333333
2022-11-12,17.0,30.9,3.3,0.37837499999999996
2022-11-13,2.2,31.3,3.76,0.39399999999999996
2022-11-14,6.5,30.4,3.01,0.4071666666666667
2022-11-15,3.5,31.4,3.93,0.39483333333333337
2022-11-16,1.7,31.8,4.25,0.37041666666666667
2022-11-17,6.2,31.0,3.81,0.36995833333333333
2022-11-18,4.5,31.7,3.5,0.387
2022-11-19,7.7,29.3,2.32,0.38558333333333333
2022-11-20,17.7,27.1,1.47,0.4075
2022-11-21,7.1,30.1,2.82,0.397
2022-11-22,13.6,28.4,2.06,0.4090833333333333
2022-11-23,29.4,29.8,2.59,0.42008333333333336
2022-11-24,15.5,29.1,2.79,0.425125
2022-11-25,2.8,30.6,3.23,0.406125
2022-11-26,6.4,30.7,3.5,0.4046666666666667
2022-11-27,2.7,30.9,3.6,0.40420833333333334
2022-11-28,11.5,31.0,3.64,0.40166666666666667
2022-11-29,1.7,30.6,3.63,0.38925000000000004
2022-11-30,0.1,31.1,4.03,0.36562500000000003
2022-12-01,4.2,31.4,3.97,0.3521666666666667
2022-12-02,0.3,30.9,4.25,0.3295
2022-12-03,12.6,29.1,2.49,0.3450416666666667
2022-12-04,4.0,30.7,3.6,0.382875
2022-12-05,0.4,30.9,4.19,0.32866666666666666
2022-12-06,2.9,31.3,4.24,0.31816666666666665
2022-12-07,12.7,30.5,3.12,0.33795833333333336
2022-12-08,1.4,30.5,3.99,0.35120833333333334
2022-12-09,4.7,30.6,3.45,0.32916666666666666
2022-12-10,0.0,30.9,3.92,0.33
2022-12-11,2.0,30.6,4.07,0.305
2022-12-12,0.1,30.3,4.3,0.2805
2022-12-13,0.0,29.4,4.4,0.26229166666666665
2022-12-14,0.0,29.9,4.04,0.24466666666666667
2022-12-15,0.0,30.2,4.36,0.22570833333333332
2022-12-16,0.0,32.0,4.41,0.20975
2022-12-17,0.1,30.2,3.27,0.20075
2022-12-18,0.0,30.5,6.07,0.19375
2022-12-19,0.0,29.9,5.12,0.18420833333333334
2022-12-20,0.0,30.3,4.78,0.17537499999999998
2022-12-21,0.0,31.9,4.64,0.16858333333333334
2022-12-22,0.2,30.3,3.97,0.16341666666666668
2022-12-23,0.0,30.2,4.62,0.16008333333333333
2022-12-24,0.0,28.3,3.81,0.1565
2022-12-25,0.0,29.6,4.43,0.153
2022-12-26,0.0,29.5,4.28,0.15066666666666664
2022-12-27,0.1,29.4,4.28,0.15254166666666666
2022-12-28,0.0,30.7,4.48,0.15429166666666666
2022-12-29,0.0,30.8,4.4,0.15558333333333332
2022-12-30,0.6,29.5,3.63,0.15945833333333334
2022-12-31,0.0,29.8,4.22,0.15920833333333334
2023-01-01,0.0,27.7,4.07,0.15733333333333333
2023-01-02,0.3,29.9,4.08,0.161125
2023-01-03,1.8,32.3,4.55,0.162125
2023-01-04,0.2,31.5,4.49,0.16354166666666667
2023-01-05,0.6,28.7,3.91,0.160625
2023-01-06,14.7,24.7,2.6,0.22204166666666666
2023-01-07,0.9,26.1,3.43,0.19041666666666668
2023-01-08,3.1,27.6,2.77,0.18625
2023-01-09,7.4,28.8,2.62,0.19195833333333334
2023-01-10,37.4,26.7,1.84,0.35312499999999997
2023-01-11,8.7,28.1,2.53,0.39116666666666666
2023-01-12,7.7,28.0,2.54,0.387125
2023-01-13,5.7,29.3,3.64,0.37929166666666664
2023-01-14,1.5,30.2,3.79,0.3486666666666667
2023-01-15,0.0,30.6,4.14,0.31758333333333333
2023-01-16,0.0,29.9,3.41,0.298125
2023-01-17,1.2,29.4,3.83,0.2853333333333333
2023-01-18,0.2,28.2,3.86,0.2810416666666667
2023-01-19,0.0,28.6,4.0,0.2612083333333333
2023-01-20,0.2,28.9,3.81,0.24316666666666667
2023-01-21,0.0,30.3,4.66,0.22829166666666667
2023-01-22,0.8,30.5,3.83,0.21404166666666666
2023-01-23,2.2,31.0,3.99,0.20562499999999997
2023-01-24,8.5,31.7,4.23,0.2061666666666667
2023-01-25,0.0,28.6,3.44,0.2215
2023-01-26,0.0,27.5,3.01,0.1865
2023-01-27,1.1,29.8,3.87,0.18037499999999998
2023-01-28,0.0,30.3,4.38,0.1785
2023-01-29,0.0,29.6,4.2,0.17279166666666668
2023-01-30,0.0,27.9,4.54,0.16937500000000003
2023-01-31,0.0,30.1,4.65,0.16808333333333336
2023-02-01,0.0,30.0,3.34,0.16895833333333332
2023-02-02,0.5,31.3,4.3,0.1764583333333333
2023-02-03,0.0,32.2,5.03,0.1708333333333333
2023-02-04,0.0,32.5,5.33,0.16375
2023-02-05,0.0,32.1,5.18,0.1605
2023-02-06,0.1,32.0,4.94,0.15845833333333334
2023-02-07,0.5,31.8,4.59,0.15820833333333334
2023-02-08,0.3,32.2,4.74,0.15608333333333332
2023-02-09,0.3,32.4,5.16,0.15591666666666668
2023-02-10,0.0,32.8,5.65,0.15725
2023-02-11,0.1,32.4,4.62,0.15733333333333333
2023-02-12,0.1,32.3,4.41,0.15941666666666668
2023-02-13,0.1,32.4,4.33,0.16070833333333334
2023-02-14,0.0,32.1,4.67,0.15991666666666668
2023-02-15,0.2,32.7,5.3,0.15687500000000001
2023-02-16,0.0,32.2,5.22,0.15545833333333334
2023-02-17,0.0,32.6,5.42,0.15229166666666666
2023-02-18,0.0,31.1,4.16,0.15258333333333332
2023-02-19,2.6,31.3,3.56,0.18104166666666666
2023-02-20,0.1,30.0,3.99,0.2515833333333333
2023-02-21,0.3,31.6,4.97,0.22791666666666666
2023-02-22,0.3,32.1,4.61,0.2070833333333333
2023-02-23,0.1,31.9,4.88,0.1925
2023-02-24,1.4,32.1,5.01,0.1855416666666667
2023-02-25,0.8,31.5,5.02,0.17625
2023-02-26,0.0,32.9,5.92,0.16354166666666667
2023-02-27,0.0,33.2,5.52,0.16179166666666667
2023-02-28,0.3,32.9,4.83,0.15945833333333334
2023-03-01,0.0,33.4,5.32,0.15737500000000001
2023-03-02,0.0,33.8,5.56,0.15708333333333332
2023-03-03,0.0,32.2,5.1,0.154875
2023-03-04,0.0,31.8,5.09,0.15725
2023-03-05,0.0,31.4,5.29,0.15658333333333332
2023-03-06,0.0,32.5,5.55,0.15479166666666666
2023-03-07,0.0,33.2,5.61,0.15308333333333332
2023-03-08,0.0,33.0,5.89,0.15004166666666666
2023-03-09,0.0,33.4,6.11,0.14891666666666667
2023-03-10,0.0,33.2,5.23,0.15141666666666667
2023-03-11,0.0,33.8,5.36,0.15362499999999998
2023-03-12,0.0,33.2,5.68,0.15075
2023-03-13,0.0,33.5,5.86,0.15683333333333335
2023-03-14,0.0,32.7,5.91,0.15
2023-03-15,0.0,34.2,6.49,0.150375
2023-03-16,0.0,34.4,6.18,0.14816666666666667
2023-03-17,0.0,34.0,5.55,0.14304166666666665
2023-03-18,0.1,33.6,5.3,0.14395833333333333
2023-03-19,0.0,34.6,5.73,0.14754166666666665
2023-03-20,0.5,34.4,5.33,0.15833333333333333
2023-03-21,0.0,34.9,5.55,0.15725
2023-03-22,0.0,35.4,5.51,0.15533333333333332
2023-03-23,0.0,35.1,5.53,0.15495833333333334
2023-03-24,0.1,35.0,5.49,0.15641666666666668
2023-03-25,0.4,34.4,5.55,0.14875
2023-03-26,0.0,35.2,5.94,0.145375
2023-03-27,0.1,35.7,6.05,0.14304166666666665
2023-03-28,0.3,35.1,5.59,0.142875
2023-03-29,0.0,35.1,6.05,0.14541666666666667
2023-03-30,0.3,34.4,4.78,0.15291666666666667
2023-03-31,0.3,33.6,5.45,0.20304166666666668
2023-04-01,0.0,34.5,5.57,0.19058333333333333
2023-04-02,0.4,33.9,5.27,0.17883333333333332
2023-04-03,21.4,34.3,4.42,0.23029166666666667
2023-04-04,0.7,33.9,4.98,0.26108333333333333
2023-04-05,1.1,33.8,5.14,0.23308333333333334
2023-04-06,0.0,34.9,5.85,0.209125
2023-04-07,0.0,34.5,5.63,0.18441666666666667
2023-04-08,0.0,36.4,6.48,0.169625
2023-04-09,7.1,34.7,5.28,0.16754166666666667
2023-04-10,8.2,34.8,5.05,0.194375
2023-04-11,0.7,33.8,4.73,0.24870833333333334
2023-04-12,1.0,34.4,4.82,0.23229166666666667
2023-04-13,0.3,35.3,5.57,0.213375
2023-04-14,0.7,35.6,5.52,0.19895833333333335
2023-04-15,28.3,34.4,4.56,0.277375
2023-04-16,5.7,30.9,2.55,0.3564583333333333
2023-04-17,6.7,33.9,4.24,0.33175
2023-04-18,0.3,33.6,4.74,0.30679166666666663
2023-04-19,0.7,34.1,5.41,0.29091666666666666
2023-04-20,1.1,34.1,5.21,0.263625
2023-04-21,2.3,33.2,5.03,0.25954166666666667
2023-04-22,0.2,35.1,5.57,0.257375
2023-04-23,0.3,35.7,5.87,0.23366666666666666
2023-04-24,0.0,35.0,5.59,0.215875
2023-04-25,0.0,36.0,6.1,0.21050000000000002
2023-04-26,0.9,35.4,6.08,0.22895833333333335
2023-04-27,0.1,34.7,5.72,0.220625
2023-04-28,9.5,34.5,4.68,0.21524999999999997
2023-04-29,4.5,33.2,3.55,0.2334166666666667
2023-04-30,1.1,33.5,4.47,0.27566666666666667
2023-05-01,0.1,34.5,5.86,0.286375
2023-05-02,0.3,35.5,6.43,0.24833333333333332
2023-05-03,0.2,35.1,5.61,0.2227083333333333
2023-05-04,0.0,34.2,5.31,0.20091666666666666
2023-05-05,0.7,34.0,5.09,0.18820833333333334
2023-05-06,0.3,35.1,5.92,0.18208333333333335
2023-05-07,1.5,34.6,5.6,0.18216666666666667
2023-05-08,7.4,34.7,4.25,0.21108333333333332
2023-05-09,29.7,32.1,3.64,0.3140833333333333
2023-05-10,4.4,32.9,4.34,0.33487500000000003
2023-05-11,5.9,32.3,4.16,0.3182916666666667
2023-05-12,10.1,31.9,3.79,0.3334166666666667
2023-05-13,5.7,32.3,4.68,0.3428333333333333
2023-05-14,13.1,32.7,4.33,0.36595833333333333
2023-05-15,5.4,33.4,5.0,0.3452916666666667
2023-05-16,3.1,32.5,5.06,0.2956666666666667
2023-05-17,1.5,33.9,5.2,0.265
2023-05-18,20.3,32.2,4.21,0.299625
2023-05-19,4.6,33.8,4.72,0.34087500000000004
2023-05-20,14.7,31.4,3.55,0.36037499999999995
2023-05-21,14.9,33.0,3.77,0.3529583333333333
2023-05-22,7.4,31.1,3.9,0.3724166666666667
2023-05-23,7.4,31.6,4.06,0.38162500000000005
2023-05-24,6.0,31.7,4.47,0.36033333333333334
2023-05-25,0.8,31.3,4.44,0.32045833333333335
2023-05-26,5.8,31.6,4.06,0.32958333333333334
2023-05-27,19.6,29.8,2.7,0.3834583333333333
2023-05-28,14.2,28.5,2.44,0.4077916666666667
2023-05-29,3.5,30.6,4.12,0.38079166666666664
2023-05-30,14.9,30.0,2.86,0.39445833333333336
2023-05-31,8.1,30.2,3.62,0.40079166666666666
2023-06-01,4.7,30.7,3.91,0.39008333333333334
2023-06-02,10.7,30.6,3.61,0.38875
2023-06-03,11.5,30.9,3.89,0.39683333333333337
2023-06-04,10.4,31.6,3.68,0.3983333333333334
2023-06-05,20.5,30.3,2.83,0.40291666666666665
2023-06-06,11.5,30.0,3.28,0.41766666666666663
2023-06-07,12.0,28.3,1.73,0.41975
2023-06-08,5.0,29.8,2.81,0.4141666666666666
2023-06-09,2.2,29.5,2.72,0.39987500000000004
2023-06-10,7.1,30.4,3.53,0.4034583333333333
2023-06-11,0.2,31.3,4.54,0.38562500000000005
2023-06-12,16.5,29.5,3.2,0.397125
2023-06-13,0.9,30.9,3.11,0.3877083333333333
2023-06-14,4.1,31.2,3.86,0.3895
2023-06-15,4.5,32.0,4.31,0.38195833333333334
2023-06-16,7.0,31.6,4.36,0.37825
2023-06-17,9.1,31.2,3.35,0.39675
2023-06-18,21.4,29.8,3.39,0.42324999999999996
2023-06-19,0.7,31.8,4.64,0.3953333333333333
2023-06-20,6.4,31.9,4.28,0.3872083333333333
2023-06-21,0.3,32.0,4.09,0.38433333333333336
2023-06-22,0.7,32.4,4.5,0.38104166666666667
2023-06-23,2.2,32.8,4.96,0.367125
2023-06-24,9.7,31.4,4.24,0.38599999999999995
2023-06-25,0.8,31.5,3.71,0.3697083333333333
2023-06-26,9.5,31.4,4.03,0.378625
2023-06-27,6.2,31.5,4.3,0.3957916666666667
2023-06-28,14.6,29.9,3.38,0.42074999999999996
2023-06-29,6.3,30.9,3.75,0.4098333333333333
2023-06-30,11.8,31.0,3.65,0.407125
2023-07-01,8.9,30.4,3.46,0.41650000000000004
2023-07-02,8.2,29.6,2.57,0.4134583333333333
2023-07-03,11.6,30.4,3.11,0.4088333333333333
2023-07-04,15.4,31.9,4.44,0.401875
2023-07-05,0.1,32.8,4.97,0.370875
2023-07-06,37.8,31.4,4.18,0.385375
2023-07-07,10.5,31.5,4.55,0.38399999999999995
2023-07-08,12.1,31.6,3.71,0.39808333333333334
2023-07-09,18.8,30.9,3.15,0.41441666666666666
2023-07-10,3.8,32.0,4.56,0.39991666666666664
2023-07-11,5.8,31.7,4.45,0.38425
2023-07-12,7.8,32.1,3.87,0.3930416666666667
2023-07-13,11.8,31.4,3.66,0.4027083333333333
2023-07-14,19.9,30.1,3.3,0.4229583333333333
2023-07-15,2.7,30.5,3.48,0.40025
2023-07-16,3.4,30.8,4.21,0.38233333333333336
2023-07-17,9.5,28.9,2.79,0.38808333333333334
2023-07-18,14.5,28.5,2.88,0.40641666666666665
2023-07-19,17.6,29.8,2.83,0.4180833333333333
2023-07-20,11.8,29.4,2.48,0.42166666666666663
2023-07-21,15.0,29.9,3.29,0.412625
2023-07-22,17.4,28.9,2.29,0.41591666666666666
2023-07-23,26.7,28.3,2.46,0.4222916666666667
2023-07-24,7.4,30.0,3.26,0.411375
2023-07-25,5.6,29.6,3.34,0.407125
2023-07-26,0.8,31.2,4.59,0.39375000000000004
2023-07-27,15.1,29.4,2.8,0.40829166666666666
2023-07-28,15.7,30.4,3.61,0.41333333333333333
2023-07-29,13.2,30.1,3.12,0.413375
2023-07-30,5.4,29.8,3.14,0.4090833333333333
2023-07-31,1.3,30.7,3.91,0.38725000000000004
2023-08-01,6.6,30.1,3.1,0.3877916666666667
2023-08-02,2.3,30.7,4.04,0.37554166666666666
2023-08-03,8.0,31.4,4.45,0.38433333333333336
2023-08-04,2.1,31.9,4.28,0.36595833333333333
2023-08-05,1.8,31.3,4.6,0.35262499999999997
2023-08-06,0.5,32.1,5.34,0.33970833333333333
2023-08-07,1.4,31.6,4.9,0.32208333333333333
2023-08-08,1.5,31.4,4.85,0.3378333333333334
2023-08-09,3.0,32.7,5.02,0.34850000000000003
2023-08-10,2.6,31.6,4.72,0.3332916666666667
2023-08-11,2.4,31.5,4.56,0.34166666666666673
2023-08-12,1.3,32.1,4.79,0.33829166666666666
2023-08-13,4.3,30.5,3.91,0.33708333333333335
2023-08-14,8.0,30.7,4.08,0.3442083333333333
2023-08-15,14.4,30.2,3.86,0.37245833333333334
2023-08-16,14.6,31.0,3.6,0.37320833333333336
2023-08-17,7.0,30.8,4.33,0.38725000000000004
2023-08-18,8.0,29.9,3.52,0.39316666666666666
2023-08-19,13.6,30.6,3.1,0.405125
2023-08-20,36.4,29.3,2.66,0.42287499999999995
2023-08-21,4.4,31.5,4.21,0.4029583333333333
2023-08-22,6.2,31.8,4.39,0.3890416666666667
2023-08-23,1.7,31.9,5.01,0.37645833333333334
2023-08-24,1.2,31.5,4.95,0.3577916666666667
2023-08-25,4.0,32.8,4.78,0.35379166666666667
2023-08-26,3.3,32.3,4.39,0.3592916666666666
2023-08-27,13.4,31.2,3.27,0.3910416666666667
2023-08-28,8.4,30.9,3.63,0.39841666666666664
2023-08-29,2.1,31.3,4.35,0.38495833333333335
2023-08-30,4.0,30.9,4.07,0.3802083333333333
2023-08-31,5.4,31.0,3.37,0.389
2023-09-01,10.8,30.7,3.35,0.404375
2023-09-02,7.0,29.1,3.12,0.4000416666666667
2023-09-03,6.9,31.1,4.1,0.39245833333333335
2023-09-04,17.8,28.5,2.85,0.4165833333333333
2023-09-05,23.1,29.1,2.88,0.4257916666666666
2023-09-06,10.2,30.3,2.96,0.41391666666666665
2023-09-07,9.3,30.3,3.59,0.412125
2023-09-08,18.7,31.9,3.58,0.41220833333333334
2023-09-09,17.8,30.8,2.99,0.41924999999999996
2023-09-10,25.7,27.7,1.97,0.4282083333333333
2023-09-11,1.5,30.8,4.6,0.401375
2023-09-12,1.8,30.6,4.05,0.387875
2023-09-13,14.5,30.4,3.44,0.39795833333333336
2023-09-14,13.1,28.8,3.06,0.41629166666666667
2023-09-15,1.2,29.8,3.37,0.410625
2023-09-16,3.1,30.0,3.51,0.40458333333333335
2023-09-17,7.2,30.7,3.31,0.41087500000000005
2023-09-18,5.8,32.4,4.61,0.4136666666666666
2023-09-19,5.7,32.3,4.21,0.40570833333333334
2023-09-20,16.5,32.1,4.38,0.4091666666666667
2023-09-21,17.1,32.0,3.8,0.413
2023-09-22,39.4,31.4,3.78,0.41291666666666665
2023-09-23,18.5,29.8,2.65,0.42133333333333334
2023-09-24,35.8,31.1,2.98,0.422375
2023-09-25,23.3,30.3,3.05,0.42616666666666664
2023-09-26,8.5,28.7,2.91,0.421875
2023-09-27,12.4,30.0,2.85,0.421875
2023-09-28,0.3,32.1,3.86,0.39962499999999995
2023-09-29,5.0,31.7,4.01,0.389375
2023-09-30,8.3,28.4,2.11,0.410125
2023-10-01,20.7,31.7,3.33,0.405875
2023-10-02,47.0,30.4,2.27,0.4302916666666667
2023-10-03,41.0,30.6,3.0,0.42924999999999996
2023-10-04,5.0,30.4,3.57,0.4154166666666666
2023-10-05,10.3,30.6,3.44,0.41375
2023-10-06,5.9,32.6,4.36,0.407375
2023-10-07,6.1,31.4,3.86,0.3981666666666667
2023-10-08,12.5,32.3,3.63,0.40608333333333335
2023-10-09,3.0,32.1,3.76,0.4070833333333333
2023-10-10,18.8,32.0,4.1,0.40475
2023-10-11,4.6,31.3,3.38,0.40795833333333337
2023-10-12,7.3,32.6,4.41,0.413
2023-10-13,1.4,31.8,3.66,0.40175
2023-10-14,14.0,31.6,3.77,0.4001666666666667
2023-10-15,12.3,30.4,2.72,0.41641666666666666
2023-10-16,21.3,30.7,2.86,0.42616666666666664
2023-10-17,4.1,31.8,3.78,0.414625
2023-10-18,16.0,30.7,3.28,0.40775
2023-10-19,5.1,31.6,3.78,0.38995833333333335
2023-10-20,12.3,32.0,4.02,0.40245833333333336
2023-10-21,5.5,32.2,3.91,0.3993333333333333
2023-10-22,17.2,31.8,4.09,0.40629166666666666
2023-10-23,5.3,30.3,3.0,0.41320833333333334
2023-10-24,9.0,31.5,3.71,0.41425
2023-10-25,9.1,30.8,3.37,0.4083333333333334
2023-10-26,4.5,31.9,3.99,0.39125000000000004
2023-10-27,8.5,31.7,3.86,0.39916666666666667
2023-10-28,8.2,30.8,3.18,0.42254166666666665
2023-10-29,1.6,31.3,3.59,0.40425
2023-10-30,4.6,31.5,4.01,0.4055416666666667
2023-10-31,9.1,31.1,2.76,0.4093333333333333
2023-11-01,2.1,32.3,4.12,0.39795833333333336
2023-11-02,6.9,31.4,4.24,0.396625
2023-11-03,8.0,31.2,3.4,0.38808333333333334
2023-11-04,5.5,32.1,3.79,0.3737916666666667
2023-11-05,5.9,32.1,3.84,0.38004166666666667
2023-11-06,9.3,32.5,4.32,0.37895833333333334
2023-11-07,12.4,31.9,3.78,0.37929166666666664
2023-11-08,5.2,31.9,3.73,0.3907083333333334
2023-11-09,7.8,32.2,3.49,0.39466666666666667
2023-11-10,9.4,30.6,2.88,0.38554166666666667
2023-11-11,4.0,32.1,3.91,0.3907083333333334
2023-11-12,11.8,32.2,3.55,0.3872083333333333
2023-11-13,4.0,32.4,4.59,0.3761666666666667
2023-11-14,4.6,32.2,3.94,0.388875
2023-11-15,17.2,31.3,2.65,0.39599999999999996
2023-11-16,10.0,31.1,3.16,0.4040416666666667
2023-11-17,9.8,32.0,4.02,0.4045
2023-11-18,0.0,29.6,5.01,0.38599999999999995
2023-11-19,0.0,29.9,4.48,0.36104166666666665
2023-11-20,0.0,30.4,4.6,0.33908333333333335
2023-11-21,0.0,30.9,4.33,0.31995833333333334
2023-11-22,0.0,30.9,4.45,0.301875
2023-11-23,3.6,29.9,2.31,0.302875
2023-11-24,0.6,29.6,2.71,0.31754166666666667
2023-11-25,10.0,31.2,4.07,0.31395833333333334
2023-11-26,3.3,31.0,3.18,0.34112499999999996
2023-11-27,1.5,31.7,4.06,0.3345
2023-11-28,0.8,31.0,4.33,0.30741666666666667
2023-11-29,1.7,31.3,3.78,0.29475
2023-11-30,0.5,32.0,3.6,0.336875
2023-12-01,1.6,31.9,3.74,0.3506666666666667
2023-12-02,5.9,30.6,2.65,0.33045833333333335
2023-12-03,8.7,31.0,3.33,0.38425
2023-12-04,2.9,30.9,3.02,0.360875
2023-12-05,0.2,32.0,4.22,0.379125
2023-12-06,2.6,30.8,3.45,0.35633333333333334
2023-12-07,3.1,30.9,3.49,0.343375
2023-12-08,1.6,31.0,3.29,0.3475
2023-12-09,0.5,31.7,3.93,0.33712499999999995
2023-12-10,0.6,31.0,3.8,0.31720833333333337
2023-12-11,0.0,32.6,4.42,0.30091666666666667
2023-12-12,0.0,32.3,4.27,0.28395833333333337
2023-12-13,0.3,32.3,4.29,0.2727916666666667
2023-12-14,0.0,32.9,4.7,0.2609166666666667
2023-12-15,0.1,32.0,4.18,0.2514166666666667
2023-12-16,0.4,31.7,4.33,0.24483333333333332
2023-12-17,0.7,31.7,4.08,0.23745833333333333
2023-12-18,1.9,32.4,4.03,0.23795833333333336
2023-12-19,0.2,32.4,4.34,0.25183333333333335
2023-12-20,0.1,32.7,4.72,0.23987499999999998
2023-12-21,0.0,32.3,5.22,0.226
2023-12-22,0.0,30.6,5.48,0.21441666666666667
2023-12-23,0.0,29.5,4.78,0.20737499999999998
2023-12-24,0.7,28.0,3.28,0.20691666666666664
2023-12-25,0.0,30.5,5.01,0.19962500000000002
2023-12-26,0.0,30.7,4.82,0.192125
2023-12-27,0.0,31.7,4.22,0.18629166666666666
2023-12-28,0.3,31.5,3.83,0.18333333333333335
2023-12-29,8.2,32.2,4.09,0.19816666666666669
2023-12-30,1.0,32.1,3.61,0.19087500000000002
2023-12-31,0.4,31.8,4.12,0.18787500000000001
2024-01-01,1.4,31.3,3.73,0.18600000000000003
2024-01-02,1.2,31.5,4.08,0.18270833333333333
2024-01-03,0.3,31.4,3.73,0.18008333333333335
2024-01-04,0.3,31.2,4.05,0.1805
2024-01-05,0.2,31.5,3.86,0.17591666666666664
2024-01-06,0.0,31.8,4.23,0.1755
2024-01-07,0.3,32.1,4.09,0.17300000000000001
2024-01-08,0.7,31.3,3.97,0.17233333333333334
2024-01-09,0.7,31.3,4.01,0.170875
2024-01-10,0.5,32.4,4.37,0.17020833333333332
2024-01-11,0.2,31.8,4.42,0.16737500000000002
2024-01-12,0.1,31.9,4.45,0.16383333333333336
2024-01-13,0.2,31.1,4.27,0.160125
2024-01-14,0.0,31.1,4.17,0.15633333333333332
2024-01-15,0.0,31.7,4.1,0.15583333333333335
2024-01-16,0.0,31.7,4.62,0.156
2024-01-17,0.5,32.4,4.3,0.15562499999999999
2024-01-18,0.0,32.3,4.61,0.154375
2024-01-19,0.0,32.2,4.56,0.15608333333333332
2024-01-20,0.0,31.7,4.54,0.154
2024-01-21,0.0,31.3,3.95,0.14983333333333335
2024-01-22,0.0,32.1,4.94,0.15008333333333332
2024-01-23,0.0,32.2,4.87,0.14875
2024-01-24,0.0,32.2,4.93,0.148875
2024-01-25,0.0,32.1,4.65,0.14845833333333333
2024-01-26,0.0,31.9,4.81,0.152375
2024-01-27,0.0,32.1,4.62,0.15183333333333335
2024-01-28,0.0,31.7,5.06,0.15062499999999998
2024-01-29,0.0,32.2,5.22,0.15266666666666664
2024-01-30,0.0,32.7,5.27,0.14991666666666667
2024-01-31,0.0,32.9,4.6,0.14762499999999998
2024-02-01,0.0,32.8,4.8,0.14795833333333333
2024-02-02,0.3,32.4,4.62,0.15095833333333333
2024-02-03,0.0,32.5,4.49,0.15441666666666667
2024-02-04,0.1,32.3,4.02,0.15725
2024-02-05,0.0,33.0,4.71,0.15679166666666666
2024-02-06,0.6,32.3,4.46,0.159125
2024-02-07,0.2,32.9,4.57,0.15687500000000001
2024-02-08,0.4,32.1,4.45,0.15729166666666666
2024-02-09,0.4,33.3,5.17,0.15804166666666666
2024-02-10,0.2,33.1,5.22,0.15566666666666665
2024-02-11,0.0,32.3,5.4,0.15229166666666666
2024-02-12,0.0,32.4,5.5,0.151375
2024-02-13,0.0,33.2,5.11,0.15254166666666666
2024-02-14,0.0,33.3,5.22,0.15179166666666666
2024-02-15,0.0,34.1,5.67,0.14995833333333333
2024-02-16,0.0,34.5,5.88,0.150375
2024-02-17,0.0,33.7,6.07,0.14608333333333332
2024-02-18,0.0,33.8,5.35,0.14604166666666665
2024-02-19,0.0,34.4,5.52,0.14808333333333332
2024-02-20,0.5,33.6,4.98,0.15195833333333333
2024-02-21,0.3,33.0,4.77,0.16016666666666668
2024-02-22,0.0,33.5,5.38,0.16283333333333336
2024-02-23,0.5,33.3,5.0,0.16070833333333334
2024-02-24,0.5,33.5,5.38,0.16079166666666667
2024-02-25,0.0,35.1,6.09,0.15804166666666666
2024-02-26,0.0,34.3,6.43,0.15329166666666666
2024-02-27,0.3,33.9,5.62,0.14879166666666666
2024-02-28,0.0,34.2,5.93,0.14770833333333333
2024-02-29,0.0,34.6,6.15,0.14962499999999998
2024-03-01,0.5,34.0,5.85,0.15470833333333334
2024-03-02,0.4,34.6,5.78,0.15720833333333334
2024-03-03,0.0,34.5,5.51,0.16087500000000002
2024-03-04,0.0,34.6,4.79,0.16095833333333334
2024-03-05,0.0,34.3,4.52,0.15887500000000002
2024-03-06,0.0,35.8,5.18,0.15795833333333334
2024-03-07,0.1,35.3,5.59,0.16041666666666668
2024-03-08,0.1,34.9,6.37,0.15891666666666668
2024-03-09,0.1,34.6,6.49,0.15404166666666666
2024-03-10,0.0,35.2,6.02,0.15416666666666667
2024-03-11,0.0,35.5,6.48,0.15637500000000001
2024-03-12,0.0,36.3,6.38,0.15408333333333332
2024-03-13,0.1,34.5,5.88,0.14691666666666667
2024-03-14,0.0,34.8,5.68,0.1435
2024-03-15,0.0,34.8,6.1,0.14608333333333332
2024-03-16,0.0,34.9,5.85,0.147
2024-03-17,0.4,35.1,6.02,0.1475
2024-03-18,0.0,35.4,6.26,0.152375
2024-03-19,0.1,35.4,6.68,0.15175
2024-03-20,0.0,36.0,6.82,0.15241666666666667
2024-03-21,0.2,34.7,6.38,0.1525
2024-03-22,0.3,34.5,6.09,0.15054166666666666
2024-03-23,0.0,34.5,5.32,0.15066666666666664
2024-03-24,0.0,35.5,5.98,0.152
2024-03-25,0.1,35.8,6.12,0.15425
2024-03-26,0.1,36.4,6.54,0.15508333333333332
2024-03-27,0.0,36.6,6.58,0.15079166666666666
2024-03-28,3.0,36.1,5.35,0.17408333333333334
2024-03-29,0.0,34.8,5.26,0.26408333333333334
2024-03-30,0.1,35.2,5.72,0.23229166666666667
2024-03-31,0.0,35.4,5.36,0.20866666666666667
2024-04-01,0.7,35.1,5.38,0.19691666666666666
2024-04-02,0.7,35.5,5.48,0.19241666666666668
2024-04-03,0.0,35.8,6.16,0.18425
2024-04-04,0.2,36.3,5.74,0.17079166666666667
2024-04-05,0.2,37.1,5.96,0.16470833333333335
2024-04-06,0.3,35.3,5.65,0.16104166666666667
2024-04-07,0.0,36.2,5.67,0.15916666666666668
2024-04-08,0.0,36.7,6.09,0.15787500000000002
2024-04-09,0.0,37.6,6.82,0.154375
2024-04-10,0.0,36.7,7.33,0.15129166666666666
2024-04-11,0.2,36.6,6.94,0.15145833333333333
2024-04-12,0.1,37.5,6.68,0.15179166666666666
2024-04-13,0.0,35.8,6.18,0.15066666666666664
2024-04-14,0.1,36.4,5.8,0.14812499999999998
2024-04-15,0.0,36.8,6.19,0.15183333333333335
2024-04-16,0.0,37.3,6.62,0.15241666666666667
2024-04-17,0.8,35.2,5.27,0.15458333333333332
2024-04-18,0.0,36.5,6.34,0.15475
2024-04-19,0.0,36.0,6.18,0.1515
2024-04-20,0.0,36.3,6.45,0.15345833333333334
2024-04-21,0.0,36.7,6.01,0.15608333333333332
2024-04-22,0.1,37.4,6.27,0.15066666666666664
2024-04-23,0.0,37.6,6.34,0.15175
2024-04-24,0.1,37.9,6.45,0.15620833333333334
2024-04-25,0.2,37.9,6.14,0.15887500000000002
2024-04-26,0.6,37.8,5.84,0.15979166666666667
2024-04-27,0.1,37.5,6.14,0.158
2024-04-28,0.2,37.7,6.17,0.15520833333333334
2024-04-29,0.0,38.4,6.53,0.15054166666666666
2024-04-30,0.2,38.0,6.3,0.14729166666666665
2024-05-01,0.0,38.8,6.66,0.14654166666666665
2024-05-02,0.0,38.5,6.69,0.15025
2024-05-03,3.0,37.8,5.88,0.15154166666666666
2024-05-04,4.1,36.2,5.2,0.20925000000000002
2024-05-05,16.5,35.7,4.17,0.269375
2024-05-06,0.1,34.4,5.43,0.31716666666666665
2024-05-07,5.7,33.8,5.14,0.284
2024-05-08,2.4,33.7,4.82,0.2602083333333333
2024-05-09,21.3,32.7,3.77,0.366625
2024-05-10,6.3,33.2,4.39,0.34191666666666665
2024-05-11,9.3,32.8,4.08,0.3455416666666667
2024-05-12,7.4,33.7,4.6,0.3223333333333333
2024-05-13,16.3,33.6,4.64,0.3450416666666667
2024-05-14,8.0,33.8,4.8,0.3382083333333333
2024-05-15,24.6,32.9,3.23,0.351
2024-05-16,6.4,33.4,4.3,0.3619583333333333
2024-05-17,3.7,32.3,3.66,0.37045833333333333
2024-05-18,2.3,33.1,4.98,0.372875
2024-05-19,4.6,31.7,3.73,0.371375
2024-05-20,7.6,31.5,2.73,0.37470833333333337
2024-05-21,7.2,29.6,2.62,0.38795833333333335
2024-05-22,19.9,32.7,4.18,0.3960416666666667
2024-05-23,6.2,33.7,4.68,0.3872083333333333
2024-05-24,7.3,33.6,4.96,0.38129166666666664
2024-05-25,2.3,33.5,4.99,0.35333333333333333
2024-05-26,7.0,33.8,4.93,0.3394166666666667
2024-05-27,7.3,33.8,5.01,0.3445416666666667
2024-05-28,5.1,32.3,3.18,0.37395833333333334
2024-05-29,20.1,31.7,3.8,0.394375
2024-05-30,4.7,31.0,4.03,0.3910416666666667
2024-05-31,14.1,30.7,2.82,0.40595833333333337
2024-06-01,8.4,32.1,4.38,0.40804166666666664
2024-06-02,0.3,32.9,4.93,0.3857916666666667
2024-06-03,14.9,33.0,4.35,0.386625
2024-06-04,0.4,34.3,5.21,0.38133333333333336
2024-06-05,7.2,32.1,4.24,0.3782916666666667
2024-06-06,0.8,33.3,4.88,0.37879166666666664
2024-06-07,0.1,32.7,4.21,0.3740833333333333
2024-06-08,1.0,32.5,4.11,0.35637499999999994
2024-06-09,15.8,28.9,2.2,0.38195833333333334
2024-06-10,9.6,29.4,2.71,0.38083333333333336
2024-06-11,1.0,31.1,4.61,0.37479166666666663
2024-06-12,6.9,31.7,4.77,0.38625
2024-06-13,3.4,32.0,4.45,0.37683333333333335
2024-06-14,2.2,32.0,4.08,0.37433333333333335
2024-06-15,17.1,31.1,3.68,0.39520833333333333
2024-06-16,8.0,31.8,4.55,0.4066666666666667
2024-06-17,18.4,30.5,3.7,0.4083333333333334
2024-06-18,12.4,31.0,3.96,0.404375
2024-06-19,7.0,32.2,4.77,0.39233333333333337
2024-06-20,18.0,30.3,3.02,0.4030416666666667
2024-06-21,38.7,29.3,2.48,0.428
2024-06-22,18.4,27.4,1.84,0.4306666666666667
2024-06-23,7.2,28.5,2.09,0.4202916666666667
2024-06-24,9.6,28.7,2.2,0.41358333333333336
2024-06-25,9.6,29.7,2.72,0.4177916666666666
2024-06-26,4.1,31.4,3.71,0.4049583333333333
2024-06-27,20.8,30.2,3.45,0.4210416666666667
2024-06-28,11.7,31.2,4.07,0.4165833333333333
2024-06-29,2.7,31.8,4.58,0.403875
2024-06-30,3.5,31.6,4.78,0.3979166666666667
2024-07-01,4.3,30.8,4.22,0.39799999999999996
2024-07-02,7.4,31.0,3.71,0.3938333333333333
2024-07-03,8.9,29.8,2.68,0.4126666666666667
2024-07-04,15.1,31.0,3.19,0.4218333333333333
2024-07-05,4.2,30.1,3.62,0.4047083333333333
2024-07-06,4.3,32.2,4.63,0.38666666666666666
2024-07-07,9.9,30.5,3.46,0.39645833333333336
2024-07-08,8.4,31.6,4.24,0.40337500000000004
2024-07-09,14.0,30.7,3.56,0.41079166666666667
2024-07-10,13.0,31.7,3.91,0.4180833333333333
2024-07-11,11.1,29.7,3.09,0.4136666666666667
2024-07-12,5.6,29.3,3.11,0.4182916666666667
2024-07-13,6.8,30.1,3.2,0.41391666666666665
2024-07-14,19.0,29.1,2.51,0.413125
2024-07-15,10.6,30.8,3.39,0.41300000000000003
2024-07-16,21.3,28.8,2.44,0.42695833333333333
2024-07-17,20.9,27.7,2.13,0.4265833333333333
2024-07-18,18.6,29.0,2.41,0.42533333333333334
2024-07-19,4.2,29.1,2.45,0.4147083333333333
2024-07-20,9.2,28.4,1.8,0.41479166666666667
2024-07-21,6.0,30.8,3.24,0.4160833333333333
2024-07-22,2.2,29.8,3.4,0.408125
2024-07-23,1.4,30.7,4.17,0.39737500000000003
2024-07-24,0.7,31.9,5.01,0.379
2024-07-25,13.0,29.9,3.14,0.39691666666666664
2024-07-26,10.3,28.8,2.27,0.4141666666666666
2024-07-27,14.1,28.9,2.2,0.4169583333333333
2024-07-28,16.3,29.4,2.86,0.415875
2024-07-29,0.3,31.1,3.94,0.3954166666666667
2024-07-30,4.9,31.6,3.83,0.3866666666666667
2024-07-31,4.2,31.5,4.46,0.3935416666666667
2024-08-01,5.7,31.9,4.37,0.37958333333333333
2024-08-02,9.0,31.3,4.13,0.3934166666666667
2024-08-03,23.1,30.5,3.35,0.406375
2024-08-04,22.8,30.3,3.52,0.42416666666666664
2024-08-05,14.8,31.0,3.73,0.40658333333333335
2024-08-06,11.2,30.8,3.66,0.40258333333333335
2024-08-07,16.9,31.2,3.82,0.4110416666666667
2024-08-08,3.7,31.8,4.69,0.4048333333333334
2024-08-09,0.8,32.6,4.99,0.387
2024-08-10,0.0,32.6,5.17,0.382625
2024-08-11,6.6,32.1,4.64,0.38441666666666663
2024-08-12,9.4,30.4,4.21,0.4076666666666667
2024-08-13,8.6,31.7,4.33,0.4075
2024-08-14,1.5,32.0,4.35,0.3902083333333333
2024-08-15,8.9,32.3,4.59,0.4014583333333333
2024-08-16,5.6,32.2,4.52,0.4050833333333333
2024-08-17,4.8,31.4,4.09,0.394625
2024-08-18,0.8,32.8,5.1,0.3765
2024-08-19,1.5,33.0,4.99,0.3532916666666666
2024-08-20,2.7,33.1,4.88,0.34600000000000003
2024-08-21,5.7,33.3,4.36,0.3564583333333333
2024-08-22,4.7,32.9,4.84,0.37479166666666663
2024-08-23,7.5,32.0,4.51,0.3706666666666667
2024-08-24,9.8,31.7,3.73,0.392125
2024-08-25,7.1,31.4,3.23,0.4009583333333333
2024-08-26,18.4,30.7,3.53,0.4174166666666667
2024-08-27,6.7,30.0,3.62,0.41120833333333334
2024-08-28,13.4,29.5,3.29,0.41558333333333336
2024-08-29,11.6,28.6,2.07,0.4237916666666666
2024-08-30,1.2,32.5,4.48,0.39879166666666666
2024-08-31,25.7,31.0,2.99,0.4189583333333333
2024-09-01,41.7,28.6,2.07,0.4229583333333333
2024-09-02,16.6,28.7,2.19,0.4283333333333333
2024-09-03,6.6,28.9,3.01,0.42049999999999993
2024-09-04,3.3,30.7,3.28,0.40625
2024-09-05,5.7,31.5,4.36,0.41229166666666667
2024-09-06,13.8,29.8,3.49,0.4129583333333333
2024-09-07,2.1,31.1,4.47,0.40691666666666665
2024-09-08,6.3,30.8,3.98,0.40991666666666665
2024-09-09,1.6,32.5,5.03,0.3995
2024-09-10,2.4,32.5,4.09,0.3973333333333333
2024-09-11,6.7,31.3,3.38,0.4139583333333334
2024-09-12,9.5,31.1,3.33,0.4142083333333333
2024-09-13,13.3,31.4,3.22,0.42354166666666665
2024-09-14,4.6,30.1,2.57,0.41720833333333335
2024-09-15,11.6,29.3,2.65,0.41783333333333333
2024-09-16,2.4,32.1,4.67,0.4043333333333334
2024-09-17,27.0,29.1,1.94,0.42124999999999996
2024-09-18,24.1,30.2,2.63,0.4260833333333333
2024-09-19,11.9,29.4,3.06,0.41562499999999997
2024-09-20,15.7,29.3,3.24,0.42087499999999994
2024-09-21,14.8,28.1,2.13,0.42474999999999996
2024-09-22,10.0,29.6,2.17,0.426
2024-09-23,10.5,30.8,2.91,0.41566666666666663
2024-09-24,5.6,31.5,3.53,0.40408333333333335
2024-09-25,14.3,31.5,4.02,0.4141666666666666
2024-09-26,4.5,31.8,4.19,0.40679166666666666
2024-09-27,8.6,31.5,3.64,0.403875
2024-09-28,0.2,32.9,5.1,0.3938333333333333
2024-09-29,4.3,32.6,4.69,0.3861666666666667
2024-09-30,3.6,32.3,4.6,0.3898333333333333
2024-10-01,6.8,31.6,4.07,0.4018333333333333
2024-10-02,4.6,32.9,4.51,0.3942916666666667
2024-10-03,20.4,31.6,3.32,0.4190833333333333
2024-10-04,22.4,30.9,3.24,0.422625
2024-10-05,7.4,31.9,4.11,0.41404166666666664
2024-10-06,34.1,30.1,3.19,0.42204166666666665
2024-10-07,5.0,31.0,3.61,0.4034166666666667
2024-10-08,26.1,30.5,3.33,0.4170416666666667
2024-10-09,22.9,31.6,3.61,0.41650000000000004
2024-10-10,6.9,31.8,3.59,0.41204166666666664
2024-10-11,22.9,31.2,2.77,0.41933333333333334
2024-10-12,13.0,30.8,3.19,0.4215
2024-10-13,7.7,32.2,4.27,0.41175
2024-10-14,14.7,32.5,4.36,0.41041666666666665
2024-10-15,24.2,31.2,3.44,0.41983333333333334
2024-10-16,25.7,30.3,3.17,0.4230833333333333
2024-10-17,45.1,30.5,2.94,0.423375
2024-10-18,16.9,30.0,2.68,0.4242916666666667
2024-10-19,25.8,29.3,2.66,0.42383333333333334
2024-10-20,20.8,30.9,3.55,0.42291666666666666
2024-10-21,14.7,31.4,3.75,0.4212916666666667
2024-10-22,13.3,31.4,3.17,0.423
2024-10-23,6.8,30.6,2.61,0.419375
2024-10-24,4.9,31.5,4.0,0.4130416666666667
2024-10-25,3.4,32.3,4.92,0.3965416666666666
2024-10-26,0.0,32.4,4.68,0.3657083333333333
2024-10-27,2.7,30.1,2.81,0.3682916666666667
2024-10-28,39.7,28.2,1.46,0.421875
2024-10-29,27.3,29.6,2.81,0.42274999999999996
2024-10-30,2.8,31.9,3.91,0.39620833333333333
2024-10-31,7.7,32.2,4.14,0.39395833333333335
2024-11-01,9.9,32.2,3.76,0.3974583333333333
2024-11-02,26.4,29.9,2.27,0.413875
2024-11-03,13.5,31.7,3.78,0.413
2024-11-04,5.9,30.9,3.38,0.409875
2024-11-05,11.5,31.7,3.9,0.41279166666666667
2024-11-06,4.0,30.3,3.53,0.3932083333333334
2024-11-07,4.1,31.8,4.31,0.3830833333333334
2024-11-08,22.8,31.4,4.32,0.37866666666666665
2024-11-09,2.0,32.0,4.2,0.38554166666666667
2024-11-10,13.2,31.8,4.09,0.3758333333333333
2024-11-11,6.7,32.3,4.32,0.383125
2024-11-12,1.0,30.9,4.08,0.34125
2024-11-13,1.5,32.5,4.31,0.306875
2024-11-14,0.3,33.6,4.75,0.286125
2024-11-15,0.9,32.9,4.23,0.2615416666666667
2024-11-16,0.6,33.0,4.66,0.25004166666666666
2024-11-17,1.6,32.3,4.43,0.23845833333333333
2024-11-18,0.0,32.9,4.88,0.21466666666666667
2024-11-19,0.7,32.4,4.29,0.20675
2024-11-20,2.5,33.1,4.28,0.20958333333333334
2024-11-21,7.3,32.8,4.24,0.26158333333333333
2024-11-22,5.4,32.5,4.44,0.2524166666666667
2024-11-23,1.9,32.8,4.35,0.26025
2024-11-24,4.9,32.1,3.52,0.2708333333333333
2024-11-25,0.8,32.2,4.3,0.2989583333333334
2024-11-26,0.0,32.7,4.36,0.2597083333333334
2024-11-27,3.2,32.6,3.82,0.2394166666666667
2024-11-28,3.3,31.4,4.71,0.230375
2024-11-29,3.4,27.8,2.58,0.20741666666666667
2024-11-30,0.2,29.7,3.41,0.19200000000000003
2024-12-01,0.0,31.1,4.41,0.17566666666666667
2024-12-02,0.4,30.8,3.14,0.16625
2024-12-03,7.0,27.2,1.14,0.256625
2024-12-04,3.3,30.0,2.74,0.3365
2024-12-05,0.7,30.9,3.33,0.32241666666666663
2024-12-06,6.6,31.2,3.41,0.3076666666666667
2024-12-07,9.6,29.9,2.85,0.31704166666666667
2024-12-08,0.0,31.7,4.18,0.27099999999999996
2024-12-09,0.0,30.7,3.75,0.24558333333333335
2024-12-10,0.1,30.6,4.27,0.226375
2024-12-11,10.9,28.4,2.07,0.26437499999999997
2024-12-12,5.9,29.8,2.65,0.3706666666666667
2024-12-13,24.1,28.8,2.01,0.41
2024-12-14,5.3,27.6,1.99,0.3994583333333333
2024-12-15,20.0,28.9,2.3,0.40995833333333337
2024-12-16,0.0,29.2,2.95,0.3924166666666667
2024-12-17,0.0,29.0,3.49,0.3642083333333333
2024-12-18,0.0,29.9,4.43,0.34099999999999997
2024-12-19,0.0,29.2,4.12,0.3165
2024-12-20,0.0,28.6,4.24,0.30720833333333336
2024-12-21,0.0,28.3,4.02,0.28854166666666664
2024-12-22,0.0,27.4,4.0,0.26975
2024-12-23,0.0,29.2,4.36,0.24433333333333332
2024-12-24,0.0,29.2,4.13,0.22995833333333335
2024-12-25,0.0,29.4,4.38,0.21983333333333333
2024-12-26,4.8,28.6,2.35,0.22841666666666668
2024-12-27,10.9,29.7,3.27,0.2557083333333333
2024-12-28,7.9,29.3,3.22,0.28120833333333334
2024-12-29,0.0,29.0,4.0,0.30454166666666665
2024-12-30,0.0,28.5,4.11,0.27029166666666665
2024-12-31,0.0,29.2,4.06,0.2480416666666667
2025-01-01,0.0,29.1,3.78,0.22775
2025-01-02,0.0,27.8,2.24,0.21066666666666667
2025-01-03,0.2,29.2,2.41,0.20166666666666666
2025-01-04,0.0,29.1,3.98,0.18020833333333333
2025-01-05,0.0,29.0,4.35,0.1678333333333333
2025-01-06,0.0,28.7,4.12,0.15791666666666668
2025-01-07,0.0,29.2,4.25,0.150375
2025-01-08,0.0,29.5,4.15,0.144
2025-01-09,0.0,29.2,3.73,0.14275
2025-01-10,0.0,28.3,3.14,0.13958333333333334
2025-01-11,0.0,28.6,4.46,0.135875
2025-01-12,0.0,27.2,5.04,0.13508333333333333
2025-01-13,0.0,26.3,4.43,0.13579166666666667
2025-01-14,2.7,28.8,4.27,0.12670833333333334
2025-01-15,24.9,29.8,3.38,0.21766666666666667
2025-01-16,0.4,29.9,4.08,0.281125
2025-01-17,0.0,28.2,4.47,0.24587499999999998
2025-01-18,0.0,28.0,4.11,0.21833333333333335
2025-01-19,0.0,29.3,3.96,0.19870833333333335
2025-01-20,0.0,29.0,4.12,0.18275
2025-01-21,0.0,29.1,4.23,0.16916666666666666
2025-01-22,0.0,29.5,4.24,0.16004166666666667
2025-01-23,0.0,30.3,4.12,0.15195833333333333
2025-01-24,0.0,30.5,3.98,0.15475
2025-01-25,0.0,30.9,4.31,0.14745833333333333
2025-01-26,0.0,30.4,4.26,0.14966666666666664
2025-01-27,0.0,28.5,4.42,0.15179166666666666
2025-01-28,0.0,28.2,4.1,0.14508333333333331
2025-01-29,0.0,27.8,4.38,0.14791666666666667
2025-01-30,0.0,27.6,3.69,0.15058333333333332
2025-01-31,0.0,28.8,4.34,0.14254166666666665
2025-02-01,0.0,29.8,4.5,0.1445833333333333
2025-02-02,0.0,30.2,4.45,0.13729166666666667
2025-02-03,0.0,30.5,3.88,0.13258333333333336
2025-02-04,0.0,29.6,4.53,0.13008333333333333
2025-02-05,0.0,29.8,4.55,0.12408333333333332
2025-02-06,0.0,29.7,4.48,0.121375
2025-02-07,0.0,29.7,4.41,0.11816666666666666
2025-02-08,0.0,30.0,4.57,0.11454166666666667
2025-02-09,0.0,29.6,4.79,0.11433333333333334
2025-02-10,0.0,28.3,4.21,0.11341666666666667
2025-02-11,0.0,30.6,4.46,0.11170833333333334
2025-02-12,1.7,31.8,4.47,0.11695833333333333
2025-02-13,1.9,31.2,3.96,0.20158333333333334
2025-02-14,1.5,31.1,4.2,0.22508333333333333
2025-02-15,3.9,30.8,4.25,0.2205
2025-02-16,0.3,31.3,4.72,0.19558333333333333
2025-02-17,0.0,31.1,4.96,0.17345833333333335
2025-02-18,0.5,31.3,4.76,0.1605
2025-02-19,3.1,29.6,3.21,0.16995833333333332
2025-02-20,2.6,30.7,4.32,0.19699999999999998
2025-02-21,4.6,31.0,4.44,0.24275000000000002
2025-02-22,9.3,30.3,3.82,0.34
2025-02-23,7.2,29.9,3.51,0.3682916666666667
2025-02-24,1.2,30.7,4.32,0.3485416666666667
2025-02-25,0.6,31.0,4.91,0.315
2025-02-26,0.0,30.5,4.45,0.27995833333333336
2025-02-27,0.0,32.2,5.18,0.25183333333333335
2025-02-28,0.0,32.5,5.27,0.22445833333333332
2025-03-01,0.0,32.2,5.18,0.20158333333333334
2025-03-02,0.1,31.5,4.68,0.1854583333333333
2025-03-03,0.1,32.7,4.97,0.1825
2025-03-04,0.0,31.9,4.52,0.17504166666666665
2025-03-05,0.0,33.0,4.8,0.16333333333333333
2025-03-06,0.0,32.8,5.17,0.15454166666666666
2025-03-07,1.2,33.1,5.59,0.14854166666666666
2025-03-08,0.8,32.4,4.64,0.13641666666666666
2025-03-09,0.0,30.6,3.99,0.12691666666666668
2025-03-10,1.2,32.6,4.65,0.13825
2025-03-11,0.1,33.0,4.69,0.17937499999999998
2025-03-12,0.3,33.9,5.7,0.16008333333333333
2025-03-13,0.1,33.8,5.76,0.13999999999999999
2025-03-14,0.0,34.3,5.69,0.13333333333333333
2025-03-15,0.1,33.7,5.13,0.12441666666666666
2025-03-16,0.1,33.2,5.23,0.12991666666666668
2025-03-17,4.8,32.4,4.53,0.12545833333333334
2025-03-18,1.2,32.8,4.73,0.13083333333333333
2025-03-19,0.2,33.2,5.69,0.123125
2025-03-20,0.0,31.6,5.13,0.12016666666666666
2025-03-21,0.0,32.6,5.32,0.11975000000000001
2025-03-22,0.0,33.3,5.43,0.11908333333333333
2025-03-23,0.0,33.1,5.51,0.1135
2025-03-24,0.0,33.8,5.6,0.11691666666666667
2025-03-25,0.0,30.1,3.64,0.12408333333333332
2025-03-26,0.2,33.5,5.14,0.12216666666666666
2025-03-27,0.0,33.6,5.69,0.1255
2025-03-28,0.0,33.2,5.69,0.12725
2025-03-29,0.0,33.5,5.4,0.11512499999999999
2025-03-30,0.0,34.1,5.95,0.11391666666666667
2025-03-31,2.2,32.2,3.44,0.12858333333333333
2025-04-01,25.2,31.7,3.47,0.28829166666666667
2025-04-02,0.9,31.6,4.8,0.333
2025-04-03,0.4,32.2,5.61,0.27925
2025-04-04,0.1,32.9,5.67,0.2325
2025-04-05,0.5,33.0,5.26,0.200875
2025-04-06,0.0,33.3,5.64,0.17654166666666668
2025-04-07,0.0,34.3,6.11,0.155875
2025-04-08,0.0,34.1,5.81,0.14020833333333332
2025-04-09,12.7,33.4,4.77,0.17716666666666667
2025-04-10,3.8,31.3,3.61,0.18766666666666668
2025-04-11,1.0,33.2,5.06,0.2105
2025-04-12,0.0,34.2,5.66,0.18829166666666666
2025-04-13,4.9,33.8,5.02,0.1789166666666667
2025-04-14,1.1,33.7,5.03,0.20220833333333332
2025-04-15,12.7,34.3,4.83,0.20733333333333334
2025-04-16,6.4,32.5,4.37,0.22604166666666667
2025-04-17,4.2,33.7,4.7,0.2030833333333333
2025-04-18,7.2,33.7,5.24,0.27270833333333333
2025-04-19,2.0,34.3,5.46,0.2502083333333333
2025-04-20,0.0,34.9,5.69,0.1995
2025-04-21,0.4,34.3,5.36,0.17829166666666665
2025-04-22,3.3,33.9,4.89,0.19975
2025-04-23,8.1,32.8,3.9,0.22620833333333334
2025-04-24,0.3,34.5,5.32,0.20533333333333334
2025-04-25,3.8,34.1,4.62,0.20566666666666666
2025-04-26,9.7,34.4,4.79,0.29
2025-04-27,0.2,33.2,5.28,0.29420833333333335
2025-04-28,0.1,33.5,5.31,0.22983333333333333
2025-04-29,0.2,34.6,5.67,0.18258333333333335
2025-04-30,0.2,35.0,5.93,0.15816666666666668
2025-05-01,8.0,34.2,4.46,0.18154166666666668
2025-05-02,7.9,32.1,3.86,0.276375
2025-05-03,17.8,31.2,3.58,0.34379166666666666
2025-05-04,7.7,32.1,4.44,0.3509583333333333
2025-05-05,11.4,31.6,4.3,0.35933333333333334
2025-05-06,3.6,32.0,4.42,0.3455
2025-05-07,2.1,32.2,5.08,0.31804166666666667
2025-05-08,5.8,32.5,4.65,0.28783333333333333
2025-05-09,3.4,32.6,4.71,0.27670833333333333
2025-05-10,5.6,30.1,2.89,0.3095
2025-05-11,24.3,31.9,4.4,0.3882916666666667
2025-05-12,11.3,30.7,4.38,0.38562500000000005
2025-05-13,5.7,31.7,4.24,0.3770833333333334
2025-05-14,10.8,32.2,4.26,0.37875
2025-05-15,11.0,31.2,3.66,0.38362500000000005
2025-05-16,6.6,31.8,4.39,0.37074999999999997
2025-05-17,5.0,31.8,4.64,0.36870833333333336
2025-05-18,10.0,32.2,4.56,0.37325
2025-05-19,10.6,31.7,3.76,0.36975
2025-05-20,11.4,31.5,3.98,0.39395833333333335
2025-05-21,5.0,32.3,4.66,0.3819166666666667
2025-05-22,12.5,30.6,3.45,0.40629166666666666
2025-05-23,23.2,30.1,2.97,0.41450000000000004
2025-05-24,21.7,30.0,2.76,0.4083333333333334
2025-05-25,35.1,31.3,3.71,0.4183333333333333
2025-05-26,0.1,31.5,4.02,0.38825
2025-05-27,8.3,31.6,4.03,0.3742083333333333
2025-05-28,6.3,31.8,4.27,0.390125
2025-05-29,49.4,31.5,2.93,0.42895833333333333
2025-05-30,7.6,29.2,2.49,0.41312499999999996
2025-05-31,10.1,30.4,3.76,0.39720833333333333
2025-06-01,0.8,32.4,4.94,0.36975
2025-06-02,16.2,29.9,2.5,0.3858333333333333
2025-06-03,12.9,27.6,1.35,0.409875
2025-06-04,4.6,30.2,4.29,0.38566666666666666
2025-06-05,8.8,31.0,4.14,0.3895
2025-06-06,2.3,30.5,4.31,0.34883333333333333
2025-06-07,6.7,30.0,3.62,0.32545833333333335
2025-06-08,8.5,30.0,3.87,0.355625
2025-06-09,11.3,29.9,2.78,0.38037499999999996
2025-06-10,15.4,29.0,2.51,0.3994166666666667
2025-06-11,5.6,27.8,1.51,0.40654166666666663
2025-06-12,8.0,27.6,2.07,0.40991666666666665
2025-06-13,8.1,29.7,3.21,0.4059166666666667
2025-06-14,2.6,31.4,4.2,0.39566666666666667
2025-06-15,10.9,30.8,4.09,0.39887500000000004
2025-06-16,8.6,32.2,4.48,0.39441666666666664
2025-06-17,8.1,31.3,3.99,0.39158333333333334
2025-06-18,13.4,30.5,3.5,0.4028333333333334
2025-06-19,5.7,30.7,3.59,0.387375
2025-06-20,21.4,30.4,3.21,0.40629166666666666
2025-06-21,15.1,28.7,3.38,0.41966666666666663
2025-06-22,11.0,27.9,2.24,0.423375
2025-06-23,4.4,30.1,3.68,0.4140833333333333
2025-06-24,4.5,30.8,3.87,0.399875
2025-06-25,13.2,30.3,3.56,0.397375
2025-06-26,16.0,28.7,2.59,0.4174166666666667
2025-06-27,10.7,30.2,3.38,0.4134166666666667
2025-06-28,7.7,29.1,3.57,0.40420833333333334
2025-06-29,3.0,30.5,4.5,0.39158333333333334
2025-06-30,1.9,31.7,4.99,0.36004166666666665
2025-07-01,24.5,30.7,3.44,0.375
2025-07-02,15.5,30.1,2.69,0.39770833333333333
2025-07-03,12.6,30.0,3.2,0.409875
2025-07-04,5.3,31.8,4.46,0.40041666666666664
2025-07-05,3.4,30.9,4.43,0.3967083333333334
2025-07-06,3.4,30.7,3.88,0.38866666666666666
2025-07-07,22.2,30.0,3.0,0.40054166666666663
2025-07-08,0.8,30.9,4.33,0.3904166666666667
2025-07-09,13.8,29.9,3.68,0.40066666666666667
2025-07-10,2.2,32.0,4.81,0.38933333333333336
2025-07-11,1.6,30.9,4.29,0.37645833333333334
2025-07-12,5.4,30.9,4.35,0.37837499999999996
2025-07-13,12.2,31.2,3.95,0.3849583333333333
2025-07-14,3.1,30.3,3.89,0.39491666666666664
2025-07-15,6.4,29.7,3.67,0.40429166666666666
2025-07-16,12.7,30.2,3.22,0.4130833333333333
2025-07-17,10.5,29.7,3.26,0.42004166666666665
2025-07-18,3.2,30.3,3.2,0.40729166666666666
2025-07-19,4.3,30.6,4.05,0.40116666666666667
2025-07-20,9.0,28.9,2.65,0.40920833333333334
2025-07-21,7.8,30.8,3.78,0.4163333333333333
2025-07-22,0.3,31.9,5.64,0.3870833333333334
2025-07-23,2.1,31.7,4.94,0.3675833333333333
2025-07-24,0.1,32.6,5.41,0.3438333333333334
2025-07-25,0.3,32.9,5.44,0.3154166666666667
2025-07-26,0.8,31.9,4.64,0.2995833333333333
2025-07-27,10.9,30.4,3.66,0.3343333333333333
2025-07-28,9.5,28.0,1.88,0.39645833333333336
2025-07-29,4.6,30.9,4.36,0.3722916666666667
2025-07-30,2.5,31.9,4.95,0.3456666666666666
2025-07-31,7.4,30.6,4.26,0.34170833333333334
2025-08-01,3.3,31.6,4.45,0.3219166666666667
2025-08-02,1.5,32.5,4.95,0.287125
2025-08-03,2.3,33.1,4.86,0.2684166666666667
2025-08-04,5.5,32.9,4.62,0.28008333333333335
2025-08-05,10.1,33.1,4.63,0.3065833333333333
2025-08-06,9.7,32.5,4.11,0.32254166666666667
2025-08-07,1.4,31.7,4.69,0.3160833333333333
2025-08-08,7.8,32.7,4.24,0.31116666666666665
2025-08-09,13.7,30.7,2.83,0.34920833333333334
2025-08-10,16.4,31.8,3.76,0.39970833333333333
2025-08-11,14.6,29.6,3.89,0.391875
2025-08-12,11.7,30.4,3.77,0.39029166666666665
2025-08-13,13.9,30.3,2.91,0.39599999999999996
2025-08-14,19.3,32.3,3.24,0.3858333333333333
2025-08-15,17.3,29.0,2.76,0.413
2025-08-16,17.7,28.1,2.26,0.42241666666666666
2025-08-17,7.5,30.9,3.15,0.41487499999999994
2025-08-18,1.4,31.7,4.42,0.391875
2025-08-19,6.9,31.5,4.47,0.3822083333333333
2025-08-20,4.8,32.1,4.48,0.3715
2025-08-21,30.4,28.0,1.69,0.42745833333333333
2025-08-22,2.7,31.6,4.68,0.4000416666666667
2025-08-23,5.2,30.7,4.28,0.3850833333333334
2025-08-24,9.6,29.7,3.7,0.39225
2025-08-25,6.5,29.4,3.9,0.4014583333333333
2025-08-26,3.5,30.5,3.62,0.40629166666666666
2025-08-27,7.0,31.9,4.27,0.39970833333333333
2025-08-28,14.9,31.4,4.4,0.387125
2025-08-29,7.1,30.9,3.58,0.38858333333333334
2025-08-30,5.5,30.4,3.48,0.3833333333333333
2025-08-31,8.0,31.8,4.05,0.39287500000000003
2025-09-01,15.8,30.3,3.17,0.39729166666666665
2025-09-02,15.8,30.7,3.07,0.42554166666666665
2025-09-03,19.8,30.8,3.31,0.4229583333333333
2025-09-04,11.1,31.2,3.95,0.415875
2025-09-05,14.0,31.5,4.01,0.4159583333333334
2025-09-06,2.6,32.2,4.5,0.3970833333333334
2025-09-07,17.4,29.4,2.73,0.41591666666666666
2025-09-08,12.4,31.1,3.27,0.41604166666666664
2025-09-09,15.0,30.9,2.86,0.414625
2025-09-10,0.9,32.1,4.08,0.39479166666666665
2025-09-11,19.6,33.1,4.71,0.385
2025-09-12,7.8,31.9,4.27,0.40675
2025-09-13,22.5,31.0,3.78,0.41920833333333335
2025-09-14,6.2,29.8,3.37,0.41441666666666666
2025-09-15,7.8,31.2,3.8,0.3993333333333333
2025-09-16,12.7,29.7,2.71,0.38975
2025-09-17,11.1,31.2,3.6,0.4043333333333334
2025-09-18,15.3,31.5,3.9,0.40858333333333335
2025-09-19,0.6,30.0,2.91,0.3955
2025-09-20,0.6,32.5,4.93,0.3725833333333333
2025-09-21,1.2,32.2,4.61,0.3506666666666667
2025-09-22,20.1,27.9,1.87,0.4157916666666666
2025-09-23,2.0,30.8,3.37,0.4050833333333333
2025-09-24,2.2,30.4,3.81,0.39387500000000003
2025-09-25,5.6,31.1,3.86,0.37895833333333334
2025-09-26,2.6,29.1,2.58,0.3589583333333333
2025-09-27,20.4,31.0,2.51,0.40491666666666665
2025-09-28,10.0,30.2,3.25,0.41683333333333333
2025-09-29,9.7,30.7,3.28,0.42091666666666666
2025-09-30,10.9,31.2,3.68,0.4150833333333333
2025-10-01,10.2,33.4,4.53,0.3982916666666667
2025-10-02,2.6,32.8,4.68,0.37600000000000006
2025-10-03,19.1,32.4,4.0,0.4070416666666667
2025-10-04,3.4,32.0,4.65,0.40091666666666664
2025-10-05,0.0,31.7,3.71,0.38404166666666667
2025-10-06,4.0,31.8,4.51,0.36154166666666665
2025-10-07,7.4,32.1,4.45,0.3805416666666666
2025-10-08,31.5,32.3,3.77,0.37575000000000003
2025-10-09,14.2,30.9,3.94,0.41454166666666664
2025-10-10,7.6,30.7,3.9,0.38925000000000004
2025-10-11,20.0,31.3,3.74,0.40329166666666666
2025-10-12,7.5,31.4,3.49,0.40724999999999995
2025-10-13,12.0,31.5,3.11,0.3955416666666667
2025-10-14,5.9,32.6,3.63,0.4069583333333333
2025-10-15,19.9,33.4,4.65,0.39429166666666665
2025-10-16,12.8,32.6,3.98,0.39666666666666667
2025-10-17,6.4,32.0,3.92,0.3881666666666667
2025-10-18,2.1,31.9,3.99,0.380875
2025-10-19,1.4,32.8,4.22,0.37954166666666667
2025-10-20,25.5,33.7,3.91,0.40258333333333335
2025-10-21,21.3,33.0,3.93,0.4141666666666666
2025-10-22,26.3,31.1,3.09,0.4025
2025-10-23,21.1,32.4,3.78,0.41054166666666664
2025-10-24,19.7,33.3,3.5,0.40641666666666665
2025-10-25,7.9,30.1,2.42,0.4061666666666666
2025-10-26,20.7,31.6,3.56,0.41483333333333333
2025-10-27,14.3,31.4,3.32,0.4046666666666667
2025-10-28,14.0,28.4,2.03,0.40425
2025-10-29,22.5,29.5,2.45,0.42287499999999995
2025-10-30,1.5,29.5,2.32,0.3984166666666667
2025-10-31,12.6,31.4,3.21,0.39875
2025-11-01,5.6,32.3,3.43,0.395875
2025-11-02,15.2,31.0,2.84,0.4129583333333333
2025-11-03,16.7,29.8,1.97,0.4130833333333333
2025-11-04,11.8,31.0,3.39,0.3894166666666667
2025-11-05,4.9,30.4,2.9,0.39116666666666666
2025-11-06,3.5,29.3,1.97,0.40029166666666666
2025-11-07,8.6,30.9,2.97,0.39737500000000003
2025-11-08,22.7,31.6,3.54,0.4109583333333333
2025-11-09,10.4,32.8,4.2,0.3993333333333333
2025-11-10,2.4,32.5,3.36,0.3773333333333333
2025-11-11,2.1,32.7,4.12,0.3412916666666667
2025-11-12,10.1,31.1,2.57,0.3589583333333333
2025-11-13,23.4,32.5,4.07,0.38025
2025-11-14,1.9,32.5,4.98,0.363875
2025-11-15,0.0,30.8,5.11,0.3265416666666667
2025-11-16,11.1,30.4,3.04,0.34370833333333334
2025-11-17,11.0,30.0,1.95,0.4050416666666667
2025-11-18,10.8,30.2,3.18,0.39691666666666664
2025-11-19,20.4,31.2,3.61,0.4150833333333333
2025-11-20,0.3,27.7,2.94,0.38925000000000004
2025-11-21,0.3,29.3,4.17,0.36541666666666667
2025-11-22,1.2,27.8,2.73,0.3499583333333333
2025-11-23,11.5,30.4,3.53,0.371
2025-11-24,1.6,31.8,4.42,0.3604583333333333
2025-11-25,1.3,31.7,5.01,0.3217083333333333
2025-11-26,0.0,29.6,5.02,0.304375
2025-11-27,0.0,30.1,5.49,0.2889583333333333
2025-11-28,0.0,27.1,4.89,0.27329166666666665
2025-11-29,0.0,29.3,4.05,0.26266666666666666
2025-11-30,0.0,31.1,4.21,0.24687499999999998
2025-12-01,0.1,31.8,3.86,0.23154166666666667
2025-12-02,10.1,31.7,4.15,0.23766666666666666
2025-12-03,27.9,31.6,3.31,0.2987916666666667
2025-12-04,21.9,29.7,2.84,0.34883333333333333
2025-12-05,1.5,30.7,4.02,0.31958333333333333
2025-12-06,0.0,30.3,4.08,0.2890833333333333
2025-12-07,0.0,30.4,4.59,0.258125
2025-12-08,0.0,29.3,4.42,0.2344166666666667
2025-12-09,0.3,29.3,4.17,0.21595833333333334
2025-12-10,11.4,29.9,3.62,0.22633333333333336
2025-12-11,11.8,29.1,3.0,0.30275
2025-12-12,0.1,31.0,4.3,0.28375
2025-12-13,9.8,30.9,3.92,0.2687083333333333
2025-12-14,3.5,30.6,3.85,0.286625
2025-12-15,0.0,30.9,4.01,0.2167083333333333
2025-12-16,0.0,30.7,3.85,0.19891666666666666
2025-12-17,0.7,30.6,3.86,0.19166666666666665
2025-12-18,3.1,29.8,3.39,0.21029166666666665
2025-12-19,0.0,30.8,4.37,0.18520833333333334
2025-12-20,0.0,31.5,4.4,0.16833333333333333
2025-12-21,0.4,31.8,4.28,0.15670833333333334
2025-12-22,0.4,31.3,4.17,0.15383333333333335
2025-12-23,0.0,31.0,3.79,0.14808333333333332
2025-12-24,8.5,30.8,3.47,0.14895833333333333
2025-12-25,9.1,29.8,2.64,0.229625
2025-12-26,0.0,29.7,3.03,0.31695833333333334
2025-12-27,0.0,29.2,3.83,0.27579166666666666
2025-12-28,0.0,30.0,3.98,0.24425
2025-12-29,0.2,30.1,4.0,0.21904166666666666
2025-12-30,0.0,29.1,3.81,0.19858333333333333
2025-12-31,0.0,29.6,3.96,0.17904166666666665
