date,precipitation_sum,temperature_2m_max,et0_fao_evapotranspiration,soil_moisture_0_to_7cm_mean
1991-01-01,4.0,31.3,3.93,
1991-01-02,0.0,30.8,4.27,
1991-01-03,0.0,31.1,4.59,
1991-01-04,0.0,30.9,4.6,
1991-01-05,1.5,31.1,4.13,
1991-01-06,0.0,31.3,4.71,
1991-01-07,0.3,30.7,4.23,
1991-01-08,0.0,31.1,4.33,
1991-01-09,0.0,32.0,5.02,
1991-01-10,0.0,31.2,4.67,
1991-01-11,0.0,32.0,4.5,
1991-01-12,0.0,32.3,4.71,
1991-01-13,0.0,32.7,4.85,
1991-01-14,0.0,31.0,4.28,
1991-01-15,0.0,32.2,6.03,
1991-01-16,0.0,32.0,6.0,
1991-01-17,0.0,32.4,5.82,
1991-01-18,0.0,31.9,4.76,
1991-01-19,0.0,32.1,4.45,
1991-01-20,0.5,31.4,4.09,
1991-01-21,1.1,31.9,3.6,
1991-01-22,0.1,30.6,3.49,
1991-01-23,0.0,31.3,4.97,
1991-01-24,0.0,32.2,5.21,
1991-01-25,0.0,32.4,5.37,
1991-01-26,0.9,31.8,3.98,
1991-01-27,0.0,32.4,5.56,
1991-01-28,0.0,32.1,4.83,
1991-01-29,0.7,31.1,4.66,
1991-01-30,0.4,31.2,4.85,
1991-01-31,0.6,31.8,4.33,
1991-02-01,0.7,32.5,4.4,
1991-02-02,0.0,32.1,4.91,
1991-02-03,0.6,32.2,4.95,
1991-02-04,0.3,31.7,4.48,
1991-02-05,0.7,31.9,4.71,
1991-02-06,0.2,32.1,4.29,
1991-02-07,0.2,32.5,4.88,
1991-02-08,0.3,31.8,4.49,
1991-02-09,0.1,31.6,4.39,
1991-02-10,0.0,32.7,4.72,
1991-02-11,0.0,32.6,5.07,
1991-02-12,0.0,32.9,5.09,
1991-02-13,0.0,33.0,4.94,
1991-02-14,0.0,33.5,4.72,
1991-02-15,0.1,33.9,4.76,
1991-02-16,0.0,33.9,4.61,
1991-02-17,0.3,32.7,4.97,
1991-02-18,0.1,32.3,4.95,
1991-02-19,0.8,32.2,4.77,
1991-02-20,0.0,32.1,5.42,
1991-02-21,0.0,33.2,6.74,
1991-02-22,0.0,33.4,6.69,
1991-02-23,0.0,32.3,6.46,
1991-02-24,0.0,32.8,6.63,
1991-02-25,0.0,32.9,5.07,
1991-02-26,0.3,32.7,6.0,
1991-02-27,0.0,32.8,5.84,
1991-02-28,0.4,33.0,5.47,
1991-03-01,0.8,32.8,5.02,
1991-03-02,0.0,33.5,5.61,
1991-03-03,0.0,31.8,5.17,
1991-03-04,0.0,32.9,5.36,
1991-03-05,0.0,34.3,5.68,
1991-03-06,0.0,33.8,5.6,
1991-03-07,0.0,33.3,5.98,
1991-03-08,0.0,33.0,5.44,
1991-03-09,0.0,33.0,5.68,
1991-03-10,0.0,32.6,5.86,
1991-03-11,0.1,33.0,4.81,
1991-03-12,0.0,33.4,5.71,
1991-03-13,0.9,31.2,4.43,
1991-03-14,0.0,33.3,5.86,
1991-03-15,0.1,33.2,4.7,
1991-03-16,13.7,31.2,2.81,
1991-03-17,48.9,26.3,1.44,
1991-03-18,0.0,31.1,5.12,
1991-03-19,0.0,31.3,4.84,
1991-03-20,0.0,31.6,5.04,
1991-03-21,1.0,32.6,4.88,
1991-03-22,0.6,31.2,4.58,
1991-03-23,0.7,31.3,4.69,
1991-03-24,0.0,32.0,5.69,
1991-03-25,0.0,32.5,5.19,
1991-03-26,0.0,33.2,5.81,
1991-03-27,0.0,32.7,5.43,
1991-03-28,0.0,33.2,6.12,
1991-03-29,0.0,32.9,6.35,
1991-03-30,0.0,32.8,6.16,
1991-03-31,1.2,32.6,5.26,
1991-04-01,4.6,31.9,4.81,
1991-04-02,3.6,32.5,5.25,
1991-04-03,0.1,32.5,6.16,
1991-04-04,1.2,33.0,5.68,
1991-04-05,1.2,32.4,5.38,
1991-04-06,4.2,33.2,4.81,
1991-04-07,0.6,33.9,5.2,
1991-04-08,2.6,34.0,4.89,
1991-04-09,0.9,33.7,5.24,
1991-04-10,0.1,33.9,5.85,
1991-04-11,0.0,34.3,5.94,
1991-04-12,0.0,35.0,6.29,
1991-04-13,0.0,35.1,5.95,
1991-04-14,1.7,34.5,5.38,
1991-04-15,0.0,33.5,5.69,
1991-04-16,0.0,33.7,5.72,
1991-04-17,1.4,34.5,5.41,
1991-04-18,0.1,35.1,5.68,
1991-04-19,0.1,35.2,5.75,
1991-04-20,3.4,35.2,5.38,
1991-04-21,3.6,33.4,5.07,
1991-04-22,1.4,34.0,4.84,
1991-04-23,12.6,31.0,3.39,
1991-04-24,9.8,30.6,3.36,
1991-04-25,1.1,32.5,5.25,
1991-04-26,2.2,31.3,4.51,
1991-04-27,14.8,29.8,3.32,
1991-04-28,2.3,32.5,4.84,
1991-04-29,7.7,31.0,4.09,
1991-04-30,4.4,32.6,4.47,
1991-05-01,9.9,31.8,4.3,
1991-05-02,3.9,32.6,4.46,
1991-05-03,6.1,32.7,4.6,
1991-05-04,1.8,32.6,4.75,
1991-05-05,1.0,32.3,4.75,
1991-05-06,4.7,32.3,4.34,
1991-05-07,8.2,31.9,3.84,
1991-05-08,5.3,32.1,4.76,
1991-05-09,0.8,32.8,5.23,
1991-05-10,3.0,31.7,4.12,
1991-05-11,3.3,32.1,4.7,
1991-05-12,5.0,33.0,4.68,
1991-05-13,8.9,32.3,4.04,
1991-05-14,0.2,33.2,4.93,
1991-05-15,0.9,33.2,4.81,
1991-05-16,0.0,33.8,5.38,
1991-05-17,1.2,33.4,5.09,
1991-05-18,0.0,33.3,4.98,
1991-05-19,1.8,33.8,5.04,
1991-05-20,12.2,30.9,3.12,
1991-05-21,12.0,29.7,2.54,
1991-05-22,8.8,32.3,4.19,
1991-05-23,6.9,31.7,3.97,
1991-05-24,11.0,31.9,3.82,
1991-05-25,12.9,32.2,3.85,
1991-05-26,7.5,32.3,3.84,
1991-05-27,5.3,30.0,3.42,
1991-05-28,18.3,30.5,2.92,
1991-05-29,15.4,29.9,2.05,
1991-05-30,16.4,28.4,1.77,
1991-05-31,7.5,31.3,3.0,
1991-06-01,14.2,28.9,2.28,
1991-06-02,16.9,29.9,2.48,
1991-06-03,15.6,30.4,2.79,
1991-06-04,28.6,29.9,2.79,
1991-06-05,29.6,29.8,2.45,
1991-06-06,25.6,29.7,2.24,
1991-06-07,9.1,30.6,2.91,
1991-06-08,6.4,29.7,2.52,
1991-06-09,1.5,32.1,4.32,
1991-06-10,0.0,32.0,3.92,
1991-06-11,6.0,31.4,2.84,
1991-06-12,0.4,30.5,2.22,
1991-06-13,0.0,32.6,4.58,
1991-06-14,0.0,32.7,5.25,
1991-06-15,2.3,32.0,4.95,
1991-06-16,3.6,30.4,3.77,
1991-06-17,1.7,31.7,4.91,
1991-06-18,1.5,32.3,4.99,
1991-06-19,0.0,32.5,5.21,
1991-06-20,4.8,30.8,3.94,
1991-06-21,5.5,31.4,3.66,
1991-06-22,11.0,30.8,3.54,
1991-06-23,7.6,30.8,3.1,
1991-06-24,9.9,28.9,2.98,
1991-06-25,1.0,31.9,4.21,
1991-06-26,2.7,32.4,4.82,
1991-06-27,3.4,32.1,4.5,
1991-06-28,9.7,31.5,4.42,
1991-06-29,15.0,31.2,4.1,
1991-06-30,0.8,31.1,3.49,
1991-07-01,19.0,29.5,2.67,
1991-07-02,14.3,29.5,2.85,
1991-07-03,10.3,30.6,3.26,
1991-07-04,11.6,30.8,3.76,
1991-07-05,10.7,31.4,4.12,
1991-07-06,6.4,30.7,3.96,
1991-07-07,24.9,28.1,2.02,
1991-07-08,30.2,28.1,2.14,
1991-07-09,12.9,28.1,2.38,
1991-07-10,9.3,29.0,3.48,
1991-07-11,16.0,28.0,2.65,
1991-07-12,17.3,27.0,1.63,
1991-07-13,6.8,29.8,3.49,
1991-07-14,9.6,30.3,3.41,
1991-07-15,7.0,31.1,4.11,
1991-07-16,22.3,29.4,3.49,
1991-07-17,5.8,31.9,4.52,
1991-07-18,2.1,31.2,4.65,
1991-07-19,3.3,30.9,4.26,
1991-07-20,8.1,29.8,3.35,
1991-07-21,1.7,30.5,4.03,
1991-07-22,3.9,29.4,3.21,
1991-07-23,11.5,30.5,3.37,
1991-07-24,15.2,28.3,2.69,
1991-07-25,5.4,30.8,3.9,
1991-07-26,5.1,30.6,3.68,
1991-07-27,4.3,31.0,4.11,
1991-07-28,10.1,31.1,3.65,
1991-07-29,2.3,31.4,4.46,
1991-07-30,1.2,31.8,4.75,
1991-07-31,5.9,31.4,4.29,
1991-08-01,6.5,31.4,4.0,
1991-08-02,12.3,30.8,4.19,
1991-08-03,0.9,31.9,4.81,
1991-08-04,9.2,28.4,2.81,
1991-08-05,10.9,30.0,2.99,
1991-08-06,6.4,30.3,3.2,
1991-08-07,9.5,29.9,3.56,
1991-08-08,3.8,31.1,4.22,
1991-08-09,0.4,31.1,4.78,
1991-08-10,7.3,30.1,4.26,
1991-08-11,7.3,30.5,3.55,
1991-08-12,6.8,30.7,3.68,
1991-08-13,4.5,31.0,4.15,
1991-08-14,3.6,31.5,4.59,
1991-08-15,5.4,29.8,3.34,
1991-08-16,8.8,28.2,2.19,
1991-08-17,22.9,27.7,2.03,
1991-08-18,21.8,26.5,1.26,
1991-08-19,13.3,28.3,2.38,
1991-08-20,15.2,29.5,2.49,
1991-08-21,14.1,29.7,2.22,
1991-08-22,16.3,27.3,1.89,
1991-08-23,11.7,29.5,3.41,
1991-08-24,13.2,28.5,2.42,
1991-08-25,7.1,30.8,4.07,
1991-08-26,8.3,29.9,3.47,
1991-08-27,14.5,28.4,2.92,
1991-08-28,12.4,28.4,2.29,
1991-08-29,14.3,28.0,2.03,
1991-08-30,4.5,29.8,3.58,
1991-08-31,13.1,28.4,2.47,
1991-09-01,5.1,31.5,4.49,
1991-09-02,1.7,30.9,4.16,
1991-09-03,3.9,30.6,3.45,
1991-09-04,12.4,31.2,3.95,
1991-09-05,9.4,30.0,3.66,
1991-09-06,5.0,29.7,3.69,
1991-09-07,5.3,29.4,3.28,
1991-09-08,9.5,28.6,2.68,
1991-09-09,13.6,29.7,3.56,
1991-09-10,5.2,28.9,2.87,
1991-09-11,12.2,29.5,3.4,
1991-09-12,24.2,26.7,1.67,
1991-09-13,16.6,27.2,1.78,
1991-09-14,23.4,25.6,1.55,
1991-09-15,14.6,27.3,2.38,
1991-09-16,13.1,29.1,2.58,
1991-09-17,12.2,27.0,1.73,
1991-09-18,8.0,29.0,3.29,
1991-09-19,8.2,29.0,2.83,
1991-09-20,9.9,29.3,2.82,
1991-09-21,10.8,30.6,3.21,
1991-09-22,10.2,29.1,2.96,
1991-09-23,5.3,30.1,3.45,
1991-09-24,8.7,30.7,3.71,
1991-09-25,9.4,30.3,3.78,
1991-09-26,11.6,30.6,3.83,
1991-09-27,12.8,27.9,2.36,
1991-09-28,21.9,25.7,1.21,
1991-09-29,39.3,26.3,1.38,
1991-09-30,15.6,27.1,1.63,
1991-10-01,6.0,28.4,2.0,
1991-10-02,0.8,31.0,3.74,
1991-10-03,1.4,31.0,3.99,
1991-10-04,9.1,29.6,3.27,
1991-10-05,15.7,30.1,3.45,
1991-10-06,7.8,29.0,3.11,
1991-10-07,12.1,29.9,3.02,
1991-10-08,7.0,29.7,3.4,
1991-10-09,19.5,28.8,2.38,
1991-10-10,17.0,29.3,2.31,
1991-10-11,27.4,30.1,3.01,
1991-10-12,10.6,29.7,2.85,
1991-10-13,16.7,29.4,3.35,
1991-10-14,13.5,29.7,3.38,
1991-10-15,8.8,30.8,4.04,
1991-10-16,5.2,31.3,4.36,
1991-10-17,9.1,30.2,3.77,
1991-10-18,17.5,31.1,4.12,
1991-10-19,14.7,30.0,3.63,
1991-10-20,11.2,28.2,2.1,
1991-10-21,15.2,28.7,2.2,
1991-10-22,17.5,27.4,1.84,
1991-10-23,17.6,28.1,2.04,
1991-10-24,20.4,28.3,2.36,
1991-10-25,12.9,26.7,1.52,
1991-10-26,9.0,28.1,2.07,
1991-10-27,11.5,29.8,3.36,
1991-10-28,46.5,31.0,3.9,
1991-10-29,13.9,30.1,3.61,
1991-10-30,1.3,30.3,4.03,
1991-10-31,0.3,30.0,4.09,
1991-11-01,0.8,29.4,3.93,
1991-11-02,0.0,30.4,4.46,
1991-11-03,2.1,30.4,3.9,
1991-11-04,4.3,30.4,3.72,
1991-11-05,3.9,30.2,3.7,
1991-11-06,2.2,30.5,3.89,
1991-11-07,1.9,30.5,3.82,
1991-11-08,21.2,29.7,2.89,
1991-11-09,50.1,27.0,1.28,
1991-11-10,3.0,29.3,3.94,
1991-11-11,0.0,29.7,4.9,
1991-11-12,0.0,29.3,4.22,
1991-11-13,0.6,28.7,3.83,
1991-11-14,0.0,28.6,3.99,
1991-11-15,0.0,28.8,3.97,
1991-11-16,0.0,29.7,4.6,
1991-11-17,1.8,29.8,3.84,
1991-11-18,0.0,30.0,4.52,
1991-11-19,0.9,29.0,3.56,
1991-11-20,0.0,30.1,4.1,
1991-11-21,0.0,30.9,4.31,
1991-11-22,0.3,30.9,4.52,
1991-11-23,1.2,30.5,4.17,
1991-11-24,0.0,31.6,5.23,
1991-11-25,0.3,31.1,4.43,
1991-11-26,1.1,31.2,3.78,
1991-11-27,3.1,29.6,3.3,
1991-11-28,1.6,30.6,3.61,
1991-11-29,2.5,30.1,3.34,
1991-11-30,0.3,29.7,3.55,
1991-12-01,1.0,30.0,3.86,
1991-12-02,1.0,30.6,4.07,
1991-12-03,0.0,30.4,5.03,
1991-12-04,0.0,30.1,4.86,
1991-12-05,0.0,30.8,4.7,
1991-12-06,0.0,30.9,4.53,
1991-12-07,0.0,30.9,4.29,
1991-12-08,0.0,30.9,4.02,
1991-12-09,0.0,31.6,4.72,
1991-12-10,1.8,30.7,3.84,
1991-12-11,1.7,29.8,3.97,
1991-12-12,6.9,29.3,3.81,
1991-12-13,0.1,29.6,4.66,
1991-12-14,0.0,30.7,5.34,
1991-12-15,0.0,31.0,4.81,
1991-12-16,0.0,31.5,4.93,
1991-12-17,0.1,31.1,4.24,
1991-12-18,0.1,31.4,4.48,
1991-12-19,0.0,32.0,4.7,
1991-12-20,0.0,31.7,4.68,
1991-12-21,0.0,31.6,4.97,
1991-12-22,0.1,31.5,4.18,
1991-12-23,0.0,32.2,4.77,
1991-12-24,0.3,31.4,4.67,
1991-12-25,0.1,31.5,4.34,
1991-12-26,0.0,31.3,4.6,
1991-12-27,0.0,31.3,4.17,
1991-12-28,1.5,31.2,3.61,
1991-12-29,0.4,30.8,4.05,
1991-12-30,0.4,30.4,3.98,
1991-12-31,0.3,30.0,4.17,
1992-01-01,0.8,31.0,4.33,
1992-01-02,0.3,30.8,4.71,
1992-01-03,0.3,31.6,4.99,
1992-01-04,0.1,31.0,4.72,
1992-01-05,3.7,30.5,3.37,
1992-01-06,2.2,30.2,3.91,
1992-01-07,0.1,30.1,4.34,
1992-01-08,0.0,31.3,4.79,
1992-01-09,0.0,31.5,4.96,
1992-01-10,0.0,31.4,4.81,
1992-01-11,0.2,31.5,5.15,
1992-01-12,0.0,31.4,4.71,
1992-01-13,0.1,31.3,4.74,
1992-01-14,0.0,30.9,5.42,
1992-01-15,0.0,30.2,4.91,
1992-01-16,0.0,30.5,4.95,
1992-01-17,0.0,29.6,4.43,
1992-01-18,0.0,29.4,4.11,
1992-01-19,0.0,30.1,4.56,
1992-01-20,0.0,31.0,4.58,
1992-01-21,0.0,30.7,4.92,
1992-01-22,0.0,30.2,4.97,
1992-01-23,0.0,30.5,5.32,
1992-01-24,0.0,30.3,4.73,
1992-01-25,0.0,31.1,4.7,
1992-01-26,0.0,30.7,5.25,
1992-01-27,0.0,30.8,5.61,
1992-01-28,0.0,30.9,5.75,
1992-01-29,0.0,31.4,5.58,
1992-01-30,0.0,32.2,4.81,
1992-01-31,0.1,31.8,4.29,
1992-02-01,0.0,31.2,4.76,
1992-02-02,0.0,31.4,5.01,
1992-02-03,0.0,31.9,4.68,
1992-02-04,0.1,31.5,4.37,
1992-02-05,0.0,32.0,4.67,
1992-02-06,0.3,31.0,4.3,
1992-02-07,0.0,32.0,4.82,
1992-02-08,0.0,31.7,5.13,
1992-02-09,0.0,31.8,5.26,
1992-02-10,0.0,31.6,4.91,
1992-02-11,0.0,32.5,5.39,
1992-02-12,0.0,33.2,4.76,
1992-02-13,0.0,31.8,4.38,
1992-02-14,0.0,32.3,5.0,
1992-02-15,0.0,33.4,4.8,
1992-02-16,0.0,33.7,4.73,
1992-02-17,2.6,32.4,4.42,
1992-02-18,1.0,33.0,4.63,
1992-02-19,1.8,32.8,4.25,
1992-02-20,0.4,33.4,4.82,
1992-02-21,0.2,31.9,4.7,
1992-02-22,0.5,31.3,4.8,
1992-02-23,0.0,33.1,6.44,
1992-02-24,0.0,32.1,6.95,
1992-02-25,0.0,31.6,6.55,
1992-02-26,0.0,32.2,6.09,
1992-02-27,0.4,31.3,5.15,
1992-02-28,0.0,32.8,5.58,
1992-02-29,2.6,32.3,4.7,
1992-03-01,0.5,32.2,4.78,
1992-03-02,0.2,33.3,4.88,
1992-03-03,0.0,33.8,5.42,
1992-03-04,0.0,34.1,5.23,
1992-03-05,0.8,33.9,4.78,
1992-03-06,0.8,35.1,5.2,
1992-03-07,3.0,31.9,4.42,
1992-03-08,1.8,32.2,5.04,
1992-03-09,0.0,32.3,5.29,
1992-03-10,0.0,32.9,5.26,
1992-03-11,0.0,33.0,5.37,
1992-03-12,0.0,32.6,5.56,
1992-03-13,0.0,32.2,5.86,
1992-03-14,0.0,32.9,5.83,
1992-03-15,0.0,33.3,5.96,
1992-03-16,0.0,33.4,5.71,
1992-03-17,0.0,33.5,5.31,
1992-03-18,0.0,34.0,5.63,
1992-03-19,0.1,33.7,5.84,
1992-03-20,0.0,33.4,5.7,
1992-03-21,0.0,34.5,5.78,
1992-03-22,0.3,33.8,5.48,
1992-03-23,0.2,34.3,5.95,
1992-03-24,0.0,34.2,5.69,
1992-03-25,0.1,34.4,5.73,
1992-03-26,0.0,34.5,6.0,
1992-03-27,0.0,34.3,5.61,
1992-03-28,0.0,34.3,6.09,
1992-03-29,0.0,34.2,6.23,
1992-03-30,0.0,35.1,6.3,
1992-03-31,0.3,34.7,5.92,
1992-04-01,0.4,35.3,5.79,
1992-04-02,0.2,35.7,5.99,
1992-04-03,0.0,35.3,5.78,
1992-04-04,0.0,35.1,6.02,
1992-04-05,0.0,36.0,6.08,
1992-04-06,0.1,35.5,5.81,
1992-04-07,6.4,34.5,5.32,
1992-04-08,2.7,33.8,4.78,
1992-04-09,4.2,32.2,4.2,
1992-04-10,9.0,33.3,4.42,
1992-04-11,8.5,32.6,4.38,
1992-04-12,2.7,34.2,5.21,
1992-04-13,9.4,34.2,4.79,
1992-04-14,28.9,32.6,4.19,
1992-04-15,6.6,32.2,4.26,
1992-04-16,0.8,31.4,4.79,
1992-04-17,4.2,31.2,4.14,
1992-04-18,2.4,32.6,4.32,
1992-04-19,0.0,33.3,5.19,
1992-04-20,0.4,33.0,5.3,
1992-04-21,0.2,33.7,5.53,
1992-04-22,2.0,34.1,5.27,
1992-04-23,3.0,33.2,4.85,
1992-04-24,0.0,33.4,6.0,
1992-04-25,0.0,33.5,5.79,
1992-04-26,0.0,34.3,6.05,
1992-04-27,1.6,33.7,5.05,
1992-04-28,3.5,32.2,4.08,
1992-04-29,1.5,34.0,5.34,
1992-04-30,1.1,34.3,5.15,
1992-05-01,0.4,33.9,5.08,
1992-05-02,1.6,33.8,4.6,
1992-05-03,12.4,33.8,4.5,
1992-05-04,3.7,33.2,5.33,
1992-05-05,2.0,33.0,4.75,
1992-05-06,0.0,33.7,5.07,
1992-05-07,0.6,34.7,5.16,
1992-05-08,0.2,33.8,4.99,
1992-05-09,10.3,32.1,3.92,
1992-05-10,3.3,34.3,4.91,
1992-05-11,9.3,33.7,4.49,
1992-05-12,3.6,32.7,4.83,
1992-05-13,2.3,32.9,4.77,
1992-05-14,12.2,31.9,3.47,
1992-05-15,11.0,32.4,4.08,
1992-05-16,14.7,31.0,3.53,
1992-05-17,14.7,31.5,3.15,
1992-05-18,0.0,33.1,4.69,
1992-05-19,0.4,33.7,4.93,
1992-05-20,7.1,33.0,4.63,
1992-05-21,8.0,32.9,4.58,
1992-05-22,4.6,32.0,4.1,
1992-05-23,0.8,32.4,4.62,
1992-05-24,5.9,31.8,4.16,
1992-05-25,6.3,32.2,4.34,
1992-05-26,2.8,32.5,4.51,
1992-05-27,5.1,32.4,4.58,
1992-05-28,6.1,32.9,4.4,
1992-05-29,3.0,31.7,4.37,
1992-05-30,2.4,32.1,4.68,
1992-05-31,1.0,32.9,4.94,
1992-06-01,5.9,31.8,4.45,
1992-06-02,2.3,32.2,4.5,
1992-06-03,5.3,33.1,4.7,
1992-06-04,22.5,31.5,3.84,
1992-06-05,10.2,32.0,4.23,
1992-06-06,26.2,32.7,4.57,
1992-06-07,8.0,32.2,4.5,
1992-06-08,10.1,32.1,4.34,
1992-06-09,22.6,30.8,2.99,
1992-06-10,12.7,31.0,3.38,
1992-06-11,20.0,30.0,2.87,
1992-06-12,9.6,30.8,2.96,
1992-06-13,30.7,29.9,3.07,
1992-06-14,11.0,30.5,2.86,
1992-06-15,12.0,30.4,2.29,
1992-06-16,1.1,30.7,3.27,
1992-06-17,7.6,29.3,2.29,
1992-06-18,13.9,29.1,1.79,
1992-06-19,9.6,28.9,1.88,
1992-06-20,3.4,30.4,3.54,
1992-06-21,4.3,30.0,3.34,
1992-06-22,2.9,30.7,3.34,
1992-06-23,2.9,29.4,2.89,
1992-06-24,8.1,28.7,2.13,
1992-06-25,8.1,28.7,2.29,
1992-06-26,19.1,28.7,2.32,
1992-06-27,14.8,27.8,1.92,
1992-06-28,0.7,31.5,4.8,
1992-06-29,3.1,31.1,4.66,
1992-06-30,1.3,31.4,4.62,
1992-07-01,4.7,30.5,3.94,
1992-07-02,7.2,31.4,4.21,
1992-07-03,4.9,30.9,4.54,
1992-07-04,4.3,31.5,4.36,
1992-07-05,1.9,31.7,4.47,
1992-07-06,2.7,31.6,4.59,
1992-07-07,0.2,31.7,4.78,
1992-07-08,7.3,30.9,3.69,
1992-07-09,11.3,31.0,3.9,
1992-07-10,5.2,31.3,4.19,
1992-07-11,7.3,31.5,4.55,
1992-07-12,28.3,29.4,3.71,
1992-07-13,18.3,31.4,3.55,
1992-07-14,11.3,28.0,1.89,
1992-07-15,27.7,30.7,4.03,
1992-07-16,11.8,30.8,4.19,
1992-07-17,13.4,30.9,4.21,
1992-07-18,7.3,30.9,4.12,
1992-07-19,21.6,28.4,3.04,
1992-07-20,11.1,29.9,3.44,
1992-07-21,15.4,29.7,3.38,
1992-07-22,15.2,29.7,2.81,
1992-07-23,9.9,30.2,2.49,
1992-07-24,7.7,29.1,3.27,
1992-07-25,12.7,29.6,2.63,
1992-07-26,5.5,28.5,1.91,
1992-07-27,26.3,26.0,1.3,
1992-07-28,30.6,27.6,2.11,
1992-07-29,25.9,26.8,1.48,
1992-07-30,5.7,28.2,1.93,
1992-07-31,12.4,31.4,4.03,
1992-08-01,2.6,31.1,3.91,
1992-08-02,10.5,31.7,3.83,
1992-08-03,27.9,30.5,3.31,
1992-08-04,20.9,29.5,3.33,
1992-08-05,12.3,30.4,3.61,
1992-08-06,15.0,29.5,3.34,
1992-08-07,1.6,31.5,4.84,
1992-08-08,11.1,29.9,4.05,
1992-08-09,11.6,28.8,3.45,
1992-08-10,18.8,27.7,2.72,
1992-08-11,12.1,27.0,2.05,
1992-08-12,1.1,30.8,4.65,
1992-08-13,8.6,30.4,4.02,
1992-08-14,11.5,29.8,3.39,
1992-08-15,3.4,30.7,4.4,
1992-08-16,8.2,30.5,4.09,
1992-08-17,5.2,30.2,3.75,
1992-08-18,5.3,29.1,3.5,
1992-08-19,6.3,30.0,4.05,
1992-08-20,10.0,29.8,3.61,
1992-08-21,12.8,29.7,3.21,
1992-08-22,17.2,28.4,2.07,
1992-08-23,6.9,29.8,3.53,
1992-08-24,5.7,29.4,3.62,
1992-08-25,7.3,29.7,3.58,
1992-08-26,10.0,30.0,3.49,
1992-08-27,6.4,29.4,3.66,
1992-08-28,9.2,29.6,3.37,
1992-08-29,5.9,29.2,3.65,
1992-08-30,5.8,30.2,4.01,
1992-08-31,6.8,29.2,3.7,
1992-09-01,7.6,29.7,4.08,
1992-09-02,7.8,31.0,4.46,
1992-09-03,14.2,29.9,3.69,
1992-09-04,13.3,29.4,3.73,
1992-09-05,5.1,28.8,3.56,
1992-09-06,11.2,29.6,3.76,
1992-09-07,2.9,30.5,4.27,
1992-09-08,2.1,31.1,4.59,
1992-09-09,3.2,31.0,4.44,
1992-09-10,5.1,31.2,4.67,
1992-09-11,1.3,31.0,4.48,
1992-09-12,6.3,30.5,3.68,
1992-09-13,7.5,30.9,3.74,
1992-09-14,8.6,30.4,4.02,
1992-09-15,0.7,31.3,4.78,
1992-09-16,5.3,31.1,4.26,
1992-09-17,9.7,29.8,3.42,
1992-09-18,8.0,29.5,3.49,
1992-09-19,11.3,27.8,2.44,
1992-09-20,4.9,28.9,3.02,
1992-09-21,1.8,30.5,4.24,
1992-09-22,6.0,29.1,3.19,
1992-09-23,10.8,30.7,3.48,
1992-09-24,20.5,30.7,3.41,
1992-09-25,10.1,31.4,4.27,
1992-09-26,10.4,31.4,4.2,
1992-09-27,9.4,31.4,3.97,
1992-09-28,10.2,29.2,2.55,
1992-09-29,27.0,30.3,3.22,
1992-09-30,21.0,30.5,3.44,
1992-10-01,0.8,32.0,4.79,
1992-10-02,8.7,29.6,2.87,
1992-10-03,11.1,29.7,2.85,
1992-10-04,16.5,28.2,2.38,
1992-10-05,16.0,28.4,2.35,
1992-10-06,39.1,29.0,2.43,
1992-10-07,14.0,31.0,3.77,
1992-10-08,30.3,30.7,3.24,
1992-10-09,24.7,29.3,2.71,
1992-10-10,12.9,29.3,2.59,
1992-10-11,17.4,27.9,2.07,
1992-10-12,25.2,28.7,2.21,
1992-10-13,24.2,28.3,1.88,
1992-10-14,24.1,27.8,1.84,
1992-10-15,15.3,29.8,3.12,
1992-10-16,15.1,30.5,3.78,
1992-10-17,23.6,28.9,2.66,
1992-10-18,18.7,30.3,3.03,
1992-10-19,15.1,30.8,3.79,
1992-10-20,2.7,30.5,3.82,
1992-10-21,0.3,30.9,4.71,
1992-10-22,0.0,30.9,4.58,
1992-10-23,0.4,30.4,4.1,
1992-10-24,5.1,27.4,2.16,
1992-10-25,26.1,25.3,1.21,
1992-10-26,41.1,28.0,2.38,
1992-10-27,46.1,25.5,1.46,
1992-10-28,7.0,28.3,2.72,
1992-10-29,21.7,27.5,2.05,
1992-10-30,29.3,27.4,2.11,
1992-10-31,15.8,28.6,2.65,
1992-11-01,8.4,29.8,3.55,
1992-11-02,1.8,30.5,4.11,
1992-11-03,8.4,30.6,3.86,
1992-11-04,6.2,30.3,3.79,
1992-11-05,2.4,28.9,2.61,
1992-11-06,16.6,26.7,1.91,
1992-11-07,4.6,27.6,2.22,
1992-11-08,1.7,29.2,4.23,
1992-11-09,0.0,29.1,4.99,
1992-11-10,0.0,28.6,4.58,
1992-11-11,0.0,28.8,4.23,
1992-11-12,0.1,29.7,4.16,
1992-11-13,0.0,29.7,4.59,
1992-11-14,24.7,24.6,1.3,
1992-11-15,6.4,28.5,3.08,
1992-11-16,0.0,30.4,4.63,
1992-11-17,5.2,29.6,3.46,
1992-11-18,8.2,29.5,3.35,
1992-11-19,8.4,29.2,2.93,
1992-11-20,12.2,29.7,3.37,
1992-11-21,4.8,28.0,3.32,
1992-11-22,0.9,29.3,3.85,
1992-11-23,1.1,28.5,3.58,
1992-11-24,2.6,28.6,2.8,
1992-11-25,2.2,28.6,3.29,
1992-11-26,0.2,28.6,3.7,
1992-11-27,0.0,28.2,4.18,
1992-11-28,0.2,28.4,4.07,
1992-11-29,0.0,28.5,4.13,
1992-11-30,0.0,28.5,3.67,
1992-12-01,0.0,28.6,3.77,
1992-12-02,0.0,29.0,3.76,
1992-12-03,0.0,30.2,4.68,
1992-12-04,0.5,29.6,3.73,
1992-12-05,0.8,29.8,3.77,
1992-12-06,1.5,30.2,4.14,
1992-12-07,4.1,28.5,2.98,
1992-12-08,3.5,29.0,3.41,
1992-12-09,3.1,28.7,3.7,
1992-12-10,0.9,29.3,4.1,
1992-12-11,0.0,29.6,4.37,
1992-12-12,0.0,30.3,4.33,
1992-12-13,0.0,30.2,4.12,
1992-12-14,1.0,29.7,3.79,
1992-12-15,0.0,30.6,4.53,
1992-12-16,0.0,29.7,4.9,
1992-12-17,0.0,30.0,4.84,
1992-12-18,0.0,29.9,4.21,
1992-12-19,0.0,31.3,4.53,
1992-12-20,0.2,31.6,4.49,
1992-12-21,2.0,29.6,3.09,
1992-12-22,12.3,27.8,1.67,
1992-12-23,1.0,26.0,1.87,
1992-12-24,3.0,28.1,2.93,
1992-12-25,0.7,28.7,3.47,
1992-12-26,0.7,27.8,2.77,
1992-12-27,0.0,30.0,4.26,
1992-12-28,0.9,30.5,3.93,
1992-12-29,0.0,30.0,3.98,
1992-12-30,0.3,30.9,4.41,
1992-12-31,0.0,30.7,4.54,
1993-01-01,0.0,30.3,4.92,
1993-01-02,0.0,30.7,4.8,
1993-01-03,0.0,31.1,4.8,
1993-01-04,0.8,30.2,4.32,
1993-01-05,0.0,30.0,4.59,
1993-01-06,0.0,30.7,4.54,
1993-01-07,0.0,31.3,5.52,
1993-01-08,0.0,31.0,5.12,
1993-01-09,0.0,29.5,3.4,
1993-01-10,0.0,30.7,4.69,
1993-01-11,0.0,31.4,4.74,
1993-01-12,0.0,31.2,5.23,
1993-01-13,0.8,31.0,4.39,
1993-01-14,1.6,31.8,3.98,
1993-01-15,0.0,31.7,4.37,
1993-01-16,0.0,32.2,5.15,
1993-01-17,0.0,31.1,5.13,
1993-01-18,0.0,30.6,4.62,
1993-01-19,0.4,30.7,4.38,
1993-01-20,0.2,31.1,4.57,
1993-01-21,0.1,31.2,4.76,
1993-01-22,0.0,31.2,4.34,
1993-01-23,1.0,30.7,4.29,
1993-01-24,0.3,29.7,3.78,
1993-01-25,3.7,29.6,3.84,
1993-01-26,1.7,29.4,4.06,
1993-01-27,0.0,29.2,4.68,
1993-01-28,0.7,26.1,2.54,
1993-01-29,0.0,28.7,4.42,
1993-01-30,0.0,29.5,4.79,
1993-01-31,1.1,29.3,4.25,
1993-02-01,1.0,30.3,3.49,
1993-02-02,2.2,27.5,2.91,
1993-02-03,0.0,29.9,4.21,
1993-02-04,0.0,30.3,4.39,
1993-02-05,0.0,31.0,4.71,
1993-02-06,0.1,30.8,4.44,
1993-02-07,0.0,31.2,4.04,
1993-02-08,0.0,31.3,4.78,
1993-02-09,0.0,30.9,4.74,
1993-02-10,0.0,30.9,5.81,
1993-02-11,0.0,31.8,6.02,
1993-02-12,0.0,30.9,5.04,
1993-02-13,0.0,30.4,5.11,
1993-02-14,0.0,30.1,5.05,
1993-02-15,0.0,30.9,5.05,
1993-02-16,0.6,31.8,4.95,
1993-02-17,0.0,30.8,5.43,
1993-02-18,0.0,31.0,5.45,
1993-02-19,0.0,31.5,5.26,
1993-02-20,0.0,32.2,5.1,
1993-02-21,0.0,33.5,5.28,
1993-02-22,0.0,32.3,4.83,
1993-02-23,0.0,31.2,5.39,
1993-02-24,0.0,31.4,5.89,
1993-02-25,0.1,31.9,5.48,
1993-02-26,0.0,32.0,5.4,
1993-02-27,0.2,32.8,5.41,
1993-02-28,0.5,31.9,4.68,
1993-03-01,0.0,33.1,6.12,
1993-03-02,0.0,32.1,6.58,
1993-03-03,0.0,31.4,5.69,
1993-03-04,0.0,32.4,5.5,
1993-03-05,0.0,32.2,5.79,
1993-03-06,0.0,32.5,5.26,
1993-03-07,0.6,31.9,4.9,
1993-03-08,0.1,32.0,5.59,
1993-03-09,0.0,32.4,6.26,
1993-03-10,0.0,33.7,6.84,
1993-03-11,0.0,33.0,6.35,
1993-03-12,0.4,32.6,5.95,
1993-03-13,0.0,31.6,5.41,
1993-03-14,2.5,31.1,4.28,
1993-03-15,3.4,32.2,4.6,
1993-03-16,6.8,32.7,4.33,
1993-03-17,15.9,32.1,3.71,
1993-03-18,3.7,32.8,4.8,
1993-03-19,5.9,31.9,4.38,
1993-03-20,13.1,31.7,4.14,
1993-03-21,1.4,31.1,4.57,
1993-03-22,0.0,31.6,5.26,
1993-03-23,0.0,32.0,5.51,
1993-03-24,0.0,31.4,5.09,
1993-03-25,0.0,32.5,5.76,
1993-03-26,0.0,32.9,5.31,
1993-03-27,0.6,33.1,4.97,
1993-03-28,0.0,34.3,5.73,
1993-03-29,0.0,33.7,5.4,
1993-03-30,0.3,33.3,5.09,
1993-03-31,0.0,34.0,5.55,
1993-04-01,0.0,34.4,6.06,
1993-04-02,0.0,34.4,6.05,
1993-04-03,0.0,34.8,5.94,
1993-04-04,0.0,35.2,5.66,
1993-04-05,13.1,34.4,4.84,
1993-04-06,0.1,33.5,5.3,
1993-04-07,0.3,33.6,5.7,
1993-04-08,0.0,33.9,6.18,
1993-04-09,0.5,33.0,5.54,
1993-04-10,0.7,32.7,5.34,
1993-04-11,10.4,32.0,4.1,
1993-04-12,14.0,29.8,3.48,
1993-04-13,14.3,29.8,2.79,
1993-04-14,0.0,31.7,5.31,
1993-04-15,3.4,31.5,4.63,
1993-04-16,8.0,30.9,4.24,
1993-04-17,25.0,32.5,4.44,
1993-04-18,1.8,32.4,4.72,
1993-04-19,14.5,32.0,4.33,
1993-04-20,2.2,32.0,4.52,
1993-04-21,4.5,32.0,4.46,
1993-04-22,0.4,32.5,5.13,
1993-04-23,0.0,31.9,5.26,
1993-04-24,0.0,32.8,5.62,
1993-04-25,0.0,32.1,5.14,
1993-04-26,0.0,32.0,5.72,
1993-04-27,0.0,33.3,5.93,
1993-04-28,0.0,33.8,5.54,
1993-04-29,0.0,34.6,5.33,
1993-04-30,0.0,35.2,6.09,
1993-05-01,0.2,35.3,5.75,
1993-05-02,0.0,34.9,6.15,
1993-05-03,0.0,35.4,6.26,
1993-05-04,0.3,34.8,5.5,
1993-05-05,3.3,34.0,4.8,
1993-05-06,0.0,34.4,5.37,
1993-05-07,0.0,35.6,6.2,
1993-05-08,0.0,36.2,5.7,
1993-05-09,0.3,35.7,5.69,
1993-05-10,12.7,35.4,4.38,
1993-05-11,9.4,33.6,4.41,
1993-05-12,8.3,31.6,3.59,
1993-05-13,2.8,32.9,4.43,
1993-05-14,4.2,33.1,4.84,
1993-05-15,11.1,32.2,3.75,
1993-05-16,25.3,30.4,3.27,
1993-05-17,14.5,31.7,4.28,
1993-05-18,5.7,29.7,2.99,
1993-05-19,24.5,30.8,3.52,
1993-05-20,12.7,31.6,3.65,
1993-05-21,6.2,31.8,4.15,
1993-05-22,5.7,31.9,3.76,
1993-05-23,18.7,31.9,3.99,
1993-05-24,19.5,32.0,3.86,
1993-05-25,15.3,30.6,2.79,
1993-05-26,9.7,32.3,4.26,
1993-05-27,6.0,31.8,4.01,
1993-05-28,5.3,32.6,4.51,
1993-05-29,4.8,32.5,4.56,
1993-05-30,0.4,32.4,4.83,
1993-05-31,1.4,32.7,4.82,
1993-06-01,2.5,32.8,4.68,
1993-06-02,11.4,32.6,4.7,
1993-06-03,1.3,33.2,4.82,
1993-06-04,9.8,31.6,3.62,
1993-06-05,3.4,31.9,4.01,
1993-06-06,12.8,32.1,3.86,
1993-06-07,18.4,29.9,2.74,
1993-06-08,8.0,30.4,3.29,
1993-06-09,14.6,30.9,3.33,
1993-06-10,11.8,32.2,4.12,
1993-06-11,8.6,29.6,2.99,
1993-06-12,7.9,29.3,2.81,
1993-06-13,8.8,31.7,4.29,
1993-06-14,15.4,30.2,3.36,
1993-06-15,13.4,30.6,3.07,
1993-06-16,10.9,30.2,3.54,
1993-06-17,15.7,30.9,3.71,
1993-06-18,11.4,30.3,3.58,
1993-06-19,7.7,29.6,3.04,
1993-06-20,9.3,29.6,3.15,
1993-06-21,5.7,30.9,3.38,
1993-06-22,20.7,28.9,2.22,
1993-06-23,15.3,28.4,2.32,
1993-06-24,5.4,29.8,3.27,
1993-06-25,2.0,30.2,3.87,
1993-06-26,5.6,31.5,4.1,
1993-06-27,6.1,29.7,3.32,
1993-06-28,11.9,29.8,2.65,
1993-06-29,24.6,31.5,3.61,
1993-06-30,6.9,29.8,3.21,
1993-07-01,8.3,30.3,3.28,
1993-07-02,13.7,31.4,4.37,
1993-07-03,8.7,30.0,3.32,
1993-07-04,9.8,31.6,4.13,
1993-07-05,20.5,30.2,2.96,
1993-07-06,10.9,26.5,1.89,
1993-07-07,8.7,29.5,2.07,
1993-07-08,14.1,28.9,2.84,
1993-07-09,10.0,29.9,3.12,
1993-07-10,14.2,27.7,2.07,
1993-07-11,4.6,30.2,2.72,
1993-07-12,1.1,30.7,3.74,
1993-07-13,6.1,30.4,3.71,
1993-07-14,9.2,31.8,4.12,
1993-07-15,9.7,31.6,4.24,
1993-07-16,7.0,30.4,3.78,
1993-07-17,10.5,31.0,4.13,
1993-07-18,3.4,31.3,4.22,
1993-07-19,10.5,30.3,3.82,
1993-07-20,6.7,29.9,3.74,
1993-07-21,6.5,28.5,3.07,
1993-07-22,16.5,30.2,3.33,
1993-07-23,11.7,29.3,3.45,
1993-07-24,9.0,29.0,2.9,
1993-07-25,15.4,30.0,2.55,
1993-07-26,10.4,29.2,2.85,
1993-07-27,20.8,28.6,3.39,
1993-07-28,15.8,26.5,1.82,
1993-07-29,11.9,29.4,3.41,
1993-07-30,2.5,31.2,4.62,
1993-07-31,0.9,30.8,3.99,
1993-08-01,3.6,31.0,4.3,
1993-08-02,4.3,30.2,4.26,
1993-08-03,13.8,31.1,4.08,
1993-08-04,8.6,31.2,4.35,
1993-08-05,10.9,30.8,3.63,
1993-08-06,8.8,30.6,3.47,
1993-08-07,4.2,31.6,4.62,
1993-08-08,12.3,29.7,3.34,
1993-08-09,4.7,29.8,3.47,
1993-08-10,3.7,31.2,4.29,
1993-08-11,7.4,30.6,4.1,
1993-08-12,11.8,29.9,3.54,
1993-08-13,14.5,28.9,3.08,
1993-08-14,9.2,30.8,3.68,
1993-08-15,0.9,31.1,4.65,
1993-08-16,6.8,30.5,4.16,
1993-08-17,8.2,30.4,3.99,
1993-08-18,7.0,30.9,4.02,
1993-08-19,4.1,30.7,3.71,
1993-08-20,5.7,29.9,3.9,
1993-08-21,7.8,28.2,2.65,
1993-08-22,6.7,30.1,3.25,
1993-08-23,8.5,30.8,3.86,
1993-08-24,12.4,29.3,2.99,
1993-08-25,10.7,30.5,4.27,
1993-08-26,6.2,30.3,3.93,
1993-08-27,9.3,29.2,3.09,
1993-08-28,9.8,29.9,2.79,
1993-08-29,13.4,29.0,2.57,
1993-08-30,15.0,29.8,3.33,
1993-08-31,8.7,29.9,3.46,
1993-09-01,1.8,30.6,3.38,
1993-09-02,17.5,29.0,2.54,
1993-09-03,12.7,29.4,3.12,
1993-09-04,9.7,28.9,2.55,
1993-09-05,11.6,29.4,3.7,
1993-09-06,10.1,30.3,3.78,
1993-09-07,8.2,28.7,2.85,
1993-09-08,15.6,29.3,2.86,
1993-09-09,15.4,28.9,2.42,
1993-09-10,3.0,31.1,4.37,
1993-09-11,0.3,31.1,4.75,
1993-09-12,19.3,30.0,3.33,
1993-09-13,9.6,29.3,3.08,
1993-09-14,19.7,28.2,2.72,
1993-09-15,12.7,28.2,2.69,
1993-09-16,10.6,28.0,2.87,
1993-09-17,12.4,28.6,3.28,
1993-09-18,9.9,29.1,3.19,
1993-09-19,16.1,30.0,2.82,
1993-09-20,12.7,30.0,3.43,
1993-09-21,15.0,30.1,3.61,
1993-09-22,1.4,31.5,4.25,
1993-09-23,13.5,30.4,3.4,
1993-09-24,8.8,29.7,3.64,
1993-09-25,9.6,30.2,3.51,
1993-09-26,13.1,29.4,3.19,
1993-09-27,10.9,31.0,3.8,
1993-09-28,17.5,29.4,3.58,
1993-09-29,7.9,31.3,4.05,
1993-09-30,17.8,30.2,3.57,
1993-10-01,10.7,30.0,3.46,
1993-10-02,16.0,29.4,3.0,
1993-10-03,22.6,26.1,1.46,
1993-10-04,16.5,28.5,2.1,
1993-10-05,19.7,27.2,1.51,
1993-10-06,24.9,29.1,2.8,
1993-10-07,15.8,29.4,2.67,
1993-10-08,15.5,29.4,3.21,
1993-10-09,26.8,29.9,2.66,
1993-10-10,34.8,29.6,2.74,
1993-10-11,6.1,29.9,4.09,
1993-10-12,4.5,29.3,3.71,
1993-10-13,20.8,28.1,2.28,
1993-10-14,7.6,29.4,2.94,
1993-10-15,13.2,27.7,1.87,
1993-10-16,12.4,29.1,2.92,
1993-10-17,5.0,29.9,3.38,
1993-10-18,20.3,30.3,3.52,
1993-10-19,14.2,30.4,3.66,
1993-10-20,8.8,29.8,3.18,
1993-10-21,12.0,29.2,2.43,
1993-10-22,12.7,29.7,3.3,
1993-10-23,16.6,29.3,3.0,
1993-10-24,29.2,29.6,2.7,
1993-10-25,30.5,30.1,3.17,
1993-10-26,15.4,30.6,3.68,
1993-10-27,34.5,27.7,1.75,
1993-10-28,6.6,29.7,3.23,
1993-10-29,1.8,30.7,4.39,
1993-10-30,0.7,30.6,4.36,
1993-10-31,0.0,30.3,4.31,
1993-11-01,0.7,29.7,3.82,
1993-11-02,0.1,30.2,4.65,
1993-11-03,0.0,30.5,4.75,
1993-11-04,0.3,30.6,4.27,
1993-11-05,0.2,30.8,4.34,
1993-11-06,0.0,31.4,4.86,
1993-11-07,6.9,31.0,3.93,
1993-11-08,0.0,31.6,4.44,
1993-11-09,10.4,31.1,3.52,
1993-11-10,6.1,30.3,2.84,
1993-11-11,5.7,30.1,3.49,
1993-11-12,0.5,28.8,2.33,
1993-11-13,7.5,29.9,3.17,
1993-11-14,0.4,30.2,3.7,
1993-11-15,3.3,30.2,3.68,
1993-11-16,9.0,30.6,3.68,
1993-11-17,33.3,28.8,2.49,
1993-11-18,4.4,29.4,3.18,
1993-11-19,10.3,28.6,2.34,
1993-11-20,5.3,29.5,3.06,
1993-11-21,10.3,29.0,2.76,
1993-11-22,1.1,30.3,3.62,
1993-11-23,0.0,30.7,4.6,
1993-11-24,0.0,28.7,2.87,
1993-11-25,0.0,29.1,4.22,
1993-11-26,1.9,29.8,3.3,
1993-11-27,23.5,25.8,1.15,
1993-11-28,35.9,25.6,0.87,
1993-11-29,14.0,28.8,2.26,
1993-11-30,1.2,29.8,3.72,
1993-12-01,1.3,30.4,3.49,
1993-12-02,2.1,28.4,2.23,
1993-12-03,8.8,31.0,3.25,
1993-12-04,9.1,30.7,3.29,
1993-12-05,12.7,29.8,2.85,
1993-12-06,7.4,28.3,2.09,
1993-12-07,0.9,28.8,4.27,
1993-12-08,0.0,28.1,4.16,
1993-12-09,0.0,27.8,2.86,
1993-12-10,0.0,29.3,3.67,
1993-12-11,0.8,29.5,3.64,
1993-12-12,8.1,30.1,3.19,
1993-12-13,3.3,30.5,3.54,
1993-12-14,7.7,29.6,2.78,
1993-12-15,4.4,29.2,3.36,
1993-12-16,1.2,29.8,3.72,
1993-12-17,0.0,28.7,3.85,
1993-12-18,0.0,28.2,4.34,
1993-12-19,0.0,27.4,3.45,
1993-12-20,0.5,28.2,3.55,
1993-12-21,0.6,29.3,3.22,
1993-12-22,0.0,28.7,3.45,
1993-12-23,0.1,28.5,3.98,
1993-12-24,0.0,27.8,3.7,
1993-12-25,0.0,26.7,3.17,
1993-12-26,0.0,27.4,4.21,
1993-12-27,0.7,27.6,3.74,
1993-12-28,0.0,28.1,4.3,
1993-12-29,0.0,29.2,4.07,
1993-12-30,0.0,30.3,4.3,
1993-12-31,0.0,29.8,3.72,
1994-01-01,6.8,27.4,1.25,
1994-01-02,0.0,29.5,3.62,
1994-01-03,0.5,30.1,4.38,
1994-01-04,0.5,30.4,4.45,
1994-01-05,0.0,30.1,4.69,
1994-01-06,0.0,30.2,4.64,
1994-01-07,0.0,30.0,4.16,
1994-01-08,0.0,31.3,4.13,
1994-01-09,0.9,29.4,3.37,
1994-01-10,1.7,30.2,3.55,
1994-01-11,0.7,30.8,4.11,
1994-01-12,0.1,31.0,4.56,
1994-01-13,0.0,30.5,4.39,
1994-01-14,0.0,30.1,4.47,
1994-01-15,0.0,29.7,4.24,
1994-01-16,0.0,29.6,4.08,
1994-01-17,0.0,30.1,4.17,
1994-01-18,0.0,30.6,4.08,
1994-01-19,0.5,31.6,4.96,
1994-01-20,1.8,30.9,3.83,
1994-01-21,0.0,30.8,4.74,
1994-01-22,0.2,30.6,4.41,
1994-01-23,0.0,30.5,4.72,
1994-01-24,0.0,30.1,4.25,
1994-01-25,0.0,31.0,4.81,
1994-01-26,0.1,30.9,3.45,
1994-01-27,0.0,31.3,4.28,
1994-01-28,0.0,31.8,4.53,
1994-01-29,0.7,29.9,3.76,
1994-01-30,0.2,30.8,4.9,
1994-01-31,0.0,31.3,5.46,
1994-02-01,0.0,32.0,5.66,
1994-02-02,1.5,29.7,4.16,
1994-02-03,0.0,30.9,5.88,
1994-02-04,0.0,32.6,6.25,
1994-02-05,0.0,31.8,5.15,
1994-02-06,5.7,31.4,4.4,
1994-02-07,0.0,31.2,4.39,
1994-02-08,0.0,31.1,4.17,
1994-02-09,0.1,31.4,4.32,
1994-02-10,1.4,30.9,4.37,
1994-02-11,0.5,31.5,4.04,
1994-02-12,0.4,32.7,4.57,
1994-02-13,0.0,32.4,4.85,
1994-02-14,0.3,31.8,4.52,
1994-02-15,0.0,32.9,5.14,
1994-02-16,0.0,32.5,5.23,
1994-02-17,0.0,32.5,5.08,
1994-02-18,0.0,32.5,4.32,
1994-02-19,0.0,34.0,4.6,
1994-02-20,0.0,33.8,4.96,
1994-02-21,0.0,33.6,5.29,
1994-02-22,0.0,32.7,5.49,
1994-02-23,0.0,33.7,5.4,
1994-02-24,0.0,34.1,5.33,
1994-02-25,0.0,33.2,5.62,
1994-02-26,0.0,33.4,6.06,
1994-02-27,0.0,32.6,5.86,
1994-02-28,0.0,33.0,6.45,
1994-03-01,0.0,32.8,5.98,
1994-03-02,0.0,32.6,6.33,
1994-03-03,0.2,32.6,6.62,
1994-03-04,0.0,33.5,6.94,
1994-03-05,0.9,32.2,4.9,
1994-03-06,0.1,32.7,5.24,
1994-03-07,0.1,34.0,4.87,
1994-03-08,1.5,33.6,4.83,
1994-03-09,2.8,32.3,4.12,
1994-03-10,0.0,33.5,5.08,
1994-03-11,1.1,32.3,4.73,
1994-03-12,3.3,31.6,4.34,
1994-03-13,7.5,33.2,4.75,
1994-03-14,5.8,31.4,3.92,
1994-03-15,0.0,32.8,5.84,
1994-03-16,4.4,32.2,5.35,
1994-03-17,1.9,31.9,5.43,
1994-03-18,0.0,32.2,5.64,
1994-03-19,2.7,30.7,4.28,
1994-03-20,3.7,31.5,4.42,
1994-03-21,4.0,31.1,4.34,
1994-03-22,17.0,31.0,3.88,
1994-03-23,2.5,31.6,4.61,
1994-03-24,12.0,32.0,4.23,
1994-03-25,1.3,30.2,4.6,
1994-03-26,0.0,31.4,5.43,
1994-03-27,0.2,32.5,5.95,
1994-03-28,0.3,32.1,5.54,
1994-03-29,0.7,32.6,5.79,
1994-03-30,0.0,32.4,5.5,
1994-03-31,0.2,32.6,5.15,
1994-04-01,1.4,32.0,5.0,
1994-04-02,0.0,32.5,5.15,
1994-04-03,0.0,32.5,5.35,
1994-04-04,0.0,33.4,5.31,
1994-04-05,0.0,33.3,4.78,
1994-04-06,0.2,34.6,5.5,
1994-04-07,2.7,34.7,5.23,
1994-04-08,0.7,34.7,5.74,
1994-04-09,2.7,34.6,5.29,
1994-04-10,10.5,33.7,4.5,
1994-04-11,4.6,33.1,4.7,
1994-04-12,1.5,33.2,4.86,
1994-04-13,0.2,33.8,5.47,
1994-04-14,0.8,32.9,5.33,
1994-04-15,8.6,33.6,5.17,
1994-04-16,0.3,32.9,5.28,
1994-04-17,4.8,32.5,4.6,
1994-04-18,9.4,31.5,3.49,
1994-04-19,15.7,32.2,3.98,
1994-04-20,6.3,31.9,4.3,
1994-04-21,4.4,32.6,4.15,
1994-04-22,10.8,32.2,4.25,
1994-04-23,4.3,31.6,4.65,
1994-04-24,4.4,31.0,4.24,
1994-04-25,4.2,32.2,4.1,
1994-04-26,2.5,32.3,4.71,
1994-04-27,1.9,32.5,5.17,
1994-04-28,0.0,32.9,5.42,
1994-04-29,0.7,33.4,5.19,
1994-04-30,0.0,33.5,5.69,
1994-05-01,1.8,33.4,5.06,
1994-05-02,4.2,33.7,5.02,
1994-05-03,0.6,32.9,5.07,
1994-05-04,2.9,33.2,5.06,
1994-05-05,8.0,32.0,4.27,
1994-05-06,11.6,31.2,3.3,
1994-05-07,23.7,30.3,2.59,
1994-05-08,20.4,29.1,2.62,
1994-05-09,14.8,30.9,3.55,
1994-05-10,4.0,31.7,3.79,
1994-05-11,4.6,30.5,3.89,
1994-05-12,4.1,29.9,3.32,
1994-05-13,10.4,31.0,3.27,
1994-05-14,10.5,30.4,3.0,
1994-05-15,10.9,30.2,3.46,
1994-05-16,8.8,31.0,3.78,
1994-05-17,3.7,31.5,3.94,
1994-05-18,13.1,30.2,2.9,
1994-05-19,22.0,28.1,1.74,
1994-05-20,9.5,30.4,3.27,
1994-05-21,9.2,31.5,4.17,
1994-05-22,5.6,31.6,4.45,
1994-05-23,10.0,31.4,4.34,
1994-05-24,11.5,31.2,3.98,
1994-05-25,11.0,30.3,3.08,
1994-05-26,12.0,30.3,3.36,
1994-05-27,17.0,30.7,2.81,
1994-05-28,16.9,30.6,3.26,
1994-05-29,3.5,32.1,4.28,
1994-05-30,6.6,31.7,4.34,
1994-05-31,9.6,30.9,3.77,
1994-06-01,3.5,31.8,3.95,
1994-06-02,5.6,31.3,3.51,
1994-06-03,14.9,31.1,3.8,
1994-06-04,9.1,31.1,3.6,
1994-06-05,5.0,32.0,4.44,
1994-06-06,10.5,31.9,3.95,
1994-06-07,11.1,31.9,3.64,
1994-06-08,16.7,30.0,2.78,
1994-06-09,22.4,30.8,3.26,
1994-06-10,10.2,31.1,2.99,
1994-06-11,9.8,29.0,2.79,
1994-06-12,2.8,31.9,4.17,
1994-06-13,9.4,31.9,4.34,
1994-06-14,13.2,31.9,4.2,
1994-06-15,0.5,31.7,4.64,
1994-06-16,5.9,30.6,4.06,
1994-06-17,8.9,30.6,3.85,
1994-06-18,0.7,31.5,4.76,
1994-06-19,8.8,29.9,3.13,
1994-06-20,11.2,30.1,2.96,
1994-06-21,16.0,26.9,1.39,
1994-06-22,19.8,27.9,2.0,
1994-06-23,12.9,28.2,2.37,
1994-06-24,4.7,29.9,3.64,
1994-06-25,3.9,30.9,4.34,
1994-06-26,2.8,31.3,4.72,
1994-06-27,0.3,31.6,4.74,
1994-06-28,9.9,28.8,2.38,
1994-06-29,12.8,28.2,2.01,
1994-06-30,13.4,28.3,3.1,
1994-07-01,9.2,30.3,3.8,
1994-07-02,5.9,31.7,4.12,
1994-07-03,9.1,31.0,3.56,
1994-07-04,1.6,30.6,4.31,
1994-07-05,7.2,30.2,4.12,
1994-07-06,9.1,30.0,3.47,
1994-07-07,12.3,28.7,2.98,
1994-07-08,5.6,29.0,3.09,
1994-07-09,9.2,29.4,3.68,
1994-07-10,12.7,27.0,1.7,
1994-07-11,5.6,28.7,2.71,
1994-07-12,4.3,31.1,4.09,
1994-07-13,8.3,30.3,3.81,
1994-07-14,14.8,29.2,3.12,
1994-07-15,6.5,30.1,3.2,
1994-07-16,7.5,30.5,3.52,
1994-07-17,7.8,31.4,4.21,
1994-07-18,10.8,29.7,3.03,
1994-07-19,11.4,29.9,3.11,
1994-07-20,4.2,30.7,3.9,
1994-07-21,5.0,30.4,4.17,
1994-07-22,10.8,30.0,4.04,
1994-07-23,5.2,30.4,4.41,
1994-07-24,4.7,30.3,3.97,
1994-07-25,8.7,30.9,4.37,
1994-07-26,5.9,30.3,4.04,
1994-07-27,3.9,30.0,3.56,
1994-07-28,13.5,29.0,3.14,
1994-07-29,11.1,28.9,2.46,
1994-07-30,5.2,28.2,2.51,
1994-07-31,16.9,28.8,2.17,
1994-08-01,15.1,29.2,2.63,
1994-08-02,8.3,29.8,2.92,
1994-08-03,17.7,29.0,3.03,
1994-08-04,6.1,30.0,3.48,
1994-08-05,6.5,30.8,4.06,
1994-08-06,11.1,29.5,3.82,
1994-08-07,16.1,30.3,3.54,
1994-08-08,13.4,31.2,4.32,
1994-08-09,4.2,31.7,4.58,
1994-08-10,13.4,31.2,3.93,
1994-08-11,3.5,31.6,4.87,
1994-08-12,0.6,31.8,5.1,
1994-08-13,1.5,30.5,4.61,
1994-08-14,6.0,30.7,4.38,
1994-08-15,4.4,29.7,3.87,
1994-08-16,4.5,30.6,4.14,
1994-08-17,6.3,30.8,4.0,
1994-08-18,12.7,29.1,3.74,
1994-08-19,11.5,29.2,3.92,
1994-08-20,10.8,29.7,4.08,
1994-08-21,6.1,30.9,4.47,
1994-08-22,5.3,30.6,4.3,
1994-08-23,10.2,29.4,3.37,
1994-08-24,17.8,29.6,2.64,
1994-08-25,17.5,27.3,1.92,
1994-08-26,3.5,30.6,3.82,
1994-08-27,9.5,29.5,3.46,
1994-08-28,9.2,29.1,3.32,
1994-08-29,9.8,28.9,3.11,
1994-08-30,16.4,26.8,1.48,
1994-08-31,14.2,27.5,1.53,
1994-09-01,12.1,27.3,2.26,
1994-09-02,10.6,28.0,2.09,
1994-09-03,14.8,28.9,3.11,
1994-09-04,9.5,27.2,2.53,
1994-09-05,11.6,26.8,1.95,
1994-09-06,16.7,27.3,2.02,
1994-09-07,4.3,30.9,4.91,
1994-09-08,8.3,30.9,4.31,
1994-09-09,6.7,31.5,4.75,
1994-09-10,20.5,28.8,2.91,
1994-09-11,21.2,28.3,2.24,
1994-09-12,10.3,28.4,2.39,
1994-09-13,8.0,26.8,1.62,
1994-09-14,2.7,30.2,3.81,
1994-09-15,15.1,29.8,3.43,
1994-09-16,10.5,29.9,2.77,
1994-09-17,12.3,28.6,2.22,
1994-09-18,15.7,25.2,1.08,
1994-09-19,8.9,28.9,3.42,
1994-09-20,2.3,30.0,3.73,
1994-09-21,7.4,30.5,4.16,
1994-09-22,2.4,31.0,4.57,
1994-09-23,0.4,31.6,4.56,
1994-09-24,1.0,31.4,4.46,
1994-09-25,1.8,30.2,4.15,
1994-09-26,5.9,30.9,3.89,
1994-09-27,10.7,29.9,3.19,
1994-09-28,11.3,29.2,2.85,
1994-09-29,33.5,28.9,2.52,
1994-09-30,24.0,29.5,3.16,
1994-10-01,7.2,30.7,3.83,
1994-10-02,4.0,30.8,4.16,
1994-10-03,6.1,30.2,3.02,
1994-10-04,11.9,30.1,3.62,
1994-10-05,13.2,29.5,3.26,
1994-10-06,5.1,30.8,3.98,
1994-10-07,4.6,31.4,4.2,
1994-10-08,19.0,30.3,3.81,
1994-10-09,10.9,31.0,3.99,
1994-10-10,4.9,30.8,4.06,
1994-10-11,9.8,31.4,4.15,
1994-10-12,12.6,31.2,4.1,
1994-10-13,10.4,29.3,3.45,
1994-10-14,21.3,29.9,3.82,
1994-10-15,8.4,30.9,4.11,
1994-10-16,6.5,31.2,4.17,
1994-10-17,2.1,31.2,4.45,
1994-10-18,5.6,30.7,3.53,
1994-10-19,6.9,28.7,2.53,
1994-10-20,7.6,30.4,3.47,
1994-10-21,14.4,29.1,2.97,
1994-10-22,0.0,30.3,4.35,
1994-10-23,0.0,28.8,4.53,
1994-10-24,0.0,30.1,4.92,
1994-10-25,0.0,28.7,4.02,
1994-10-26,22.6,23.4,0.86,
1994-10-27,3.9,26.9,2.29,
1994-10-28,0.1,29.7,4.09,
1994-10-29,3.8,30.1,3.75,
1994-10-30,6.1,28.6,3.14,
1994-10-31,0.0,29.7,4.99,
1994-11-01,0.0,29.4,4.74,
1994-11-02,0.0,29.6,4.49,
1994-11-03,0.6,29.8,4.28,
1994-11-04,0.8,30.1,3.84,
1994-11-05,0.2,30.4,4.04,
1994-11-06,1.6,29.8,3.76,
1994-11-07,0.0,29.8,4.28,
1994-11-08,0.1,30.6,4.78,
1994-11-09,0.0,30.6,5.14,
1994-11-10,0.2,30.5,4.96,
1994-11-11,0.3,30.7,4.49,
1994-11-12,0.0,31.5,5.1,
1994-11-13,7.1,30.6,3.63,
1994-11-14,0.0,30.8,4.98,
1994-11-15,0.0,31.4,4.68,
1994-11-16,0.2,31.3,4.53,
1994-11-17,0.3,31.2,4.64,
1994-11-18,0.0,30.9,4.66,
1994-11-19,1.0,31.7,4.61,
1994-11-20,1.8,28.3,2.85,
1994-11-21,2.8,30.6,4.26,
1994-11-22,0.2,31.3,5.03,
1994-11-23,0.0,31.2,4.59,
1994-11-24,4.4,30.1,4.29,
1994-11-25,0.0,31.0,4.76,
1994-11-26,0.4,31.4,4.71,
1994-11-27,7.2,31.4,3.89,
1994-11-28,1.1,30.4,3.63,
1994-11-29,1.7,31.5,4.01,
1994-11-30,1.1,31.1,4.5,
1994-12-01,0.0,31.3,4.6,
1994-12-02,18.2,29.1,2.62,
1994-12-03,5.6,28.6,2.68,
1994-12-04,0.5,29.0,2.51,
1994-12-05,4.5,28.8,2.83,
1994-12-06,14.1,25.6,1.36,
1994-12-07,1.2,27.9,2.39,
1994-12-08,0.2,30.5,4.02,
1994-12-09,7.7,29.2,3.05,
1994-12-10,5.2,29.7,3.32,
1994-12-11,14.7,29.9,2.95,
1994-12-12,31.6,29.4,2.66,
1994-12-13,0.8,30.2,4.12,
1994-12-14,0.0,29.6,4.29,
1994-12-15,0.6,30.4,3.93,
1994-12-16,0.6,29.9,3.89,
1994-12-17,0.1,30.1,4.73,
1994-12-18,0.2,29.6,4.83,
1994-12-19,0.0,30.0,5.04,
1994-12-20,0.0,30.3,4.91,
1994-12-21,0.0,29.1,3.39,
1994-12-22,0.0,29.6,4.01,
1994-12-23,0.0,30.2,3.91,
1994-12-24,0.1,29.8,3.61,
1994-12-25,1.2,29.7,3.59,
1994-12-26,0.8,29.5,3.38,
1994-12-27,1.9,29.3,3.58,
1994-12-28,0.4,29.8,3.83,
1994-12-29,0.0,29.7,4.27,
1994-12-30,0.0,30.6,4.67,
1994-12-31,0.0,30.5,4.37,
1995-01-01,0.1,30.5,4.53,
1995-01-02,0.0,32.0,5.51,
1995-01-03,1.1,31.0,4.24,
1995-01-04,1.7,31.0,4.45,
1995-01-05,2.5,30.6,4.03,
1995-01-06,0.0,30.1,4.72,
1995-01-07,0.0,29.2,4.43,
1995-01-08,0.0,31.1,4.37,
1995-01-09,0.0,30.9,4.09,
1995-01-10,0.0,32.0,4.33,
1995-01-11,0.6,30.6,3.97,
1995-01-12,0.5,30.8,3.7,
1995-01-13,0.1,29.7,3.98,
1995-01-14,0.0,31.3,5.41,
1995-01-15,0.0,31.0,5.55,
1995-01-16,0.0,30.3,4.11,
1995-01-17,0.0,31.3,5.45,
1995-01-18,0.0,31.9,5.33,
1995-01-19,0.0,32.4,4.67,
1995-01-20,0.0,31.5,5.0,
1995-01-21,0.0,30.7,4.29,
1995-01-22,0.3,31.0,3.93,
1995-01-23,2.3,30.5,3.11,
1995-01-24,0.4,30.8,4.26,
1995-01-25,15.0,30.2,3.72,
1995-01-26,0.6,29.9,4.37,
1995-01-27,0.1,30.6,4.63,
1995-01-28,0.2,30.6,5.08,
1995-01-29,0.0,30.6,5.22,
1995-01-30,0.0,31.2,5.73,
1995-01-31,0.0,31.9,6.33,
1995-02-01,0.0,31.4,6.26,
1995-02-02,0.0,31.2,5.86,
1995-02-03,0.0,31.8,5.38,
1995-02-04,0.0,31.9,5.15,
1995-02-05,0.0,31.6,5.2,
1995-02-06,0.0,31.4,5.41,
1995-02-07,0.0,31.6,5.25,
1995-02-08,0.0,31.5,4.66,
1995-02-09,0.0,32.1,4.78,
1995-02-10,0.0,31.0,5.12,
1995-02-11,0.0,31.6,5.43,
1995-02-12,0.0,31.7,4.88,
1995-02-13,0.0,32.5,4.79,
1995-02-14,0.1,32.8,4.56,
1995-02-15,0.4,32.9,4.82,
1995-02-16,1.0,32.9,4.75,
1995-02-17,0.0,32.0,4.65,
1995-02-18,0.3,32.8,5.1,
1995-02-19,0.0,33.1,5.22,
1995-02-20,0.0,32.7,5.24,
1995-02-21,0.6,32.1,4.89,
1995-02-22,0.8,32.8,5.25,
1995-02-23,0.0,32.6,5.91,
1995-02-24,0.0,31.6,5.82,
1995-02-25,0.0,32.6,5.54,
1995-02-26,0.0,31.7,4.67,
1995-02-27,0.0,32.4,5.25,
1995-02-28,0.7,32.0,5.33,
1995-03-01,0.0,32.2,5.7,
1995-03-02,0.0,33.6,5.34,
1995-03-03,0.2,33.7,4.49,
1995-03-04,0.0,32.6,5.28,
1995-03-05,0.0,32.8,5.65,
1995-03-06,0.0,32.1,5.83,
1995-03-07,0.0,32.4,5.86,
1995-03-08,0.0,32.3,5.32,
1995-03-09,0.0,33.6,5.48,
1995-03-10,0.0,33.3,5.57,
1995-03-11,0.5,34.0,5.67,
1995-03-12,0.0,34.7,5.68,
1995-03-13,0.0,32.2,5.41,
1995-03-14,0.0,33.4,6.39,
1995-03-15,0.2,33.4,5.84,
1995-03-16,0.2,33.7,5.29,
1995-03-17,0.2,34.7,5.54,
1995-03-18,0.0,33.7,6.12,
1995-03-19,0.0,34.7,7.19,
1995-03-20,1.5,35.0,6.12,
1995-03-21,26.9,27.3,1.43,
1995-03-22,5.4,30.9,4.21,
1995-03-23,0.0,31.0,4.77,
1995-03-24,0.7,32.2,4.96,
1995-03-25,0.4,32.7,5.0,
1995-03-26,1.0,31.7,4.73,
1995-03-27,0.5,31.4,4.7,
1995-03-28,1.2,31.5,4.72,
1995-03-29,0.0,32.3,5.33,
1995-03-30,0.0,32.8,5.46,
1995-03-31,0.0,34.3,5.68,
1995-04-01,0.6,34.3,5.25,
1995-04-02,1.6,33.4,5.13,
1995-04-03,0.1,34.0,5.65,
1995-04-04,0.0,33.6,6.05,
1995-04-05,0.0,34.2,5.65,
1995-04-06,0.2,33.4,5.63,
1995-04-07,2.1,33.6,5.24,
1995-04-08,1.2,33.7,6.0,
1995-04-09,0.0,33.2,5.5,
1995-04-10,0.0,34.6,5.96,
1995-04-11,3.9,33.4,5.13,
1995-04-12,1.0,33.4,5.13,
1995-04-13,2.1,33.2,4.73,
1995-04-14,1.2,33.0,4.87,
1995-04-15,0.0,34.6,5.75,
1995-04-16,0.4,35.2,5.93,
1995-04-17,0.0,34.5,5.91,
1995-04-18,0.0,34.6,5.69,
1995-04-19,0.3,34.3,5.79,
1995-04-20,1.2,34.7,5.57,
1995-04-21,11.7,33.6,5.03,
1995-04-22,2.0,32.8,5.03,
1995-04-23,2.2,33.1,4.96,
1995-04-24,0.4,33.6,5.5,
1995-04-25,8.0,33.0,4.68,
1995-04-26,0.0,33.3,5.62,
1995-04-27,1.3,33.8,5.74,
1995-04-28,2.7,33.2,5.08,
1995-04-29,0.0,34.2,6.32,
1995-04-30,1.1,33.3,5.39,
1995-05-01,0.1,33.4,5.89,
1995-05-02,0.0,34.2,5.86,
1995-05-03,0.0,34.7,5.52,
1995-05-04,1.1,33.2,4.99,
1995-05-05,0.1,34.0,5.68,
1995-05-06,0.0,34.8,6.11,
1995-05-07,0.8,35.0,6.09,
1995-05-08,0.2,34.4,5.81,
1995-05-09,0.6,35.3,5.43,
1995-05-10,2.0,35.3,4.91,
1995-05-11,5.1,34.1,4.4,
1995-05-12,10.8,33.4,4.07,
1995-05-13,17.0,30.0,2.77,
1995-05-14,4.4,32.0,2.88,
1995-05-15,8.1,32.5,4.11,
1995-05-16,2.4,33.7,5.19,
1995-05-17,0.0,33.8,5.2,
1995-05-18,0.0,34.3,5.13,
1995-05-19,0.7,33.9,5.09,
1995-05-20,0.6,33.6,5.13,
1995-05-21,0.7,34.0,5.38,
1995-05-22,1.4,34.3,4.98,
1995-05-23,4.7,32.7,4.47,
1995-05-24,3.6,33.2,4.68,
1995-05-25,1.4,33.5,5.2,
1995-05-26,0.0,34.1,5.35,
1995-05-27,9.2,33.5,4.09,
1995-05-28,4.9,31.5,3.62,
1995-05-29,3.6,31.6,3.57,
1995-05-30,5.1,32.5,4.4,
1995-05-31,7.9,33.3,4.6,
1995-06-01,9.0,32.2,3.71,
1995-06-02,10.6,32.2,4.12,
1995-06-03,16.2,31.8,4.03,
1995-06-04,12.8,31.8,4.27,
1995-06-05,3.7,30.9,4.1,
1995-06-06,0.5,32.6,4.88,
1995-06-07,2.3,32.7,4.98,
1995-06-08,9.3,31.7,4.43,
1995-06-09,6.8,32.9,4.25,
1995-06-10,9.2,31.4,4.14,
1995-06-11,5.5,31.9,4.25,
1995-06-12,5.3,32.1,3.97,
1995-06-13,8.0,31.9,4.46,
1995-06-14,8.9,32.9,4.55,
1995-06-15,4.9,33.1,4.68,
1995-06-16,12.0,32.2,4.05,
1995-06-17,15.4,29.9,2.97,
1995-06-18,19.8,31.3,3.24,
1995-06-19,8.8,29.7,2.61,
1995-06-20,9.7,32.0,4.22,
1995-06-21,12.1,32.2,3.87,
1995-06-22,9.4,31.8,3.91,
1995-06-23,14.4,29.6,2.92,
1995-06-24,12.3,29.2,2.46,
1995-06-25,11.4,29.2,2.91,
1995-06-26,1.0,29.8,3.19,
1995-06-27,11.3,29.5,3.06,
1995-06-28,8.3,29.9,2.75,
1995-06-29,5.8,30.3,3.2,
1995-06-30,3.4,31.4,4.09,
1995-07-01,3.1,31.7,4.3,
1995-07-02,5.9,31.4,4.01,
1995-07-03,17.1,32.1,4.31,
1995-07-04,21.5,31.5,3.8,
1995-07-05,26.5,31.1,3.91,
1995-07-06,25.7,31.2,3.78,
1995-07-07,9.5,31.0,3.73,
1995-07-08,10.3,31.6,4.09,
1995-07-09,17.3,30.1,3.46,
1995-07-10,33.2,28.8,2.24,
1995-07-11,15.0,31.3,3.86,
1995-07-12,15.1,31.9,4.19,
1995-07-13,11.9,30.8,3.9,
1995-07-14,8.2,31.5,4.18,
1995-07-15,15.8,28.8,2.64,
1995-07-16,19.0,30.4,3.13,
1995-07-17,8.2,29.8,2.98,
1995-07-18,2.9,28.6,2.66,
1995-07-19,6.1,31.3,4.39,
1995-07-20,12.4,30.6,4.07,
1995-07-21,13.3,30.8,4.18,
1995-07-22,4.2,30.5,3.84,
1995-07-23,11.1,30.4,3.49,
1995-07-24,9.0,29.1,3.59,
1995-07-25,4.2,29.3,2.97,
1995-07-26,6.2,31.1,4.35,
1995-07-27,7.2,30.7,4.22,
1995-07-28,5.0,31.1,4.34,
1995-07-29,8.6,29.4,3.58,
1995-07-30,14.8,29.5,2.93,
1995-07-31,18.4,28.6,2.76,
1995-08-01,10.7,30.2,3.71,
1995-08-02,3.2,31.1,4.05,
1995-08-03,15.5,29.6,3.0,
1995-08-04,21.4,28.5,1.93,
1995-08-05,5.2,29.4,3.53,
1995-08-06,12.9,30.3,3.37,
1995-08-07,20.2,30.2,3.49,
1995-08-08,17.2,28.3,1.78,
1995-08-09,9.5,31.6,4.29,
1995-08-10,9.2,31.4,4.27,
1995-08-11,10.0,30.9,4.26,
1995-08-12,3.7,31.7,4.6,
1995-08-13,11.3,32.1,4.63,
1995-08-14,17.6,30.7,3.96,
1995-08-15,30.3,30.8,3.45,
1995-08-16,21.2,30.8,3.94,
1995-08-17,5.3,31.1,4.23,
1995-08-18,10.5,30.7,3.84,
1995-08-19,16.9,30.9,3.73,
1995-08-20,24.0,28.3,2.57,
1995-08-21,19.8,28.4,2.25,
1995-08-22,10.1,30.0,3.53,
1995-08-23,5.4,31.0,3.65,
1995-08-24,12.8,29.2,2.81,
1995-08-25,13.7,28.7,2.28,
1995-08-26,29.2,28.4,1.8,
1995-08-27,24.2,26.5,1.29,
1995-08-28,15.7,29.1,3.0,
1995-08-29,7.9,29.7,3.03,
1995-08-30,12.8,30.8,3.32,
1995-08-31,18.0,29.0,3.09,
1995-09-01,6.4,30.2,3.81,
1995-09-02,22.7,28.1,2.02,
1995-09-03,18.4,27.5,1.64,
1995-09-04,9.2,28.4,2.56,
1995-09-05,10.9,27.1,1.65,
1995-09-06,11.9,29.7,3.31,
1995-09-07,15.7,26.5,1.6,
1995-09-08,7.4,27.7,1.5,
1995-09-09,2.9,28.8,3.47,
1995-09-10,10.9,29.6,2.92,
1995-09-11,4.3,28.7,2.85,
1995-09-12,15.4,28.7,3.16,
1995-09-13,9.7,30.5,4.12,
1995-09-14,6.9,30.6,3.62,
1995-09-15,24.0,28.4,2.42,
1995-09-16,30.1,27.6,1.94,
1995-09-17,27.2,28.7,2.44,
1995-09-18,14.7,29.1,3.01,
1995-09-19,27.4,25.6,1.29,
1995-09-20,13.8,28.1,2.19,
1995-09-21,10.2,30.1,2.94,
1995-09-22,17.4,28.4,2.19,
1995-09-23,9.6,28.7,2.39,
1995-09-24,15.4,26.7,1.33,
1995-09-25,19.9,29.2,2.54,
1995-09-26,10.2,29.2,2.82,
1995-09-27,19.8,29.8,2.99,
1995-09-28,10.7,30.3,3.41,
1995-09-29,19.1,30.7,3.57,
1995-09-30,9.6,31.5,4.08,
1995-10-01,16.3,31.0,3.64,
1995-10-02,38.3,31.5,3.95,
1995-10-03,12.8,29.7,2.95,
1995-10-04,22.6,29.0,2.58,
1995-10-05,4.4,31.1,3.41,
1995-10-06,27.3,29.6,2.69,
1995-10-07,21.7,27.7,1.8,
1995-10-08,3.5,29.8,3.68,
1995-10-09,12.5,29.4,3.21,
1995-10-10,6.7,28.1,2.45,
1995-10-11,14.4,29.6,2.7,
1995-10-12,20.6,28.8,2.92,
1995-10-13,8.0,29.3,2.98,
1995-10-14,9.5,30.8,3.36,
1995-10-15,7.6,30.8,3.73,
1995-10-16,2.3,30.9,4.28,
1995-10-17,0.5,30.9,4.24,
1995-10-18,2.5,31.2,4.01,
1995-10-19,6.8,31.1,3.96,
1995-10-20,10.5,31.2,4.05,
1995-10-21,5.7,30.5,3.58,
1995-10-22,19.5,30.8,3.3,
1995-10-23,15.8,30.6,3.52,
1995-10-24,8.9,30.7,3.51,
1995-10-25,22.8,30.4,2.81,
1995-10-26,0.5,30.8,4.1,
1995-10-27,0.2,30.7,4.22,
1995-10-28,16.8,28.2,2.19,
1995-10-29,7.9,31.1,3.53,
1995-10-30,18.6,30.3,3.1,
1995-10-31,17.1,29.7,3.18,
1995-11-01,11.8,29.8,3.28,
1995-11-02,3.3,30.9,3.97,
1995-11-03,19.9,28.9,2.8,
1995-11-04,13.3,28.3,2.11,
1995-11-05,3.9,30.7,3.65,
1995-11-06,23.5,30.3,3.51,
1995-11-07,15.8,30.1,3.35,
1995-11-08,9.6,30.4,3.76,
1995-11-09,40.0,29.8,2.58,
1995-11-10,14.4,27.8,2.05,
1995-11-11,11.6,29.3,2.94,
1995-11-12,12.6,29.5,3.42,
1995-11-13,0.0,29.8,3.79,
1995-11-14,7.0,30.2,2.76,
1995-11-15,20.2,30.2,3.42,
1995-11-16,6.5,28.5,2.76,
1995-11-17,1.3,29.4,3.31,
1995-11-18,2.6,29.6,3.33,
1995-11-19,1.4,30.2,3.91,
1995-11-20,1.2,30.0,4.2,
1995-11-21,5.9,28.0,2.75,
1995-11-22,5.1,29.1,3.87,
1995-11-23,22.5,29.5,3.1,
1995-11-24,1.4,29.3,3.39,
1995-11-25,0.2,25.1,2.13,
1995-11-26,0.4,26.3,1.99,
1995-11-27,0.5,28.5,3.29,
1995-11-28,0.2,29.0,3.21,
1995-11-29,0.3,30.0,3.92,
1995-11-30,2.8,30.6,3.56,
1995-12-01,22.0,28.7,2.27,
1995-12-02,32.4,24.9,1.3,
1995-12-03,1.0,26.9,2.46,
1995-12-04,11.1,27.8,2.67,
1995-12-05,7.0,27.4,2.68,
1995-12-06,0.4,27.7,3.32,
1995-12-07,0.0,27.5,3.69,
1995-12-08,0.0,27.9,4.41,
1995-12-09,0.0,28.8,4.39,
1995-12-10,0.0,28.5,3.93,
1995-12-11,0.4,28.4,3.2,
1995-12-12,0.0,29.3,3.45,
1995-12-13,0.0,28.6,4.07,
1995-12-14,5.1,28.5,2.77,
1995-12-15,0.5,28.7,3.13,
1995-12-16,1.2,29.0,3.65,
1995-12-17,1.8,29.7,3.51,
1995-12-18,9.6,29.9,3.21,
1995-12-19,1.5,29.5,3.03,
1995-12-20,1.0,29.5,3.51,
1995-12-21,0.6,28.9,3.63,
1995-12-22,0.0,28.9,3.64,
1995-12-23,0.0,29.2,3.55,
1995-12-24,0.0,29.8,3.77,
1995-12-25,0.0,30.0,4.2,
1995-12-26,3.5,29.2,3.52,
1995-12-27,2.9,26.7,1.84,
1995-12-28,0.0,28.0,3.4,
1995-12-29,0.0,27.5,3.19,
1995-12-30,0.2,27.4,3.4,
1995-12-31,0.0,28.0,4.03,
1996-01-01,0.3,27.1,3.78,
1996-01-02,0.0,27.5,3.76,
1996-01-03,0.5,27.0,3.5,
1996-01-04,0.0,28.5,3.87,
1996-01-05,1.9,27.2,3.14,
1996-01-06,0.8,28.9,4.04,
1996-01-07,0.0,30.2,4.41,
1996-01-08,0.1,29.7,4.22,
1996-01-09,0.6,29.5,4.06,
1996-01-10,0.6,29.0,3.95,
1996-01-11,0.4,29.8,4.86,
1996-01-12,0.0,30.0,4.74,
1996-01-13,0.0,30.1,4.66,
1996-01-14,0.0,29.3,4.4,
1996-01-15,0.0,29.4,4.34,
1996-01-16,0.0,30.2,4.43,
1996-01-17,0.0,30.8,4.45,
1996-01-18,0.1,30.5,3.76,
1996-01-19,0.9,30.0,3.11,
1996-01-20,1.8,29.9,3.78,
1996-01-21,0.2,30.3,3.94,
1996-01-22,4.0,28.9,2.61,
1996-01-23,8.1,28.7,3.01,
1996-01-24,0.7,29.6,4.16,
1996-01-25,0.0,30.1,4.18,
1996-01-26,0.6,30.4,4.31,
1996-01-27,3.0,30.1,3.48,
1996-01-28,0.2,30.9,4.61,
1996-01-29,0.5,30.6,4.71,
1996-01-30,1.2,30.2,3.42,
1996-01-31,7.0,26.8,1.91,
1996-02-01,0.2,29.4,4.31,
1996-02-02,0.0,29.9,4.83,
1996-02-03,0.0,30.4,4.71,
1996-02-04,0.4,29.6,4.25,
1996-02-05,1.5,29.8,4.53,
1996-02-06,0.0,30.1,4.88,
1996-02-07,0.1,30.9,4.94,
1996-02-08,0.1,30.8,4.79,
1996-02-09,0.8,30.7,4.64,
1996-02-10,0.0,31.2,5.16,
1996-02-11,0.0,28.9,2.82,
1996-02-12,1.2,31.4,3.7,
1996-02-13,1.1,29.6,3.54,
1996-02-14,0.0,32.1,4.83,
1996-02-15,0.7,32.8,4.36,
1996-02-16,0.0,33.0,4.81,
1996-02-17,0.2,31.4,4.13,
1996-02-18,0.9,31.8,4.7,
1996-02-19,0.0,31.6,5.7,
1996-02-20,0.0,31.5,6.21,
1996-02-21,0.0,31.7,5.93,
1996-02-22,0.0,31.3,5.98,
1996-02-23,0.2,31.1,5.39,
1996-02-24,0.6,31.3,5.13,
1996-02-25,0.1,30.7,5.16,
1996-02-26,0.0,31.4,5.23,
1996-02-27,0.0,30.8,5.2,
1996-02-28,0.0,31.3,5.27,
1996-02-29,0.0,31.2,5.24,
1996-03-01,0.0,30.9,5.7,
1996-03-02,0.0,31.6,6.55,
1996-03-03,0.0,30.9,5.24,
1996-03-04,0.0,31.7,5.91,
1996-03-05,0.0,30.8,4.86,
1996-03-06,0.0,32.7,5.45,
1996-03-07,0.0,32.4,5.38,
1996-03-08,0.0,32.7,4.73,
1996-03-09,7.6,32.2,4.01,
1996-03-10,0.9,32.0,4.87,
1996-03-11,0.2,32.1,5.26,
1996-03-12,0.2,32.2,5.47,
1996-03-13,0.0,32.1,5.83,
1996-03-14,0.0,32.8,5.39,
1996-03-15,0.0,33.2,5.37,
1996-03-16,0.0,34.6,5.66,
1996-03-17,0.0,34.3,5.52,
1996-03-18,0.4,33.9,5.41,
1996-03-19,0.1,35.0,5.69,
1996-03-20,1.3,33.5,4.95,
1996-03-21,0.5,34.8,5.33,
1996-03-22,0.3,35.0,5.45,
1996-03-23,0.7,34.1,5.88,
1996-03-24,1.9,33.4,6.03,
1996-03-25,0.6,33.8,5.99,
1996-03-26,0.6,33.2,5.81,
1996-03-27,0.0,34.0,6.52,
1996-03-28,0.0,34.0,6.12,
1996-03-29,0.4,33.6,5.6,
1996-03-30,0.1,34.2,5.48,
1996-03-31,0.0,35.3,5.67,
1996-04-01,0.2,34.7,5.58,
1996-04-02,1.7,35.8,5.73,
1996-04-03,1.0,34.3,5.61,
1996-04-04,0.6,34.4,6.12,
1996-04-05,0.0,34.3,5.81,
1996-04-06,7.4,33.0,4.77,
1996-04-07,1.1,33.2,5.09,
1996-04-08,0.6,33.5,4.91,
1996-04-09,1.2,33.6,5.24,
1996-04-10,1.8,34.2,5.33,
1996-04-11,4.9,34.9,5.05,
1996-04-12,1.8,33.8,5.56,
1996-04-13,6.6,32.0,4.45,
1996-04-14,5.9,31.8,4.24,
1996-04-15,3.3,31.3,4.37,
1996-04-16,2.3,32.7,4.81,
1996-04-17,0.0,33.8,5.57,
1996-04-18,3.9,33.3,4.48,
1996-04-19,7.4,31.5,4.19,
1996-04-20,4.9,32.9,4.86,
1996-04-21,16.2,32.4,3.67,
1996-04-22,12.4,30.2,3.39,
1996-04-23,10.6,31.6,4.22,
1996-04-24,13.2,31.0,3.59,
1996-04-25,20.0,30.7,4.05,
1996-04-26,1.2,31.6,4.81,
1996-04-27,0.3,31.4,5.03,
1996-04-28,0.5,32.4,5.08,
1996-04-29,12.3,31.8,4.15,
1996-04-30,11.1,31.8,4.04,
1996-05-01,11.7,31.5,3.91,
1996-05-02,20.9,30.9,3.51,
1996-05-03,15.0,31.2,3.38,
1996-05-04,14.9,31.8,4.35,
1996-05-05,1.2,32.4,4.91,
1996-05-06,4.9,32.6,4.75,
1996-05-07,5.3,31.8,4.44,
1996-05-08,4.6,31.7,4.12,
1996-05-09,4.2,31.1,3.74,
1996-05-10,9.1,32.5,4.09,
1996-05-11,12.9,32.4,4.41,
1996-05-12,12.6,30.1,3.66,
1996-05-13,9.4,30.4,3.47,
1996-05-14,18.6,30.3,2.88,
1996-05-15,8.8,29.7,2.54,
1996-05-16,4.4,28.9,2.71,
1996-05-17,9.6,30.7,3.23,
1996-05-18,2.9,29.0,2.62,
1996-05-19,11.8,29.3,3.04,
1996-05-20,7.1,30.4,3.15,
1996-05-21,3.4,30.5,3.62,
1996-05-22,5.7,30.9,3.21,
1996-05-23,8.4,31.9,4.23,
1996-05-24,10.8,30.4,3.14,
1996-05-25,2.3,31.6,3.89,
1996-05-26,4.4,31.8,3.63,
1996-05-27,4.7,31.5,4.06,
1996-05-28,7.0,31.8,4.02,
1996-05-29,7.1,32.1,4.35,
1996-05-30,4.7,31.9,4.51,
1996-05-31,8.7,31.5,4.21,
1996-06-01,2.3,31.9,4.43,
1996-06-02,1.6,32.2,4.76,
1996-06-03,1.4,31.8,4.78,
1996-06-04,10.2,31.8,4.2,
1996-06-05,1.3,32.0,4.65,
1996-06-06,15.9,31.7,3.96,
1996-06-07,10.5,30.4,3.08,
1996-06-08,11.5,29.7,2.84,
1996-06-09,10.5,29.5,3.42,
1996-06-10,7.9,30.8,3.82,
1996-06-11,23.1,28.6,2.6,
1996-06-12,12.6,28.7,2.49,
1996-06-13,16.0,29.7,2.78,
1996-06-14,16.7,30.4,2.97,
1996-06-15,9.1,32.0,4.05,
1996-06-16,21.8,29.0,2.01,
1996-06-17,36.2,26.6,1.14,
1996-06-18,9.8,30.5,3.29,
1996-06-19,4.9,30.4,3.44,
1996-06-20,7.7,31.7,4.15,
1996-06-21,10.6,31.1,3.84,
1996-06-22,7.1,31.8,4.42,
1996-06-23,9.3,30.3,3.28,
1996-06-24,9.0,30.1,3.38,
1996-06-25,10.1,30.2,3.73,
1996-06-26,1.6,31.6,4.44,
1996-06-27,1.2,31.6,4.8,
1996-06-28,7.4,32.3,4.39,
1996-06-29,5.0,31.8,4.54,
1996-06-30,3.6,31.7,4.36,
1996-07-01,2.0,32.3,4.77,
1996-07-02,4.7,32.1,4.67,
1996-07-03,13.2,31.5,3.84,
1996-07-04,8.8,31.7,4.34,
1996-07-05,2.6,31.1,3.24,
1996-07-06,11.5,29.7,3.12,
1996-07-07,8.3,29.6,3.58,
1996-07-08,6.2,31.1,3.5,
1996-07-09,8.1,31.1,4.17,
1996-07-10,4.8,30.3,3.82,
1996-07-11,6.9,30.6,3.05,
1996-07-12,12.1,30.9,3.93,
1996-07-13,19.9,30.7,3.29,
1996-07-14,8.8,30.7,4.0,
1996-07-15,25.0,30.2,3.0,
1996-07-16,11.1,30.0,3.3,
1996-07-17,3.7,31.1,3.86,
1996-07-18,4.5,31.6,3.82,
1996-07-19,6.2,31.0,4.12,
1996-07-20,13.5,30.3,3.14,
1996-07-21,3.7,29.8,2.33,
1996-07-22,11.3,27.9,1.77,
1996-07-23,10.6,28.0,1.83,
1996-07-24,7.2,27.8,2.45,
1996-07-25,9.3,30.4,3.44,
1996-07-26,3.0,31.2,4.09,
1996-07-27,9.3,31.1,3.79,
1996-07-28,10.1,28.5,2.78,
1996-07-29,18.9,28.0,2.53,
1996-07-30,8.7,28.8,2.51,
1996-07-31,4.0,29.8,3.3,
1996-08-01,5.2,31.1,4.39,
1996-08-02,0.7,31.7,5.08,
1996-08-03,0.6,31.6,4.87,
1996-08-04,6.4,31.0,3.1,
1996-08-05,6.9,30.0,3.43,
1996-08-06,7.5,29.7,3.59,
1996-08-07,3.8,30.7,4.29,
1996-08-08,7.2,29.0,3.32,
1996-08-09,11.8,28.7,2.81,
1996-08-10,14.2,29.5,3.15,
1996-08-11,4.0,30.2,3.81,
1996-08-12,7.7,30.6,3.77,
1996-08-13,4.4,31.0,4.0,
1996-08-14,4.7,31.6,4.65,
1996-08-15,2.7,31.7,4.93,
1996-08-16,2.0,32.6,5.06,
1996-08-17,7.9,31.6,4.75,
1996-08-18,14.5,31.1,4.33,
1996-08-19,18.9,30.1,3.62,
1996-08-20,13.9,30.9,4.18,
1996-08-21,11.6,30.6,3.96,
1996-08-22,13.5,29.3,3.1,
1996-08-23,10.6,29.8,3.27,
1996-08-24,13.1,28.1,2.46,
1996-08-25,13.0,28.5,2.46,
1996-08-26,14.2,30.8,3.58,
1996-08-27,0.6,31.2,4.02,
1996-08-28,40.7,29.8,3.47,
1996-08-29,13.6,30.5,3.87,
1996-08-30,12.4,30.1,3.38,
1996-08-31,12.3,29.9,3.52,
1996-09-01,16.7,29.7,3.6,
1996-09-02,17.6,30.2,3.22,
1996-09-03,48.1,29.5,3.31,
1996-09-04,36.0,29.3,3.36,
1996-09-05,14.5,28.0,2.44,
1996-09-06,26.2,29.8,3.19,
1996-09-07,8.7,29.1,3.01,
1996-09-08,12.7,30.2,3.41,
1996-09-09,11.8,29.4,3.22,
1996-09-10,2.8,29.6,3.7,
1996-09-11,18.0,28.8,2.33,
1996-09-12,8.3,29.2,2.67,
1996-09-13,1.4,31.0,5.33,
1996-09-14,6.1,30.3,3.93,
1996-09-15,14.4,30.7,4.0,
1996-09-16,11.3,31.1,3.98,
1996-09-17,4.8,30.6,4.17,
1996-09-18,6.0,28.5,2.53,
1996-09-19,0.5,31.5,4.6,
1996-09-20,1.7,31.3,4.2,
1996-09-21,6.0,31.3,3.82,
1996-09-22,2.0,31.7,4.78,
1996-09-23,2.7,31.4,4.73,
1996-09-24,8.2,30.8,4.18,
1996-09-25,9.7,29.8,3.32,
1996-09-26,20.2,28.8,2.3,
1996-09-27,17.7,27.1,1.47,
1996-09-28,22.9,30.4,3.15,
1996-09-29,8.9,29.7,3.32,
1996-09-30,10.9,28.1,2.19,
1996-10-01,8.3,29.2,2.31,
1996-10-02,12.5,28.5,2.21,
1996-10-03,12.3,30.2,3.02,
1996-10-04,7.1,30.2,3.34,
1996-10-05,10.6,30.4,3.71,
1996-10-06,11.6,30.0,3.59,
1996-10-07,11.8,31.0,4.12,
1996-10-08,6.0,31.5,4.43,
1996-10-09,18.0,30.4,2.97,
1996-10-10,14.4,29.7,2.44,
1996-10-11,15.8,27.7,1.7,
1996-10-12,7.2,29.9,3.46,
1996-10-13,3.6,31.2,4.32,
1996-10-14,8.9,30.9,3.76,
1996-10-15,27.5,30.4,3.71,
1996-10-16,33.5,30.2,3.27,
1996-10-17,13.4,30.6,3.75,
1996-10-18,7.0,30.2,3.5,
1996-10-19,11.7,29.9,3.04,
1996-10-20,18.1,29.3,2.96,
1996-10-21,18.4,30.0,3.13,
1996-10-22,9.4,30.1,2.55,
1996-10-23,5.2,30.5,3.16,
1996-10-24,8.9,29.6,2.86,
1996-10-25,14.4,28.5,2.61,
1996-10-26,21.5,27.0,1.59,
1996-10-27,11.1,29.7,2.99,
1996-10-28,8.2,28.9,2.28,
1996-10-29,24.7,27.5,1.65,
1996-10-30,21.7,28.6,1.78,
1996-10-31,18.6,29.6,2.75,
1996-11-01,31.9,28.9,2.31,
1996-11-02,26.5,27.3,1.82,
1996-11-03,9.8,29.3,2.44,
1996-11-04,9.4,30.5,3.31,
1996-11-05,13.6,30.8,3.48,
1996-11-06,8.5,30.2,3.62,
1996-11-07,7.5,30.3,3.5,
1996-11-08,8.4,29.5,2.99,
1996-11-09,15.7,29.7,3.01,
1996-11-10,7.4,30.1,3.18,
1996-11-11,7.5,30.2,3.47,
1996-11-12,4.1,29.4,3.55,
1996-11-13,7.6,30.9,3.63,
1996-11-14,15.2,29.8,3.4,
1996-11-15,3.9,31.0,4.02,
1996-11-16,22.3,29.2,3.14,
1996-11-17,5.2,29.3,3.31,
1996-11-18,23.5,27.6,2.45,
1996-11-19,9.8,29.0,3.03,
1996-11-20,4.1,29.8,3.25,
1996-11-21,12.5,29.8,3.17,
1996-11-22,14.5,29.1,2.7,
1996-11-23,17.4,27.7,1.88,
1996-11-24,13.9,28.2,2.5,
1996-11-25,2.7,29.8,3.59,
1996-11-26,22.0,30.5,3.56,
1996-11-27,8.4,30.0,2.74,
1996-11-28,12.0,29.6,2.35,
1996-11-29,16.0,28.4,2.15,
1996-11-30,18.5,27.8,1.76,
1996-12-01,18.2,28.6,2.57,
1996-12-02,12.5,27.8,2.52,
1996-12-03,10.2,28.3,2.48,
1996-12-04,2.7,28.9,2.75,
1996-12-05,22.8,27.1,1.45,
1996-12-06,12.7,28.2,3.0,
1996-12-07,0.6,27.9,2.63,
1996-12-08,6.5,24.5,1.13,
1996-12-09,1.0,28.6,3.44,
1996-12-10,0.0,29.4,4.29,
1996-12-11,0.4,29.6,3.92,
1996-12-12,0.1,29.8,4.02,
1996-12-13,5.0,26.3,1.43,
1996-12-14,12.1,25.2,1.23,
1996-12-15,0.3,29.6,3.77,
1996-12-16,0.0,29.8,3.83,
1996-12-17,6.2,27.9,2.27,
1996-12-18,0.3,27.9,2.47,
1996-12-19,13.1,27.1,2.0,
1996-12-20,11.0,25.9,1.95,
1996-12-21,15.7,23.8,1.5,
1996-12-22,15.9,24.1,1.76,
1996-12-23,3.6,26.7,2.28,
1996-12-24,0.1,28.5,3.92,
1996-12-25,0.0,29.1,4.34,
1996-12-26,0.0,28.7,4.18,
1996-12-27,0.7,27.8,3.56,
1996-12-28,0.0,27.9,3.91,
1996-12-29,0.1,28.6,3.99,
1996-12-30,1.1,27.7,3.44,
1996-12-31,0.0,28.6,4.14,
1997-01-01,0.0,28.5,4.06,
1997-01-02,0.0,28.5,3.98,
1997-01-03,0.0,28.8,3.96,
1997-01-04,0.0,29.0,4.23,
1997-01-05,0.0,28.9,4.16,
1997-01-06,0.0,29.4,4.43,
1997-01-07,0.1,29.6,4.1,
1997-01-08,0.0,29.7,4.05,
1997-01-09,0.0,29.4,4.07,
1997-01-10,0.7,28.0,3.6,
1997-01-11,0.0,28.3,3.92,
1997-01-12,0.0,29.1,3.7,
1997-01-13,0.0,29.1,3.88,
1997-01-14,0.0,29.6,3.99,
1997-01-15,0.0,29.5,3.88,
1997-01-16,0.0,30.3,4.24,
1997-01-17,0.0,30.3,4.22,
1997-01-18,0.0,30.7,4.36,
1997-01-19,0.2,30.2,4.17,
1997-01-20,0.0,29.8,4.0,
1997-01-21,0.0,30.5,4.62,
1997-01-22,0.0,30.4,4.59,
1997-01-23,0.0,31.1,4.21,
1997-01-24,0.0,32.0,4.81,
1997-01-25,0.7,30.3,4.31,
1997-01-26,0.0,30.7,5.32,
1997-01-27,0.0,30.0,5.03,
1997-01-28,0.1,29.9,4.75,
1997-01-29,0.3,30.5,4.58,
1997-01-30,0.0,31.2,4.74,
1997-01-31,0.0,32.1,4.77,
1997-02-01,1.2,31.7,4.4,
1997-02-02,0.5,31.3,4.28,
1997-02-03,6.8,31.6,3.82,
1997-02-04,1.4,31.5,4.12,
1997-02-05,3.6,31.4,4.19,
1997-02-06,0.0,30.9,4.52,
1997-02-07,0.0,31.6,4.51,
1997-02-08,0.0,31.7,4.2,
1997-02-09,0.8,31.1,4.39,
1997-02-10,0.7,31.6,4.15,
1997-02-11,7.1,28.3,2.39,
1997-02-12,1.0,30.5,4.25,
1997-02-13,9.3,30.4,3.61,
1997-02-14,0.0,31.3,4.77,
1997-02-15,1.4,30.8,4.14,
1997-02-16,0.0,31.6,5.35,
1997-02-17,1.1,31.5,4.73,
1997-02-18,0.9,30.4,3.33,
1997-02-19,0.1,30.9,4.0,
1997-02-20,1.7,27.5,2.25,
1997-02-21,1.8,28.9,3.03,
1997-02-22,0.7,30.8,3.86,
1997-02-23,0.0,29.6,3.55,
1997-02-24,0.3,29.6,4.44,
1997-02-25,0.1,30.9,5.2,
1997-02-26,0.0,31.4,5.42,
1997-02-27,0.0,30.8,5.08,
1997-02-28,0.0,31.2,4.83,
1997-03-01,0.7,29.5,4.29,
1997-03-02,1.0,30.3,4.77,
1997-03-03,0.3,30.7,4.85,
1997-03-04,0.0,31.2,4.6,
1997-03-05,0.0,32.5,5.09,
1997-03-06,0.3,30.0,3.35,
1997-03-07,0.6,31.8,5.24,
1997-03-08,0.0,31.2,5.79,
1997-03-09,0.0,31.5,5.51,
1997-03-10,0.0,32.4,4.93,
1997-03-11,0.0,32.6,4.88,
1997-03-12,0.0,32.2,4.48,
1997-03-13,0.0,33.7,5.33,
1997-03-14,0.0,33.6,5.45,
1997-03-15,0.0,34.3,5.6,
1997-03-16,0.4,34.0,5.17,
1997-03-17,4.6,33.6,4.98,
1997-03-18,0.6,32.4,5.17,
1997-03-19,2.0,32.5,5.06,
1997-03-20,0.0,33.1,5.52,
1997-03-21,0.0,33.1,5.21,
1997-03-22,0.0,34.3,5.65,
1997-03-23,0.0,34.4,5.47,
1997-03-24,0.0,33.4,5.87,
1997-03-25,0.0,32.8,6.43,
1997-03-26,0.0,33.6,6.21,
1997-03-27,0.0,33.4,6.16,
1997-03-28,0.0,33.7,6.21,
1997-03-29,0.2,33.9,6.14,
1997-03-30,0.7,34.0,6.47,
1997-03-31,0.0,34.3,6.83,
1997-04-01,0.2,34.0,6.24,
1997-04-02,3.4,33.6,4.94,
1997-04-03,1.3,32.6,4.74,
1997-04-04,0.0,33.1,5.36,
1997-04-05,0.0,33.9,5.54,
1997-04-06,0.0,34.1,5.63,
1997-04-07,0.4,34.0,5.39,
1997-04-08,1.0,33.8,5.02,
1997-04-09,10.3,32.3,4.15,
1997-04-10,16.7,32.4,4.02,
1997-04-11,0.2,33.0,5.46,
1997-04-12,0.0,33.2,5.69,
1997-04-13,7.0,30.7,3.37,
1997-04-14,7.2,32.4,4.34,
1997-04-15,5.1,31.4,4.5,
1997-04-16,0.0,32.9,5.62,
1997-04-17,5.7,33.4,5.07,
1997-04-18,1.2,33.1,5.28,
1997-04-19,0.1,33.5,5.79,
1997-04-20,0.0,33.8,5.72,
1997-04-21,0.0,34.6,5.96,
1997-04-22,2.0,33.7,5.18,
1997-04-23,4.8,33.2,4.96,
1997-04-24,0.7,33.8,5.15,
1997-04-25,6.5,32.3,4.28,
1997-04-26,0.7,33.8,5.61,
1997-04-27,4.0,32.3,4.27,
1997-04-28,5.1,31.2,3.43,
1997-04-29,2.5,32.5,4.85,
1997-04-30,2.2,32.6,4.32,
1997-05-01,1.7,32.5,5.0,
1997-05-02,1.8,33.1,4.77,
1997-05-03,0.0,33.2,5.12,
1997-05-04,0.0,34.1,5.44,
1997-05-05,2.3,33.7,4.98,
1997-05-06,5.0,33.7,4.97,
1997-05-07,0.2,33.6,5.43,
1997-05-08,0.0,33.7,5.36,
1997-05-09,1.3,34.3,5.0,
1997-05-10,1.7,33.9,4.8,
1997-05-11,1.5,34.0,5.04,
1997-05-12,12.5,33.4,4.48,
1997-05-13,1.2,33.7,5.1,
1997-05-14,8.7,31.6,3.94,
1997-05-15,1.6,32.5,4.32,
1997-05-16,30.7,31.8,3.83,
1997-05-17,32.3,31.3,3.19,
1997-05-18,12.6,30.3,3.23,
1997-05-19,1.9,30.0,2.21,
1997-05-20,8.2,32.0,3.54,
1997-05-21,1.6,31.8,4.85,
1997-05-22,13.0,29.6,2.84,
1997-05-23,12.5,30.4,2.72,
1997-05-24,2.4,29.9,3.89,
1997-05-25,3.2,31.1,4.63,
1997-05-26,2.0,31.5,4.61,
1997-05-27,0.7,32.0,5.01,
1997-05-28,6.1,30.6,4.0,
1997-05-29,10.3,28.3,2.9,
1997-05-30,8.4,28.8,2.77,
1997-05-31,3.3,29.7,3.18,
1997-06-01,7.9,30.5,3.86,
1997-06-02,6.1,30.1,3.72,
1997-06-03,4.0,29.0,2.9,
1997-06-04,7.6,30.8,3.51,
1997-06-05,10.0,31.0,4.04,
1997-06-06,7.8,29.9,3.17,
1997-06-07,8.7,31.3,4.23,
1997-06-08,6.8,31.6,4.6,
1997-06-09,1.7,31.9,4.58,
1997-06-10,2.7,30.3,4.25,
1997-06-11,1.6,32.0,4.68,
1997-06-12,6.2,32.1,4.46,
1997-06-13,1.0,31.8,4.97,
1997-06-14,1.0,31.8,4.74,
1997-06-15,0.2,32.2,4.88,
1997-06-16,2.3,31.9,4.54,
1997-06-17,2.9,30.8,3.95,
1997-06-18,8.3,30.6,4.27,
1997-06-19,1.0,32.5,4.98,
1997-06-20,1.6,31.4,4.49,
1997-06-21,8.2,31.4,4.29,
1997-06-22,5.7,30.1,3.73,
1997-06-23,3.5,30.6,3.69,
1997-06-24,7.6,30.7,3.92,
1997-06-25,18.8,30.1,3.15,
1997-06-26,14.4,27.2,1.72,
1997-06-27,14.2,30.7,3.72,
1997-06-28,15.3,26.5,1.29,
1997-06-29,4.3,29.2,2.88,
1997-06-30,9.3,30.3,3.35,
1997-07-01,19.1,31.4,3.76,
1997-07-02,12.4,30.3,3.94,
1997-07-03,11.7,31.5,4.16,
1997-07-04,16.6,30.2,4.12,
1997-07-05,8.4,30.6,3.73,
1997-07-06,10.5,30.5,3.53,
1997-07-07,6.7,29.7,3.32,
1997-07-08,5.6,30.0,3.87,
1997-07-09,6.7,30.9,3.81,
1997-07-10,17.2,28.9,2.99,
1997-07-11,17.9,25.9,1.26,
1997-07-12,6.4,29.9,3.77,
1997-07-13,13.2,28.2,3.03,
1997-07-14,12.0,28.1,2.6,
1997-07-15,9.1,27.6,2.03,
1997-07-16,13.3,29.4,2.53,
1997-07-17,12.1,29.4,3.07,
1997-07-18,8.6,31.2,3.92,
1997-07-19,20.5,30.7,3.42,
1997-07-20,13.1,30.1,3.6,
1997-07-21,15.3,28.1,2.32,
1997-07-22,12.1,28.6,2.28,
1997-07-23,19.0,26.5,1.35,
1997-07-24,5.8,30.2,2.9,
1997-07-25,10.9,30.4,3.19,
1997-07-26,15.3,29.5,3.29,
1997-07-27,9.1,30.6,4.08,
1997-07-28,5.0,30.5,3.33,
1997-07-29,1.9,30.7,3.12,
1997-07-30,3.1,30.1,3.37,
1997-07-31,3.1,29.9,2.93,
1997-08-01,5.7,29.9,3.49,
1997-08-02,10.4,29.9,2.65,
1997-08-03,12.4,30.8,3.75,
1997-08-04,23.1,30.2,3.18,
1997-08-05,13.7,29.4,2.54,
1997-08-06,9.9,29.9,2.78,
1997-08-07,14.9,29.5,3.51,
1997-08-08,4.7,30.9,4.42,
1997-08-09,1.5,31.6,4.77,
1997-08-10,0.6,31.8,4.95,
1997-08-11,1.1,31.5,4.86,
1997-08-12,0.9,31.2,4.85,
1997-08-13,3.2,31.2,4.67,
1997-08-14,3.5,30.8,4.44,
1997-08-15,6.5,30.6,4.22,
1997-08-16,3.7,30.6,4.23,
1997-08-17,5.4,30.4,3.9,
1997-08-18,5.9,29.2,3.14,
1997-08-19,8.1,29.7,3.08,
1997-08-20,15.1,29.0,2.91,
1997-08-21,9.2,26.7,1.78,
1997-08-22,19.7,27.2,1.88,
1997-08-23,16.0,29.0,3.02,
1997-08-24,21.1,28.6,2.83,
1997-08-25,7.7,29.2,3.23,
1997-08-26,5.6,31.2,3.96,
1997-08-27,1.1,31.7,4.69,
1997-08-28,5.0,31.1,4.54,
1997-08-29,15.9,30.2,3.39,
1997-08-30,11.7,30.6,3.64,
1997-08-31,4.8,31.3,4.53,
1997-09-01,3.8,30.5,4.35,
1997-09-02,3.4,31.2,4.51,
1997-09-03,5.0,31.4,4.54,
1997-09-04,6.7,31.6,4.5,
1997-09-05,13.4,31.4,4.38,
1997-09-06,2.6,31.9,4.64,
1997-09-07,8.0,31.7,4.19,
1997-09-08,16.8,30.4,3.99,
1997-09-09,6.1,31.6,4.47,
1997-09-10,10.0,31.2,4.33,
1997-09-11,12.3,30.8,3.9,
1997-09-12,17.1,30.7,3.85,
1997-09-13,12.6,31.7,4.48,
1997-09-14,23.8,29.6,3.52,
1997-09-15,15.7,29.6,3.0,
1997-09-16,9.3,28.2,1.87,
1997-09-17,4.6,29.5,3.24,
1997-09-18,13.7,28.8,2.54,
1997-09-19,8.9,28.3,2.05,
1997-09-20,24.3,26.2,1.21,
1997-09-21,12.4,28.3,2.55,
1997-09-22,12.7,30.5,3.11,
1997-09-23,4.0,30.8,3.48,
1997-09-24,4.9,30.3,3.56,
1997-09-25,12.7,29.9,3.07,
1997-09-26,12.4,30.9,2.99,
1997-09-27,18.2,30.3,3.34,
1997-09-28,5.2,31.6,4.39,
1997-09-29,5.4,31.7,4.47,
1997-09-30,10.0,30.4,3.95,
1997-10-01,9.8,30.9,4.09,
1997-10-02,4.7,30.5,3.61,
1997-10-03,6.8,29.1,2.71,
1997-10-04,9.1,27.1,1.96,
1997-10-05,18.2,27.4,1.59,
1997-10-06,30.3,30.2,3.54,
1997-10-07,2.7,31.4,4.57,
1997-10-08,7.0,30.1,3.6,
1997-10-09,9.9,27.5,2.28,
1997-10-10,11.9,30.6,3.53,
1997-10-11,14.9,30.5,3.96,
1997-10-12,9.5,31.3,4.06,
1997-10-13,7.5,30.8,3.93,
1997-10-14,12.3,30.4,3.45,
1997-10-15,6.3,30.8,3.97,
1997-10-16,5.0,30.7,3.74,
1997-10-17,13.4,30.2,3.04,
1997-10-18,14.6,29.9,2.9,
1997-10-19,9.2,30.5,3.42,
1997-10-20,4.8,31.4,4.06,
1997-10-21,5.1,31.8,4.14,
1997-10-22,8.9,31.2,4.05,
1997-10-23,11.4,31.1,4.05,
1997-10-24,20.2,31.2,3.86,
1997-10-25,0.4,31.0,4.36,
1997-10-26,2.3,30.5,3.89,
1997-10-27,8.1,28.7,2.85,
1997-10-28,19.9,30.1,3.62,
1997-10-29,3.3,31.1,4.02,
1997-10-30,31.1,30.3,3.08,
1997-10-31,5.6,30.1,3.15,
1997-11-01,0.0,30.0,3.37,
1997-11-02,55.8,25.2,1.08,
1997-11-03,14.9,27.4,2.1,
1997-11-04,3.8,30.9,3.83,
1997-11-05,1.4,30.4,3.77,
1997-11-06,0.9,30.3,4.01,
1997-11-07,0.5,30.2,3.68,
1997-11-08,1.6,28.3,2.09,
1997-11-09,10.0,30.1,3.76,
1997-11-10,1.9,30.1,3.84,
1997-11-11,0.4,30.0,3.94,
1997-11-12,7.6,30.5,3.66,
1997-11-13,1.9,29.0,3.53,
1997-11-14,1.8,30.3,3.97,
1997-11-15,0.0,30.8,4.54,
1997-11-16,9.7,30.3,3.55,
1997-11-17,4.0,30.6,3.73,
1997-11-18,0.6,30.2,4.37,
1997-11-19,0.2,30.0,4.61,
1997-11-20,0.0,30.8,4.41,
1997-11-21,7.5,30.5,3.6,
1997-11-22,8.4,30.0,2.94,
1997-11-23,2.2,30.4,3.49,
1997-11-24,0.6,30.7,4.15,
1997-11-25,9.7,30.0,3.19,
1997-11-26,4.0,30.8,3.75,
1997-11-27,1.0,30.7,3.58,
1997-11-28,0.0,31.0,4.49,
1997-11-29,0.0,31.1,4.35,
1997-11-30,1.9,30.5,3.9,
1997-12-01,0.0,30.9,5.13,
1997-12-02,0.0,30.9,5.01,
1997-12-03,0.0,30.2,5.16,
1997-12-04,0.0,30.3,4.88,
1997-12-05,1.0,29.4,3.57,
1997-12-06,4.0,30.4,3.8,
1997-12-07,0.5,31.3,4.16,
1997-12-08,3.1,31.2,3.9,
1997-12-09,7.4,30.4,3.96,
1997-12-10,0.1,30.1,4.4,
1997-12-11,0.0,30.9,4.52,
1997-12-12,0.0,31.0,4.38,
1997-12-13,0.0,30.8,4.3,
1997-12-14,0.3,31.1,4.93,
1997-12-15,0.0,31.8,5.64,
1997-12-16,0.0,32.1,5.51,
1997-12-17,0.0,32.3,5.52,
1997-12-18,0.0,32.8,5.41,
1997-12-19,0.0,32.6,5.01,
1997-12-20,0.0,31.9,4.31,
1997-12-21,0.0,31.6,3.95,
1997-12-22,2.0,31.1,3.65,
1997-12-23,0.0,31.1,4.09,
1997-12-24,0.1,30.9,4.49,
1997-12-25,0.3,30.6,4.17,
1997-12-26,0.0,31.8,5.04,
1997-12-27,0.0,31.9,5.24,
1997-12-28,1.8,30.7,4.21,
1997-12-29,0.0,32.4,5.15,
1997-12-30,0.0,31.1,4.59,
1997-12-31,0.0,31.9,4.69,
1998-01-01,0.0,31.6,4.6,
1998-01-02,0.0,31.2,4.6,
1998-01-03,0.0,31.6,4.72,
1998-01-04,0.0,31.9,4.51,
1998-01-05,0.0,32.3,5.1,
1998-01-06,0.0,31.9,5.17,
1998-01-07,0.0,32.0,5.19,
1998-01-08,0.1,32.3,4.66,
1998-01-09,0.0,32.9,5.02,
1998-01-10,0.0,31.9,4.91,
1998-01-11,0.0,33.0,4.63,
1998-01-12,0.6,31.9,4.3,
1998-01-13,0.0,31.6,4.49,
1998-01-14,0.0,32.9,4.45,
1998-01-15,0.0,33.8,4.4,
1998-01-16,0.0,34.2,4.63,
1998-01-17,0.0,34.4,5.03,
1998-01-18,0.0,34.3,4.73,
1998-01-19,0.0,32.8,4.91,
1998-01-20,0.0,32.8,5.19,
1998-01-21,0.0,33.3,6.02,
1998-01-22,0.0,33.7,5.8,
1998-01-23,0.0,33.9,5.25,
1998-01-24,0.0,33.3,5.69,
1998-01-25,0.0,32.9,6.23,
1998-01-26,0.0,32.7,5.9,
1998-01-27,0.0,32.8,5.68,
1998-01-28,0.0,32.9,6.16,
1998-01-29,0.2,32.6,6.03,
1998-01-30,0.0,32.9,6.55,
1998-01-31,0.0,33.1,5.82,
1998-02-01,0.7,31.6,4.96,
1998-02-02,0.0,32.9,6.0,
1998-02-03,0.0,33.2,5.98,
1998-02-04,0.0,33.2,5.31,
1998-02-05,0.0,33.0,5.69,
1998-02-06,0.0,31.9,5.22,
1998-02-07,0.0,32.3,4.89,
1998-02-08,0.0,32.2,5.02,
1998-02-09,0.0,32.2,5.37,
1998-02-10,0.1,32.8,5.12,
1998-02-11,0.0,31.9,5.24,
1998-02-12,0.0,33.6,5.41,
1998-02-13,0.0,33.9,5.5,
1998-02-14,0.0,34.0,5.37,
1998-02-15,0.0,33.8,5.17,
1998-02-16,0.0,34.4,5.43,
1998-02-17,0.0,34.8,4.91,
1998-02-18,0.2,34.8,5.18,
1998-02-19,0.1,35.2,5.21,
1998-02-20,0.2,34.6,4.86,
1998-02-21,0.8,35.2,4.97,
1998-02-22,0.0,34.0,5.15,
1998-02-23,0.0,33.9,6.13,
1998-02-24,0.0,34.6,5.84,
1998-02-25,0.0,33.2,5.03,
1998-02-26,0.0,33.8,5.74,
1998-02-27,0.4,34.6,5.66,
1998-02-28,0.2,34.2,6.17,
1998-03-01,0.0,34.4,6.27,
1998-03-02,0.0,34.4,6.44,
1998-03-03,0.0,34.4,6.52,
1998-03-04,0.1,34.4,5.74,
1998-03-05,0.2,34.1,5.57,
1998-03-06,0.0,34.0,5.91,
1998-03-07,1.2,34.2,5.35,
1998-03-08,0.0,34.4,5.56,
1998-03-09,0.0,35.7,5.33,
1998-03-10,0.0,36.5,5.75,
1998-03-11,0.0,36.0,5.64,
1998-03-12,0.0,35.7,5.58,
1998-03-13,0.1,34.9,5.57,
1998-03-14,0.0,35.8,6.42,
1998-03-15,0.0,35.5,5.87,
1998-03-16,0.0,34.6,5.75,
1998-03-17,0.0,35.0,6.42,
1998-03-18,0.0,34.8,6.42,
1998-03-19,0.0,36.0,6.46,
1998-03-20,0.0,34.8,6.24,
1998-03-21,0.0,35.3,6.73,
1998-03-22,0.0,35.2,6.93,
1998-03-23,0.0,34.5,7.05,
1998-03-24,0.8,34.3,6.07,
1998-03-25,0.0,34.7,7.05,
1998-03-26,0.0,35.0,6.98,
1998-03-27,0.8,34.5,6.26,
1998-03-28,0.0,34.7,7.1,
1998-03-29,0.4,34.9,6.88,
1998-03-30,0.0,35.3,6.81,
1998-03-31,1.8,34.6,6.42,
1998-04-01,0.0,35.1,6.14,
1998-04-02,0.0,34.3,6.19,
1998-04-03,0.0,34.3,6.58,
1998-04-04,0.0,35.3,6.87,
1998-04-05,0.0,34.8,6.56,
1998-04-06,0.0,34.3,6.3,
1998-04-07,0.0,34.3,6.15,
1998-04-08,0.0,34.5,5.94,
1998-04-09,0.0,35.3,5.93,
1998-04-10,0.0,35.3,6.14,
1998-04-11,0.1,36.3,6.01,
1998-04-12,0.0,35.4,5.86,
1998-04-13,0.0,36.7,6.47,
1998-04-14,0.4,36.8,6.49,
1998-04-15,0.6,36.6,5.64,
1998-04-16,0.5,36.4,6.32,
1998-04-17,0.6,35.7,6.2,
1998-04-18,1.1,34.1,5.31,
1998-04-19,2.8,33.0,4.3,
1998-04-20,0.8,34.8,5.3,
1998-04-21,0.0,35.1,6.31,
1998-04-22,7.5,34.8,5.23,
1998-04-23,1.9,35.2,5.73,
1998-04-24,1.3,35.4,5.53,
1998-04-25,9.1,35.6,5.07,
1998-04-26,0.6,34.7,5.14,
1998-04-27,0.0,35.3,6.36,
1998-04-28,0.0,35.8,5.79,
1998-04-29,0.1,36.6,5.86,
1998-04-30,0.0,36.3,5.71,
1998-05-01,0.2,36.2,5.68,
1998-05-02,0.0,36.7,6.22,
1998-05-03,0.0,36.8,5.95,
1998-05-04,0.1,36.7,6.24,
1998-05-05,0.0,36.0,6.65,
1998-05-06,0.0,37.1,6.8,
1998-05-07,0.0,36.9,6.88,
1998-05-08,0.0,36.7,6.78,
1998-05-09,0.6,36.6,6.44,
1998-05-10,2.5,33.7,4.87,
1998-05-11,1.3,35.4,5.41,
1998-05-12,1.6,35.0,5.72,
1998-05-13,3.8,35.0,5.08,
1998-05-14,4.2,33.9,4.25,
1998-05-15,9.0,34.1,4.28,
1998-05-16,15.7,34.9,4.64,
1998-05-17,26.7,33.5,4.17,
1998-05-18,6.8,33.8,4.77,
1998-05-19,4.4,33.9,4.98,
1998-05-20,0.6,34.0,4.96,
1998-05-21,0.8,34.6,5.17,
1998-05-22,0.2,35.0,5.49,
1998-05-23,0.3,35.1,5.6,
1998-05-24,10.1,33.8,4.31,
1998-05-25,5.1,33.6,4.12,
1998-05-26,11.3,32.7,3.72,
1998-05-27,2.3,32.8,4.63,
1998-05-28,16.5,31.7,3.46,
1998-05-29,12.3,31.2,3.46,
1998-05-30,17.9,29.9,1.74,
1998-05-31,12.0,31.4,2.71,
1998-06-01,1.2,31.9,3.55,
1998-06-02,14.7,32.3,3.6,
1998-06-03,4.8,32.6,4.42,
1998-06-04,5.1,32.7,4.6,
1998-06-05,5.5,31.8,4.4,
1998-06-06,10.5,31.7,4.15,
1998-06-07,6.5,32.2,4.16,
1998-06-08,9.1,32.5,4.21,
1998-06-09,10.8,31.3,3.47,
1998-06-10,9.2,32.2,3.95,
1998-06-11,9.3,32.7,4.25,
1998-06-12,15.2,30.5,2.55,
1998-06-13,33.8,28.8,1.72,
1998-06-14,9.6,29.9,2.94,
1998-06-15,3.4,31.2,3.65,
1998-06-16,19.2,30.2,2.98,
1998-06-17,14.3,30.0,2.94,
1998-06-18,5.2,31.1,3.12,
1998-06-19,5.0,29.7,2.4,
1998-06-20,15.4,30.7,3.55,
1998-06-21,14.4,31.9,3.71,
1998-06-22,11.4,30.4,3.58,
1998-06-23,5.5,30.9,3.59,
1998-06-24,3.4,30.7,2.83,
1998-06-25,11.1,30.7,2.99,
1998-06-26,13.8,29.5,2.76,
1998-06-27,30.3,27.5,1.17,
1998-06-28,9.9,30.1,2.58,
1998-06-29,8.3,29.6,2.41,
1998-06-30,13.6,30.0,2.25,
1998-07-01,12.0,29.8,2.89,
1998-07-02,30.4,31.8,3.72,
1998-07-03,8.7,32.0,4.48,
1998-07-04,25.2,31.8,3.89,
1998-07-05,7.8,31.5,3.81,
1998-07-06,5.8,30.8,3.4,
1998-07-07,25.3,31.0,3.23,
1998-07-08,6.4,31.1,3.57,
1998-07-09,5.8,31.0,4.1,
1998-07-10,7.0,31.6,4.33,
1998-07-11,9.8,31.0,4.05,
1998-07-12,8.8,32.0,4.39,
1998-07-13,11.4,30.6,3.21,
1998-07-14,8.9,30.9,3.97,
1998-07-15,1.9,31.6,4.53,
1998-07-16,11.5,31.0,4.17,
1998-07-17,3.6,31.5,4.38,
1998-07-18,12.8,32.3,4.65,
1998-07-19,6.2,32.1,4.71,
1998-07-20,6.2,31.7,4.37,
1998-07-21,5.7,31.8,3.78,
1998-07-22,15.2,30.6,3.43,
1998-07-23,16.7,30.9,3.68,
1998-07-24,9.8,31.1,3.83,
1998-07-25,12.4,30.8,3.95,
1998-07-26,10.3,29.2,2.73,
1998-07-27,16.3,30.3,3.5,
1998-07-28,32.0,25.9,1.03,
1998-07-29,8.4,29.9,3.2,
1998-07-30,4.2,30.5,3.83,
1998-07-31,15.3,29.0,2.96,
1998-08-01,25.8,30.0,3.11,
1998-08-02,5.1,32.0,3.94,
1998-08-03,4.2,31.5,4.02,
1998-08-04,15.4,30.5,3.44,
1998-08-05,3.4,30.0,3.05,
1998-08-06,15.9,29.2,3.11,
1998-08-07,9.1,29.5,2.61,
1998-08-08,8.0,30.5,3.14,
1998-08-09,8.5,30.5,3.84,
1998-08-10,7.1,31.6,4.22,
1998-08-11,6.0,31.2,3.8,
1998-08-12,4.9,31.1,3.89,
1998-08-13,9.7,31.5,4.17,
1998-08-14,16.4,30.9,3.84,
1998-08-15,5.6,31.5,4.46,
1998-08-16,24.5,31.6,4.18,
1998-08-17,19.5,31.6,4.13,
1998-08-18,10.8,31.1,3.68,
1998-08-19,17.0,29.9,3.53,
1998-08-20,13.1,27.9,2.16,
1998-08-21,11.2,27.9,1.91,
1998-08-22,5.3,30.2,2.92,
1998-08-23,5.3,32.2,4.7,
1998-08-24,20.2,31.1,4.57,
1998-08-25,10.0,32.1,4.54,
1998-08-26,10.1,31.6,4.33,
1998-08-27,2.9,31.7,4.59,
1998-08-28,7.4,31.7,4.72,
1998-08-29,7.1,31.2,4.25,
1998-08-30,7.9,30.4,3.76,
1998-08-31,29.9,29.7,2.54,
1998-09-01,11.5,30.3,3.02,
1998-09-02,10.8,28.3,2.25,
1998-09-03,19.2,30.9,3.8,
1998-09-04,16.5,30.7,4.15,
1998-09-05,18.4,30.9,3.87,
1998-09-06,12.1,30.0,3.09,
1998-09-07,6.8,31.4,4.36,
1998-09-08,2.2,31.9,4.76,
1998-09-09,2.8,31.2,4.65,
1998-09-10,1.9,30.2,4.22,
1998-09-11,3.1,29.9,3.69,
1998-09-12,6.6,29.7,3.22,
1998-09-13,5.7,27.6,2.05,
1998-09-14,9.2,29.2,3.17,
1998-09-15,24.8,28.5,2.4,
1998-09-16,16.8,29.8,2.7,
1998-09-17,12.7,30.6,3.47,
1998-09-18,14.2,30.1,3.15,
1998-09-19,6.4,30.5,3.07,
1998-09-20,17.6,29.8,2.38,
1998-09-21,25.2,29.0,2.68,
1998-09-22,3.4,30.3,2.82,
1998-09-23,18.4,29.8,3.08,
1998-09-24,13.3,29.9,2.62,
1998-09-25,37.1,27.8,1.57,
1998-09-26,14.9,28.0,1.63,
1998-09-27,12.1,27.6,1.75,
1998-09-28,9.4,29.1,2.54,
1998-09-29,15.6,28.1,1.96,
1998-09-30,4.6,28.1,1.92,
1998-10-01,2.8,28.8,2.61,
1998-10-02,20.8,26.5,1.67,
1998-10-03,38.1,27.6,1.66,
1998-10-04,21.2,29.5,2.56,
1998-10-05,7.6,30.5,3.12,
1998-10-06,33.7,28.9,2.61,
1998-10-07,33.2,29.5,2.7,
1998-10-08,19.5,27.2,1.59,
1998-10-09,17.5,29.7,3.15,
1998-10-10,15.9,30.9,3.66,
1998-10-11,19.7,30.9,3.78,
1998-10-12,31.5,31.6,4.12,
1998-10-13,11.9,31.1,3.71,
1998-10-14,7.0,31.1,3.58,
1998-10-15,13.3,30.8,3.56,
1998-10-16,7.4,28.9,2.3,
1998-10-17,5.7,29.3,2.89,
1998-10-18,6.0,29.3,2.76,
1998-10-19,15.3,28.5,2.49,
1998-10-20,9.1,31.7,4.01,
1998-10-21,17.4,30.4,2.67,
1998-10-22,3.5,27.7,1.74,
1998-10-23,9.5,28.1,1.89,
1998-10-24,19.3,29.8,2.8,
1998-10-25,22.5,29.2,2.38,
1998-10-26,23.1,30.2,2.68,
1998-10-27,19.2,29.6,2.64,
1998-10-28,14.5,28.9,2.47,
1998-10-29,21.9,28.6,2.31,
1998-10-30,18.4,28.0,1.81,
1998-10-31,12.5,29.8,3.09,
1998-11-01,15.0,26.9,1.53,
1998-11-02,16.4,29.7,2.88,
1998-11-03,10.1,31.0,3.3,
1998-11-04,8.9,29.2,2.4,
1998-11-05,9.5,29.4,2.7,
1998-11-06,9.1,28.7,2.85,
1998-11-07,14.8,29.9,3.05,
1998-11-08,11.7,28.8,2.51,
1998-11-09,12.8,29.5,2.9,
1998-11-10,23.3,28.8,2.34,
1998-11-11,2.1,30.4,3.71,
1998-11-12,0.0,28.8,3.61,
1998-11-13,0.0,29.4,3.52,
1998-11-14,3.5,28.6,2.54,
1998-11-15,39.2,26.5,1.36,
1998-11-16,13.3,26.8,1.11,
1998-11-17,38.1,29.9,3.18,
1998-11-18,4.6,31.3,3.74,
1998-11-19,1.9,30.2,3.6,
1998-11-20,5.8,29.9,3.11,
1998-11-21,1.1,29.9,3.97,
1998-11-22,6.4,30.7,3.87,
1998-11-23,13.4,30.1,3.09,
1998-11-24,1.0,29.6,2.91,
1998-11-25,0.1,29.6,3.74,
1998-11-26,0.0,29.6,3.29,
1998-11-27,0.6,29.1,3.2,
1998-11-28,5.2,29.7,2.97,
1998-11-29,9.8,29.8,3.19,
1998-11-30,2.0,30.4,3.73,
1998-12-01,24.8,30.1,3.41,
1998-12-02,7.8,30.4,3.39,
1998-12-03,3.6,29.0,3.06,
1998-12-04,5.2,30.1,3.34,
1998-12-05,2.7,30.1,3.4,
1998-12-06,0.0,30.5,4.21,
1998-12-07,0.0,30.5,3.83,
1998-12-08,0.6,30.3,4.31,
1998-12-09,4.2,27.0,3.25,
1998-12-10,29.7,23.3,1.58,
1998-12-11,64.7,25.1,0.86,
1998-12-12,71.2,25.0,1.15,
1998-12-13,0.2,25.9,2.97,
1998-12-14,7.2,23.6,1.92,
1998-12-15,0.0,26.4,3.34,
1998-12-16,0.0,27.9,3.42,
1998-12-17,0.0,29.2,4.0,
1998-12-18,0.0,29.8,3.9,
1998-12-19,0.0,30.2,3.98,
1998-12-20,10.4,30.1,3.5,
1998-12-21,2.3,29.7,3.49,
1998-12-22,10.0,28.9,2.88,
1998-12-23,8.4,29.2,3.18,
1998-12-24,3.5,30.1,3.84,
1998-12-25,3.2,29.3,3.83,
1998-12-26,0.5,29.3,3.24,
1998-12-27,2.3,29.7,3.58,
1998-12-28,0.9,29.4,3.4,
1998-12-29,0.4,29.1,3.53,
1998-12-30,0.6,29.2,3.76,
1998-12-31,0.1,29.7,3.41,
1999-01-01,1.6,29.4,3.5,
1999-01-02,0.8,29.9,3.75,
1999-01-03,0.0,28.3,2.62,
1999-01-04,0.0,29.5,4.23,
1999-01-05,0.0,29.3,4.53,
1999-01-06,0.0,28.8,4.17,
1999-01-07,0.0,28.4,3.35,
1999-01-08,0.0,29.5,3.98,
1999-01-09,0.0,30.1,4.02,
1999-01-10,0.0,31.1,4.23,
1999-01-11,1.3,29.7,3.28,
1999-01-12,3.7,28.2,2.8,
1999-01-13,3.0,29.0,3.45,
1999-01-14,1.5,29.6,3.83,
1999-01-15,3.2,29.8,3.71,
1999-01-16,0.0,29.9,3.82,
1999-01-17,0.3,29.3,3.71,
1999-01-18,0.4,30.4,4.35,
1999-01-19,1.1,30.5,4.06,
1999-01-20,0.4,31.2,4.39,
1999-01-21,1.2,31.2,4.19,
1999-01-22,3.4,30.2,3.5,
1999-01-23,0.4,30.7,4.68,
1999-01-24,0.0,31.7,5.11,
1999-01-25,1.0,31.4,4.67,
1999-01-26,0.0,32.0,4.23,
1999-01-27,8.5,27.8,2.14,
1999-01-28,14.5,27.5,1.76,
1999-01-29,9.2,29.6,2.96,
1999-01-30,3.5,29.2,3.27,
1999-01-31,0.2,29.8,4.58,
1999-02-01,0.1,30.5,4.3,
1999-02-02,0.7,30.9,4.07,
1999-02-03,4.3,30.8,4.13,
1999-02-04,0.1,29.5,4.07,
1999-02-05,0.0,29.8,4.38,
1999-02-06,0.1,29.6,3.51,
1999-02-07,0.0,30.9,3.97,
1999-02-08,0.0,30.7,3.91,
1999-02-09,2.3,30.0,3.82,
1999-02-10,11.6,31.0,3.38,
1999-02-11,6.4,28.3,2.76,
1999-02-12,0.6,30.1,5.23,
1999-02-13,0.2,30.3,5.13,
1999-02-14,0.0,30.6,5.23,
1999-02-15,0.0,30.7,5.59,
1999-02-16,0.1,30.8,4.89,
1999-02-17,0.3,30.7,4.74,
1999-02-18,0.0,31.3,4.73,
1999-02-19,0.5,29.9,4.8,
1999-02-20,0.0,30.9,5.79,
1999-02-21,0.0,30.4,5.44,
1999-02-22,0.3,30.8,5.25,
1999-02-23,0.0,32.4,5.79,
1999-02-24,2.3,31.3,4.52,
1999-02-25,0.2,31.5,5.22,
1999-02-26,0.0,32.6,5.46,
1999-02-27,0.0,32.6,5.68,
1999-02-28,1.4,32.4,5.64,
1999-03-01,0.0,33.4,6.1,
1999-03-02,0.0,33.1,5.88,
1999-03-03,1.4,31.4,4.3,
1999-03-04,0.0,32.0,4.94,
1999-03-05,8.6,32.0,3.8,
1999-03-06,0.6,31.1,4.22,
1999-03-07,0.2,32.8,5.23,
1999-03-08,7.2,32.5,4.48,
1999-03-09,4.8,32.8,4.67,
1999-03-10,2.5,31.5,4.27,
1999-03-11,1.1,32.2,4.91,
1999-03-12,8.7,31.5,4.21,
1999-03-13,1.8,32.4,4.67,
1999-03-14,0.0,32.4,5.07,
1999-03-15,0.0,33.0,5.3,
1999-03-16,2.0,31.7,4.36,
1999-03-17,0.6,33.0,4.94,
1999-03-18,0.3,33.5,5.23,
1999-03-19,12.5,31.6,4.02,
1999-03-20,17.9,31.0,3.55,
1999-03-21,4.4,31.8,3.94,
1999-03-22,5.1,29.4,3.45,
1999-03-23,2.1,30.3,4.27,
1999-03-24,0.9,30.8,4.62,
1999-03-25,1.5,31.5,4.77,
1999-03-26,4.6,31.7,4.3,
1999-03-27,5.7,31.9,4.52,
1999-03-28,1.5,32.3,5.05,
1999-03-29,8.0,32.2,4.59,
1999-03-30,13.1,31.6,4.12,
1999-03-31,5.1,31.1,4.24,
1999-04-01,4.0,30.6,4.12,
1999-04-02,10.6,31.1,4.05,
1999-04-03,6.2,32.0,4.08,
1999-04-04,22.9,30.6,2.5,
1999-04-05,14.8,29.8,3.49,
1999-04-06,5.8,30.3,3.91,
1999-04-07,3.3,32.0,4.32,
1999-04-08,8.9,31.6,3.95,
1999-04-09,33.3,30.1,3.11,
1999-04-10,31.1,31.0,3.71,
1999-04-11,12.5,30.0,3.35,
1999-04-12,13.9,31.3,3.63,
1999-04-13,4.7,31.2,3.74,
1999-04-14,17.2,30.1,2.86,
1999-04-15,19.9,30.5,3.0,
1999-04-16,11.7,31.0,3.73,
1999-04-17,10.4,31.5,4.14,
1999-04-18,2.6,31.7,4.67,
1999-04-19,4.2,31.2,4.29,
1999-04-20,6.8,32.0,4.55,
1999-04-21,10.3,32.2,4.29,
1999-04-22,19.2,29.9,2.6,
1999-04-23,12.7,28.3,2.02,
1999-04-24,4.6,29.9,3.59,
1999-04-25,4.9,30.6,3.56,
1999-04-26,11.8,31.0,3.87,
1999-04-27,12.5,29.2,3.09,
1999-04-28,3.7,28.9,2.99,
1999-04-29,2.9,30.9,4.48,
1999-04-30,2.2,31.5,4.45,
1999-05-01,2.0,31.2,4.08,
1999-05-02,28.0,31.2,3.66,
1999-05-03,23.2,31.6,3.85,
1999-05-04,11.4,31.7,4.33,
1999-05-05,26.4,31.0,4.05,
1999-05-06,4.5,31.8,4.51,
1999-05-07,2.1,31.8,4.68,
1999-05-08,2.5,32.2,4.49,
1999-05-09,6.9,32.1,4.5,
1999-05-10,12.6,31.8,4.23,
1999-05-11,21.4,31.2,3.97,
1999-05-12,10.6,31.0,3.74,
1999-05-13,10.3,30.9,3.77,
1999-05-14,13.0,29.8,3.18,
1999-05-15,25.9,29.3,2.53,
1999-05-16,11.0,31.1,3.15,
1999-05-17,12.5,31.7,3.92,
1999-05-18,23.3,31.1,3.65,
1999-05-19,14.5,30.8,3.01,
1999-05-20,19.9,29.2,2.49,
1999-05-21,19.0,30.9,3.41,
1999-05-22,28.6,30.6,3.42,
1999-05-23,20.2,31.5,3.96,
1999-05-24,24.9,30.6,3.35,
1999-05-25,18.5,29.8,3.25,
1999-05-26,6.6,28.3,1.97,
1999-05-27,2.2,30.4,3.82,
1999-05-28,7.6,30.8,3.84,
1999-05-29,12.3,28.7,2.68,
1999-05-30,1.6,30.0,2.73,
1999-05-31,3.5,31.2,4.32,
1999-06-01,10.8,29.8,2.64,
1999-06-02,12.4,29.7,2.75,
1999-06-03,8.2,29.4,2.87,
1999-06-04,21.7,29.3,2.21,
1999-06-05,14.4,28.4,2.42,
1999-06-06,12.0,27.1,1.63,
1999-06-07,1.8,31.4,4.64,
1999-06-08,2.8,30.7,4.15,
1999-06-09,6.9,30.7,3.44,
1999-06-10,4.2,30.5,3.99,
1999-06-11,13.6,29.4,3.26,
1999-06-12,9.4,29.8,3.58,
1999-06-13,12.5,29.6,3.35,
1999-06-14,12.0,28.5,2.88,
1999-06-15,7.7,28.9,2.9,
1999-06-16,7.5,27.9,2.22,
1999-06-17,6.8,28.8,2.44,
1999-06-18,4.2,30.2,3.41,
1999-06-19,13.3,29.1,2.8,
1999-06-20,4.0,30.7,3.84,
1999-06-21,0.0,31.8,5.31,
1999-06-22,0.0,31.5,5.18,
1999-06-23,0.0,31.3,5.01,
1999-06-24,0.0,31.6,5.27,
1999-06-25,1.3,31.1,4.71,
1999-06-26,9.2,30.0,3.42,
1999-06-27,10.4,29.2,3.14,
1999-06-28,6.7,31.4,3.91,
1999-06-29,12.2,29.5,3.61,
1999-06-30,11.9,28.3,2.63,
1999-07-01,19.1,27.2,1.78,
1999-07-02,27.7,25.6,1.68,
1999-07-03,5.7,27.9,2.03,
1999-07-04,5.5,30.5,3.61,
1999-07-05,9.2,31.0,4.25,
1999-07-06,17.0,29.5,3.54,
1999-07-07,8.2,30.7,4.05,
1999-07-08,6.4,31.4,4.53,
1999-07-09,1.9,31.0,4.5,
1999-07-10,7.3,30.3,3.34,
1999-07-11,5.4,30.1,3.94,
1999-07-12,9.4,29.7,3.18,
1999-07-13,15.8,25.9,1.29,
1999-07-14,11.1,29.5,3.42,
1999-07-15,10.8,28.8,3.08,
1999-07-16,2.3,29.4,3.21,
1999-07-17,1.6,30.9,4.24,
1999-07-18,6.7,29.0,3.17,
1999-07-19,0.1,31.1,5.03,
1999-07-20,4.4,30.9,4.51,
1999-07-21,7.1,30.4,3.51,
1999-07-22,7.9,29.8,3.65,
1999-07-23,11.2,30.8,3.48,
1999-07-24,10.0,30.1,3.2,
1999-07-25,5.6,28.4,2.6,
1999-07-26,3.1,30.1,3.74,
1999-07-27,5.3,30.6,4.2,
1999-07-28,7.1,29.0,2.89,
1999-07-29,14.6,28.0,2.78,
1999-07-30,18.6,28.1,1.94,
1999-07-31,17.4,28.6,3.13,
1999-08-01,10.0,30.4,3.61,
1999-08-02,5.9,30.0,3.91,
1999-08-03,13.4,26.2,1.87,
1999-08-04,7.8,29.0,3.08,
1999-08-05,6.5,29.5,3.2,
1999-08-06,8.8,28.2,2.96,
1999-08-07,2.0,30.6,4.11,
1999-08-08,0.3,31.0,4.66,
1999-08-09,0.3,31.2,4.63,
1999-08-10,1.8,30.9,4.83,
1999-08-11,2.3,30.4,4.26,
1999-08-12,2.6,30.8,4.44,
1999-08-13,4.2,31.0,4.58,
1999-08-14,6.2,31.3,4.66,
1999-08-15,0.0,31.6,5.15,
1999-08-16,0.3,31.5,5.02,
1999-08-17,4.4,29.8,4.29,
1999-08-18,7.6,30.8,4.09,
1999-08-19,7.1,30.8,3.55,
1999-08-20,19.3,29.4,3.69,
1999-08-21,13.3,29.7,3.21,
1999-08-22,10.1,29.7,3.36,
1999-08-23,5.8,29.1,2.95,
1999-08-24,20.2,30.3,3.22,
1999-08-25,19.6,31.1,3.75,
1999-08-26,13.8,29.2,2.81,
1999-08-27,7.6,28.8,2.95,
1999-08-28,7.8,30.0,3.34,
1999-08-29,12.1,29.6,3.58,
1999-08-30,21.3,27.8,2.18,
1999-08-31,12.0,27.2,2.41,
1999-09-01,8.4,28.1,2.41,
1999-09-02,11.0,28.6,2.76,
1999-09-03,19.0,28.2,2.97,
1999-09-04,15.2,28.9,3.0,
1999-09-05,22.5,27.9,2.23,
1999-09-06,12.4,28.9,3.31,
1999-09-07,11.4,29.5,3.12,
1999-09-08,6.9,30.3,4.15,
1999-09-09,6.6,30.6,4.06,
1999-09-10,4.1,30.8,4.33,
1999-09-11,4.3,30.8,4.3,
1999-09-12,5.2,30.1,4.33,
1999-09-13,6.3,30.5,4.13,
1999-09-14,6.4,29.9,4.14,
1999-09-15,2.4,29.1,3.17,
1999-09-16,5.7,30.4,4.06,
1999-09-17,0.4,31.2,4.57,
1999-09-18,1.0,31.2,4.67,
1999-09-19,4.3,30.8,4.57,
1999-09-20,1.9,31.5,4.8,
1999-09-21,1.8,30.7,3.87,
1999-09-22,9.9,31.3,4.29,
1999-09-23,1.9,31.8,4.67,
1999-09-24,6.8,31.7,4.28,
1999-09-25,3.7,31.7,4.6,
1999-09-26,8.0,31.2,4.33,
1999-09-27,11.8,30.7,3.66,
1999-09-28,13.4,30.0,3.62,
1999-09-29,7.9,30.4,3.27,
1999-09-30,18.8,28.7,2.84,
1999-10-01,3.4,30.4,3.51,
1999-10-02,4.5,31.2,4.13,
1999-10-03,11.5,30.0,3.4,
1999-10-04,8.2,30.7,3.93,
1999-10-05,0.1,31.6,4.65,
1999-10-06,1.9,30.9,4.27,
1999-10-07,10.1,31.1,3.53,
1999-10-08,10.0,31.1,3.99,
1999-10-09,13.4,31.8,4.17,
1999-10-10,9.4,31.2,4.25,
1999-10-11,5.1,31.9,4.35,
1999-10-12,19.4,30.6,3.58,
1999-10-13,41.9,26.4,1.12,
1999-10-14,3.1,29.2,3.22,
1999-10-15,8.7,30.8,3.69,
1999-10-16,2.9,30.8,3.62,
1999-10-17,7.1,29.8,3.51,
1999-10-18,17.5,28.4,1.71,
1999-10-19,10.6,29.6,2.3,
1999-10-20,2.8,28.5,2.75,
1999-10-21,29.6,29.9,3.23,
1999-10-22,11.9,31.0,3.77,
1999-10-23,17.1,30.0,2.74,
1999-10-24,113.5,26.9,0.97,
1999-10-25,14.3,29.6,2.78,
1999-10-26,25.4,30.7,3.72,
1999-10-27,9.9,30.4,3.47,
1999-10-28,10.1,28.1,1.76,
1999-10-29,9.6,29.8,3.26,
1999-10-30,14.0,29.1,3.05,
1999-10-31,24.8,28.7,2.24,
1999-11-01,80.4,24.4,0.55,
1999-11-02,8.3,27.1,1.69,
1999-11-03,6.2,29.1,2.77,
1999-11-04,17.0,27.4,1.55,
1999-11-05,14.3,28.0,1.75,
1999-11-06,7.4,29.0,3.02,
1999-11-07,8.8,29.2,3.09,
1999-11-08,19.1,29.1,2.44,
1999-11-09,13.8,30.2,3.33,
1999-11-10,9.4,29.6,2.98,
1999-11-11,6.8,29.9,3.59,
1999-11-12,5.0,30.9,3.67,
1999-11-13,5.3,30.7,3.82,
1999-11-14,7.1,30.4,3.46,
1999-11-15,11.7,30.0,3.2,
1999-11-16,14.5,29.5,3.04,
1999-11-17,0.0,30.1,4.49,
1999-11-18,3.3,29.3,3.17,
1999-11-19,2.0,29.3,3.15,
1999-11-20,7.4,28.9,2.69,
1999-11-21,5.3,29.1,2.72,
1999-11-22,6.3,28.9,2.85,
1999-11-23,10.4,29.1,3.03,
1999-11-24,14.3,29.0,2.61,
1999-11-25,2.5,30.4,3.9,
1999-11-26,8.3,29.7,3.38,
1999-11-27,5.8,30.1,3.3,
1999-11-28,5.2,30.5,3.48,
1999-11-29,12.4,27.9,1.96,
1999-11-30,0.0,30.1,4.59,
1999-12-01,0.0,30.3,4.54,
1999-12-02,11.6,26.6,2.39,
1999-12-03,30.6,25.5,0.83,
1999-12-04,27.6,28.8,2.68,
1999-12-05,11.8,28.1,2.17,
1999-12-06,8.4,28.9,2.41,
1999-12-07,2.2,29.0,2.89,
1999-12-08,0.1,30.1,3.97,
1999-12-09,0.0,27.3,4.2,
1999-12-10,34.7,23.7,1.88,
1999-12-11,11.0,23.7,1.43,
1999-12-12,1.6,28.9,3.48,
1999-12-13,0.5,28.0,2.13,
1999-12-14,22.6,29.6,3.23,
1999-12-15,1.1,29.9,3.96,
1999-12-16,0.0,29.4,4.04,
1999-12-17,0.0,29.7,3.69,
1999-12-18,3.3,28.8,2.96,
1999-12-19,1.9,28.7,3.71,
1999-12-20,0.0,28.1,3.75,
1999-12-21,0.0,28.1,4.09,
1999-12-22,0.0,26.7,4.03,
1999-12-23,0.0,25.6,4.65,
1999-12-24,0.0,24.7,4.34,
1999-12-25,0.0,25.5,4.4,
1999-12-26,0.0,26.0,4.28,
1999-12-27,0.0,26.9,3.68,
1999-12-28,0.0,28.6,3.77,
1999-12-29,0.2,30.0,4.01,
1999-12-30,1.4,29.4,3.57,
1999-12-31,0.4,30.0,4.5,
2000-01-01,6.8,30.0,3.86,
2000-01-02,0.3,29.8,4.33,
2000-01-03,0.3,29.7,4.39,
2000-01-04,0.1,30.2,4.36,
2000-01-05,1.1,30.5,4.18,
2000-01-06,0.2,30.2,3.85,
2000-01-07,0.2,30.1,3.74,
2000-01-08,0.0,30.9,4.22,
2000-01-09,0.0,30.7,4.43,
2000-01-10,0.9,30.4,3.98,
2000-01-11,0.8,30.1,4.11,
2000-01-12,0.0,30.9,4.37,
2000-01-13,0.4,31.2,4.43,
2000-01-14,0.2,30.5,4.04,
2000-01-15,0.1,30.8,4.02,
2000-01-16,1.6,30.5,3.92,
2000-01-17,0.1,31.0,4.22,
2000-01-18,0.7,30.1,4.05,
2000-01-19,1.3,29.9,4.32,
2000-01-20,0.0,29.7,5.08,
2000-01-21,0.0,31.0,5.26,
2000-01-22,0.0,31.9,4.59,
2000-01-23,0.1,31.6,4.3,
2000-01-24,2.1,31.1,4.29,
2000-01-25,0.0,31.5,5.38,
2000-01-26,0.0,32.2,6.05,
2000-01-27,0.2,30.3,5.09,
2000-01-28,0.0,31.5,5.46,
2000-01-29,0.0,30.7,4.81,
2000-01-30,0.0,30.9,4.91,
2000-01-31,0.0,29.7,3.8,
2000-02-01,0.0,30.4,3.94,
2000-02-02,0.0,31.0,4.6,
2000-02-03,0.0,31.9,4.78,
2000-02-04,0.0,32.2,4.74,
2000-02-05,0.1,32.5,4.45,
2000-02-06,1.6,32.4,4.03,
2000-02-07,1.2,29.0,1.94,
2000-02-08,0.4,29.1,2.58,
2000-02-09,0.0,30.8,4.46,
2000-02-10,0.0,29.9,3.61,
2000-02-11,0.0,30.9,3.62,
2000-02-12,0.0,31.3,4.5,
2000-02-13,3.2,31.0,4.02,
2000-02-14,12.7,30.8,3.74,
2000-02-15,0.4,30.4,4.59,
2000-02-16,0.0,30.7,6.0,
2000-02-17,3.1,30.5,4.85,
2000-02-18,3.3,30.4,4.34,
2000-02-19,0.5,31.2,4.09,
2000-02-20,0.2,32.4,4.59,
2000-02-21,1.1,32.3,4.63,
2000-02-22,0.9,32.2,4.38,
2000-02-23,1.5,32.1,4.3,
2000-02-24,16.4,31.4,4.14,
2000-02-25,0.7,30.4,4.04,
2000-02-26,0.9,31.4,4.98,
2000-02-27,0.5,32.0,5.39,
2000-02-28,9.0,29.1,3.2,
2000-02-29,3.8,30.1,4.3,
2000-03-01,0.4,30.3,4.86,
2000-03-02,2.8,30.6,4.67,
2000-03-03,0.1,31.4,5.12,
2000-03-04,2.4,31.6,4.52,
2000-03-05,10.3,31.8,3.91,
2000-03-06,15.6,31.9,4.1,
2000-03-07,28.0,30.3,3.44,
2000-03-08,6.1,31.5,4.41,
2000-03-09,0.3,31.2,4.74,
2000-03-10,2.0,31.2,4.89,
2000-03-11,4.2,31.3,4.18,
2000-03-12,16.4,31.8,4.32,
2000-03-13,1.4,32.7,4.9,
2000-03-14,3.5,30.5,4.26,
2000-03-15,2.5,29.7,3.59,
2000-03-16,10.1,30.6,3.25,
2000-03-17,0.0,31.3,4.73,
2000-03-18,0.2,31.4,4.63,
2000-03-19,0.2,31.7,4.61,
2000-03-20,0.0,30.9,5.12,
2000-03-21,0.0,31.8,5.31,
2000-03-22,1.6,30.8,4.35,
2000-03-23,0.0,31.1,4.44,
2000-03-24,0.0,32.1,5.27,
2000-03-25,0.0,32.3,6.5,
2000-03-26,2.1,31.1,5.4,
2000-03-27,0.3,30.4,4.94,
2000-03-28,0.6,32.6,6.09,
2000-03-29,0.1,32.6,6.01,
2000-03-30,2.5,32.1,5.25,
2000-03-31,0.1,30.9,4.15,
2000-04-01,0.2,32.9,4.9,
2000-04-02,0.8,33.1,5.18,
2000-04-03,0.8,32.5,5.03,
2000-04-04,0.7,33.6,5.2,
2000-04-05,0.6,33.2,4.83,
2000-04-06,0.3,33.6,5.82,
2000-04-07,1.1,33.1,4.93,
2000-04-08,7.5,32.8,4.27,
2000-04-09,11.5,30.1,3.14,
2000-04-10,9.9,30.4,4.09,
2000-04-11,8.8,29.6,3.64,
2000-04-12,15.0,29.8,3.57,
2000-04-13,3.7,31.0,4.47,
2000-04-14,6.7,30.6,3.93,
2000-04-15,5.3,31.4,4.32,
2000-04-16,11.0,30.6,3.88,
2000-04-17,5.9,31.2,4.09,
2000-04-18,13.3,31.7,4.21,
2000-04-19,23.4,31.9,4.06,
2000-04-20,13.8,31.3,3.88,
2000-04-21,6.5,31.4,4.19,
2000-04-22,5.4,31.4,4.18,
2000-04-23,12.6,32.1,4.35,
2000-04-24,8.2,31.6,4.25,
2000-04-25,22.8,32.2,4.14,
2000-04-26,9.9,31.7,4.43,
2000-04-27,10.5,32.0,4.5,
2000-04-28,8.9,31.4,3.91,
2000-04-29,1.4,32.2,4.76,
2000-04-30,2.6,32.3,4.77,
2000-05-01,6.3,32.7,4.75,
2000-05-02,9.3,31.7,4.49,
2000-05-03,17.4,32.2,4.42,
2000-05-04,5.9,31.6,4.48,
2000-05-05,8.7,30.9,4.04,
2000-05-06,9.4,30.6,3.59,
2000-05-07,22.9,30.6,3.45,
2000-05-08,10.2,32.1,4.61,
2000-05-09,2.9,32.1,4.81,
2000-05-10,11.9,31.2,3.97,
2000-05-11,5.6,30.1,3.52,
2000-05-12,11.4,30.6,3.28,
2000-05-13,8.2,30.0,2.75,
2000-05-14,6.7,30.3,3.84,
2000-05-15,3.2,32.2,4.32,
2000-05-16,4.3,32.4,4.59,
2000-05-17,9.1,31.7,4.07,
2000-05-18,11.0,31.0,3.15,
2000-05-19,9.2,31.2,3.76,
2000-05-20,10.7,31.5,4.08,
2000-05-21,5.4,31.7,3.75,
2000-05-22,9.3,31.6,4.17,
2000-05-23,6.5,31.7,4.08,
2000-05-24,12.8,31.2,4.15,
2000-05-25,4.2,32.4,4.53,
2000-05-26,9.7,30.8,3.75,
2000-05-27,9.4,31.8,4.29,
2000-05-28,2.4,31.9,4.36,
2000-05-29,9.4,30.9,3.89,
2000-05-30,10.6,29.9,2.88,
2000-05-31,9.2,28.9,2.27,
2000-06-01,11.2,29.0,1.96,
2000-06-02,45.9,25.8,0.99,
2000-06-03,21.2,26.3,1.29,
2000-06-04,14.9,29.2,2.91,
2000-06-05,3.2,31.8,4.46,
2000-06-06,10.9,31.5,3.83,
2000-06-07,38.2,30.6,2.9,
2000-06-08,11.0,30.8,3.24,
2000-06-09,12.4,28.1,2.37,
2000-06-10,0.0,30.1,2.46,
2000-06-11,11.3,31.0,3.99,
2000-06-12,11.0,30.5,4.03,
2000-06-13,3.2,31.3,4.04,
2000-06-14,8.0,30.3,3.8,
2000-06-15,6.4,30.3,3.35,
2000-06-16,15.1,28.4,2.38,
2000-06-17,29.1,27.4,1.38,
2000-06-18,7.4,28.4,2.3,
2000-06-19,7.3,27.4,1.78,
2000-06-20,5.7,30.5,4.3,
2000-06-21,7.7,30.4,3.16,
2000-06-22,8.0,30.6,3.52,
2000-06-23,8.6,30.3,3.85,
2000-06-24,7.2,31.4,4.25,
2000-06-25,1.5,30.7,3.73,
2000-06-26,7.6,31.3,3.81,
2000-06-27,6.1,31.3,3.99,
2000-06-28,7.4,31.1,3.47,
2000-06-29,16.5,28.9,2.99,
2000-06-30,11.4,27.6,2.12,
2000-07-01,12.7,29.0,2.53,
2000-07-02,15.7,29.5,2.81,
2000-07-03,11.8,28.9,3.01,
2000-07-04,9.5,29.6,2.89,
2000-07-05,18.0,29.7,2.73,
2000-07-06,1.9,30.6,3.88,
2000-07-07,0.2,31.6,4.96,
2000-07-08,1.5,31.7,4.73,
2000-07-09,0.9,31.5,4.69,
2000-07-10,23.5,27.9,2.28,
2000-07-11,11.7,29.3,2.26,
2000-07-12,8.7,30.0,3.41,
2000-07-13,1.5,30.6,4.21,
2000-07-14,0.4,30.1,3.85,
2000-07-15,4.7,29.8,2.74,
2000-07-16,16.8,29.4,2.89,
2000-07-17,9.4,28.9,2.38,
2000-07-18,0.8,30.3,3.3,
2000-07-19,4.2,30.1,4.01,
2000-07-20,1.4,30.2,4.5,
2000-07-21,3.4,30.5,4.13,
2000-07-22,1.7,30.5,4.48,
2000-07-23,4.9,30.2,4.15,
2000-07-24,3.6,30.7,4.21,
2000-07-25,6.2,29.9,3.8,
2000-07-26,6.6,29.9,3.9,
2000-07-27,1.3,29.2,3.3,
2000-07-28,6.3,28.9,2.83,
2000-07-29,5.2,30.4,3.9,
2000-07-30,1.4,30.9,4.38,
2000-07-31,7.4,30.7,4.28,
2000-08-01,6.9,30.2,3.98,
2000-08-02,8.9,31.1,4.55,
2000-08-03,10.7,29.7,3.75,
2000-08-04,1.7,29.8,3.49,
2000-08-05,13.3,29.3,3.34,
2000-08-06,23.2,30.3,3.57,
2000-08-07,13.5,29.7,3.57,
2000-08-08,6.6,30.5,3.91,
2000-08-09,13.3,29.6,3.82,
2000-08-10,7.5,31.4,4.46,
2000-08-11,12.1,31.9,4.62,
2000-08-12,14.2,31.1,4.29,
2000-08-13,13.2,30.7,4.27,
2000-08-14,4.6,30.9,4.09,
2000-08-15,10.4,29.7,3.47,
2000-08-16,8.3,29.1,3.43,
2000-08-17,9.8,28.5,2.82,
2000-08-18,15.1,26.6,1.99,
2000-08-19,15.3,26.8,2.01,
2000-08-20,15.8,28.0,2.61,
2000-08-21,25.4,26.4,1.85,
2000-08-22,16.0,27.6,2.76,
2000-08-23,5.2,27.6,2.55,
2000-08-24,12.9,28.5,2.6,
2000-08-25,7.1,29.7,2.93,
2000-08-26,9.2,29.0,3.26,
2000-08-27,9.4,30.0,3.93,
2000-08-28,8.7,30.1,3.89,
2000-08-29,12.6,30.3,3.22,
2000-08-30,6.4,29.3,2.77,
2000-08-31,5.3,28.9,3.32,
2000-09-01,0.2,31.1,4.81,
2000-09-02,0.1,31.0,4.78,
2000-09-03,0.0,31.4,5.01,
2000-09-04,0.0,31.2,4.94,
2000-09-05,0.1,30.2,3.79,
2000-09-06,4.6,30.2,3.86,
2000-09-07,1.9,29.3,3.25,
2000-09-08,5.7,30.4,4.06,
2000-09-09,5.8,29.5,3.55,
2000-09-10,6.9,29.1,3.49,
2000-09-11,8.3,29.4,3.69,
2000-09-12,5.2,29.2,3.27,
2000-09-13,2.8,30.5,3.69,
2000-09-14,10.6,30.9,3.51,
2000-09-15,13.5,29.5,3.13,
2000-09-16,18.6,28.4,3.03,
2000-09-17,6.0,31.4,4.24,
2000-09-18,10.8,31.3,4.3,
2000-09-19,8.7,30.8,3.81,
2000-09-20,6.3,29.7,3.85,
2000-09-21,20.6,30.3,3.69,
2000-09-22,17.2,26.0,1.36,
2000-09-23,8.9,30.5,3.96,
2000-09-24,8.9,31.4,4.43,
2000-09-25,8.4,31.5,4.62,
2000-09-26,12.9,31.3,3.97,
2000-09-27,19.0,30.5,3.91,
2000-09-28,11.1,30.6,3.77,
2000-09-29,13.9,31.3,4.18,
2000-09-30,12.3,31.0,4.09,
2000-10-01,13.0,30.8,3.93,
2000-10-02,8.1,30.0,2.84,
2000-10-03,21.1,30.1,3.53,
2000-10-04,15.0,30.4,3.58,
2000-10-05,28.0,30.1,3.19,
2000-10-06,18.4,28.6,2.39,
2000-10-07,5.6,27.8,1.98,
2000-10-08,4.4,30.6,3.8,
2000-10-09,8.4,28.2,2.69,
2000-10-10,10.4,25.8,1.44,
2000-10-11,3.7,28.4,2.88,
2000-10-12,14.4,28.6,2.23,
2000-10-13,32.6,25.6,1.1,
2000-10-14,20.1,26.1,1.46,
2000-10-15,19.3,28.6,2.12,
2000-10-16,8.4,29.7,2.89,
2000-10-17,31.4,29.5,2.14,
2000-10-18,15.2,29.7,2.75,
2000-10-19,12.4,30.5,3.28,
2000-10-20,11.8,28.6,2.59,
2000-10-21,8.9,29.8,3.35,
2000-10-22,7.8,30.1,2.96,
2000-10-23,19.3,29.6,2.69,
2000-10-24,12.3,30.5,3.63,
2000-10-25,4.6,30.5,3.49,
2000-10-26,5.4,30.5,3.52,
2000-10-27,13.9,30.6,3.33,
2000-10-28,30.2,29.6,2.54,
2000-10-29,17.4,29.4,2.6,
2000-10-30,27.0,29.0,2.55,
2000-10-31,32.1,28.1,2.03,
2000-11-01,28.6,29.9,3.07,
2000-11-02,4.2,29.0,3.25,
2000-11-03,5.0,29.4,3.55,
2000-11-04,1.5,29.8,4.05,
2000-11-05,0.1,29.7,4.01,
2000-11-06,11.7,29.3,3.54,
2000-11-07,3.9,29.8,3.52,
2000-11-08,0.0,30.6,4.37,
2000-11-09,0.1,30.0,4.18,
2000-11-10,0.1,30.4,4.3,
2000-11-11,1.3,30.2,3.77,
2000-11-12,1.5,31.1,4.05,
2000-11-13,1.7,30.3,3.96,
2000-11-14,1.0,30.1,3.79,
2000-11-15,5.1,31.4,3.99,
2000-11-16,9.9,28.3,2.04,
2000-11-17,10.0,29.4,2.49,
2000-11-18,5.4,27.0,1.56,
2000-11-19,3.0,30.0,3.52,
2000-11-20,6.8,29.7,2.93,
2000-11-21,9.1,28.8,2.75,
2000-11-22,0.0,29.5,3.88,
2000-11-23,21.8,27.2,1.64,
2000-11-24,11.7,27.4,1.55,
2000-11-25,9.5,28.0,2.61,
2000-11-26,21.7,28.6,2.64,
2000-11-27,13.3,29.3,3.07,
2000-11-28,0.4,30.6,3.76,
2000-11-29,5.2,30.3,3.23,
2000-11-30,3.5,29.7,3.08,
2000-12-01,1.1,29.4,2.95,
2000-12-02,1.5,30.0,3.27,
2000-12-03,0.0,30.8,4.59,
2000-12-04,0.0,30.5,4.38,
2000-12-05,0.0,30.2,4.09,
2000-12-06,0.0,29.6,3.66,
2000-12-07,36.8,27.6,2.27,
2000-12-08,15.0,26.7,2.0,
2000-12-09,4.3,28.2,2.88,
2000-12-10,0.0,29.7,3.74,
2000-12-11,5.4,30.6,3.48,
2000-12-12,6.2,30.4,3.33,
2000-12-13,3.5,29.5,3.5,
2000-12-14,2.1,29.3,3.55,
2000-12-15,6.0,29.0,3.1,
2000-12-16,4.3,29.9,3.46,
2000-12-17,4.6,30.2,3.86,
2000-12-18,0.9,29.9,3.53,
2000-12-19,6.4,27.9,2.94,
2000-12-20,8.6,28.7,2.97,
2000-12-21,0.4,29.6,3.89,
2000-12-22,0.9,29.7,3.71,
2000-12-23,0.0,29.5,3.7,
2000-12-24,0.0,28.1,3.36,
2000-12-25,0.3,28.8,3.61,
2000-12-26,14.2,24.8,1.21,
2000-12-27,5.3,25.9,1.76,
2000-12-28,2.1,28.2,2.93,
2000-12-29,1.6,29.6,3.71,
2000-12-30,0.2,29.9,4.49,
2000-12-31,1.5,28.8,4.26,
2001-01-01,0.9,27.6,3.82,
2001-01-02,0.5,28.1,3.83,
2001-01-03,0.0,28.7,3.95,
2001-01-04,0.6,28.7,3.35,
2001-01-05,0.0,27.5,2.63,
2001-01-06,0.2,29.0,3.91,
2001-01-07,0.0,29.0,4.06,
2001-01-08,0.0,29.6,3.9,
2001-01-09,0.7,29.4,3.42,
2001-01-10,4.5,29.7,3.21,
2001-01-11,1.4,28.3,2.44,
2001-01-12,1.0,29.3,2.73,
2001-01-13,6.5,29.1,3.07,
2001-01-14,6.1,28.2,3.39,
2001-01-15,0.0,29.5,5.05,
2001-01-16,0.9,29.5,4.28,
2001-01-17,5.9,25.5,2.19,
2001-01-18,0.8,27.5,2.85,
2001-01-19,1.8,28.6,3.66,
2001-01-20,0.8,28.8,4.0,
2001-01-21,0.3,29.9,4.59,
2001-01-22,0.4,30.3,4.33,
2001-01-23,0.0,29.4,3.6,
2001-01-24,0.0,29.8,4.41,
2001-01-25,0.4,30.3,3.83,
2001-01-26,0.0,30.9,3.76,
2001-01-27,0.0,30.4,4.02,
2001-01-28,0.3,31.4,4.48,
2001-01-29,0.0,31.4,4.44,
2001-01-30,0.0,31.2,4.14,
2001-01-31,0.1,30.8,3.98,
2001-02-01,2.2,29.7,3.18,
2001-02-02,0.0,30.0,4.59,
2001-02-03,0.0,30.0,4.28,
2001-02-04,0.0,30.4,4.93,
2001-02-05,0.0,31.2,5.29,
2001-02-06,0.2,31.2,4.42,
2001-02-07,0.8,30.7,4.13,
2001-02-08,0.0,32.5,5.08,
2001-02-09,4.2,31.2,4.16,
2001-02-10,0.8,30.7,3.24,
2001-02-11,2.5,29.8,2.77,
2001-02-12,11.3,31.2,3.71,
2001-02-13,34.9,29.3,2.53,
2001-02-14,1.1,29.6,3.99,
2001-02-15,0.0,30.0,5.43,
2001-02-16,0.1,30.3,4.9,
2001-02-17,0.0,30.0,4.49,
2001-02-18,0.0,30.3,4.41,
2001-02-19,1.2,29.1,4.11,
2001-02-20,1.6,29.6,3.92,
2001-02-21,0.8,30.0,4.22,
2001-02-22,0.1,31.1,4.81,
2001-02-23,0.0,31.3,4.67,
2001-02-24,0.0,31.5,4.75,
2001-02-25,0.4,31.5,4.45,
2001-02-26,0.6,31.0,4.71,
2001-02-27,0.0,31.1,4.97,
2001-02-28,0.4,30.9,4.55,
2001-03-01,0.0,32.0,5.74,
2001-03-02,0.0,33.3,5.66,
2001-03-03,0.0,33.5,5.37,
2001-03-04,0.5,33.8,4.55,
2001-03-05,0.0,32.9,5.67,
2001-03-06,7.2,30.4,3.54,
2001-03-07,11.8,29.3,3.26,
2001-03-08,0.5,30.4,4.4,
2001-03-09,2.0,29.9,4.03,
2001-03-10,1.4,30.9,4.9,
2001-03-11,0.7,31.9,4.93,
2001-03-12,0.4,30.8,4.61,
2001-03-13,5.5,29.7,3.75,
2001-03-14,1.7,31.0,4.07,
2001-03-15,6.3,31.6,4.17,
2001-03-16,9.1,31.9,4.38,
2001-03-17,18.1,30.4,3.71,
2001-03-18,34.0,30.0,2.8,
2001-03-19,6.7,29.7,3.45,
2001-03-20,8.6,29.9,3.57,
2001-03-21,9.3,29.9,4.06,
2001-03-22,5.3,30.0,3.7,
2001-03-23,7.1,29.9,3.79,
2001-03-24,5.7,31.4,4.33,
2001-03-25,14.0,31.4,3.9,
2001-03-26,0.3,31.7,4.81,
2001-03-27,7.9,30.7,4.22,
2001-03-28,10.9,29.4,2.99,
2001-03-29,6.0,31.3,4.22,
2001-03-30,14.1,30.8,3.83,
2001-03-31,14.6,29.6,3.38,
2001-04-01,4.6,30.5,4.05,
2001-04-02,4.9,30.5,3.61,
2001-04-03,9.9,30.0,3.59,
2001-04-04,0.8,31.7,4.57,
2001-04-05,1.2,31.8,4.75,
2001-04-06,5.7,31.0,4.16,
2001-04-07,0.5,32.2,5.12,
2001-04-08,1.7,31.2,4.38,
2001-04-09,0.0,32.6,5.47,
2001-04-10,0.0,33.4,5.47,
2001-04-11,0.0,33.3,5.13,
2001-04-12,0.0,32.6,5.52,
2001-04-13,4.3,32.2,4.83,
2001-04-14,7.2,31.6,3.96,
2001-04-15,10.6,31.7,4.23,
2001-04-16,3.8,32.2,4.6,
2001-04-17,2.9,31.6,4.42,
2001-04-18,0.7,31.9,4.87,
2001-04-19,0.0,32.9,5.23,
2001-04-20,0.0,33.1,5.46,
2001-04-21,0.0,33.3,5.78,
2001-04-22,4.5,31.1,4.15,
2001-04-23,6.1,31.2,4.18,
2001-04-24,6.5,30.5,3.48,
2001-04-25,10.9,31.0,4.17,
2001-04-26,5.5,30.6,4.15,
2001-04-27,12.1,30.8,3.8,
2001-04-28,24.4,28.8,1.78,
2001-04-29,19.7,29.3,2.34,
2001-04-30,9.7,31.1,3.77,
2001-05-01,3.1,31.5,4.37,
2001-05-02,5.2,31.5,4.35,
2001-05-03,1.0,32.0,4.84,
2001-05-04,1.9,32.4,4.92,
2001-05-05,4.8,32.0,4.46,
2001-05-06,1.2,32.5,4.8,
2001-05-07,2.4,33.0,4.89,
2001-05-08,3.1,31.4,4.71,
2001-05-09,0.0,33.3,5.66,
2001-05-10,0.7,33.0,5.24,
2001-05-11,12.7,31.2,3.86,
2001-05-12,7.5,30.2,3.89,
2001-05-13,5.3,29.0,2.41,
2001-05-14,8.4,29.6,2.77,
2001-05-15,10.5,30.7,3.1,
2001-05-16,23.5,26.7,1.03,
2001-05-17,5.7,32.0,4.05,
2001-05-18,6.1,31.7,4.11,
2001-05-19,2.0,31.7,4.46,
2001-05-20,5.6,31.2,4.15,
2001-05-21,3.5,31.8,4.38,
2001-05-22,4.4,31.6,4.36,
2001-05-23,10.6,31.4,4.03,
2001-05-24,8.0,31.2,4.36,
2001-05-25,12.0,30.2,3.32,
2001-05-26,15.7,31.9,4.24,
2001-05-27,6.4,31.6,4.05,
2001-05-28,6.1,29.9,3.21,
2001-05-29,2.4,31.7,4.55,
2001-05-30,11.8,32.6,4.69,
2001-05-31,5.2,32.2,4.8,
2001-06-01,8.1,31.6,4.29,
2001-06-02,9.6,30.1,3.59,
2001-06-03,13.4,30.6,3.81,
2001-06-04,8.4,31.2,4.13,
2001-06-05,3.1,31.3,4.11,
2001-06-06,11.9,30.5,3.4,
2001-06-07,11.9,30.5,3.25,
2001-06-08,16.6,29.2,2.96,
2001-06-09,6.0,31.9,4.44,
2001-06-10,7.7,31.2,3.95,
2001-06-11,13.5,31.8,4.22,
2001-06-12,11.5,31.1,4.09,
2001-06-13,7.2,30.8,4.42,
2001-06-14,9.9,29.5,3.44,
2001-06-15,3.0,29.4,3.22,
2001-06-16,15.6,29.5,3.35,
2001-06-17,6.3,28.4,2.92,
2001-06-18,16.3,29.7,3.1,
2001-06-19,2.5,29.8,3.48,
2001-06-20,10.9,29.3,3.06,
2001-06-21,7.5,29.9,3.25,
2001-06-22,15.5,28.9,2.87,
2001-06-23,37.2,26.5,1.4,
2001-06-24,19.3,28.0,2.26,
2001-06-25,11.0,27.0,1.81,
2001-06-26,7.8,28.0,2.2,
2001-06-27,4.3,29.1,2.72,
2001-06-28,10.4,30.0,3.31,
2001-06-29,14.5,29.9,3.17,
2001-06-30,0.7,31.4,4.38,
2001-07-01,9.4,29.9,3.77,
2001-07-02,6.5,29.8,3.74,
2001-07-03,10.1,28.0,2.36,
2001-07-04,24.1,27.7,2.24,
2001-07-05,9.6,27.6,1.84,
2001-07-06,12.8,28.7,2.76,
2001-07-07,12.8,28.1,1.94,
2001-07-08,3.3,31.1,3.75,
2001-07-09,7.6,30.7,3.72,
2001-07-10,1.3,31.9,4.83,
2001-07-11,2.7,30.7,4.32,
2001-07-12,2.6,30.9,4.08,
2001-07-13,1.4,30.9,4.63,
2001-07-14,4.4,30.5,4.0,
2001-07-15,6.7,30.0,3.61,
2001-07-16,5.9,30.9,4.39,
2001-07-17,3.6,31.3,4.46,
2001-07-18,4.2,31.0,4.47,
2001-07-19,5.4,31.0,4.53,
2001-07-20,0.7,30.3,3.9,
2001-07-21,7.3,29.9,3.31,
2001-07-22,2.7,30.3,3.52,
2001-07-23,6.9,31.4,4.39,
2001-07-24,2.3,31.3,4.7,
2001-07-25,7.1,31.4,4.57,
2001-07-26,8.4,31.8,4.43,
2001-07-27,2.5,30.8,4.26,
2001-07-28,3.8,31.1,4.31,
2001-07-29,7.1,30.1,3.76,
2001-07-30,8.4,31.1,4.04,
2001-07-31,8.5,29.9,3.78,
2001-08-01,5.5,30.2,4.27,
2001-08-02,16.0,29.1,3.63,
2001-08-03,5.7,31.3,4.71,
2001-08-04,10.0,28.5,2.16,
2001-08-05,22.8,26.6,1.73,
2001-08-06,8.9,29.3,2.94,
2001-08-07,5.5,30.6,3.79,
2001-08-08,7.3,29.4,3.57,
2001-08-09,4.6,29.7,3.2,
2001-08-10,5.5,30.5,3.38,
2001-08-11,8.4,30.9,3.9,
2001-08-12,3.6,30.9,4.4,
2001-08-13,11.0,30.5,3.53,
2001-08-14,7.7,29.9,3.59,
2001-08-15,8.5,29.3,3.21,
2001-08-16,16.1,28.7,2.57,
2001-08-17,32.0,26.6,1.5,
2001-08-18,2.5,29.9,3.52,
2001-08-19,12.9,28.6,2.34,
2001-08-20,17.5,28.2,2.07,
2001-08-21,10.9,27.9,2.41,
2001-08-22,16.0,26.4,1.79,
2001-08-23,15.8,29.2,3.2,
2001-08-24,6.7,30.4,3.96,
2001-08-25,3.5,31.1,4.41,
2001-08-26,9.9,30.0,3.85,
2001-08-27,0.7,30.0,3.75,
2001-08-28,2.9,30.3,4.01,
2001-08-29,5.4,28.3,2.83,
2001-08-30,8.4,28.8,3.29,
2001-08-31,2.4,31.0,4.57,
2001-09-01,3.1,30.5,4.5,
2001-09-02,6.9,30.6,4.21,
2001-09-03,13.4,30.0,3.8,
2001-09-04,8.3,30.5,3.96,
2001-09-05,9.0,30.5,3.89,
2001-09-06,3.5,31.0,4.48,
2001-09-07,8.1,31.2,4.13,
2001-09-08,6.5,31.3,4.26,
2001-09-09,7.7,29.3,3.53,
2001-09-10,2.8,28.1,2.33,
2001-09-11,7.2,30.2,3.91,
2001-09-12,2.4,31.6,4.74,
2001-09-13,5.4,31.8,4.59,
2001-09-14,1.7,31.5,4.81,
2001-09-15,4.9,32.1,4.52,
2001-09-16,16.5,29.8,2.88,
2001-09-17,9.3,30.9,4.11,
2001-09-18,4.0,30.3,3.58,
2001-09-19,3.1,30.6,3.95,
2001-09-20,5.7,31.0,4.13,
2001-09-21,7.2,31.3,3.97,
2001-09-22,7.5,31.3,3.85,
2001-09-23,20.9,29.9,2.6,
2001-09-24,26.1,28.5,2.55,
2001-09-25,6.5,29.9,3.09,
2001-09-26,22.1,30.6,3.41,
2001-09-27,23.6,26.6,1.6,
2001-09-28,25.4,26.3,1.26,
2001-09-29,18.5,28.2,2.07,
2001-09-30,14.0,29.2,2.17,
2001-10-01,16.5,27.1,1.76,
2001-10-02,12.7,29.0,2.65,
2001-10-03,17.4,30.2,3.26,
2001-10-04,30.0,30.7,3.36,
2001-10-05,49.8,29.8,2.86,
2001-10-06,9.8,29.7,2.62,
2001-10-07,27.0,30.5,3.62,
2001-10-08,10.1,28.5,2.77,
2001-10-09,7.8,29.8,2.9,
2001-10-10,11.5,30.8,3.54,
2001-10-11,32.0,30.2,3.13,
2001-10-12,20.6,30.8,3.96,
2001-10-13,14.7,29.4,2.43,
2001-10-14,26.6,30.7,3.2,
2001-10-15,17.1,29.1,2.42,
2001-10-16,22.6,26.9,1.42,
2001-10-17,12.4,28.0,1.86,
2001-10-18,17.0,28.5,2.05,
2001-10-19,27.2,29.5,2.41,
2001-10-20,9.1,31.5,4.12,
2001-10-21,3.7,29.9,2.91,
2001-10-22,7.0,28.0,1.63,
2001-10-23,8.6,29.3,3.04,
2001-10-24,9.1,29.8,3.09,
2001-10-25,12.2,29.8,3.04,
2001-10-26,7.8,29.5,3.28,
2001-10-27,8.8,29.1,2.79,
2001-10-28,14.0,28.8,2.36,
2001-10-29,10.4,29.4,2.83,
2001-10-30,12.8,28.0,2.43,
2001-10-31,19.1,29.2,2.98,
2001-11-01,16.1,27.8,1.84,
2001-11-02,11.1,28.3,2.36,
2001-11-03,15.5,29.6,2.84,
2001-11-04,10.5,29.2,2.85,
2001-11-05,5.8,29.5,2.57,
2001-11-06,9.7,30.5,3.6,
2001-11-07,9.7,29.8,3.37,
2001-11-08,10.0,30.7,3.43,
2001-11-09,0.0,31.2,4.59,
2001-11-10,0.0,30.7,4.31,
2001-11-11,0.0,29.5,3.33,
2001-11-12,0.0,30.5,3.86,
2001-11-13,0.7,29.8,3.95,
2001-11-14,3.8,29.2,2.8,
2001-11-15,0.5,30.2,3.64,
2001-11-16,0.3,29.8,4.1,
2001-11-17,0.0,30.5,4.58,
2001-11-18,0.2,29.2,3.39,
2001-11-19,1.6,29.0,3.35,
2001-11-20,1.1,27.5,3.06,
2001-11-21,0.0,28.8,4.27,
2001-11-22,0.0,29.9,4.84,
2001-11-23,0.0,30.3,4.38,
2001-11-24,0.3,29.7,3.75,
2001-11-25,2.4,29.3,3.65,
2001-11-26,0.9,28.4,3.67,
2001-11-27,0.0,29.7,4.51,
2001-11-28,0.0,29.9,4.13,
2001-11-29,1.9,30.2,3.72,
2001-11-30,9.9,30.1,3.52,
2001-12-01,0.9,31.1,4.19,
2001-12-02,1.8,30.2,3.91,
2001-12-03,1.4,29.2,2.58,
2001-12-04,1.0,29.9,3.5,
2001-12-05,2.0,29.9,2.74,
2001-12-06,13.4,27.3,1.74,
2001-12-07,1.6,30.9,3.91,
2001-12-08,0.0,31.2,4.69,
2001-12-09,0.0,31.4,4.77,
2001-12-10,0.0,30.9,4.7,
2001-12-11,0.0,31.0,4.27,
2001-12-12,4.3,29.3,3.34,
2001-12-13,0.9,29.9,3.23,
2001-12-14,0.6,29.3,2.22,
2001-12-15,12.0,26.2,1.53,
2001-12-16,2.1,28.9,3.39,
2001-12-17,1.2,29.6,3.84,
2001-12-18,0.0,30.6,4.61,
2001-12-19,0.0,31.0,5.11,
2001-12-20,0.0,30.8,4.79,
2001-12-21,0.1,31.1,4.6,
2001-12-22,0.0,29.7,4.06,
2001-12-23,0.6,27.8,3.62,
2001-12-24,0.0,29.3,3.71,
2001-12-25,0.0,30.1,3.88,
2001-12-26,0.0,30.1,3.99,
2001-12-27,1.3,29.7,3.61,
2001-12-28,5.9,27.7,2.67,
2001-12-29,0.0,28.8,5.08,
2001-12-30,0.0,29.0,4.82,
2001-12-31,0.0,29.5,4.5,
2002-01-01,0.0,30.0,4.37,
2002-01-02,0.0,30.0,4.16,
2002-01-03,0.0,29.1,4.24,
2002-01-04,0.0,31.2,4.8,
2002-01-05,0.0,30.4,3.93,
2002-01-06,0.0,30.1,4.23,
2002-01-07,0.0,30.4,5.58,
2002-01-08,0.0,30.1,5.31,
2002-01-09,0.0,30.8,5.42,
2002-01-10,0.0,31.2,5.24,
2002-01-11,0.0,30.9,4.8,
2002-01-12,0.0,30.4,4.33,
2002-01-13,0.0,31.0,4.93,
2002-01-14,0.0,30.6,4.67,
2002-01-15,0.0,31.6,4.37,
2002-01-16,0.7,31.1,4.01,
2002-01-17,0.0,31.5,4.25,
2002-01-18,0.5,29.6,2.54,
2002-01-19,0.8,31.9,4.44,
2002-01-20,0.3,31.5,4.67,
2002-01-21,0.0,31.7,5.16,
2002-01-22,0.0,31.6,5.95,
2002-01-23,0.0,31.5,6.13,
2002-01-24,0.0,31.9,5.57,
2002-01-25,0.0,31.6,5.07,
2002-01-26,0.2,31.0,4.13,
2002-01-27,0.9,31.0,4.52,
2002-01-28,0.0,32.4,5.76,
2002-01-29,0.0,32.1,6.24,
2002-01-30,0.0,32.0,6.54,
2002-01-31,0.0,32.7,6.19,
2002-02-01,0.0,31.9,5.54,
2002-02-02,0.0,31.9,5.8,
2002-02-03,0.0,31.9,5.08,
2002-02-04,0.0,30.9,4.83,
2002-02-05,0.0,31.2,5.14,
2002-02-06,0.0,31.1,5.68,
2002-02-07,0.0,31.1,5.1,
2002-02-08,0.0,31.7,4.98,
2002-02-09,0.0,32.4,4.56,
2002-02-10,0.0,32.6,5.06,
2002-02-11,0.0,32.9,6.17,
2002-02-12,0.0,32.7,5.92,
2002-02-13,0.0,32.5,5.58,
2002-02-14,0.0,32.6,5.84,
2002-02-15,0.0,31.5,5.14,
2002-02-16,0.0,31.7,5.88,
2002-02-17,0.0,33.4,5.47,
2002-02-18,0.0,32.7,5.66,
2002-02-19,0.0,32.1,5.08,
2002-02-20,0.0,32.6,5.56,
2002-02-21,0.3,32.7,5.72,
2002-02-22,0.1,32.4,5.45,
2002-02-23,0.2,32.0,5.53,
2002-02-24,0.0,31.7,5.2,
2002-02-25,0.0,32.8,6.12,
2002-02-26,0.0,33.1,5.9,
2002-02-27,0.0,32.7,5.37,
2002-02-28,0.5,33.1,4.66,
2002-03-01,0.0,32.2,5.02,
2002-03-02,0.0,31.8,5.11,
2002-03-03,0.0,32.7,5.44,
2002-03-04,0.0,32.5,6.05,
2002-03-05,0.0,33.8,5.28,
2002-03-06,0.2,32.8,5.56,
2002-03-07,0.0,31.9,5.73,
2002-03-08,0.0,32.9,6.7,
2002-03-09,0.0,32.6,5.98,
2002-03-10,0.0,31.9,5.31,
2002-03-11,0.3,31.1,5.13,
2002-03-12,0.0,31.9,5.28,
2002-03-13,0.0,32.4,5.14,
2002-03-14,0.0,34.4,5.89,
2002-03-15,0.3,35.1,5.62,
2002-03-16,0.0,34.1,5.61,
2002-03-17,0.0,34.1,6.14,
2002-03-18,0.0,33.7,6.43,
2002-03-19,0.0,34.2,7.31,
2002-03-20,0.3,33.1,6.21,
2002-03-21,0.1,33.3,5.78,
2002-03-22,2.1,33.2,4.88,
2002-03-23,0.0,35.5,5.67,
2002-03-24,0.0,33.9,5.27,
2002-03-25,0.2,34.8,5.84,
2002-03-26,0.0,34.3,5.83,
2002-03-27,0.5,35.3,5.82,
2002-03-28,0.4,34.6,5.78,
2002-03-29,0.2,35.3,5.77,
2002-03-30,0.1,34.9,5.94,
2002-03-31,0.0,35.4,6.14,
2002-04-01,0.0,33.7,5.88,
2002-04-02,0.2,34.8,6.08,
2002-04-03,0.0,35.2,5.85,
2002-04-04,0.1,35.7,5.8,
2002-04-05,0.8,34.6,5.87,
2002-04-06,0.7,35.1,5.78,
2002-04-07,1.2,35.3,5.8,
2002-04-08,0.0,36.0,6.15,
2002-04-09,0.0,36.3,5.86,
2002-04-10,0.8,35.1,5.22,
2002-04-11,0.2,35.3,6.13,
2002-04-12,0.8,34.4,6.33,
2002-04-13,0.0,34.7,6.83,
2002-04-14,0.9,34.5,6.13,
2002-04-15,3.0,33.5,4.74,
2002-04-16,1.6,33.4,5.3,
2002-04-17,6.7,33.8,5.0,
2002-04-18,1.8,34.1,5.35,
2002-04-19,1.5,33.5,5.2,
2002-04-20,0.3,34.0,5.41,
2002-04-21,1.4,33.4,5.09,
2002-04-22,11.6,34.6,4.81,
2002-04-23,1.0,33.6,4.91,
2002-04-24,8.8,32.0,4.45,
2002-04-25,11.6,30.1,3.58,
2002-04-26,7.2,31.5,4.28,
2002-04-27,0.2,33.1,5.71,
2002-04-28,0.0,32.9,5.33,
2002-04-29,0.0,34.0,6.16,
2002-04-30,0.2,34.6,5.9,
2002-05-01,0.1,34.0,5.36,
2002-05-02,0.0,34.4,6.03,
2002-05-03,0.0,34.7,5.99,
2002-05-04,0.0,34.2,5.5,
2002-05-05,0.9,35.3,5.9,
2002-05-06,2.1,33.5,4.42,
2002-05-07,3.6,32.6,4.7,
2002-05-08,1.2,33.7,5.55,
2002-05-09,2.7,32.8,5.21,
2002-05-10,13.1,32.1,3.38,
2002-05-11,10.3,31.1,2.89,
2002-05-12,14.1,32.5,4.21,
2002-05-13,7.5,32.9,4.44,
2002-05-14,3.6,33.0,4.75,
2002-05-15,0.0,33.2,5.16,
2002-05-16,0.0,33.5,5.41,
2002-05-17,2.0,33.7,5.09,
2002-05-18,6.6,33.6,4.75,
2002-05-19,1.6,33.8,5.32,
2002-05-20,0.0,34.0,5.56,
2002-05-21,6.6,33.2,4.97,
2002-05-22,5.4,32.3,4.84,
2002-05-23,4.8,31.0,4.06,
2002-05-24,6.1,31.3,3.74,
2002-05-25,6.4,32.0,3.74,
2002-05-26,14.7,29.7,2.81,
2002-05-27,5.1,31.2,3.47,
2002-05-28,6.2,30.3,3.31,
2002-05-29,1.5,32.5,4.36,
2002-05-30,2.6,32.4,4.55,
2002-05-31,0.0,33.0,5.14,
2002-06-01,3.9,32.8,5.02,
2002-06-02,6.1,31.8,4.42,
2002-06-03,8.4,31.6,4.02,
2002-06-04,6.7,32.2,4.12,
2002-06-05,7.3,32.2,4.35,
2002-06-06,3.5,32.5,4.4,
2002-06-07,6.2,30.9,4.17,
2002-06-08,9.6,31.4,4.22,
2002-06-09,24.0,31.6,4.12,
2002-06-10,12.2,32.0,4.14,
2002-06-11,10.1,31.6,3.95,
2002-06-12,14.3,31.7,3.78,
2002-06-13,8.9,32.5,4.3,
2002-06-14,11.1,30.7,3.69,
2002-06-15,3.4,30.5,2.5,
2002-06-16,17.7,31.3,3.56,
2002-06-17,5.6,31.1,3.69,
2002-06-18,3.9,31.7,3.35,
2002-06-19,2.0,31.0,3.24,
2002-06-20,3.7,29.7,2.69,
2002-06-21,2.3,30.9,3.04,
2002-06-22,15.7,29.0,2.53,
2002-06-23,3.3,30.7,3.73,
2002-06-24,2.2,32.1,4.25,
2002-06-25,10.8,29.7,2.65,
2002-06-26,7.2,29.6,3.77,
2002-06-27,8.7,30.1,3.59,
2002-06-28,8.2,30.6,4.0,
2002-06-29,6.1,30.4,4.05,
2002-06-30,5.5,30.6,4.06,
2002-07-01,0.5,31.8,5.04,
2002-07-02,5.5,30.8,4.41,
2002-07-03,1.7,31.5,4.45,
2002-07-04,5.4,29.4,3.63,
2002-07-05,8.2,30.1,3.47,
2002-07-06,7.3,29.2,3.67,
2002-07-07,3.5,30.9,3.6,
2002-07-08,2.2,31.8,4.58,
2002-07-09,2.2,31.3,4.42,
2002-07-10,2.1,30.7,3.74,
2002-07-11,1.5,30.4,3.58,
2002-07-12,1.8,30.0,3.76,
2002-07-13,4.5,31.3,4.44,
2002-07-14,0.9,31.2,4.17,
2002-07-15,10.5,30.4,3.49,
2002-07-16,12.8,29.9,2.84,
2002-07-17,11.7,31.1,3.87,
2002-07-18,5.5,31.1,4.12,
2002-07-19,6.3,31.7,4.59,
2002-07-20,0.5,31.7,4.89,
2002-07-21,4.4,31.9,4.61,
2002-07-22,1.6,31.7,4.86,
2002-07-23,2.0,30.5,4.47,
2002-07-24,4.1,31.4,4.63,
2002-07-25,7.4,30.5,3.85,
2002-07-26,5.3,31.3,4.28,
2002-07-27,3.6,30.2,3.78,
2002-07-28,12.3,30.0,3.24,
2002-07-29,6.1,29.8,3.27,
2002-07-30,5.4,30.5,3.93,
2002-07-31,7.3,32.0,4.62,
2002-08-01,1.2,31.7,4.84,
2002-08-02,7.3,31.1,4.5,
2002-08-03,4.8,30.3,3.77,
2002-08-04,9.8,31.3,3.95,
2002-08-05,3.9,31.3,3.96,
2002-08-06,5.9,29.2,2.99,
2002-08-07,4.3,28.5,2.47,
2002-08-08,11.5,27.6,2.55,
2002-08-09,10.0,30.4,4.03,
2002-08-10,4.0,30.9,4.37,
2002-08-11,15.2,30.5,3.94,
2002-08-12,9.0,27.7,2.08,
2002-08-13,7.1,27.5,2.08,
2002-08-14,1.3,29.1,2.24,
2002-08-15,1.9,28.7,2.42,
2002-08-16,2.5,29.6,3.25,
2002-08-17,1.1,30.4,3.99,
2002-08-18,3.1,29.5,3.93,
2002-08-19,14.1,27.7,2.94,
2002-08-20,46.5,27.9,2.08,
2002-08-21,14.1,28.4,2.45,
2002-08-22,4.8,30.6,4.32,
2002-08-23,4.6,30.4,4.06,
2002-08-24,4.8,30.6,3.15,
2002-08-25,6.5,30.7,3.62,
2002-08-26,10.3,30.3,3.79,
2002-08-27,12.5,29.6,3.66,
2002-08-28,10.3,29.4,3.59,
2002-08-29,1.1,31.1,4.7,
2002-08-30,10.3,30.1,3.47,
2002-08-31,12.5,27.1,1.81,
2002-09-01,2.5,30.5,4.25,
2002-09-02,3.0,30.8,4.35,
2002-09-03,9.6,30.0,3.95,
2002-09-04,6.3,30.5,3.86,
2002-09-05,4.1,30.8,4.1,
2002-09-06,4.6,31.3,4.5,
2002-09-07,1.7,30.1,3.51,
2002-09-08,9.5,30.1,3.83,
2002-09-09,13.7,29.3,2.26,
2002-09-10,11.9,28.1,2.01,
2002-09-11,17.6,26.4,1.31,
2002-09-12,4.3,30.3,4.25,
2002-09-13,12.1,29.8,3.92,
2002-09-14,2.6,30.9,4.51,
2002-09-15,10.5,31.1,4.36,
2002-09-16,4.5,30.6,4.21,
2002-09-17,8.1,29.5,3.42,
2002-09-18,9.8,26.9,1.93,
2002-09-19,11.8,30.0,3.14,
2002-09-20,8.5,28.9,3.09,
2002-09-21,12.8,28.8,3.17,
2002-09-22,13.0,29.5,3.09,
2002-09-23,10.9,28.6,2.66,
2002-09-24,12.6,29.0,2.71,
2002-09-25,12.8,30.5,3.27,
2002-09-26,3.3,31.3,4.49,
2002-09-27,3.9,32.1,4.51,
2002-09-28,8.2,31.4,4.43,
2002-09-29,32.7,30.5,3.79,
2002-09-30,14.8,29.3,2.88,
2002-10-01,10.8,31.3,4.07,
2002-10-02,11.6,31.5,4.02,
2002-10-03,12.1,30.1,2.58,
2002-10-04,6.8,30.8,3.35,
2002-10-05,4.6,31.1,3.74,
2002-10-06,11.9,31.4,4.04,
2002-10-07,15.1,30.8,3.7,
2002-10-08,8.5,30.1,3.76,
2002-10-09,12.4,31.2,4.13,
2002-10-10,2.0,30.7,3.52,
2002-10-11,10.9,30.9,3.71,
2002-10-12,23.1,30.2,2.79,
2002-10-13,7.4,30.7,3.53,
2002-10-14,0.4,31.3,4.7,
2002-10-15,1.5,30.9,4.4,
2002-10-16,2.5,31.5,4.66,
2002-10-17,12.5,30.9,3.88,
2002-10-18,16.2,31.1,3.88,
2002-10-19,9.5,31.2,3.51,
2002-10-20,7.0,31.6,4.13,
2002-10-21,6.4,29.8,3.22,
2002-10-22,5.0,31.5,3.62,
2002-10-23,16.9,30.5,3.4,
2002-10-24,25.8,29.2,2.52,
2002-10-25,17.5,28.9,2.63,
2002-10-26,7.8,30.3,3.72,
2002-10-27,0.5,31.1,4.26,
2002-10-28,8.6,30.7,3.67,
2002-10-29,11.2,30.9,3.42,
2002-10-30,9.9,30.8,3.68,
2002-10-31,8.5,29.0,2.15,
2002-11-01,3.4,29.9,3.57,
2002-11-02,6.7,31.0,3.63,
2002-11-03,14.6,30.2,3.34,
2002-11-04,4.0,30.0,3.62,
2002-11-05,0.0,29.8,4.68,
2002-11-06,15.6,29.8,3.73,
2002-11-07,29.1,27.0,1.79,
2002-11-08,8.2,29.7,3.02,
2002-11-09,9.2,29.7,2.83,
2002-11-10,5.8,30.4,4.0,
2002-11-11,14.0,29.6,2.79,
2002-11-12,5.7,30.4,3.19,
2002-11-13,1.0,30.9,3.73,
2002-11-14,25.6,30.0,2.54,
2002-11-15,2.8,30.4,2.89,
2002-11-16,7.5,30.6,3.39,
2002-11-17,5.3,29.6,3.36,
2002-11-18,12.4,29.8,3.04,
2002-11-19,6.5,30.0,2.87,
2002-11-20,12.2,29.5,2.8,
2002-11-21,18.0,27.0,1.45,
2002-11-22,18.7,29.1,2.61,
2002-11-23,11.0,29.7,2.85,
2002-11-24,6.9,30.9,3.53,
2002-11-25,3.5,30.2,3.52,
2002-11-26,0.4,30.5,3.85,
2002-11-27,1.3,29.6,3.44,
2002-11-28,2.6,30.0,3.33,
2002-11-29,7.5,29.3,2.42,
2002-11-30,13.3,28.6,2.54,
2002-12-01,3.4,29.8,3.35,
2002-12-02,2.0,29.9,3.53,
2002-12-03,0.0,30.1,3.87,
2002-12-04,16.5,29.2,2.62,
2002-12-05,1.7,29.8,3.62,
2002-12-06,1.8,30.2,3.6,
2002-12-07,5.3,30.2,3.62,
2002-12-08,0.7,30.7,3.83,
2002-12-09,0.0,30.2,4.56,
2002-12-10,0.5,30.1,4.34,
2002-12-11,0.8,29.5,4.05,
2002-12-12,1.0,30.0,4.21,
2002-12-13,0.2,29.3,4.08,
2002-12-14,0.0,30.0,4.43,
2002-12-15,0.7,30.0,4.38,
2002-12-16,0.5,30.1,4.36,
2002-12-17,0.5,30.3,4.23,
2002-12-18,0.9,30.8,4.05,
2002-12-19,2.0,30.7,3.85,
2002-12-20,1.9,30.5,3.6,
2002-12-21,1.3,31.2,3.81,
2002-12-22,0.0,31.0,4.15,
2002-12-23,0.0,31.4,4.38,
2002-12-24,0.7,31.1,3.83,
2002-12-25,0.0,30.9,3.72,
2002-12-26,16.6,30.8,2.83,
2002-12-27,8.3,28.3,2.31,
2002-12-28,45.0,28.3,2.2,
2002-12-29,17.2,28.2,2.39,
2002-12-30,0.0,30.1,4.36,
2002-12-31,0.0,29.1,3.47,
2003-01-01,0.1,29.5,4.84,
2003-01-02,0.0,29.6,5.13,
2003-01-03,0.0,30.3,4.41,
2003-01-04,0.0,29.3,3.97,
2003-01-05,0.0,30.3,4.97,
2003-01-06,0.0,30.8,4.48,
2003-01-07,1.9,29.6,3.64,
2003-01-08,0.2,29.2,3.74,
2003-01-09,0.0,29.9,4.39,
2003-01-10,0.6,29.2,3.44,
2003-01-11,0.0,29.8,3.44,
2003-01-12,0.0,30.3,4.3,
2003-01-13,0.0,29.3,4.25,
2003-01-14,0.0,30.3,4.19,
2003-01-15,0.0,29.9,2.74,
2003-01-16,0.2,30.7,4.18,
2003-01-17,0.0,31.2,5.56,
2003-01-18,0.0,30.8,5.23,
2003-01-19,0.0,31.3,5.28,
2003-01-20,0.0,30.1,4.2,
2003-01-21,0.0,30.1,4.13,
2003-01-22,0.0,31.0,4.07,
2003-01-23,0.2,30.7,4.17,
2003-01-24,0.0,30.1,4.8,
2003-01-25,0.0,30.6,4.94,
2003-01-26,0.0,31.6,4.92,
2003-01-27,0.0,32.1,4.78,
2003-01-28,0.0,31.4,5.78,
2003-01-29,0.0,30.5,5.47,
2003-01-30,0.0,32.4,5.58,
2003-01-31,0.2,32.6,5.63,
2003-02-01,0.4,31.6,5.08,
2003-02-02,0.2,31.6,4.93,
2003-02-03,0.0,31.5,5.16,
2003-02-04,0.0,31.8,5.67,
2003-02-05,0.0,31.5,5.9,
2003-02-06,0.0,31.5,5.8,
2003-02-07,0.0,32.1,5.11,
2003-02-08,0.0,32.2,4.74,
2003-02-09,0.2,32.1,4.82,
2003-02-10,0.0,31.5,4.59,
2003-02-11,0.0,33.0,5.8,
2003-02-12,0.2,32.3,5.8,
2003-02-13,0.0,32.8,6.14,
2003-02-14,0.2,32.1,5.51,
2003-02-15,0.1,32.9,5.7,
2003-02-16,0.1,32.2,4.58,
2003-02-17,0.0,32.1,4.31,
2003-02-18,0.0,31.8,4.67,
2003-02-19,0.1,32.0,4.82,
2003-02-20,0.0,32.1,5.0,
2003-02-21,0.0,32.5,5.55,
2003-02-22,0.0,32.5,4.92,
2003-02-23,0.0,32.8,5.02,
2003-02-24,0.0,33.2,4.8,
2003-02-25,0.0,32.9,5.14,
2003-02-26,0.4,32.0,4.88,
2003-02-27,0.0,32.9,5.34,
2003-02-28,0.5,31.3,4.93,
2003-03-01,0.0,33.8,5.23,
2003-03-02,0.0,32.5,4.94,
2003-03-03,0.0,34.1,5.41,
2003-03-04,0.0,34.9,5.42,
2003-03-05,0.0,34.8,5.64,
2003-03-06,0.0,34.6,5.76,
2003-03-07,1.3,33.7,5.12,
2003-03-08,0.9,33.3,5.33,
2003-03-09,0.0,33.8,6.06,
2003-03-10,0.6,33.7,6.21,
2003-03-11,2.0,32.4,5.83,
2003-03-12,1.5,32.1,5.74,
2003-03-13,0.5,33.1,6.35,
2003-03-14,0.4,32.3,5.57,
2003-03-15,0.4,32.2,5.29,
2003-03-16,0.0,33.6,5.7,
2003-03-17,0.3,33.5,5.2,
2003-03-18,1.1,34.0,5.23,
2003-03-19,0.3,33.6,5.11,
2003-03-20,0.0,32.9,5.68,
2003-03-21,1.8,32.0,4.71,
2003-03-22,0.5,32.4,5.7,
2003-03-23,1.8,32.1,5.16,
2003-03-24,18.2,30.9,3.92,
2003-03-25,3.8,31.1,4.52,
2003-03-26,1.2,31.7,5.11,
2003-03-27,0.0,32.3,5.18,
2003-03-28,0.0,32.6,5.4,
2003-03-29,0.7,32.3,4.92,
2003-03-30,7.5,31.0,4.22,
2003-03-31,11.3,30.9,3.66,
2003-04-01,22.5,31.3,3.8,
2003-04-02,6.9,32.7,4.49,
2003-04-03,0.5,32.8,4.88,
2003-04-04,0.0,33.5,5.51,
2003-04-05,0.0,34.2,5.56,
2003-04-06,0.0,33.0,5.36,
2003-04-07,0.0,33.6,5.45,
2003-04-08,0.0,34.1,5.69,
2003-04-09,0.0,34.2,6.06,
2003-04-10,0.0,33.5,5.62,
2003-04-11,0.0,34.2,5.78,
2003-04-12,0.0,34.3,5.52,
2003-04-13,0.2,34.5,5.89,
2003-04-14,0.1,34.5,5.7,
2003-04-15,0.0,34.3,6.29,
2003-04-16,0.0,33.8,5.98,
2003-04-17,0.9,33.6,5.36,
2003-04-18,0.0,35.0,5.65,
2003-04-19,2.6,34.2,4.79,
2003-04-20,0.1,35.3,5.8,
2003-04-21,0.4,34.4,5.48,
2003-04-22,0.4,33.7,5.33,
2003-04-23,0.0,35.1,6.26,
2003-04-24,0.3,35.2,5.89,
2003-04-25,0.0,35.7,6.13,
2003-04-26,0.0,35.0,6.37,
2003-04-27,1.5,34.2,5.41,
2003-04-28,2.7,33.6,4.96,
2003-04-29,2.8,33.6,5.22,
2003-04-30,1.0,34.1,5.13,
2003-05-01,4.1,32.2,4.65,
2003-05-02,4.5,31.9,3.89,
2003-05-03,10.2,30.9,3.27,
2003-05-04,12.9,31.8,3.28,
2003-05-05,0.5,33.4,5.07,
2003-05-06,3.9,33.6,4.7,
2003-05-07,20.9,32.4,4.31,
2003-05-08,3.8,32.9,4.47,
2003-05-09,11.2,30.4,3.24,
2003-05-10,16.9,28.8,1.98,
2003-05-11,6.7,28.3,1.91,
2003-05-12,39.0,28.1,1.24,
2003-05-13,17.4,30.0,2.39,
2003-05-14,15.2,29.4,2.41,
2003-05-15,19.0,29.0,2.15,
2003-05-16,3.8,30.5,2.94,
2003-05-17,1.1,29.7,2.77,
2003-05-18,6.6,30.6,3.78,
2003-05-19,0.6,32.2,4.12,
2003-05-20,4.6,31.4,3.08,
2003-05-21,28.2,28.6,2.71,
2003-05-22,12.8,30.9,3.12,
2003-05-23,10.3,31.4,4.14,
2003-05-24,8.6,29.8,3.36,
2003-05-25,9.8,30.1,3.11,
2003-05-26,4.4,29.7,3.01,
2003-05-27,6.5,29.9,3.69,
2003-05-28,5.2,28.2,2.84,
2003-05-29,9.3,30.0,3.26,
2003-05-30,7.3,30.4,3.01,
2003-05-31,11.1,30.2,3.16,
2003-06-01,9.6,29.8,2.42,
2003-06-02,8.1,31.1,3.71,
2003-06-03,4.4,30.7,3.46,
2003-06-04,7.4,31.2,4.02,
2003-06-05,4.8,32.1,4.4,
2003-06-06,1.2,32.0,4.31,
2003-06-07,2.1,31.3,4.45,
2003-06-08,2.7,31.5,4.3,
2003-06-09,0.0,32.1,4.97,
2003-06-10,2.5,31.9,4.62,
2003-06-11,7.1,30.6,4.18,
2003-06-12,3.0,30.7,4.21,
2003-06-13,6.2,31.1,4.11,
2003-06-14,3.3,30.8,4.32,
2003-06-15,4.8,30.4,3.82,
2003-06-16,3.8,30.4,3.91,
2003-06-17,9.1,30.2,3.47,
2003-06-18,9.0,31.0,4.04,
2003-06-19,7.1,30.3,3.25,
2003-06-20,20.2,30.9,3.43,
2003-06-21,15.4,28.9,2.77,
2003-06-22,15.9,27.6,1.95,
2003-06-23,3.6,31.3,3.9,
2003-06-24,8.1,31.5,4.13,
2003-06-25,13.4,31.7,4.42,
2003-06-26,25.7,30.1,3.12,
2003-06-27,7.1,31.8,4.36,
2003-06-28,2.6,31.9,4.41,
2003-06-29,9.9,29.3,2.9,
2003-06-30,9.1,30.4,3.53,
2003-07-01,22.2,28.2,2.53,
2003-07-02,16.9,30.4,3.41,
2003-07-03,11.4,31.4,3.91,
2003-07-04,41.9,29.1,3.03,
2003-07-05,14.5,28.6,2.0,
2003-07-06,8.3,29.8,3.29,
2003-07-07,6.1,30.2,3.52,
2003-07-08,6.3,30.7,3.58,
2003-07-09,3.9,30.4,3.34,
2003-07-10,2.6,31.6,4.41,
2003-07-11,18.8,30.2,3.28,
2003-07-12,20.4,29.2,2.92,
2003-07-13,9.6,29.6,2.89,
2003-07-14,11.5,31.1,3.79,
2003-07-15,8.8,31.4,4.27,
2003-07-16,32.3,31.2,4.39,
2003-07-17,24.8,30.3,3.68,
2003-07-18,18.7,29.9,3.47,
2003-07-19,16.4,30.2,2.74,
2003-07-20,17.2,28.0,2.19,
2003-07-21,25.4,26.3,1.38,
2003-07-22,21.4,28.5,2.28,
2003-07-23,29.9,27.0,1.37,
2003-07-24,9.7,28.4,1.98,
2003-07-25,8.3,27.9,2.31,
2003-07-26,7.1,30.8,3.89,
2003-07-27,4.2,30.1,3.28,
2003-07-28,4.5,30.7,3.99,
2003-07-29,6.0,30.3,3.46,
2003-07-30,4.4,31.4,4.01,
2003-07-31,0.1,31.4,4.92,
2003-08-01,2.0,31.2,4.82,
2003-08-02,10.0,29.0,3.02,
2003-08-03,19.8,28.1,2.49,
2003-08-04,14.2,30.3,4.08,
2003-08-05,7.9,28.8,3.27,
2003-08-06,7.9,30.3,3.35,
2003-08-07,10.5,30.2,3.71,
2003-08-08,5.1,30.9,3.96,
2003-08-09,1.3,31.4,4.29,
2003-08-10,3.7,31.0,4.51,
2003-08-11,7.6,30.7,3.87,
2003-08-12,5.8,30.4,3.87,
2003-08-13,6.5,30.9,4.26,
2003-08-14,10.8,31.2,4.37,
2003-08-15,10.4,30.5,3.79,
2003-08-16,14.1,29.3,3.42,
2003-08-17,25.6,28.7,2.9,
2003-08-18,11.4,28.7,2.15,
2003-08-19,18.9,28.5,2.69,
2003-08-20,5.8,28.9,1.85,
2003-08-21,1.4,31.3,4.0,
2003-08-22,0.0,32.2,4.69,
2003-08-23,1.0,31.0,4.48,
2003-08-24,0.6,30.7,4.32,
2003-08-25,3.1,30.3,4.41,
2003-08-26,3.9,31.5,4.69,
2003-08-27,0.2,32.1,5.18,
2003-08-28,12.1,31.1,4.4,
2003-08-29,31.0,27.5,1.79,
2003-08-30,15.9,28.1,2.98,
2003-08-31,8.0,29.4,3.48,
2003-09-01,7.2,30.1,3.91,
2003-09-02,4.7,29.5,3.64,
2003-09-03,7.6,30.1,3.67,
2003-09-04,4.1,29.9,3.68,
2003-09-05,9.1,30.5,4.02,
2003-09-06,5.6,30.7,4.05,
2003-09-07,8.4,30.2,3.81,
2003-09-08,9.6,28.9,2.73,
2003-09-09,5.2,29.2,3.35,
2003-09-10,15.2,28.7,3.35,
2003-09-11,14.9,29.2,2.45,
2003-09-12,21.7,28.3,2.45,
2003-09-13,10.4,28.8,2.65,
2003-09-14,4.6,28.6,2.6,
2003-09-15,6.0,29.4,3.51,
2003-09-16,7.8,29.9,3.54,
2003-09-17,1.1,31.3,4.69,
2003-09-18,8.8,31.0,3.51,
2003-09-19,17.1,28.7,2.88,
2003-09-20,13.5,29.3,2.66,
2003-09-21,12.5,28.1,1.86,
2003-09-22,1.3,30.0,3.44,
2003-09-23,10.1,30.2,3.56,
2003-09-24,12.6,30.8,4.23,
2003-09-25,12.3,29.9,2.77,
2003-09-26,8.3,28.7,2.59,
2003-09-27,7.0,29.8,3.31,
2003-09-28,15.1,30.5,3.7,
2003-09-29,11.3,31.1,3.8,
2003-09-30,15.3,29.8,2.68,
2003-10-01,28.0,30.9,3.07,
2003-10-02,29.2,29.5,3.15,
2003-10-03,7.2,31.1,3.79,
2003-10-04,17.8,28.6,2.06,
2003-10-05,30.7,29.0,2.53,
2003-10-06,11.9,29.9,3.13,
2003-10-07,16.1,31.0,3.37,
2003-10-08,22.9,28.8,2.68,
2003-10-09,39.6,31.0,3.69,
2003-10-10,16.9,31.2,3.71,
2003-10-11,9.3,30.6,3.77,
2003-10-12,16.1,30.1,3.09,
2003-10-13,33.8,27.7,2.16,
2003-10-14,20.4,28.3,2.39,
2003-10-15,23.0,29.0,2.67,
2003-10-16,13.2,29.6,3.03,
2003-10-17,10.5,29.3,2.64,
2003-10-18,29.6,28.1,1.92,
2003-10-19,14.2,28.8,2.31,
2003-10-20,9.9,28.1,2.1,
2003-10-21,17.5,26.8,1.31,
2003-10-22,27.5,28.2,2.04,
2003-10-23,22.6,28.6,2.48,
2003-10-24,37.6,29.3,2.6,
2003-10-25,32.7,29.6,2.79,
2003-10-26,2.7,28.4,2.9,
2003-10-27,0.1,30.1,4.63,
2003-10-28,0.4,30.8,4.52,
2003-10-29,0.5,30.0,4.34,
2003-10-30,0.6,30.9,4.3,
2003-10-31,6.0,30.4,3.52,
2003-11-01,7.9,30.4,4.05,
2003-11-02,0.0,30.6,4.44,
2003-11-03,0.3,30.6,4.24,
2003-11-04,0.0,30.7,4.37,
2003-11-05,0.0,31.1,4.57,
2003-11-06,0.0,30.8,4.44,
2003-11-07,0.4,30.9,4.15,
2003-11-08,14.0,30.7,3.23,
2003-11-09,4.6,31.2,4.01,
2003-11-10,20.1,30.4,3.6,
2003-11-11,18.9,30.8,3.29,
2003-11-12,24.8,28.6,2.03,
2003-11-13,33.6,26.8,1.24,
2003-11-14,1.8,29.9,3.45,
2003-11-15,1.3,31.2,3.84,
2003-11-16,2.0,30.7,3.96,
2003-11-17,1.2,30.8,3.96,
2003-11-18,0.6,30.9,4.02,
2003-11-19,1.3,30.1,3.68,
2003-11-20,0.0,31.0,4.01,
2003-11-21,12.8,31.2,3.71,
2003-11-22,13.1,30.6,3.45,
2003-11-23,6.5,28.9,2.78,
2003-11-24,6.7,30.1,3.11,
2003-11-25,1.0,30.9,4.12,
2003-11-26,1.7,31.2,3.86,
2003-11-27,0.3,30.5,3.85,
2003-11-28,0.0,30.1,4.12,
2003-11-29,0.1,29.8,4.18,
2003-11-30,0.2,29.3,3.68,
2003-12-01,0.0,29.9,4.13,
2003-12-02,0.0,29.4,4.24,
2003-12-03,0.0,29.8,4.33,
2003-12-04,0.0,30.0,4.35,
2003-12-05,0.5,29.3,4.01,
2003-12-06,0.0,30.7,5.07,
2003-12-07,0.0,30.5,4.65,
2003-12-08,2.1,30.5,4.23,
2003-12-09,10.8,27.8,2.05,
2003-12-10,0.4,29.3,3.82,
2003-12-11,0.4,30.1,3.57,
2003-12-12,1.4,30.5,4.0,
2003-12-13,0.0,30.5,4.24,
2003-12-14,0.0,29.4,3.6,
2003-12-15,0.0,29.6,3.64,
2003-12-16,0.0,28.1,3.1,
2003-12-17,0.0,28.4,2.73,
2003-12-18,0.2,28.9,2.97,
2003-12-19,8.4,28.0,2.6,
2003-12-20,0.7,24.6,2.58,
2003-12-21,0.0,28.2,4.28,
2003-12-22,0.0,29.0,3.62,
2003-12-23,1.3,29.7,3.5,
2003-12-24,0.4,29.1,3.66,
2003-12-25,0.1,29.7,3.74,
2003-12-26,2.1,29.3,3.62,
2003-12-27,0.2,28.5,3.64,
2003-12-28,0.2,28.5,4.08,
2003-12-29,0.3,28.7,3.94,
2003-12-30,0.6,30.7,4.34,
2003-12-31,0.9,29.5,3.49,
2004-01-01,0.7,30.3,3.75,
2004-01-02,0.4,30.4,4.01,
2004-01-03,0.9,30.4,4.16,
2004-01-04,0.9,30.0,3.93,
2004-01-05,0.8,30.3,3.94,
2004-01-06,0.3,31.0,4.67,
2004-01-07,0.0,30.7,4.47,
2004-01-08,1.0,30.2,4.6,
2004-01-09,0.0,30.7,4.78,
2004-01-10,0.2,30.7,4.89,
2004-01-11,0.0,31.7,5.38,
2004-01-12,0.0,30.9,5.27,
2004-01-13,0.0,30.4,4.41,
2004-01-14,0.0,30.9,5.08,
2004-01-15,0.0,30.5,4.53,
2004-01-16,0.0,31.5,4.86,
2004-01-17,0.0,30.9,4.44,
2004-01-18,0.0,31.4,4.35,
2004-01-19,0.6,31.3,4.12,
2004-01-20,0.0,31.4,4.49,
2004-01-21,0.0,31.1,4.87,
2004-01-22,0.0,31.1,5.75,
2004-01-23,0.0,32.3,5.56,
2004-01-24,0.0,30.8,4.88,
2004-01-25,0.0,30.7,5.2,
2004-01-26,0.0,31.5,4.72,
2004-01-27,0.0,31.8,4.35,
2004-01-28,0.0,31.6,5.14,
2004-01-29,0.4,30.2,4.61,
2004-01-30,0.0,30.6,3.88,
2004-01-31,0.0,30.9,4.69,
2004-02-01,0.0,32.1,4.84,
2004-02-02,0.0,31.8,4.55,
2004-02-03,0.0,33.3,4.33,
2004-02-04,0.0,32.1,4.2,
2004-02-05,0.1,31.3,4.25,
2004-02-06,0.0,31.5,5.36,
2004-02-07,0.3,31.8,5.03,
2004-02-08,0.4,31.1,4.68,
2004-02-09,1.1,30.3,3.97,
2004-02-10,0.0,31.2,4.46,
2004-02-11,0.0,31.9,4.51,
2004-02-12,0.0,32.1,4.87,
2004-02-13,0.0,31.2,4.95,
2004-02-14,0.0,31.3,5.07,
2004-02-15,0.0,31.2,4.99,
2004-02-16,0.0,31.4,5.39,
2004-02-17,0.0,31.0,4.87,
2004-02-18,0.0,30.2,4.93,
2004-02-19,0.0,31.0,4.83,
2004-02-20,0.0,31.2,5.13,
2004-02-21,0.0,31.7,4.81,
2004-02-22,0.0,32.5,4.77,
2004-02-23,0.0,31.5,5.08,
2004-02-24,0.0,32.0,4.43,
2004-02-25,1.0,31.1,4.04,
2004-02-26,0.4,32.6,5.08,
2004-02-27,0.0,32.2,5.69,
2004-02-28,0.0,33.2,5.59,
2004-02-29,0.0,32.2,4.64,
2004-03-01,0.0,32.8,4.43,
2004-03-02,0.3,34.8,5.29,
2004-03-03,0.3,35.1,5.33,
2004-03-04,0.9,32.1,5.2,
2004-03-05,0.4,32.5,5.74,
2004-03-06,0.0,32.0,5.86,
2004-03-07,0.0,32.8,6.64,
2004-03-08,0.0,34.1,6.53,
2004-03-09,0.0,32.9,6.37,
2004-03-10,0.0,33.8,6.37,
2004-03-11,0.6,32.3,4.93,
2004-03-12,1.0,32.9,4.93,
2004-03-13,0.0,34.3,5.41,
2004-03-14,0.0,33.7,5.39,
2004-03-15,0.0,32.4,6.02,
2004-03-16,0.0,32.7,5.81,
2004-03-17,0.6,34.3,5.65,
2004-03-18,0.0,34.6,5.88,
2004-03-19,0.0,32.1,4.88,
2004-03-20,0.2,32.3,5.11,
2004-03-21,0.1,31.9,4.6,
2004-03-22,1.0,32.2,4.56,
2004-03-23,1.4,32.0,4.63,
2004-03-24,2.2,33.2,4.58,
2004-03-25,0.1,34.9,5.39,
2004-03-26,0.7,35.7,5.59,
2004-03-27,1.8,34.5,5.36,
2004-03-28,1.0,33.3,5.29,
2004-03-29,0.0,34.5,5.94,
2004-03-30,0.7,34.6,5.54,
2004-03-31,0.8,33.8,5.84,
2004-04-01,0.0,34.4,5.15,
2004-04-02,0.0,34.3,5.65,
2004-04-03,0.0,34.3,6.37,
2004-04-04,0.8,32.7,4.94,
2004-04-05,0.0,33.1,5.51,
2004-04-06,0.0,33.7,5.33,
2004-04-07,0.0,35.1,6.34,
2004-04-08,0.3,35.4,5.44,
2004-04-09,0.1,34.9,5.9,
2004-04-10,0.3,33.9,5.68,
2004-04-11,0.0,35.3,5.63,
2004-04-12,0.3,35.8,5.78,
2004-04-13,1.5,34.8,5.22,
2004-04-14,0.4,36.4,5.82,
2004-04-15,1.0,35.4,5.58,
2004-04-16,0.4,36.2,6.01,
2004-04-17,0.2,36.1,5.77,
2004-04-18,3.3,35.6,5.42,
2004-04-19,2.1,35.5,5.5,
2004-04-20,1.3,33.9,5.52,
2004-04-21,0.0,35.3,6.03,
2004-04-22,2.3,34.3,4.96,
2004-04-23,3.1,34.9,5.01,
2004-04-24,0.7,34.1,5.23,
2004-04-25,8.9,34.1,4.46,
2004-04-26,1.5,33.1,4.53,
2004-04-27,0.5,34.0,5.55,
2004-04-28,7.7,32.6,4.31,
2004-04-29,9.9,31.5,3.41,
2004-04-30,6.4,31.9,4.26,
2004-05-01,10.2,31.8,4.01,
2004-05-02,11.4,31.1,4.15,
2004-05-03,14.2,30.8,3.02,
2004-05-04,12.0,31.7,3.84,
2004-05-05,4.5,31.8,4.04,
2004-05-06,2.7,31.4,4.18,
2004-05-07,13.6,29.9,3.54,
2004-05-08,1.5,31.8,3.81,
2004-05-09,1.1,32.7,4.96,
2004-05-10,1.7,33.5,5.02,
2004-05-11,8.7,31.3,3.54,
2004-05-12,5.7,31.0,3.44,
2004-05-13,1.8,32.4,3.9,
2004-05-14,5.6,31.3,3.22,
2004-05-15,21.8,31.2,2.66,
2004-05-16,15.8,27.9,1.23,
2004-05-17,33.0,26.6,1.13,
2004-05-18,20.6,30.5,2.62,
2004-05-19,0.1,32.3,5.04,
2004-05-20,0.1,32.5,5.18,
2004-05-21,0.6,32.5,4.77,
2004-05-22,0.9,31.5,3.72,
2004-05-23,3.2,30.6,3.14,
2004-05-24,27.0,27.6,1.71,
2004-05-25,13.6,30.4,3.21,
2004-05-26,1.6,31.8,4.68,
2004-05-27,3.1,31.9,4.62,
2004-05-28,5.0,31.8,4.51,
2004-05-29,2.7,32.5,4.69,
2004-05-30,1.6,32.7,4.68,
2004-05-31,8.8,31.0,3.97,
2004-06-01,7.9,31.8,4.23,
2004-06-02,18.8,30.5,3.5,
2004-06-03,16.7,28.4,2.27,
2004-06-04,10.5,30.5,3.35,
2004-06-05,9.0,29.5,2.59,
2004-06-06,19.8,30.4,3.25,
2004-06-07,19.0,28.7,2.57,
2004-06-08,31.6,27.8,1.36,
2004-06-09,9.3,29.4,2.94,
2004-06-10,16.4,29.1,2.31,
2004-06-11,16.3,27.3,1.74,
2004-06-12,14.8,28.3,2.33,
2004-06-13,19.2,26.8,1.83,
2004-06-14,5.5,30.8,3.53,
2004-06-15,9.9,29.2,2.99,
2004-06-16,12.3,29.6,3.16,
2004-06-17,8.1,30.7,4.07,
2004-06-18,2.0,31.4,4.77,
2004-06-19,4.6,30.9,3.96,
2004-06-20,9.3,30.5,3.79,
2004-06-21,3.8,30.9,3.96,
2004-06-22,8.6,29.8,3.34,
2004-06-23,5.5,30.2,3.52,
2004-06-24,1.2,31.2,4.82,
2004-06-25,1.4,31.1,5.02,
2004-06-26,2.8,30.4,4.69,
2004-06-27,6.8,30.4,4.17,
2004-06-28,3.4,30.1,3.72,
2004-06-29,2.0,30.8,4.4,
2004-06-30,12.8,31.2,4.12,
2004-07-01,11.8,29.0,3.4,
2004-07-02,7.9,29.7,3.38,
2004-07-03,7.8,29.4,3.3,
2004-07-04,10.3,29.6,3.66,
2004-07-05,6.7,31.7,4.27,
2004-07-06,6.0,30.6,3.91,
2004-07-07,12.5,31.0,4.2,
2004-07-08,14.0,31.0,3.96,
2004-07-09,10.3,31.0,4.1,
2004-07-10,7.6,31.0,3.87,
2004-07-11,12.7,29.6,2.93,
2004-07-12,13.6,30.0,3.41,
2004-07-13,10.0,31.3,4.15,
2004-07-14,14.3,31.0,3.98,
2004-07-15,31.8,29.6,3.69,
2004-07-16,21.3,30.8,4.02,
2004-07-17,10.2,29.8,3.35,
2004-07-18,4.2,30.3,3.9,
2004-07-19,3.7,31.6,4.34,
2004-07-20,14.4,28.4,2.89,
2004-07-21,13.5,27.4,1.49,
2004-07-22,3.0,29.9,3.22,
2004-07-23,6.2,31.4,4.13,
2004-07-24,2.3,31.3,4.23,
2004-07-25,12.8,29.5,3.43,
2004-07-26,12.8,28.3,2.22,
2004-07-27,4.7,30.0,3.25,
2004-07-28,6.9,30.6,3.45,
2004-07-29,12.1,28.2,1.78,
2004-07-30,20.4,26.6,1.83,
2004-07-31,12.9,29.3,2.62,
2004-08-01,26.6,27.3,2.11,
2004-08-02,3.5,30.4,3.64,
2004-08-03,13.5,31.3,3.77,
2004-08-04,6.0,31.2,4.0,
2004-08-05,1.2,31.6,4.27,
2004-08-06,6.3,28.7,3.21,
2004-08-07,8.6,29.5,3.53,
2004-08-08,7.4,30.1,3.46,
2004-08-09,3.6,28.8,2.53,
2004-08-10,15.9,28.7,2.73,
2004-08-11,18.6,27.0,1.59,
2004-08-12,3.5,28.7,2.01,
2004-08-13,4.4,29.9,3.5,
2004-08-14,2.0,30.5,4.7,
2004-08-15,6.6,30.2,4.18,
2004-08-16,3.6,30.7,4.3,
2004-08-17,14.2,30.3,3.46,
2004-08-18,8.2,29.7,3.49,
2004-08-19,23.2,26.4,1.48,
2004-08-20,7.0,28.4,2.26,
2004-08-21,5.5,29.7,3.71,
2004-08-22,12.4,30.4,4.09,
2004-08-23,8.3,30.8,4.08,
2004-08-24,2.8,30.9,4.33,
2004-08-25,4.5,30.0,3.97,
2004-08-26,7.1,30.4,4.28,
2004-08-27,8.0,30.1,3.91,
2004-08-28,4.6,31.1,4.3,
2004-08-29,15.0,30.3,3.71,
2004-08-30,0.1,31.4,4.51,
2004-08-31,2.5,31.5,4.67,
2004-09-01,19.3,31.3,4.24,
2004-09-02,2.1,31.9,4.98,
2004-09-03,13.5,31.1,3.82,
2004-09-04,9.3,31.0,4.17,
2004-09-05,14.5,31.3,4.57,
2004-09-06,10.1,30.9,4.25,
2004-09-07,2.3,30.8,3.75,
2004-09-08,4.3,31.2,4.14,
2004-09-09,3.9,31.3,4.22,
2004-09-10,4.7,31.9,4.82,
2004-09-11,16.8,29.4,3.32,
2004-09-12,26.4,29.9,3.37,
2004-09-13,13.5,29.5,2.86,
2004-09-14,4.8,30.0,3.41,
2004-09-15,9.4,29.2,3.3,
2004-09-16,6.7,29.3,3.43,
2004-09-17,12.2,30.2,3.63,
2004-09-18,17.6,29.7,3.27,
2004-09-19,29.4,29.8,3.18,
2004-09-20,17.2,31.0,3.76,
2004-09-21,5.2,31.7,4.54,
2004-09-22,1.4,31.1,4.27,
2004-09-23,11.4,29.0,2.91,
2004-09-24,10.3,30.1,3.25,
2004-09-25,8.5,29.9,3.28,
2004-09-26,18.3,30.3,3.69,
2004-09-27,10.1,30.3,3.84,
2004-09-28,13.1,29.0,2.93,
2004-09-29,20.8,28.5,2.49,
2004-09-30,32.6,29.6,2.74,
2004-10-01,20.2,27.0,1.74,
2004-10-02,26.5,27.9,2.13,
2004-10-03,28.2,29.3,2.62,
2004-10-04,37.1,28.4,2.6,
2004-10-05,23.6,28.3,2.07,
2004-10-06,41.0,28.2,2.43,
2004-10-07,25.2,27.9,2.61,
2004-10-08,9.8,28.9,3.15,
2004-10-09,41.9,28.3,2.86,
2004-10-10,7.6,31.0,4.04,
2004-10-11,11.7,30.8,4.01,
2004-10-12,35.0,30.3,3.7,
2004-10-13,14.0,30.8,4.32,
2004-10-14,2.1,30.4,3.88,
2004-10-15,16.1,31.0,3.94,
2004-10-16,19.7,30.6,3.87,
2004-10-17,10.7,29.8,3.38,
2004-10-18,32.6,28.6,3.15,
2004-10-19,5.2,29.9,3.69,
2004-10-20,0.3,30.2,4.27,
2004-10-21,0.0,30.8,4.8,
2004-10-22,1.0,30.2,4.43,
2004-10-23,5.2,30.8,3.86,
2004-10-24,2.9,30.5,3.97,
2004-10-25,0.0,30.6,5.02,
2004-10-26,0.1,30.4,4.47,
2004-10-27,0.1,30.8,4.66,
2004-10-28,0.1,31.9,4.93,
2004-10-29,1.0,31.4,4.52,
2004-10-30,12.0,29.5,2.78,
2004-10-31,15.7,27.9,2.16,
2004-11-01,2.4,30.6,4.27,
2004-11-02,12.0,29.2,2.96,
2004-11-03,0.3,30.9,4.74,
2004-11-04,0.7,31.0,4.48,
2004-11-05,1.7,31.3,4.17,
2004-11-06,7.2,30.4,3.69,
2004-11-07,9.6,30.1,3.4,
2004-11-08,2.2,29.8,3.93,
2004-11-09,1.0,30.0,3.77,
2004-11-10,0.7,29.8,3.66,
2004-11-11,4.3,30.5,3.64,
2004-11-12,0.3,30.6,4.18,
2004-11-13,0.7,31.8,4.32,
2004-11-14,3.7,29.7,3.52,
2004-11-15,2.1,30.4,3.63,
2004-11-16,1.8,30.5,3.97,
2004-11-17,0.6,30.5,3.94,
2004-11-18,0.4,30.4,4.35,
2004-11-19,1.3,30.3,3.74,
2004-11-20,1.2,29.3,3.84,
2004-11-21,0.0,30.7,4.39,
2004-11-22,0.0,31.2,4.41,
2004-11-23,0.0,31.4,4.62,
2004-11-24,7.2,31.4,4.02,
2004-11-25,15.5,28.1,2.34,
2004-11-26,0.7,30.5,3.92,
2004-11-27,0.6,30.6,4.32,
2004-11-28,0.8,30.5,4.24,
2004-11-29,1.3,29.9,3.65,
2004-11-30,1.1,31.0,3.95,
2004-12-01,0.0,31.6,4.45,
2004-12-02,3.7,31.0,3.99,
2004-12-03,25.9,30.0,2.9,
2004-12-04,15.5,30.0,3.05,
2004-12-05,1.1,29.2,3.6,
2004-12-06,0.0,30.1,4.09,
2004-12-07,1.1,29.0,3.35,
2004-12-08,0.2,28.9,3.56,
2004-12-09,0.0,28.8,4.3,
2004-12-10,0.5,28.0,3.01,
2004-12-11,0.0,30.1,4.67,
2004-12-12,0.0,30.2,4.38,
2004-12-13,0.0,30.4,4.42,
2004-12-14,0.0,30.5,4.16,
2004-12-15,0.0,31.0,4.56,
2004-12-16,0.3,29.5,3.26,
2004-12-17,0.0,30.1,4.03,
2004-12-18,0.0,30.9,4.24,
2004-12-19,0.0,30.9,4.07,
2004-12-20,0.0,30.2,4.12,
2004-12-21,0.0,29.5,4.12,
2004-12-22,0.0,29.8,4.52,
2004-12-23,0.0,29.9,4.38,
2004-12-24,0.0,30.6,4.33,
2004-12-25,0.0,30.5,4.27,
2004-12-26,0.0,30.3,4.67,
2004-12-27,0.0,31.0,4.09,
2004-12-28,0.0,31.3,4.22,
2004-12-29,0.0,31.5,4.29,
2004-12-30,0.0,32.0,4.1,
2004-12-31,0.0,31.2,4.7,
2005-01-01,0.0,30.5,4.38,
2005-01-02,0.0,30.4,4.54,
2005-01-03,0.0,30.8,4.32,
2005-01-04,0.0,30.5,4.15,
2005-01-05,0.0,31.2,4.93,
2005-01-06,0.0,30.4,3.48,
2005-01-07,0.4,30.6,3.87,
2005-01-08,0.2,30.9,4.61,
2005-01-09,0.1,31.4,4.94,
2005-01-10,0.0,31.3,4.95,
2005-01-11,0.0,31.4,5.22,
2005-01-12,0.0,31.1,4.95,
2005-01-13,0.0,30.8,4.99,
2005-01-14,0.0,30.2,4.92,
2005-01-15,0.0,30.2,4.77,
2005-01-16,0.0,28.7,4.0,
2005-01-17,0.0,29.1,4.05,
2005-01-18,0.0,30.2,4.71,
2005-01-19,0.0,30.1,5.02,
2005-01-20,0.0,30.5,4.61,
2005-01-21,0.0,30.4,5.05,
2005-01-22,0.0,30.5,5.06,
2005-01-23,0.0,30.4,4.9,
2005-01-24,0.0,31.1,4.73,
2005-01-25,0.0,31.9,4.33,
2005-01-26,0.0,32.2,4.35,
2005-01-27,0.7,31.2,3.68,
2005-01-28,0.0,32.2,4.44,
2005-01-29,0.0,32.9,4.84,
2005-01-30,0.3,31.2,3.65,
2005-01-31,0.8,29.7,3.53,
2005-02-01,0.0,31.1,4.86,
2005-02-02,0.0,31.3,4.94,
2005-02-03,0.0,31.3,5.12,
2005-02-04,0.0,31.4,4.59,
2005-02-05,0.0,31.5,5.19,
2005-02-06,0.2,32.0,4.32,
2005-02-07,0.0,32.7,5.13,
2005-02-08,0.0,32.5,5.12,
2005-02-09,0.0,32.3,5.01,
2005-02-10,0.0,32.7,5.21,
2005-02-11,0.0,32.8,6.33,
2005-02-12,0.0,31.6,5.24,
2005-02-13,0.0,31.9,4.92,
2005-02-14,0.0,32.6,4.99,
2005-02-15,0.9,32.2,4.64,
2005-02-16,0.0,33.4,5.06,
2005-02-17,0.2,33.9,4.94,
2005-02-18,0.0,34.6,5.34,
2005-02-19,0.0,33.0,5.14,
2005-02-20,0.0,32.4,5.31,
2005-02-21,0.0,33.2,6.05,
2005-02-22,0.0,31.7,5.32,
2005-02-23,0.0,33.8,5.54,
2005-02-24,0.0,33.8,5.32,
2005-02-25,0.1,34.5,5.07,
2005-02-26,0.2,34.8,5.23,
2005-02-27,0.1,34.8,5.26,
2005-02-28,0.0,33.7,5.34,
2005-03-01,0.0,32.7,5.96,
2005-03-02,0.0,33.0,5.26,
2005-03-03,0.0,32.6,5.42,
2005-03-04,0.0,32.9,6.43,
2005-03-05,0.3,32.5,5.74,
2005-03-06,0.0,31.4,5.7,
2005-03-07,0.0,31.0,5.73,
2005-03-08,0.0,32.1,5.93,
2005-03-09,0.0,33.2,5.62,
2005-03-10,0.0,33.8,5.64,
2005-03-11,0.0,34.0,5.53,
2005-03-12,0.0,35.0,5.88,
2005-03-13,0.1,33.8,5.63,
2005-03-14,1.0,32.5,5.92,
2005-03-15,0.0,32.8,6.41,
2005-03-16,0.0,32.5,5.7,
2005-03-17,0.0,33.0,5.96,
2005-03-18,0.0,33.0,6.4,
2005-03-19,0.0,34.6,6.14,
2005-03-20,20.0,31.5,4.99,
2005-03-21,0.0,31.7,5.25,
2005-03-22,0.0,31.7,4.75,
2005-03-23,1.5,32.4,4.92,
2005-03-24,0.1,32.2,5.31,
2005-03-25,0.0,32.2,6.01,
2005-03-26,0.0,32.8,5.8,
2005-03-27,0.6,32.7,5.15,
2005-03-28,2.8,33.3,4.93,
2005-03-29,0.0,32.8,5.25,
2005-03-30,6.3,33.3,4.53,
2005-03-31,0.4,33.4,5.19,
2005-04-01,1.9,32.8,4.94,
2005-04-02,1.0,33.1,5.44,
2005-04-03,0.0,33.7,6.03,
2005-04-04,0.8,33.3,6.1,
2005-04-05,0.0,34.0,6.12,
2005-04-06,1.3,32.8,5.25,
2005-04-07,2.4,32.8,5.2,
2005-04-08,1.4,33.7,5.09,
2005-04-09,1.5,33.2,5.09,
2005-04-10,0.0,34.9,5.83,
2005-04-11,0.0,34.8,6.19,
2005-04-12,0.4,35.7,6.18,
2005-04-13,0.0,34.4,5.8,
2005-04-14,1.3,34.2,5.81,
2005-04-15,1.0,33.8,5.78,
2005-04-16,0.0,33.5,6.1,
2005-04-17,0.0,34.6,6.19,
2005-04-18,0.5,33.6,5.56,
2005-04-19,1.5,34.3,5.73,
2005-04-20,0.0,33.8,5.8,
2005-04-21,2.3,33.0,5.06,
2005-04-22,1.5,34.0,5.31,
2005-04-23,0.8,34.6,5.46,
2005-04-24,0.1,35.2,5.64,
2005-04-25,2.6,35.0,4.72,
2005-04-26,4.4,35.7,5.23,
2005-04-27,0.7,35.7,5.4,
2005-04-28,19.0,33.4,4.23,
2005-04-29,1.8,33.3,4.74,
2005-04-30,0.0,33.9,6.02,
2005-05-01,0.2,34.4,5.24,
2005-05-02,0.0,36.0,5.6,
2005-05-03,0.0,35.6,6.03,
2005-05-04,0.2,35.5,5.57,
2005-05-05,2.7,34.9,4.71,
2005-05-06,0.5,35.2,5.48,
2005-05-07,1.8,35.3,5.75,
2005-05-08,9.9,33.8,4.51,
2005-05-09,4.5,33.4,4.05,
2005-05-10,15.6,31.3,3.38,
2005-05-11,2.4,32.2,3.51,
2005-05-12,8.6,32.2,3.7,
2005-05-13,6.2,31.1,3.96,
2005-05-14,6.1,31.6,3.67,
2005-05-15,9.1,30.9,3.44,
2005-05-16,15.0,30.6,3.1,
2005-05-17,10.3,31.4,3.91,
2005-05-18,28.4,31.4,3.61,
2005-05-19,13.2,31.8,3.77,
2005-05-20,3.1,32.0,4.05,
2005-05-21,9.1,31.2,3.8,
2005-05-22,16.2,31.5,3.65,
2005-05-23,5.5,32.0,4.41,
2005-05-24,5.9,32.5,4.53,
2005-05-25,7.8,31.7,4.38,
2005-05-26,7.5,31.4,4.26,
2005-05-27,2.6,31.6,4.19,
2005-05-28,8.1,30.9,3.89,
2005-05-29,14.2,32.6,4.19,
2005-05-30,9.2,32.1,3.99,
2005-05-31,21.0,29.8,3.36,
2005-06-01,5.6,30.2,3.09,
2005-06-02,16.8,31.1,3.67,
2005-06-03,6.9,31.1,3.67,
2005-06-04,27.8,28.8,2.5,
2005-06-05,5.5,31.1,4.33,
2005-06-06,0.4,32.3,5.06,
2005-06-07,15.8,30.2,3.47,
2005-06-08,10.0,30.7,3.22,
2005-06-09,7.0,30.6,3.29,
2005-06-10,8.4,30.1,2.38,
2005-06-11,0.0,33.3,5.29,
2005-06-12,0.5,32.4,4.99,
2005-06-13,0.0,32.5,4.91,
2005-06-14,1.9,32.2,4.74,
2005-06-15,3.0,31.6,4.38,
2005-06-16,4.1,30.7,4.08,
2005-06-17,7.2,30.0,3.39,
2005-06-18,5.4,32.5,4.57,
2005-06-19,6.9,31.5,3.79,
2005-06-20,11.3,31.6,3.8,
2005-06-21,9.2,31.9,4.26,
2005-06-22,19.0,31.5,4.13,
2005-06-23,12.8,28.8,2.35,
2005-06-24,3.7,31.8,4.13,
2005-06-25,10.3,31.2,3.89,
2005-06-26,3.0,31.5,4.29,
2005-06-27,6.7,29.6,3.54,
2005-06-28,7.7,30.5,3.35,
2005-06-29,8.4,30.5,3.72,
2005-06-30,7.7,29.9,2.58,
2005-07-01,13.1,29.0,2.6,
2005-07-02,12.3,29.1,2.74,
2005-07-03,9.9,28.6,2.52,
2005-07-04,8.7,28.7,2.77,
2005-07-05,5.2,28.8,2.96,
2005-07-06,3.4,31.2,4.29,
2005-07-07,11.3,29.7,3.36,
2005-07-08,10.9,30.3,3.87,
2005-07-09,9.5,30.8,4.09,
2005-07-10,5.3,31.0,3.92,
2005-07-11,9.0,31.5,3.99,
2005-07-12,10.0,29.1,2.96,
2005-07-13,5.5,30.4,4.11,
2005-07-14,0.9,31.9,4.65,
2005-07-15,1.1,31.5,4.58,
2005-07-16,28.3,30.6,3.79,
2005-07-17,21.3,31.5,4.57,
2005-07-18,20.8,29.6,3.43,
2005-07-19,14.8,30.9,3.42,
2005-07-20,16.5,29.2,2.65,
2005-07-21,18.4,28.2,2.0,
2005-07-22,8.4,28.4,2.6,
2005-07-23,9.2,29.9,3.03,
2005-07-24,5.5,28.7,1.96,
2005-07-25,2.6,30.7,3.75,
2005-07-26,3.8,29.5,3.03,
2005-07-27,5.5,28.7,2.24,
2005-07-28,6.8,30.6,2.89,
2005-07-29,6.3,29.3,2.55,
2005-07-30,12.4,27.8,1.6,
2005-07-31,16.8,28.6,2.28,
2005-08-01,6.6,29.3,2.6,
2005-08-02,0.2,30.9,4.42,
2005-08-03,4.3,30.2,3.59,
2005-08-04,2.9,29.4,3.32,
2005-08-05,3.1,30.6,4.16,
2005-08-06,8.8,29.8,3.8,
2005-08-07,0.6,31.1,4.37,
2005-08-08,7.7,29.9,3.9,
2005-08-09,1.4,29.7,3.25,
2005-08-10,3.2,31.0,4.52,
2005-08-11,2.3,31.2,4.74,
2005-08-12,6.1,30.1,3.98,
2005-08-13,10.7,29.8,3.27,
2005-08-14,8.3,30.6,3.78,
2005-08-15,5.5,31.8,4.69,
2005-08-16,10.5,31.0,4.36,
2005-08-17,3.6,31.0,3.68,
2005-08-18,12.0,31.3,3.99,
2005-08-19,7.2,31.3,3.75,
2005-08-20,2.4,31.6,4.69,
2005-08-21,8.7,30.9,4.09,
2005-08-22,11.6,28.9,2.9,
2005-08-23,13.8,30.0,3.69,
2005-08-24,2.9,31.7,4.81,
2005-08-25,8.1,31.2,4.41,
2005-08-26,9.3,31.1,4.29,
2005-08-27,4.4,30.6,4.26,
2005-08-28,7.2,29.9,2.81,
2005-08-29,8.6,29.8,3.38,
2005-08-30,6.1,29.4,3.51,
2005-08-31,4.9,30.3,3.72,
2005-09-01,11.5,31.4,3.78,
2005-09-02,12.2,31.3,3.88,
2005-09-03,14.4,31.1,3.51,
2005-09-04,5.0,31.2,3.88,
2005-09-05,8.0,31.0,3.96,
2005-09-06,10.7,31.6,4.09,
2005-09-07,15.2,31.0,3.18,
2005-09-08,4.5,31.1,2.95,
2005-09-09,9.8,29.4,2.05,
2005-09-10,3.7,30.7,3.68,
2005-09-11,11.6,29.0,2.51,
2005-09-12,22.6,25.9,1.08,
2005-09-13,11.1,26.8,1.82,
2005-09-14,3.3,30.6,4.21,
2005-09-15,0.0,31.4,5.21,
2005-09-16,11.6,27.9,2.5,
2005-09-17,7.9,28.7,2.6,
2005-09-18,13.5,28.3,2.76,
2005-09-19,14.6,29.5,2.81,
2005-09-20,10.2,29.7,3.11,
2005-09-21,4.1,31.1,4.16,
2005-09-22,0.9,30.9,4.06,
2005-09-23,1.3,31.0,4.47,
2005-09-24,1.0,30.8,4.49,
2005-09-25,7.2,29.6,3.6,
2005-09-26,10.7,30.0,3.27,
2005-09-27,5.4,30.3,3.68,
2005-09-28,5.4,31.4,4.03,
2005-09-29,5.1,32.1,4.72,
2005-09-30,18.4,30.5,3.5,
2005-10-01,17.2,31.3,4.24,
2005-10-02,6.8,31.7,4.55,
2005-10-03,16.1,31.0,3.66,
2005-10-04,28.3,29.7,3.48,
2005-10-05,16.4,29.8,3.23,
2005-10-06,7.7,30.5,3.24,
2005-10-07,8.8,31.6,4.24,
2005-10-08,7.6,30.2,3.57,
2005-10-09,10.2,30.5,3.44,
2005-10-10,13.4,31.3,3.79,
2005-10-11,7.8,31.4,4.02,
2005-10-12,10.0,31.7,4.02,
2005-10-13,14.3,31.9,3.97,
2005-10-14,13.0,30.4,3.39,
2005-10-15,34.3,30.0,2.97,
2005-10-16,33.2,29.4,3.06,
2005-10-17,9.4,30.4,2.94,
2005-10-18,14.5,31.4,3.98,
2005-10-19,19.1,28.0,2.13,
2005-10-20,8.6,28.9,2.21,
2005-10-21,18.0,27.7,2.4,
2005-10-22,12.0,28.4,2.26,
2005-10-23,14.9,28.3,2.29,
2005-10-24,14.8,28.6,2.65,
2005-10-25,7.0,30.4,2.92,
2005-10-26,5.0,30.5,2.81,
2005-10-27,7.5,31.1,3.82,
2005-10-28,9.8,30.3,3.1,
2005-10-29,5.8,31.3,4.06,
2005-10-30,2.2,31.1,3.35,
2005-10-31,6.1,30.5,3.14,
2005-11-01,0.0,30.8,3.94,
2005-11-02,0.0,31.5,4.4,
2005-11-03,30.5,31.0,3.6,
2005-11-04,16.7,29.6,2.94,
2005-11-05,14.7,27.5,1.81,
2005-11-06,14.4,29.0,2.99,
2005-11-07,6.6,29.5,3.0,
2005-11-08,32.2,30.0,2.57,
2005-11-09,33.3,30.5,3.61,
2005-11-10,2.0,30.9,4.2,
2005-11-11,4.1,31.1,3.87,
2005-11-12,8.7,30.5,3.38,
2005-11-13,7.1,30.9,3.9,
2005-11-14,9.3,31.2,3.62,
2005-11-15,2.6,30.8,3.58,
2005-11-16,8.1,30.9,3.98,
2005-11-17,11.9,30.0,2.82,
2005-11-18,1.5,30.1,4.1,
2005-11-19,0.4,29.0,3.53,
2005-11-20,0.0,29.7,4.33,
2005-11-21,0.0,29.5,4.81,
2005-11-22,0.0,29.5,4.63,
2005-11-23,10.4,26.2,1.51,
2005-11-24,5.5,28.3,2.25,
2005-11-25,7.4,29.7,3.35,
2005-11-26,25.0,29.8,3.1,
2005-11-27,11.3,28.1,2.19,
2005-11-28,27.2,29.6,2.9,
2005-11-29,11.2,29.9,2.81,
2005-11-30,12.5,28.8,2.63,
2005-12-01,15.1,28.0,2.27,
2005-12-02,14.5,28.6,2.79,
2005-12-03,10.0,27.7,2.46,
2005-12-04,7.3,29.1,2.96,
2005-12-05,20.6,27.6,2.21,
2005-12-06,22.5,27.8,1.72,
2005-12-07,26.4,26.3,1.82,
2005-12-08,1.0,28.1,2.67,
2005-12-09,0.1,29.2,3.28,
2005-12-10,1.9,26.7,1.95,
2005-12-11,11.7,27.9,1.87,
2005-12-12,10.0,28.8,2.31,
2005-12-13,7.1,28.9,3.11,
2005-12-14,54.4,23.9,0.92,
2005-12-15,13.7,24.9,1.13,
2005-12-16,0.0,27.9,3.21,
2005-12-17,1.2,28.8,3.5,
2005-12-18,0.0,27.6,4.16,
2005-12-19,0.0,25.8,3.39,
2005-12-20,4.8,26.9,3.16,
2005-12-21,13.0,25.9,2.15,
2005-12-22,0.0,26.6,4.0,
2005-12-23,0.0,26.5,3.0,
2005-12-24,0.0,27.9,3.01,
2005-12-25,1.3,27.1,2.39,
2005-12-26,13.1,28.1,2.92,
2005-12-27,11.5,29.2,3.22,
2005-12-28,2.2,28.8,3.35,
2005-12-29,0.4,29.7,3.76,
2005-12-30,2.0,29.4,3.59,
2005-12-31,1.7,29.6,3.46,
2006-01-01,8.2,29.7,3.25,
2006-01-02,6.8,28.6,2.21,
2006-01-03,1.6,28.5,3.34,
2006-01-04,0.0,29.3,4.02,
2006-01-05,0.8,29.3,3.89,
2006-01-06,0.0,29.8,4.99,
2006-01-07,0.0,27.3,2.58,
2006-01-08,0.0,28.1,3.72,
2006-01-09,0.0,29.2,4.05,
2006-01-10,0.1,28.5,3.31,
2006-01-11,0.0,28.4,3.26,
2006-01-12,0.7,28.6,3.51,
2006-01-13,1.0,29.2,3.46,
2006-01-14,0.0,30.8,4.12,
2006-01-15,0.0,30.0,3.9,
2006-01-16,0.7,29.5,3.76,
2006-01-17,0.0,30.0,4.0,
2006-01-18,1.0,30.1,3.66,
2006-01-19,0.4,30.5,3.62,
2006-01-20,1.2,31.4,4.03,
2006-01-21,0.2,31.8,4.21,
2006-01-22,1.3,29.5,3.8,
2006-01-23,0.3,29.5,3.82,
2006-01-24,0.0,30.1,4.82,
2006-01-25,0.0,30.5,4.69,
2006-01-26,0.0,30.4,4.35,
2006-01-27,0.0,31.4,5.08,
2006-01-28,0.0,32.3,4.86,
2006-01-29,0.4,30.3,3.8,
2006-01-30,0.4,30.6,4.5,
2006-01-31,0.8,30.5,4.38,
2006-02-01,0.4,31.8,5.15,
2006-02-02,0.0,32.6,6.4,
2006-02-03,0.0,32.0,5.42,
2006-02-04,0.3,31.5,5.27,
2006-02-05,0.0,32.4,5.84,
2006-02-06,0.0,31.9,4.97,
2006-02-07,0.6,31.5,5.26,
2006-02-08,0.0,32.4,5.09,
2006-02-09,0.2,31.3,4.75,
2006-02-10,0.2,30.9,4.86,
2006-02-11,0.0,31.3,5.49,
2006-02-12,0.3,30.2,5.06,
2006-02-13,0.0,31.0,5.88,
2006-02-14,0.0,31.8,5.33,
2006-02-15,0.6,32.3,5.0,
2006-02-16,0.3,32.8,4.75,
2006-02-17,0.1,31.9,4.92,
2006-02-18,0.0,33.4,5.78,
2006-02-19,0.0,33.4,5.68,
2006-02-20,0.4,32.8,5.46,
2006-02-21,0.0,33.5,6.38,
2006-02-22,0.7,33.5,5.4,
2006-02-23,0.0,33.5,6.49,
2006-02-24,0.0,32.9,6.06,
2006-02-25,0.0,33.6,5.95,
2006-02-26,1.3,32.1,4.58,
2006-02-27,0.0,32.3,5.08,
2006-02-28,1.3,33.3,4.63,
2006-03-01,0.5,33.1,5.12,
2006-03-02,0.1,32.1,5.93,
2006-03-03,0.0,32.2,5.67,
2006-03-04,0.0,32.3,5.65,
2006-03-05,0.0,32.1,5.25,
2006-03-06,0.0,32.8,5.01,
2006-03-07,0.3,33.6,5.28,
2006-03-08,0.0,32.8,5.12,
2006-03-09,2.2,31.2,4.17,
2006-03-10,0.0,33.1,5.47,
2006-03-11,0.0,34.0,5.71,
2006-03-12,0.0,33.5,5.17,
2006-03-13,0.1,34.7,5.25,
2006-03-14,3.6,33.4,4.69,
2006-03-15,5.5,31.0,3.87,
2006-03-16,0.7,32.7,5.32,
2006-03-17,0.4,32.6,5.19,
2006-03-18,0.0,33.4,5.14,
2006-03-19,1.1,32.2,4.36,
2006-03-20,0.6,32.0,4.97,
2006-03-21,0.5,33.0,6.03,
2006-03-22,0.0,33.3,5.32,
2006-03-23,0.5,34.2,5.31,
2006-03-24,4.1,33.0,4.46,
2006-03-25,0.9,32.4,5.07,
2006-03-26,2.9,32.7,4.89,
2006-03-27,1.3,33.4,5.13,
2006-03-28,2.9,33.7,4.91,
2006-03-29,1.0,33.6,5.22,
2006-03-30,0.9,31.9,3.8,
2006-03-31,0.8,33.3,4.68,
2006-04-01,9.4,31.8,4.06,
2006-04-02,12.4,31.8,4.24,
2006-04-03,6.1,32.1,4.51,
2006-04-04,12.8,30.1,3.14,
2006-04-05,0.0,32.7,5.08,
2006-04-06,1.7,32.5,4.68,
2006-04-07,6.5,31.3,3.96,
2006-04-08,5.0,31.1,4.32,
2006-04-09,6.4,30.5,3.68,
2006-04-10,15.8,31.5,4.35,
2006-04-11,5.2,32.0,4.58,
2006-04-12,5.3,32.5,4.53,
2006-04-13,3.2,32.8,4.81,
2006-04-14,1.3,32.3,4.99,
2006-04-15,2.5,31.9,4.69,
2006-04-16,2.8,32.1,4.8,
2006-04-17,11.7,31.7,4.24,
2006-04-18,12.9,29.9,3.18,
2006-04-19,13.4,31.5,4.36,
2006-04-20,0.0,32.1,5.39,
2006-04-21,1.8,31.2,4.39,
2006-04-22,9.5,32.3,4.36,
2006-04-23,9.5,31.8,4.22,
2006-04-24,2.9,31.8,4.75,
2006-04-25,1.1,32.1,5.12,
2006-04-26,0.0,33.1,5.49,
2006-04-27,1.5,33.7,5.23,
2006-04-28,6.2,33.1,4.72,
2006-04-29,16.5,32.3,4.31,
2006-04-30,17.7,30.6,2.84,
2006-05-01,19.1,30.6,3.79,
2006-05-02,8.6,32.2,4.15,
2006-05-03,21.2,30.7,4.18,
2006-05-04,14.5,31.1,4.22,
2006-05-05,13.9,31.0,4.08,
2006-05-06,15.9,31.7,4.14,
2006-05-07,23.1,29.8,3.56,
2006-05-08,8.3,30.3,3.26,
2006-05-09,9.0,32.1,4.39,
2006-05-10,1.7,32.6,4.39,
2006-05-11,2.2,32.7,4.71,
2006-05-12,4.8,32.4,4.59,
2006-05-13,6.3,33.0,4.54,
2006-05-14,11.6,28.3,1.94,
2006-05-15,1.2,31.4,4.17,
2006-05-16,9.7,31.0,3.75,
2006-05-17,4.8,30.4,3.14,
2006-05-18,14.8,28.8,2.19,
2006-05-19,21.5,27.7,1.72,
2006-05-20,17.0,27.9,1.41,
2006-05-21,11.3,29.3,2.39,
2006-05-22,11.5,30.0,2.69,
2006-05-23,11.1,31.3,4.14,
2006-05-24,14.9,32.1,4.16,
2006-05-25,31.9,30.5,3.56,
2006-05-26,10.2,31.5,4.27,
2006-05-27,28.4,30.9,3.53,
2006-05-28,20.9,30.6,3.86,
2006-05-29,12.2,31.2,4.0,
2006-05-30,13.1,28.7,2.7,
2006-05-31,23.8,31.2,3.68,
2006-06-01,6.8,30.9,3.95,
2006-06-02,16.8,30.6,3.55,
2006-06-03,11.6,31.4,3.42,
2006-06-04,8.4,31.2,3.97,
2006-06-05,18.6,31.9,3.95,
2006-06-06,12.2,30.1,3.2,
2006-06-07,1.9,32.0,4.8,
2006-06-08,2.9,32.1,4.56,
2006-06-09,1.9,31.0,4.09,
2006-06-10,12.4,29.2,2.69,
2006-06-11,6.5,30.5,3.82,
2006-06-12,5.4,29.4,3.16,
2006-06-13,8.4,30.2,2.95,
2006-06-14,17.2,29.6,2.64,
2006-06-15,2.8,31.5,4.08,
2006-06-16,11.6,30.4,3.15,
2006-06-17,12.5,29.8,2.66,
2006-06-18,23.1,28.8,1.95,
2006-06-19,26.0,30.5,2.91,
2006-06-20,19.3,29.7,3.13,
2006-06-21,33.4,31.1,3.62,
2006-06-22,21.0,31.4,3.65,
2006-06-23,7.7,29.9,3.18,
2006-06-24,12.3,30.8,3.37,
2006-06-25,20.9,29.1,2.51,
2006-06-26,17.3,26.5,1.38,
2006-06-27,13.1,29.2,2.14,
2006-06-28,9.5,30.1,2.67,
2006-06-29,13.5,27.6,1.69,
2006-06-30,0.4,30.0,2.19,
2006-07-01,16.6,26.9,1.54,
2006-07-02,33.2,27.0,1.34,
2006-07-03,16.2,28.6,1.69,
2006-07-04,15.6,29.8,2.77,
2006-07-05,12.4,29.9,2.62,
2006-07-06,12.2,29.5,3.41,
2006-07-07,2.8,31.2,4.25,
2006-07-08,7.7,30.9,3.57,
2006-07-09,10.0,31.1,4.11,
2006-07-10,9.1,29.4,3.3,
2006-07-11,5.5,29.3,3.25,
2006-07-12,11.0,28.6,2.81,
2006-07-13,13.6,30.8,3.86,
2006-07-14,22.3,29.3,3.11,
2006-07-15,8.6,29.2,2.66,
2006-07-16,3.2,31.2,4.4,
2006-07-17,3.5,31.6,3.8,
2006-07-18,9.3,31.3,3.7,
2006-07-19,1.0,31.9,4.63,
2006-07-20,14.6,30.5,3.82,
2006-07-21,6.6,28.9,2.89,
2006-07-22,2.4,29.9,2.97,
2006-07-23,12.5,30.4,3.67,
2006-07-24,9.5,30.2,3.78,
2006-07-25,3.2,30.5,4.22,
2006-07-26,3.2,29.6,3.51,
2006-07-27,5.3,29.8,3.75,
2006-07-28,0.6,30.0,3.54,
2006-07-29,7.1,30.3,3.94,
2006-07-30,10.8,28.6,3.26,
2006-07-31,17.9,27.1,1.98,
2006-08-01,4.7,30.1,3.96,
2006-08-02,2.0,28.8,3.46,
2006-08-03,12.4,29.5,3.31,
2006-08-04,9.7,28.9,3.12,
2006-08-05,3.4,30.6,3.43,
2006-08-06,4.0,30.3,3.89,
2006-08-07,9.6,29.0,3.21,
2006-08-08,17.5,28.5,2.88,
2006-08-09,5.8,29.3,3.19,
2006-08-10,6.5,30.2,3.43,
2006-08-11,10.1,29.3,2.52,
2006-08-12,8.8,29.0,3.18,
2006-08-13,11.9,29.0,2.81,
2006-08-14,33.2,25.8,1.2,
2006-08-15,44.4,25.8,1.17,
2006-08-16,5.9,29.2,3.42,
2006-08-17,5.2,30.8,4.25,
2006-08-18,12.7,30.6,3.58,
2006-08-19,10.9,29.3,3.6,
2006-08-20,5.9,31.7,4.42,
2006-08-21,1.6,30.9,4.72,
2006-08-22,2.7,31.1,4.34,
2006-08-23,5.7,30.4,4.02,
2006-08-24,4.6,30.7,4.2,
2006-08-25,4.7,30.4,3.96,
2006-08-26,8.6,29.0,3.46,
2006-08-27,12.2,30.2,3.49,
2006-08-28,4.2,30.2,3.38,
2006-08-29,21.9,28.8,1.96,
2006-08-30,13.4,28.7,2.55,
2006-08-31,12.3,28.7,2.51,
2006-09-01,7.2,30.4,3.63,
2006-09-02,8.7,30.6,4.16,
2006-09-03,3.8,30.8,4.29,
2006-09-04,8.9,30.4,3.81,
2006-09-05,8.4,29.1,3.54,
2006-09-06,5.5,31.0,4.13,
2006-09-07,4.4,31.6,4.57,
2006-09-08,4.1,31.8,4.65,
2006-09-09,12.0,31.3,4.42,
2006-09-10,10.8,30.7,4.01,
2006-09-11,9.8,30.8,3.65,
2006-09-12,19.5,30.2,2.85,
2006-09-13,16.3,30.4,3.32,
2006-09-14,3.2,30.4,3.33,
2006-09-15,11.1,30.0,3.73,
2006-09-16,13.9,30.1,3.64,
2006-09-17,15.5,29.3,2.92,
2006-09-18,18.4,27.7,1.86,
2006-09-19,4.3,30.0,3.55,
2006-09-20,1.0,30.8,4.34,
2006-09-21,1.1,30.3,4.06,
2006-09-22,12.3,25.8,1.33,
2006-09-23,7.0,29.5,3.14,
2006-09-24,23.6,28.4,2.21,
2006-09-25,14.8,28.4,2.8,
2006-09-26,17.3,28.2,2.42,
2006-09-27,13.8,28.1,2.57,
2006-09-28,33.4,28.8,2.06,
2006-09-29,8.1,26.8,1.38,
2006-09-30,13.8,28.4,2.8,
2006-10-01,12.4,27.5,2.29,
2006-10-02,11.4,28.0,3.06,
2006-10-03,15.1,28.7,2.63,
2006-10-04,17.8,28.6,2.65,
2006-10-05,34.6,26.7,1.44,
2006-10-06,22.6,29.5,2.5,
2006-10-07,10.2,29.7,3.41,
2006-10-08,5.2,31.6,4.36,
2006-10-09,8.8,29.1,3.01,
2006-10-10,25.6,27.0,1.68,
2006-10-11,24.1,26.8,1.72,
2006-10-12,12.0,28.2,2.67,
2006-10-13,3.6,31.3,4.05,
2006-10-14,12.2,30.9,4.0,
2006-10-15,10.9,31.2,3.66,
2006-10-16,14.1,31.6,4.14,
2006-10-17,15.7,30.9,3.46,
2006-10-18,18.2,30.2,2.95,
2006-10-19,5.9,30.6,3.74,
2006-10-20,5.8,30.6,3.74,
2006-10-21,1.5,30.8,4.11,
2006-10-22,9.6,29.6,3.33,
2006-10-23,5.4,29.6,3.32,
2006-10-24,0.0,30.9,4.24,
2006-10-25,0.0,31.6,4.53,
2006-10-26,3.3,31.3,3.88,
2006-10-27,13.3,29.9,3.35,
2006-10-28,9.8,30.9,3.58,
2006-10-29,1.1,31.5,3.95,
2006-10-30,0.2,31.5,3.86,
2006-10-31,0.5,31.0,3.16,
2006-11-01,5.9,31.1,3.99,
2006-11-02,11.0,30.8,3.95,
2006-11-03,8.8,30.3,3.83,
2006-11-04,1.9,29.9,3.53,
2006-11-05,4.1,29.9,3.13,
2006-11-06,2.0,30.6,3.61,
2006-11-07,5.8,30.2,3.38,
2006-11-08,2.8,30.2,3.46,
2006-11-09,8.8,29.9,3.29,
2006-11-10,0.3,31.0,4.36,
2006-11-11,1.0,31.0,3.98,
2006-11-12,0.4,30.2,4.09,
2006-11-13,0.3,30.6,4.19,
2006-11-14,5.0,29.9,3.58,
2006-11-15,6.8,30.0,3.56,
2006-11-16,2.6,30.3,3.63,
2006-11-17,1.4,30.3,4.12,
2006-11-18,0.9,30.6,4.38,
2006-11-19,14.7,29.0,3.12,
2006-11-20,1.7,30.7,3.78,
2006-11-21,9.3,30.1,3.2,
2006-11-22,8.1,31.0,3.62,
2006-11-23,0.5,31.2,4.05,
2006-11-24,0.0,30.9,3.88,
2006-11-25,1.4,30.9,3.93,
2006-11-26,1.4,30.9,3.72,
2006-11-27,0.0,31.5,4.28,
2006-11-28,0.1,30.5,3.89,
2006-11-29,1.0,30.7,3.74,
2006-11-30,0.0,31.1,4.3,
2006-12-01,0.2,30.8,4.04,
2006-12-02,1.0,30.9,4.06,
2006-12-03,1.5,30.9,3.67,
2006-12-04,0.0,32.6,4.77,
2006-12-05,12.7,26.4,1.35,
2006-12-06,8.0,29.7,3.42,
2006-12-07,2.0,30.8,4.02,
2006-12-08,1.0,30.9,4.01,
2006-12-09,6.6,30.9,3.66,
2006-12-10,13.6,31.1,3.52,
2006-12-11,0.3,30.5,3.9,
2006-12-12,2.7,30.7,3.53,
2006-12-13,0.2,30.5,3.64,
2006-12-14,0.8,30.2,3.76,
2006-12-15,0.7,29.9,3.86,
2006-12-16,3.0,30.9,3.91,
2006-12-17,0.4,29.6,3.69,
2006-12-18,0.0,30.2,4.6,
2006-12-19,0.0,30.6,4.52,
2006-12-20,0.2,29.7,3.91,
2006-12-21,0.0,30.0,4.48,
2006-12-22,0.0,29.3,4.2,
2006-12-23,0.0,30.1,3.97,
2006-12-24,0.0,30.3,4.51,
2006-12-25,0.0,31.0,4.47,
2006-12-26,0.0,31.1,4.14,
2006-12-27,0.0,30.8,4.67,
2006-12-28,0.0,30.4,4.24,
2006-12-29,0.0,30.1,3.89,
2006-12-30,0.1,30.9,3.49,
2006-12-31,9.0,31.3,3.56,
2007-01-01,4.1,29.7,2.63,
2007-01-02,16.6,30.2,2.95,
2007-01-03,8.7,28.8,1.74,
2007-01-04,4.7,29.5,2.54,
2007-01-05,11.3,29.1,1.74,
2007-01-06,15.5,25.2,0.87,
2007-01-07,10.8,24.3,1.42,
2007-01-08,8.8,26.9,2.3,
2007-01-09,0.7,28.7,3.7,
2007-01-10,2.5,29.1,3.28,
2007-01-11,10.0,29.9,3.97,
2007-01-12,0.6,30.4,4.23,
2007-01-13,1.6,29.9,3.84,
2007-01-14,9.1,29.6,2.99,
2007-01-15,0.4,29.7,3.84,
2007-01-16,0.3,29.3,4.07,
2007-01-17,1.4,30.4,3.67,
2007-01-18,0.7,29.0,3.23,
2007-01-19,0.3,29.5,4.37,
2007-01-20,0.0,30.1,4.73,
2007-01-21,0.0,30.4,4.76,
2007-01-22,0.0,31.1,5.43,
2007-01-23,0.1,30.8,4.54,
2007-01-24,1.7,31.0,4.2,
2007-01-25,0.0,29.9,4.41,
2007-01-26,0.1,29.8,4.24,
2007-01-27,0.0,30.3,4.66,
2007-01-28,0.0,29.7,4.73,
2007-01-29,0.0,28.4,4.88,
2007-01-30,0.0,28.6,5.11,
2007-01-31,0.0,29.1,4.79,
2007-02-01,0.0,29.2,5.0,
2007-02-02,0.0,28.9,4.86,
2007-02-03,0.1,29.5,4.44,
2007-02-04,0.0,29.5,4.45,
2007-02-05,0.0,29.7,4.65,
2007-02-06,0.0,30.2,5.27,
2007-02-07,0.0,30.0,5.03,
2007-02-08,0.0,31.0,5.63,
2007-02-09,0.0,31.5,5.23,
2007-02-10,0.0,31.5,4.77,
2007-02-11,0.0,31.4,5.27,
2007-02-12,0.0,31.6,5.43,
2007-02-13,0.0,31.0,5.21,
2007-02-14,0.0,31.5,5.15,
2007-02-15,0.0,32.1,4.75,
2007-02-16,0.0,31.6,4.29,
2007-02-17,0.0,32.9,4.64,
2007-02-18,0.0,32.9,5.07,
2007-02-19,0.0,32.7,4.87,
2007-02-20,0.0,32.7,4.91,
2007-02-21,4.8,31.5,4.02,
2007-02-22,4.1,31.0,3.94,
2007-02-23,0.0,32.2,5.26,
2007-02-24,0.0,32.5,4.77,
2007-02-25,0.0,32.8,5.11,
2007-02-26,0.1,31.3,4.26,
2007-02-27,0.0,32.4,5.48,
2007-02-28,0.0,32.2,5.21,
2007-03-01,0.0,33.1,5.49,
2007-03-02,0.2,32.2,4.8,
2007-03-03,0.0,32.7,5.17,
2007-03-04,0.0,32.0,4.58,
2007-03-05,0.0,33.4,5.53,
2007-03-06,0.1,33.8,5.47,
2007-03-07,0.5,33.8,5.18,
2007-03-08,1.1,31.9,4.15,
2007-03-09,0.0,33.0,5.02,
2007-03-10,0.7,32.8,5.52,
2007-03-11,0.0,34.1,6.17,
2007-03-12,0.4,33.6,6.05,
2007-03-13,0.6,33.2,6.07,
2007-03-14,0.0,33.7,5.82,
2007-03-15,0.1,32.9,4.87,
2007-03-16,0.0,34.1,5.29,
2007-03-17,1.5,32.9,4.99,
2007-03-18,0.2,33.7,5.29,
2007-03-19,4.4,32.2,4.76,
2007-03-20,13.6,30.6,3.42,
2007-03-21,1.4,31.0,4.43,
2007-03-22,3.2,30.1,2.88,
2007-03-23,11.2,29.0,2.81,
2007-03-24,9.5,30.3,3.04,
2007-03-25,23.8,30.7,3.57,
2007-03-26,11.9,31.0,4.17,
2007-03-27,7.4,32.4,4.4,
2007-03-28,2.1,31.6,4.36,
2007-03-29,0.4,31.5,4.89,
2007-03-30,0.0,31.6,5.32,
2007-03-31,2.8,31.9,4.47,
2007-04-01,1.2,32.3,4.71,
2007-04-02,0.0,33.4,5.56,
2007-04-03,0.0,33.1,5.76,
2007-04-04,0.0,32.1,5.77,
2007-04-05,0.1,33.3,6.32,
2007-04-06,0.4,32.6,5.79,
2007-04-07,0.2,32.8,5.36,
2007-04-08,3.6,32.6,5.13,
2007-04-09,0.7,33.1,5.34,
2007-04-10,2.1,32.5,4.64,
2007-04-11,9.2,31.4,4.46,
2007-04-12,3.6,31.6,5.01,
2007-04-13,1.9,31.8,5.04,
2007-04-14,1.5,32.0,4.66,
2007-04-15,0.8,32.8,4.94,
2007-04-16,1.2,32.6,4.97,
2007-04-17,0.0,34.4,5.33,
2007-04-18,5.1,31.9,4.24,
2007-04-19,4.4,33.3,4.51,
2007-04-20,0.5,33.3,5.33,
2007-04-21,8.7,33.1,4.53,
2007-04-22,7.4,32.4,4.34,
2007-04-23,6.3,33.1,4.6,
2007-04-24,0.9,33.0,5.08,
2007-04-25,4.2,32.0,4.28,
2007-04-26,5.1,31.2,3.81,
2007-04-27,18.6,28.9,1.93,
2007-04-28,20.7,26.2,1.26,
2007-04-29,20.2,29.3,3.01,
2007-04-30,12.3,30.6,3.58,
2007-05-01,4.2,29.9,2.93,
2007-05-02,3.9,31.3,4.59,
2007-05-03,8.6,31.2,4.16,
2007-05-04,14.9,31.2,4.19,
2007-05-05,7.6,32.3,4.58,
2007-05-06,10.3,31.0,3.95,
2007-05-07,9.4,29.9,3.1,
2007-05-08,1.8,31.1,4.02,
2007-05-09,13.5,30.0,3.08,
2007-05-10,13.7,27.6,1.81,
2007-05-11,6.8,31.1,3.12,
2007-05-12,6.1,31.3,3.12,
2007-05-13,4.7,29.4,2.6,
2007-05-14,5.9,30.7,3.18,
2007-05-15,22.1,29.2,2.5,
2007-05-16,14.6,31.2,3.61,
2007-05-17,14.2,29.9,3.7,
2007-05-18,37.6,31.0,3.44,
2007-05-19,13.8,31.8,4.23,
2007-05-20,8.7,32.3,4.42,
2007-05-21,18.5,31.7,3.89,
2007-05-22,7.8,31.6,4.2,
2007-05-23,3.8,32.3,4.9,
2007-05-24,4.1,32.3,4.65,
2007-05-25,14.6,30.8,3.71,
2007-05-26,12.8,31.5,4.13,
2007-05-27,10.2,30.7,3.66,
2007-05-28,7.3,31.1,3.47,
2007-05-29,12.6,30.9,3.5,
2007-05-30,10.0,31.4,3.76,
2007-05-31,13.8,30.9,3.54,
2007-06-01,9.6,30.5,3.44,
2007-06-02,8.0,31.3,4.15,
2007-06-03,17.1,31.4,3.5,
2007-06-04,8.6,31.6,3.86,
2007-06-05,2.0,32.0,4.16,
2007-06-06,11.0,32.0,4.18,
2007-06-07,14.4,31.0,3.21,
2007-06-08,6.7,32.8,4.56,
2007-06-09,13.6,31.2,4.03,
2007-06-10,6.9,30.8,3.8,
2007-06-11,7.6,31.4,4.11,
2007-06-12,5.2,31.2,4.11,
2007-06-13,3.3,31.8,4.36,
2007-06-14,5.2,31.7,3.9,
2007-06-15,12.1,31.7,3.75,
2007-06-16,17.5,31.4,3.27,
2007-06-17,12.0,30.0,2.88,
2007-06-18,22.3,29.3,2.7,
2007-06-19,3.9,31.1,3.24,
2007-06-20,36.2,31.9,3.8,
2007-06-21,10.0,31.6,3.2,
2007-06-22,39.2,27.7,1.19,
2007-06-23,5.8,29.8,2.34,
2007-06-24,8.0,29.5,3.12,
2007-06-25,13.1,28.2,2.22,
2007-06-26,5.7,30.1,3.01,
2007-06-27,8.5,30.6,3.44,
2007-06-28,4.2,29.0,2.02,
2007-06-29,11.2,30.0,3.35,
2007-06-30,8.8,29.5,2.07,
2007-07-01,4.7,28.7,2.07,
2007-07-02,10.5,30.0,2.45,
2007-07-03,3.6,31.6,4.07,
2007-07-04,5.2,31.0,3.56,
2007-07-05,12.3,29.4,2.65,
2007-07-06,40.5,29.5,2.06,
2007-07-07,21.9,29.5,2.92,
2007-07-08,8.5,29.9,3.49,
2007-07-09,25.2,27.6,1.64,
2007-07-10,11.6,28.5,2.96,
2007-07-11,13.2,29.8,3.22,
2007-07-12,16.5,29.5,2.7,
2007-07-13,8.9,29.5,3.59,
2007-07-14,10.2,29.2,2.44,
2007-07-15,11.5,29.4,2.83,
2007-07-16,11.2,30.8,3.54,
2007-07-17,5.6,31.3,4.06,
2007-07-18,14.5,29.9,3.36,
2007-07-19,19.1,31.2,3.98,
2007-07-20,14.9,31.1,4.28,
2007-07-21,6.1,31.5,4.41,
2007-07-22,11.2,30.5,3.85,
2007-07-23,5.0,29.9,3.32,
2007-07-24,23.0,29.9,3.55,
2007-07-25,12.4,30.5,3.76,
2007-07-26,5.6,29.9,3.46,
2007-07-27,12.8,30.3,3.19,
2007-07-28,6.8,30.1,3.1,
2007-07-29,12.4,30.3,3.27,
2007-07-30,13.8,29.7,2.89,
2007-07-31,14.5,26.2,1.25,
2007-08-01,9.6,28.5,2.32,
2007-08-02,4.1,27.0,1.88,
2007-08-03,1.0,30.1,2.96,
2007-08-04,11.6,28.8,2.48,
2007-08-05,9.5,28.6,2.3,
2007-08-06,3.4,31.0,3.97,
2007-08-07,8.1,29.2,3.94,
2007-08-08,11.0,29.8,3.61,
2007-08-09,5.6,30.4,3.77,
2007-08-10,6.0,31.0,3.81,
2007-08-11,0.6,31.7,4.56,
2007-08-12,6.2,30.9,4.1,
2007-08-13,3.7,31.1,4.17,
2007-08-14,3.1,30.5,4.21,
2007-08-15,4.0,30.3,4.11,
2007-08-16,10.9,30.1,3.16,
2007-08-17,11.4,28.1,2.29,
2007-08-18,6.0,29.5,2.98,
2007-08-19,10.2,29.1,3.04,
2007-08-20,12.1,29.5,3.3,
2007-08-21,19.2,29.5,3.21,
2007-08-22,5.7,29.5,3.17,
2007-08-23,10.2,30.1,3.7,
2007-08-24,8.3,29.8,3.83,
2007-08-25,13.1,30.6,4.12,
2007-08-26,5.8,29.5,2.78,
2007-08-27,3.3,27.9,2.04,
2007-08-28,10.7,27.9,1.92,
2007-08-29,8.5,29.5,2.85,
2007-08-30,6.3,29.9,3.82,
2007-08-31,5.8,30.5,3.93,
2007-09-01,4.6,31.4,4.44,
2007-09-02,11.1,30.4,3.61,
2007-09-03,10.8,31.0,3.72,
2007-09-04,9.1,30.8,3.52,
2007-09-05,3.9,32.1,4.74,
2007-09-06,1.9,32.4,4.68,
2007-09-07,3.7,32.2,4.93,
2007-09-08,4.5,32.2,4.74,
2007-09-09,7.8,31.7,4.47,
2007-09-10,4.3,31.9,4.45,
2007-09-11,7.8,30.8,3.54,
2007-09-12,13.3,29.9,3.13,
2007-09-13,7.8,30.3,3.71,
2007-09-14,8.4,30.3,3.41,
2007-09-15,12.7,29.2,2.64,
2007-09-16,21.6,29.4,2.72,
2007-09-17,32.7,26.3,1.1,
2007-09-18,12.7,29.0,2.38,
2007-09-19,9.7,28.8,2.58,
2007-09-20,24.5,28.6,2.07,
2007-09-21,35.6,26.1,1.1,
2007-09-22,6.2,29.4,3.03,
2007-09-23,11.5,29.3,3.95,
2007-09-24,8.7,28.7,3.52,
2007-09-25,10.9,30.2,3.12,
2007-09-26,8.8,30.1,3.21,
2007-09-27,14.1,30.7,3.8,
2007-09-28,10.9,29.3,2.24,
2007-09-29,3.0,28.9,2.69,
2007-09-30,14.5,28.2,1.9,
2007-10-01,17.9,27.6,2.36,
2007-10-02,12.8,27.3,1.92,
2007-10-03,3.8,30.1,3.62,
2007-10-04,3.7,30.2,3.55,
2007-10-05,10.1,31.1,3.6,
2007-10-06,7.1,29.4,3.3,
2007-10-07,6.9,30.8,3.81,
2007-10-08,4.8,31.1,4.11,
2007-10-09,5.5,31.0,3.94,
2007-10-10,10.9,30.1,3.26,
2007-10-11,26.8,27.9,2.37,
2007-10-12,25.5,30.5,3.27,
2007-10-13,7.6,30.7,3.44,
2007-10-14,8.6,29.4,3.33,
2007-10-15,5.6,29.3,3.28,
2007-10-16,13.3,29.8,3.01,
2007-10-17,25.9,30.6,3.58,
2007-10-18,11.9,30.1,2.97,
2007-10-19,9.6,29.6,2.61,
2007-10-20,7.9,29.9,2.93,
2007-10-21,16.6,27.8,2.16,
2007-10-22,18.9,29.1,2.51,
2007-10-23,37.7,28.7,2.6,
2007-10-24,2.6,30.1,2.88,
2007-10-25,13.4,30.1,2.39,
2007-10-26,31.4,27.7,1.96,
2007-10-27,13.8,29.6,2.8,
2007-10-28,17.9,29.3,2.82,
2007-10-29,3.4,30.7,3.53,
2007-10-30,0.9,28.1,1.94,
2007-10-31,0.0,30.2,4.55,
2007-11-01,0.0,30.2,3.51,
2007-11-02,22.3,29.5,2.87,
2007-11-03,11.1,27.3,1.75,
2007-11-04,3.4,29.0,3.68,
2007-11-05,29.9,25.5,1.22,
2007-11-06,3.8,27.2,1.98,
2007-11-07,7.4,28.9,2.96,
2007-11-08,2.9,29.2,3.16,
2007-11-09,11.7,30.2,3.72,
2007-11-10,2.5,30.0,3.8,
2007-11-11,13.1,29.9,2.99,
2007-11-12,27.3,28.8,2.98,
2007-11-13,1.0,29.9,3.72,
2007-11-14,4.7,29.5,3.43,
2007-11-15,12.6,28.7,2.85,
2007-11-16,9.0,28.2,2.47,
2007-11-17,0.3,30.0,3.65,
2007-11-18,4.8,29.6,3.85,
2007-11-19,18.7,29.3,2.71,
2007-11-20,1.1,30.1,3.87,
2007-11-21,0.0,29.8,3.89,
2007-11-22,0.0,28.8,3.8,
2007-11-23,0.0,28.6,3.91,
2007-11-24,0.0,29.6,4.64,
2007-11-25,0.0,30.0,4.4,
2007-11-26,0.0,30.5,4.38,
2007-11-27,0.5,29.0,3.91,
2007-11-28,0.0,29.1,4.52,
2007-11-29,2.0,27.3,3.47,
2007-11-30,0.0,27.8,4.35,
2007-12-01,0.0,28.1,3.75,
2007-12-02,0.1,28.9,3.87,
2007-12-03,0.0,29.8,4.2,
2007-12-04,0.0,29.8,4.14,
2007-12-05,0.1,30.1,4.07,
2007-12-06,0.3,30.8,4.34,
2007-12-07,0.3,30.0,4.53,
2007-12-08,0.2,30.3,4.22,
2007-12-09,0.0,31.3,4.85,
2007-12-10,0.0,31.1,4.39,
2007-12-11,1.1,31.1,3.71,
2007-12-12,0.1,31.6,4.27,
2007-12-13,0.0,31.4,4.89,
2007-12-14,0.4,31.1,4.6,
2007-12-15,0.0,31.7,5.3,
2007-12-16,0.7,31.7,4.16,
2007-12-17,2.6,31.7,4.65,
2007-12-18,0.4,31.3,4.69,
2007-12-19,0.4,32.1,4.93,
2007-12-20,0.1,31.7,4.56,
2007-12-21,0.2,32.0,4.32,
2007-12-22,5.6,30.6,3.26,
2007-12-23,0.4,30.6,3.81,
2007-12-24,0.3,30.8,3.81,
2007-12-25,0.0,31.2,4.33,
2007-12-26,0.0,32.5,3.93,
2007-12-27,0.5,30.1,2.69,
2007-12-28,0.1,30.9,3.09,
2007-12-29,0.3,28.6,2.05,
2007-12-30,0.2,31.2,3.54,
2007-12-31,3.1,30.0,2.92,
2008-01-01,0.9,29.4,3.18,
2008-01-02,9.5,25.8,2.42,
2008-01-03,4.2,26.3,2.58,
2008-01-04,3.3,26.3,1.6,
2008-01-05,1.8,28.1,2.87,
2008-01-06,0.6,29.2,3.17,
2008-01-07,0.1,29.4,3.71,
2008-01-08,0.0,30.1,4.12,
2008-01-09,0.2,29.7,3.9,
2008-01-10,0.8,29.8,3.81,
2008-01-11,0.0,30.4,3.6,
2008-01-12,0.4,31.1,3.81,
2008-01-13,2.0,30.7,3.59,
2008-01-14,1.6,29.4,3.67,
2008-01-15,1.8,32.6,4.65,
2008-01-16,1.4,30.3,3.94,
2008-01-17,1.3,29.3,3.22,
2008-01-18,0.9,30.6,4.47,
2008-01-19,0.0,31.0,4.67,
2008-01-20,0.4,31.7,4.42,
2008-01-21,0.2,31.3,4.5,
2008-01-22,0.0,31.8,4.29,
2008-01-23,0.0,31.8,4.19,
2008-01-24,0.5,30.6,3.55,
2008-01-25,3.0,30.4,3.88,
2008-01-26,0.0,32.0,5.19,
2008-01-27,0.0,32.1,5.73,
2008-01-28,0.0,32.3,5.49,
2008-01-29,0.0,32.1,4.73,
2008-01-30,0.0,31.5,5.04,
2008-01-31,0.0,31.5,5.33,
2008-02-01,0.1,32.5,5.85,
2008-02-02,0.0,31.9,5.18,
2008-02-03,0.0,31.5,5.37,
2008-02-04,0.0,32.3,5.59,
2008-02-05,0.0,33.3,5.77,
2008-02-06,0.0,31.5,4.89,
2008-02-07,0.0,32.8,5.34,
2008-02-08,0.2,32.0,5.01,
2008-02-09,0.0,32.3,5.68,
2008-02-10,0.0,32.0,5.47,
2008-02-11,0.0,31.5,4.74,
2008-02-12,0.0,30.4,4.46,
2008-02-13,0.1,31.0,5.36,
2008-02-14,0.0,30.8,4.89,
2008-02-15,0.1,31.6,5.08,
2008-02-16,0.3,31.1,4.89,
2008-02-17,0.4,31.3,5.08,
2008-02-18,0.0,32.4,5.21,
2008-02-19,0.0,32.8,5.12,
2008-02-20,0.0,32.1,4.95,
2008-02-21,0.0,31.8,4.12,
2008-02-22,2.4,32.6,3.86,
2008-02-23,4.5,29.0,1.91,
2008-02-24,1.2,29.9,4.14,
2008-02-25,2.0,30.2,4.38,
2008-02-26,1.7,30.8,4.14,
2008-02-27,1.1,31.3,4.85,
2008-02-28,0.6,30.6,4.19,
2008-02-29,0.0,30.5,4.12,
2008-03-01,0.2,31.3,4.64,
2008-03-02,0.2,31.0,4.84,
2008-03-03,0.0,32.7,5.17,
2008-03-04,0.2,31.3,4.74,
2008-03-05,0.1,31.5,4.58,
2008-03-06,0.4,31.6,5.69,
2008-03-07,3.1,31.0,5.09,
2008-03-08,1.0,32.5,5.39,
2008-03-09,0.0,32.5,6.76,
2008-03-10,3.8,33.4,5.42,
2008-03-11,0.0,32.4,5.97,
2008-03-12,0.0,32.7,6.27,
2008-03-13,0.0,32.4,5.79,
2008-03-14,0.4,32.9,5.29,
2008-03-15,0.0,33.0,5.81,
2008-03-16,0.0,32.6,5.4,
2008-03-17,0.0,33.2,5.23,
2008-03-18,1.0,33.0,4.68,
2008-03-19,10.7,32.9,4.14,
2008-03-20,3.6,31.4,4.49,
2008-03-21,1.1,32.2,4.78,
2008-03-22,0.1,32.2,5.17,
2008-03-23,0.8,32.5,4.66,
2008-03-24,0.0,32.6,5.56,
2008-03-25,0.8,32.2,5.6,
2008-03-26,0.8,32.5,5.1,
2008-03-27,0.3,34.0,5.57,
2008-03-28,0.0,33.2,5.14,
2008-03-29,0.0,34.6,6.12,
2008-03-30,0.0,35.0,5.96,
2008-03-31,0.5,34.6,4.69,
2008-04-01,1.2,33.7,5.09,
2008-04-02,2.1,33.0,4.69,
2008-04-03,0.3,33.4,5.25,
2008-04-04,3.1,32.9,5.02,
2008-04-05,8.2,31.0,3.9,
2008-04-06,9.5,29.9,3.73,
2008-04-07,0.2,33.0,5.18,
2008-04-08,0.1,33.3,5.45,
2008-04-09,0.1,34.0,5.55,
2008-04-10,0.0,34.3,5.54,
2008-04-11,0.0,34.1,5.54,
2008-04-12,0.0,34.7,5.88,
2008-04-13,0.0,35.2,5.73,
2008-04-14,4.7,34.2,4.8,
2008-04-15,11.1,32.9,4.5,
2008-04-16,5.4,33.1,4.46,
2008-04-17,15.9,32.5,4.46,
2008-04-18,16.9,32.7,4.0,
2008-04-19,1.0,32.7,5.13,
2008-04-20,0.4,32.2,5.01,
2008-04-21,0.0,32.8,5.15,
2008-04-22,0.2,33.3,5.7,
2008-04-23,5.3,31.9,4.85,
2008-04-24,3.4,31.9,4.99,
2008-04-25,6.4,30.4,3.76,
2008-04-26,14.6,29.1,2.91,
2008-04-27,26.6,30.9,3.73,
2008-04-28,17.8,30.3,2.89,
2008-04-29,13.1,30.0,2.49,
2008-04-30,22.4,30.2,2.83,
2008-05-01,16.4,31.3,4.01,
2008-05-02,9.4,30.8,3.34,
2008-05-03,9.7,32.2,3.7,
2008-05-04,9.1,30.2,3.13,
2008-05-05,15.9,31.0,3.47,
2008-05-06,16.9,30.6,3.28,
2008-05-07,8.3,29.9,2.84,
2008-05-08,9.1,29.0,3.0,
2008-05-09,3.5,30.8,4.04,
2008-05-10,12.7,28.9,3.08,
2008-05-11,22.8,26.8,1.45,
2008-05-12,51.5,26.3,1.11,
2008-05-13,33.0,27.6,2.1,
2008-05-14,15.0,30.1,2.96,
2008-05-15,13.0,29.2,2.58,
2008-05-16,9.3,28.2,2.5,
2008-05-17,10.9,30.4,3.14,
2008-05-18,9.4,29.6,2.75,
2008-05-19,10.1,30.6,3.68,
2008-05-20,5.9,30.3,3.62,
2008-05-21,10.6,30.4,3.61,
2008-05-22,15.9,30.9,3.74,
2008-05-23,7.3,31.2,4.1,
2008-05-24,13.9,31.0,4.01,
2008-05-25,16.3,30.1,3.89,
2008-05-26,4.6,31.8,4.34,
2008-05-27,5.6,32.1,4.44,
2008-05-28,4.4,30.9,4.03,
2008-05-29,8.5,31.0,4.04,
2008-05-30,6.5,31.3,4.29,
2008-05-31,3.5,31.5,4.29,
2008-06-01,3.8,31.8,4.27,
2008-06-02,8.4,30.2,3.63,
2008-06-03,11.9,31.6,4.4,
2008-06-04,10.8,31.8,4.31,
2008-06-05,2.1,32.3,4.85,
2008-06-06,10.4,31.5,4.45,
2008-06-07,30.3,32.1,4.32,
2008-06-08,28.9,30.2,2.75,
2008-06-09,23.6,29.0,2.65,
2008-06-10,13.6,29.9,2.87,
2008-06-11,16.7,28.3,1.97,
2008-06-12,11.5,28.4,2.62,
2008-06-13,7.8,29.4,1.9,
2008-06-14,9.3,28.8,2.61,
2008-06-15,8.7,31.4,3.88,
2008-06-16,6.7,31.3,4.14,
2008-06-17,9.9,30.6,3.82,
2008-06-18,7.9,30.7,3.31,
2008-06-19,9.9,31.3,4.04,
2008-06-20,0.9,31.2,4.76,
2008-06-21,4.0,31.2,4.19,
2008-06-22,11.7,30.6,3.67,
2008-06-23,10.2,29.4,3.37,
2008-06-24,11.6,28.4,2.86,
2008-06-25,5.3,27.7,2.11,
2008-06-26,13.1,28.5,2.89,
2008-06-27,4.0,30.5,4.03,
2008-06-28,11.1,29.6,3.47,
2008-06-29,5.1,31.4,4.36,
2008-06-30,9.1,30.8,4.09,
2008-07-01,19.1,29.2,2.83,
2008-07-02,1.4,29.6,2.19,
2008-07-03,7.0,30.3,3.49,
2008-07-04,13.4,29.4,2.8,
2008-07-05,9.2,29.7,2.89,
2008-07-06,7.0,29.1,3.12,
2008-07-07,15.3,29.0,2.97,
2008-07-08,11.2,29.0,2.64,
2008-07-09,9.5,31.4,4.1,
2008-07-10,16.9,30.4,3.85,
2008-07-11,7.5,31.0,4.44,
2008-07-12,0.8,31.0,4.65,
2008-07-13,6.4,30.9,4.15,
2008-07-14,7.0,31.2,4.38,
2008-07-15,1.8,31.5,4.68,
2008-07-16,11.3,30.3,3.85,
2008-07-17,10.5,29.4,3.39,
2008-07-18,6.0,30.0,4.14,
2008-07-19,2.9,30.5,3.55,
2008-07-20,35.5,30.7,4.08,
2008-07-21,8.4,31.2,4.11,
2008-07-22,10.9,30.5,4.11,
2008-07-23,13.6,30.1,3.11,
2008-07-24,9.3,29.4,3.53,
2008-07-25,13.6,29.2,2.82,
2008-07-26,14.0,28.3,2.75,
2008-07-27,22.2,25.8,1.34,
2008-07-28,9.1,27.7,2.3,
2008-07-29,0.3,31.1,4.33,
2008-07-30,0.0,30.7,4.58,
2008-07-31,6.1,31.1,4.11,
2008-08-01,11.5,30.6,3.41,
2008-08-02,14.3,29.7,3.79,
2008-08-03,7.2,30.6,3.72,
2008-08-04,11.9,27.6,1.53,
2008-08-05,9.7,29.6,3.16,
2008-08-06,12.3,27.9,2.49,
2008-08-07,6.6,26.6,1.53,
2008-08-08,3.4,30.5,4.08,
2008-08-09,1.8,31.0,4.31,
2008-08-10,6.2,31.4,4.17,
2008-08-11,11.2,29.8,2.85,
2008-08-12,10.2,28.9,2.2,
2008-08-13,11.1,31.0,3.88,
2008-08-14,13.0,30.4,3.8,
2008-08-15,0.0,31.1,3.99,
2008-08-16,0.5,30.9,4.25,
2008-08-17,0.1,30.7,4.26,
2008-08-18,11.2,29.3,2.82,
2008-08-19,3.7,29.8,3.73,
2008-08-20,7.9,30.3,3.49,
2008-08-21,6.5,29.6,3.37,
2008-08-22,11.5,31.0,4.01,
2008-08-23,8.3,31.2,4.21,
2008-08-24,12.5,30.9,3.87,
2008-08-25,9.9,31.3,4.33,
2008-08-26,15.4,31.4,4.35,
2008-08-27,11.5,30.7,3.96,
2008-08-28,24.5,30.7,3.77,
2008-08-29,21.2,31.5,4.5,
2008-08-30,7.4,31.4,4.52,
2008-08-31,11.2,31.6,4.65,
2008-09-01,6.2,29.1,2.69,
2008-09-02,6.7,31.0,3.97,
2008-09-03,10.6,31.2,4.19,
2008-09-04,9.7,31.5,4.34,
2008-09-05,21.4,30.4,3.15,
2008-09-06,17.7,30.1,3.11,
2008-09-07,23.3,30.0,2.93,
2008-09-08,19.7,29.5,2.66,
2008-09-09,22.9,26.0,1.38,
2008-09-10,18.1,26.1,1.51,
2008-09-11,12.3,28.8,3.04,
2008-09-12,0.2,31.6,4.37,
2008-09-13,2.5,31.5,3.99,
2008-09-14,8.1,30.5,3.48,
2008-09-15,23.5,29.5,2.62,
2008-09-16,22.0,26.3,1.68,
2008-09-17,8.6,29.0,2.57,
2008-09-18,14.1,29.3,3.18,
2008-09-19,14.9,29.8,2.93,
2008-09-20,8.1,30.0,3.11,
2008-09-21,3.3,30.7,4.12,
2008-09-22,1.3,30.8,4.65,
2008-09-23,1.5,30.7,4.31,
2008-09-24,5.6,29.4,3.48,
2008-09-25,5.6,28.9,2.52,
2008-09-26,1.5,30.6,3.92,
2008-09-27,9.5,29.4,3.12,
2008-09-28,5.5,29.0,2.83,
2008-09-29,5.5,27.3,2.14,
2008-09-30,4.4,28.9,2.53,
2008-10-01,7.0,30.2,3.86,
2008-10-02,3.8,31.3,4.37,
2008-10-03,1.2,31.0,4.35,
2008-10-04,2.9,32.0,4.84,
2008-10-05,13.6,31.1,4.07,
2008-10-06,11.2,31.4,3.97,
2008-10-07,18.3,31.0,4.14,
2008-10-08,18.4,31.0,3.66,
2008-10-09,9.0,30.5,3.73,
2008-10-10,13.3,30.4,3.49,
2008-10-11,14.6,31.2,3.81,
2008-10-12,21.1,30.0,3.32,
2008-10-13,14.9,30.9,3.44,
2008-10-14,7.6,31.0,3.98,
2008-10-15,11.3,30.7,3.9,
2008-10-16,11.8,31.5,3.39,
2008-10-17,21.4,30.3,3.02,
2008-10-18,12.4,30.5,3.41,
2008-10-19,9.0,31.1,3.83,
2008-10-20,10.7,31.3,3.76,
2008-10-21,10.4,29.0,2.85,
2008-10-22,16.8,29.1,3.0,
2008-10-23,14.8,29.1,2.0,
2008-10-24,35.7,28.2,1.86,
2008-10-25,12.2,28.7,2.05,
2008-10-26,21.4,29.9,2.44,
2008-10-27,18.1,29.9,2.67,
2008-10-28,15.1,28.8,1.81,
2008-10-29,16.5,26.8,1.72,
2008-10-30,17.0,26.2,1.29,
2008-10-31,12.8,29.2,2.57,
2008-11-01,7.7,29.2,2.57,
2008-11-02,4.1,30.8,3.5,
2008-11-03,1.3,30.9,3.75,
2008-11-04,10.8,29.6,2.87,
2008-11-05,13.2,30.4,3.37,
2008-11-06,16.1,28.0,2.04,
2008-11-07,10.8,27.5,1.55,
2008-11-08,9.7,29.3,2.69,
2008-11-09,12.7,29.7,2.92,
2008-11-10,17.0,28.7,2.53,
2008-11-11,0.5,28.5,2.78,
2008-11-12,0.9,29.6,4.48,
2008-11-13,0.0,29.8,4.01,
2008-11-14,0.0,29.8,4.54,
2008-11-15,1.7,27.4,2.11,
2008-11-16,4.0,29.0,2.75,
2008-11-17,1.0,31.3,4.26,
2008-11-18,1.9,30.7,3.85,
2008-11-19,3.0,30.6,3.78,
2008-11-20,0.8,30.2,3.68,
2008-11-21,7.8,29.4,2.61,
2008-11-22,9.6,27.7,1.99,
2008-11-23,18.0,29.5,2.8,
2008-11-24,13.6,28.3,2.3,
2008-11-25,10.7,29.8,3.33,
2008-11-26,2.6,30.0,3.32,
2008-11-27,12.8,31.0,4.02,
2008-11-28,3.1,26.8,3.33,
2008-11-29,4.1,26.7,2.85,
2008-11-30,0.0,27.8,3.67,
2008-12-01,0.0,28.6,4.01,
2008-12-02,0.1,28.9,3.67,
2008-12-03,0.0,29.3,3.94,
2008-12-04,0.0,29.7,3.76,
2008-12-05,22.6,27.6,1.72,
2008-12-06,2.4,28.9,3.21,
2008-12-07,0.1,29.1,3.64,
2008-12-08,0.0,29.8,4.28,
2008-12-09,0.0,28.7,3.39,
2008-12-10,0.0,29.1,4.09,
2008-12-11,0.0,29.1,3.67,
2008-12-12,0.0,30.5,4.03,
2008-12-13,0.9,30.2,3.68,
2008-12-14,1.6,30.3,3.35,
2008-12-15,0.2,29.3,3.25,
2008-12-16,0.2,29.4,4.0,
2008-12-17,0.0,29.1,3.67,
2008-12-18,1.2,28.4,3.29,
2008-12-19,1.3,27.9,3.3,
2008-12-20,0.0,29.7,4.25,
2008-12-21,0.0,30.6,4.27,
2008-12-22,0.0,30.5,3.84,
2008-12-23,0.0,30.1,3.52,
2008-12-24,1.8,30.5,3.32,
2008-12-25,0.5,30.1,4.21,
2008-12-26,30.7,26.3,1.32,
2008-12-27,7.2,27.1,1.89,
2008-12-28,9.6,28.4,2.24,
2008-12-29,12.2,27.1,1.92,
2008-12-30,16.2,28.5,2.26,
2008-12-31,32.5,26.8,1.62,
2009-01-01,10.0,28.1,2.57,
2009-01-02,0.0,28.3,2.96,
2009-01-03,4.3,26.2,1.73,
2009-01-04,0.0,28.5,3.25,
2009-01-05,0.2,29.4,3.74,
2009-01-06,0.9,29.0,3.51,
2009-01-07,2.6,29.3,3.55,
2009-01-08,0.9,29.0,3.46,
2009-01-09,0.0,26.8,3.54,
2009-01-10,0.0,26.4,3.97,
2009-01-11,0.0,26.0,4.03,
2009-01-12,0.0,26.6,3.46,
2009-01-13,0.1,26.6,2.92,
2009-01-14,0.0,27.1,4.25,
2009-01-15,0.0,27.3,4.11,
2009-01-16,0.1,28.0,3.65,
2009-01-17,0.4,28.5,3.67,
2009-01-18,0.0,28.8,3.86,
2009-01-19,0.0,29.3,3.99,
2009-01-20,0.0,29.8,4.05,
2009-01-21,0.0,29.9,4.19,
2009-01-22,0.1,30.1,3.95,
2009-01-23,0.5,30.5,3.67,
2009-01-24,0.0,28.6,4.31,
2009-01-25,0.0,29.5,4.74,
2009-01-26,0.3,29.2,3.96,
2009-01-27,0.3,29.3,4.09,
2009-01-28,0.0,30.5,4.35,
2009-01-29,0.0,30.3,4.01,
2009-01-30,0.5,30.3,4.07,
2009-01-31,0.0,30.3,4.31,
2009-02-01,0.0,29.9,4.18,
2009-02-02,0.0,31.3,4.69,
2009-02-03,0.4,30.5,4.24,
2009-02-04,0.9,29.8,4.05,
2009-02-05,0.9,30.2,4.04,
2009-02-06,0.0,30.4,4.53,
2009-02-07,0.0,30.4,4.47,
2009-02-08,0.0,31.7,4.68,
2009-02-09,0.0,32.3,4.75,
2009-02-10,0.3,31.0,4.18,
2009-02-11,26.8,26.3,1.28,
2009-02-12,15.9,27.7,2.02,
2009-02-13,1.7,29.5,3.93,
2009-02-14,0.4,31.0,4.33,
2009-02-15,1.4,31.2,4.42,
2009-02-16,0.8,30.8,3.94,
2009-02-17,0.2,30.4,4.42,
2009-02-18,1.4,30.5,4.36,
2009-02-19,0.0,31.1,4.89,
2009-02-20,2.2,31.9,4.83,
2009-02-21,0.0,31.6,5.1,
2009-02-22,0.2,31.2,4.32,
2009-02-23,0.0,31.7,4.45,
2009-02-24,1.9,31.5,4.26,
2009-02-25,0.0,31.7,4.84,
2009-02-26,0.0,31.5,4.64,
2009-02-27,7.5,31.5,3.79,
2009-02-28,11.4,29.1,2.62,
2009-03-01,3.8,29.9,3.48,
2009-03-02,0.2,31.4,5.35,
2009-03-03,5.8,30.5,4.18,
2009-03-04,7.2,30.1,3.79,
2009-03-05,7.4,30.9,4.24,
2009-03-06,0.4,31.4,4.43,
2009-03-07,8.4,31.4,3.9,
2009-03-08,5.7,30.1,4.14,
2009-03-09,11.9,30.7,4.0,
2009-03-10,0.0,31.1,4.81,
2009-03-11,1.2,30.8,4.42,
2009-03-12,0.0,31.5,4.71,
2009-03-13,0.1,31.6,4.46,
2009-03-14,3.6,30.5,3.68,
2009-03-15,0.0,31.1,5.38,
2009-03-16,2.1,31.0,3.65,
2009-03-17,14.5,29.6,3.67,
2009-03-18,5.6,30.5,4.12,
2009-03-19,3.7,30.5,4.28,
2009-03-20,2.9,30.4,4.34,
2009-03-21,1.2,31.5,4.64,
2009-03-22,1.2,31.7,4.69,
2009-03-23,0.0,31.8,4.89,
2009-03-24,0.7,32.4,4.93,
2009-03-25,0.0,33.0,5.04,
2009-03-26,0.0,32.3,5.27,
2009-03-27,0.0,32.5,5.41,
2009-03-28,1.2,33.1,5.2,
2009-03-29,0.0,33.3,5.36,
2009-03-30,0.3,33.3,5.67,
2009-03-31,3.5,32.1,4.79,
2009-04-01,5.2,29.7,3.75,
2009-04-02,4.9,29.6,3.34,
2009-04-03,5.2,32.1,4.62,
2009-04-04,1.8,32.5,5.02,
2009-04-05,3.6,31.7,4.44,
2009-04-06,6.5,30.9,3.48,
2009-04-07,11.4,29.0,2.98,
2009-04-08,12.9,27.2,2.07,
2009-04-09,8.5,30.4,3.7,
2009-04-10,1.2,32.2,4.84,
2009-04-11,2.0,31.4,3.86,
2009-04-12,11.5,31.4,4.19,
2009-04-13,6.6,31.9,4.47,
2009-04-14,0.0,32.5,5.12,
2009-04-15,3.9,32.8,4.99,
2009-04-16,0.4,32.9,4.76,
2009-04-17,0.0,33.2,5.57,
2009-04-18,1.8,32.8,5.19,
2009-04-19,6.3,32.3,5.0,
2009-04-20,13.5,32.7,4.49,
2009-04-21,4.3,29.6,3.42,
2009-04-22,2.9,31.1,4.26,
2009-04-23,2.9,31.6,4.78,
2009-04-24,1.8,31.2,4.21,
2009-04-25,7.7,30.4,3.6,
2009-04-26,9.4,30.4,3.27,
2009-04-27,7.1,31.7,4.36,
2009-04-28,0.7,32.1,4.98,
2009-04-29,6.3,31.2,3.82,
2009-04-30,0.1,31.9,4.44,
2009-05-01,1.5,31.5,4.29,
2009-05-02,23.0,28.3,2.04,
2009-05-03,28.6,30.2,2.57,
2009-05-04,9.4,29.8,2.32,
2009-05-05,15.0,29.7,2.75,
2009-05-06,10.6,31.9,4.1,
2009-05-07,19.4,30.8,3.3,
2009-05-08,17.7,30.2,3.19,
2009-05-09,8.8,31.0,3.06,
2009-05-10,23.0,31.6,3.6,
2009-05-11,18.3,30.3,2.96,
2009-05-12,9.7,31.1,3.81,
2009-05-13,6.1,32.1,3.9,
2009-05-14,11.7,31.1,3.75,
2009-05-15,5.4,31.1,3.92,
2009-05-16,20.0,29.7,2.81,
2009-05-17,9.2,30.5,4.03,
2009-05-18,15.1,30.3,3.74,
2009-05-19,6.6,31.7,4.16,
2009-05-20,3.4,31.7,3.91,
2009-05-21,6.1,31.5,3.84,
2009-05-22,4.8,31.9,4.01,
2009-05-23,6.7,29.1,2.37,
2009-05-24,0.6,32.4,4.91,
2009-05-25,13.3,30.0,2.82,
2009-05-26,13.7,30.9,3.45,
2009-05-27,10.9,29.1,2.55,
2009-05-28,10.5,31.3,3.4,
2009-05-29,0.7,31.9,4.56,
2009-05-30,11.6,31.7,3.82,
2009-05-31,0.0,32.3,4.26,
2009-06-01,6.6,32.5,4.37,
2009-06-02,10.2,31.0,3.32,
2009-06-03,12.1,29.2,2.95,
2009-06-04,2.8,29.9,3.15,
2009-06-05,4.7,31.7,4.28,
2009-06-06,2.5,32.4,4.75,
2009-06-07,0.0,32.4,5.29,
2009-06-08,0.0,32.0,5.03,
2009-06-09,7.1,31.2,4.01,
2009-06-10,5.2,30.4,3.97,
2009-06-11,4.0,31.3,4.07,
2009-06-12,0.5,32.1,5.1,
2009-06-13,0.0,32.2,5.39,
2009-06-14,2.8,31.0,4.22,
2009-06-15,8.0,30.0,3.38,
2009-06-16,11.7,28.3,2.35,
2009-06-17,4.2,31.0,4.12,
2009-06-18,9.2,31.2,4.05,
2009-06-19,8.1,30.6,3.7,
2009-06-20,7.4,30.6,3.47,
2009-06-21,11.0,30.3,3.25,
2009-06-22,10.5,30.0,3.15,
2009-06-23,0.1,32.0,4.73,
2009-06-24,0.5,31.9,5.06,
2009-06-25,2.6,30.6,3.64,
2009-06-26,10.0,30.3,3.39,
2009-06-27,1.8,31.7,4.15,
2009-06-28,13.2,30.3,3.76,
2009-06-29,12.4,30.2,3.35,
2009-06-30,9.6,31.2,3.9,
2009-07-01,18.4,30.3,3.25,
2009-07-02,6.7,30.7,4.09,
2009-07-03,16.6,31.0,3.87,
2009-07-04,0.5,32.2,4.81,
2009-07-05,2.8,31.5,3.91,
2009-07-06,14.9,31.2,3.65,
2009-07-07,3.2,32.0,4.58,
2009-07-08,4.8,31.1,3.84,
2009-07-09,4.6,32.0,4.66,
2009-07-10,7.5,31.0,4.24,
2009-07-11,12.4,28.8,3.41,
2009-07-12,15.7,28.4,2.93,
2009-07-13,18.8,28.9,3.15,
2009-07-14,9.6,30.5,3.36,
2009-07-15,11.5,30.1,2.79,
2009-07-16,30.9,27.3,1.49,
2009-07-17,15.0,29.3,2.62,
2009-07-18,4.3,30.1,2.68,
2009-07-19,6.5,30.3,3.78,
2009-07-20,5.6,31.1,3.38,
2009-07-21,20.6,30.2,2.3,
2009-07-22,24.9,26.6,1.76,
2009-07-23,6.6,31.2,4.36,
2009-07-24,8.6,30.4,3.86,
2009-07-25,1.2,31.7,4.75,
2009-07-26,11.3,30.3,4.01,
2009-07-27,3.5,31.4,4.35,
2009-07-28,1.8,30.0,3.19,
2009-07-29,7.8,30.2,3.69,
2009-07-30,1.8,31.1,4.49,
2009-07-31,3.2,30.0,3.33,
2009-08-01,0.4,31.2,4.48,
2009-08-02,5.6,29.4,2.43,
2009-08-03,4.0,29.0,2.91,
2009-08-04,5.3,29.0,3.25,
2009-08-05,8.0,29.8,3.65,
2009-08-06,2.7,30.9,4.71,
2009-08-07,4.3,30.1,4.09,
2009-08-08,5.5,30.6,3.81,
2009-08-09,1.5,30.7,4.26,
2009-08-10,5.7,30.9,4.43,
2009-08-11,2.9,31.0,4.49,
2009-08-12,2.1,31.6,4.4,
2009-08-13,2.1,32.2,4.51,
2009-08-14,10.0,32.0,4.61,
2009-08-15,12.1,32.1,4.74,
2009-08-16,23.0,32.3,4.54,
2009-08-17,5.7,31.9,4.67,
2009-08-18,10.5,31.2,4.03,
2009-08-19,33.1,31.0,4.22,
2009-08-20,14.8,30.4,3.49,
2009-08-21,5.9,31.1,4.17,
2009-08-22,5.9,30.1,3.73,
2009-08-23,10.9,30.8,4.02,
2009-08-24,7.7,31.0,3.84,
2009-08-25,6.8,30.0,3.87,
2009-08-26,10.4,30.6,3.31,
2009-08-27,20.8,30.9,3.55,
2009-08-28,2.9,30.7,3.82,
2009-08-29,14.3,30.6,3.38,
2009-08-30,5.7,30.5,3.89,
2009-08-31,14.7,28.6,2.2,
2009-09-01,19.0,26.5,1.57,
2009-09-02,2.8,30.6,4.49,
2009-09-03,6.6,27.9,2.59,
2009-09-04,12.3,30.8,3.8,
2009-09-05,19.1,26.9,1.89,
2009-09-06,42.1,25.8,1.12,
2009-09-07,17.1,28.5,2.04,
2009-09-08,5.3,30.2,3.5,
2009-09-09,10.1,28.4,2.18,
2009-09-10,12.0,29.1,2.91,
2009-09-11,7.9,29.4,3.57,
2009-09-12,5.6,30.9,3.99,
2009-09-13,10.8,29.4,3.33,
2009-09-14,15.3,30.6,2.97,
2009-09-15,18.9,29.4,3.0,
2009-09-16,13.9,29.9,3.46,
2009-09-17,5.4,31.6,3.84,
2009-09-18,1.4,31.9,4.66,
2009-09-19,8.1,31.3,4.17,
2009-09-20,7.6,30.7,3.93,
2009-09-21,4.2,31.5,4.3,
2009-09-22,8.1,30.6,3.46,
2009-09-23,4.1,30.0,3.46,
2009-09-24,7.1,29.0,3.03,
2009-09-25,7.2,28.5,3.35,
2009-09-26,10.2,28.4,2.49,
2009-09-27,12.6,28.5,2.02,
2009-09-28,4.3,28.4,2.61,
2009-09-29,3.1,28.0,3.18,
2009-09-30,6.5,28.0,2.89,
2009-10-01,6.8,28.9,3.4,
2009-10-02,16.9,29.5,3.71,
2009-10-03,20.6,29.3,2.98,
2009-10-04,14.5,30.0,2.92,
2009-10-05,14.7,30.1,2.62,
2009-10-06,23.9,26.4,1.14,
2009-10-07,19.3,27.5,2.03,
2009-10-08,11.3,28.3,2.39,
2009-10-09,10.3,28.8,2.32,
2009-10-10,18.9,27.1,1.68,
2009-10-11,13.7,28.8,2.28,
2009-10-12,6.9,30.4,3.52,
2009-10-13,7.6,31.4,4.29,
2009-10-14,0.2,31.7,4.45,
2009-10-15,5.2,30.0,2.91,
2009-10-16,10.8,29.6,2.88,
2009-10-17,9.0,30.5,2.94,
2009-10-18,5.2,29.8,3.28,
2009-10-19,9.1,29.5,3.2,
2009-10-20,5.3,30.7,3.79,
2009-10-21,3.4,31.0,4.48,
2009-10-22,9.5,30.8,3.92,
2009-10-23,10.0,29.9,3.55,
2009-10-24,5.2,29.7,2.87,
2009-10-25,20.8,28.7,2.35,
2009-10-26,25.7,29.5,2.84,
2009-10-27,0.3,31.0,4.18,
2009-10-28,1.6,30.8,4.23,
2009-10-29,0.0,30.6,4.41,
2009-10-30,1.6,30.8,4.11,
2009-10-31,2.8,30.9,4.08,
2009-11-01,8.5,30.1,3.76,
2009-11-02,4.5,31.3,4.15,
2009-11-03,10.2,29.0,3.45,
2009-11-04,0.0,30.5,4.47,
2009-11-05,1.1,30.2,4.15,
2009-11-06,5.3,30.4,3.53,
2009-11-07,24.0,26.7,1.1,
2009-11-08,1.0,31.0,4.08,
2009-11-09,0.7,31.1,4.29,
2009-11-10,4.2,30.2,3.24,
2009-11-11,5.2,30.3,3.58,
2009-11-12,5.1,30.7,3.75,
2009-11-13,7.0,30.4,3.7,
2009-11-14,0.8,30.7,4.02,
2009-11-15,2.4,29.9,3.67,
2009-11-16,3.4,29.3,2.65,
2009-11-17,3.4,29.5,2.64,
2009-11-18,0.7,30.2,3.98,
2009-11-19,1.6,29.3,3.52,
2009-11-20,0.3,29.9,4.08,
2009-11-21,0.0,29.4,4.07,
2009-11-22,6.8,26.3,2.2,
2009-11-23,16.8,24.8,1.64,
2009-11-24,10.7,27.6,2.94,
2009-11-25,4.2,26.5,1.05,
2009-11-26,0.8,27.8,1.72,
2009-11-27,4.8,29.5,2.36,
2009-11-28,3.3,30.6,3.66,
2009-11-29,2.8,30.6,3.72,
2009-11-30,10.1,29.5,3.26,
2009-12-01,0.2,29.7,3.92,
2009-12-02,0.0,30.0,4.51,
2009-12-03,0.0,29.0,4.33,
2009-12-04,0.2,28.9,4.08,
2009-12-05,0.0,29.5,4.09,
2009-12-06,0.4,29.0,3.6,
2009-12-07,0.2,29.2,3.82,
2009-12-08,0.0,29.7,4.04,
2009-12-09,0.0,30.0,4.26,
2009-12-10,0.0,29.7,4.3,
2009-12-11,0.0,30.2,4.34,
2009-12-12,0.3,30.4,4.23,
2009-12-13,0.2,30.4,4.25,
2009-12-14,0.6,30.3,3.53,
2009-12-15,3.5,30.0,3.39,
2009-12-16,7.1,29.5,3.19,
2009-12-17,0.2,30.4,4.69,
2009-12-18,0.0,30.4,5.06,
2009-12-19,0.0,29.9,4.99,
2009-12-20,0.0,29.1,3.42,
2009-12-21,0.0,29.7,4.76,
2009-12-22,0.0,30.1,5.04,
2009-12-23,0.0,31.2,4.79,
2009-12-24,0.3,31.4,4.19,
2009-12-25,0.0,31.3,4.26,
2009-12-26,0.0,31.3,4.4,
2009-12-27,0.3,30.5,3.99,
2009-12-28,0.5,29.9,3.86,
2009-12-29,0.0,30.6,4.51,
2009-12-30,0.0,30.6,4.03,
2009-12-31,0.0,30.8,4.13,
2010-01-01,0.0,30.8,3.85,0.27958333333333335
2010-01-02,0.1,29.7,3.79,0.2767916666666667
2010-01-03,0.1,29.7,3.33,0.279
2010-01-04,0.1,31.3,4.54,0.27887500000000004
2010-01-05,0.0,30.5,3.45,0.27737500000000004
2010-01-06,0.8,30.4,4.09,0.27870833333333334
2010-01-07,0.0,31.2,4.62,0.2796666666666667
2010-01-08,0.0,31.2,4.61,0.2777916666666667
2010-01-09,0.6,30.4,4.15,0.27920833333333334
2010-01-10,0.8,29.9,3.9,0.2837083333333333
2010-01-11,0.6,30.6,3.79,0.28624999999999995
2010-01-12,0.2,31.0,4.51,0.28675
2010-01-13,0.0,30.5,5.02,0.2834583333333333
2010-01-14,0.0,30.3,4.72,0.27925000000000005
2010-01-15,0.0,30.6,4.26,0.2757916666666667
2010-01-16,0.7,29.7,3.68,0.2763333333333334
2010-01-17,0.0,31.4,4.15,0.27658333333333335
2010-01-18,0.0,32.1,3.76,0.27420833333333333
2010-01-19,2.1,26.9,1.87,0.2771666666666667
2010-01-20,14.4,24.8,1.16,0.38683333333333336
2010-01-21,0.6,30.4,4.1,0.4174583333333333
2010-01-22,1.1,30.8,4.04,0.39287500000000003
2010-01-23,0.1,30.4,4.35,0.37529166666666663
2010-01-24,0.0,31.0,4.86,0.3555
2010-01-25,0.3,31.0,4.93,0.33920833333333333
2010-01-26,0.1,30.8,5.1,0.328125
2010-01-27,0.0,31.4,5.15,0.31645833333333334
2010-01-28,2.6,30.5,4.21,0.31375000000000003
2010-01-29,0.1,31.7,4.71,0.31783333333333336
2010-01-30,0.0,31.6,5.2,0.308125
2010-01-31,0.0,32.0,4.87,0.298125
2010-02-01,0.1,32.1,4.56,0.2907916666666666
2010-02-02,0.3,31.6,4.24,0.2880833333333333
2010-02-03,0.5,32.1,4.69,0.28854166666666664
2010-02-04,0.0,31.4,5.11,0.28591666666666665
2010-02-05,0.0,32.9,4.8,0.28054166666666663
2010-02-06,0.0,31.5,5.05,0.277
2010-02-07,0.6,33.1,4.99,0.27658333333333335
2010-02-08,0.0,31.9,5.05,0.27820833333333334
2010-02-09,0.0,32.0,5.21,0.27420833333333333
2010-02-10,0.0,32.3,5.5,0.27066666666666667
2010-02-11,0.0,32.9,4.99,0.26795833333333335
2010-02-12,0.0,33.6,5.1,0.2651666666666667
2010-02-13,0.3,31.8,5.04,0.26466666666666666
2010-02-14,0.0,32.4,5.8,0.264125
2010-02-15,0.0,33.0,5.43,0.26195833333333335
2010-02-16,0.0,33.3,5.17,0.2602083333333333
2010-02-17,0.0,33.0,5.44,0.259
2010-02-18,0.0,33.1,5.66,0.2584166666666667
2010-02-19,1.8,31.2,4.98,0.264125
2010-02-20,0.1,32.3,5.48,0.27120833333333333
2010-02-21,0.3,31.6,4.85,0.27187500000000003
2010-02-22,0.2,32.2,4.95,0.27308333333333334
2010-02-23,0.0,31.9,4.92,0.2717916666666667
2010-02-24,0.0,33.8,5.58,0.2685
2010-02-25,0.0,34.3,5.49,0.26475
2010-02-26,0.0,34.9,5.49,0.2617916666666667
2010-02-27,0.0,34.9,5.5,0.2592083333333333
2010-02-28,0.0,34.0,5.6,0.257625
2010-03-01,0.0,34.3,5.73,0.256125
2010-03-02,0.0,34.5,5.37,0.25458333333333333
2010-03-03,0.0,34.3,5.27,0.25395833333333334
2010-03-04,0.5,35.0,5.24,0.255375
2010-03-05,0.0,34.9,5.03,0.258125
2010-03-06,0.0,35.3,5.06,0.256875
2010-03-07,0.0,34.8,5.77,0.2562083333333333
2010-03-08,0.0,34.7,5.75,0.254625
2010-03-09,0.2,35.0,6.0,0.2548333333333333
2010-03-10,0.5,32.9,6.15,0.26054166666666667
2010-03-11,0.0,33.6,6.49,0.26058333333333333
2010-03-12,0.0,33.0,5.57,0.2597083333333334
2010-03-13,1.1,33.8,5.08,0.2635416666666667
2010-03-14,0.0,34.0,5.53,0.26966666666666667
2010-03-15,0.0,33.7,5.36,0.26658333333333334
2010-03-16,0.0,33.9,6.0,0.2635
2010-03-17,0.4,34.2,6.56,0.263125
2010-03-18,0.5,34.0,6.8,0.26637500000000003
2010-03-19,0.0,34.3,6.67,0.2671666666666667
2010-03-20,0.2,33.7,5.67,0.264875
2010-03-21,0.8,33.3,5.17,0.26729166666666665
2010-03-22,0.0,33.5,5.3,0.270125
2010-03-23,0.0,33.9,5.39,0.268125
2010-03-24,0.1,35.5,5.36,0.26595833333333335
2010-03-25,2.4,35.6,5.44,0.27166666666666667
2010-03-26,1.3,32.7,4.34,0.30404166666666665
2010-03-27,0.3,32.8,5.95,0.3009583333333333
2010-03-28,0.1,34.2,6.1,0.296875
2010-03-29,0.4,33.2,5.63,0.29229166666666667
2010-03-30,2.3,33.1,5.45,0.3012916666666667
2010-03-31,12.6,31.3,4.15,0.381875
2010-04-01,2.2,32.6,4.73,0.4182916666666667
2010-04-02,0.1,33.0,5.09,0.39795833333333336
2010-04-03,0.1,34.0,5.7,0.36824999999999997
2010-04-04,2.0,33.3,5.01,0.35733333333333334
2010-04-05,0.1,34.2,5.32,0.35641666666666666
2010-04-06,0.1,34.7,5.86,0.33525
2010-04-07,0.0,35.4,5.89,0.31583333333333335
2010-04-08,0.0,34.7,5.89,0.3005833333333333
2010-04-09,0.0,35.6,5.95,0.28991666666666666
2010-04-10,0.0,35.3,6.03,0.28179166666666666
2010-04-11,0.0,35.6,6.42,0.2751666666666667
2010-04-12,0.3,34.7,5.23,0.27237500000000003
2010-04-13,0.1,35.4,5.47,0.27120833333333333
2010-04-14,0.8,34.6,5.34,0.271
2010-04-15,0.2,36.0,6.24,0.274125
2010-04-16,1.6,35.2,5.98,0.27958333333333335
2010-04-17,0.7,34.5,5.75,0.29041666666666666
2010-04-18,0.9,35.5,5.9,0.29216666666666663
2010-04-19,7.0,33.3,4.72,0.333
2010-04-20,16.8,34.6,4.79,0.39208333333333334
2010-04-21,2.6,34.3,5.22,0.370125
2010-04-22,9.1,34.0,4.77,0.39575
2010-04-23,1.9,34.2,5.48,0.4207916666666667
2010-04-24,0.0,34.1,5.84,0.39916666666666667
2010-04-25,0.0,34.1,5.93,0.36824999999999997
2010-04-26,1.8,33.2,5.4,0.3575833333333333
2010-04-27,1.2,33.9,4.62,0.3615
2010-04-28,0.2,34.0,5.22,0.35545833333333327
2010-04-29,0.8,33.9,5.06,0.33991666666666664
2010-04-30,4.5,33.9,5.01,0.35641666666666666
2010-05-01,2.0,34.0,4.93,0.3739166666666667
2010-05-02,0.8,35.7,6.35,0.36824999999999997
2010-05-03,0.6,34.9,5.46,0.3438333333333334
2010-05-04,4.9,34.5,4.28,0.36600000000000005
2010-05-05,1.7,34.7,5.03,0.38958333333333334
2010-05-06,0.5,35.6,5.3,0.36637499999999995
2010-05-07,0.2,35.7,5.4,0.3426666666666667
2010-05-08,0.9,37.2,5.76,0.325125
2010-05-09,1.3,36.2,5.2,0.31854166666666667
2010-05-10,1.4,35.5,5.09,0.31666666666666665
2010-05-11,0.3,36.1,5.89,0.31220833333333337
2010-05-12,1.7,34.0,4.81,0.3116666666666667
2010-05-13,8.5,33.1,4.02,0.36933333333333335
2010-05-14,8.6,32.2,4.19,0.44437499999999996
2010-05-15,9.2,32.5,3.97,0.42754166666666665
2010-05-16,1.2,34.1,5.05,0.3814166666666667
2010-05-17,8.3,31.5,4.29,0.42124999999999996
2010-05-18,9.8,33.7,4.68,0.4457083333333333
2010-05-19,7.1,32.3,3.58,0.44658333333333333
2010-05-20,9.5,33.5,4.9,0.438375
2010-05-21,7.7,32.6,3.67,0.4579583333333333
2010-05-22,27.6,31.2,3.26,0.4925
2010-05-23,1.7,33.2,5.06,0.485125
2010-05-24,2.7,32.9,4.91,0.4699166666666667
2010-05-25,4.2,32.8,4.89,0.47070833333333334
2010-05-26,18.5,32.4,3.86,0.48008333333333336
2010-05-27,21.4,30.7,3.33,0.4627916666666667
2010-05-28,7.1,32.4,3.44,0.467625
2010-05-29,11.2,32.6,4.39,0.47500000000000003
2010-05-30,9.9,32.8,4.48,0.4702916666666667
2010-05-31,13.7,33.1,4.3,0.47866666666666663
2010-06-01,5.7,32.4,4.52,0.48500000000000004
2010-06-02,10.4,31.5,4.02,0.4752083333333333
2010-06-03,13.8,32.6,4.37,0.4791666666666667
2010-06-04,12.4,30.9,3.76,0.47737500000000005
2010-06-05,3.4,31.5,3.63,0.48541666666666666
2010-06-06,9.6,31.2,3.73,0.47925
2010-06-07,21.5,30.6,3.19,0.47841666666666666
2010-06-08,5.1,32.2,3.61,0.488375
2010-06-09,2.4,30.4,2.91,0.48804166666666665
2010-06-10,21.0,31.1,2.9,0.47500000000000003
2010-06-11,22.1,32.9,4.58,0.4562916666666667
2010-06-12,9.9,32.4,4.21,0.46387500000000004
2010-06-13,5.8,32.7,4.85,0.48091666666666666
2010-06-14,10.4,32.6,4.38,0.47333333333333333
2010-06-15,11.8,31.2,3.76,0.45883333333333337
2010-06-16,20.1,31.7,3.54,0.4653333333333333
2010-06-17,13.0,30.7,3.4,0.47654166666666664
2010-06-18,13.4,29.1,2.56,0.4870833333333333
2010-06-19,10.7,30.1,2.67,0.48133333333333334
2010-06-20,6.5,29.2,3.06,0.467
2010-06-21,16.7,29.5,2.18,0.4925
2010-06-22,14.6,31.0,3.29,0.4852916666666667
2010-06-23,8.6,30.5,3.19,0.48100000000000004
2010-06-24,14.2,31.1,3.51,0.472625
2010-06-25,13.8,30.6,3.41,0.45937500000000003
2010-06-26,14.9,30.5,2.94,0.4718333333333333
2010-06-27,6.3,31.2,3.41,0.4387083333333333
2010-06-28,14.6,30.8,3.33,0.48700000000000004
2010-06-29,11.3,30.8,3.87,0.489875
2010-06-30,7.9,31.8,4.21,0.46541666666666665
2010-07-01,29.2,30.4,3.0,0.454375
2010-07-02,28.7,28.9,2.07,0.4615416666666667
2010-07-03,22.0,30.8,3.47,0.4659583333333333
2010-07-04,12.0,30.3,3.33,0.47370833333333334
2010-07-05,2.9,31.6,4.14,0.4586666666666667
2010-07-06,0.0,31.9,4.85,0.45366666666666666
2010-07-07,45.5,30.9,3.8,0.45337500000000003
2010-07-08,9.1,31.9,4.38,0.4552083333333334
2010-07-09,8.9,29.8,3.4,0.467125
2010-07-10,17.5,30.8,3.76,0.4610416666666666
2010-07-11,9.2,30.8,3.63,0.46675
2010-07-12,9.5,30.9,4.27,0.4644166666666667
2010-07-13,6.0,30.5,3.35,0.4830833333333333
2010-07-14,9.4,30.0,3.58,0.4824583333333334
2010-07-15,11.4,30.1,2.85,0.46270833333333333
2010-07-16,12.7,30.7,3.07,0.45683333333333337
2010-07-17,2.3,29.8,2.81,0.47912499999999997
2010-07-18,8.4,31.6,3.64,0.47091666666666665
2010-07-19,2.3,32.2,4.56,0.46675
2010-07-20,8.2,32.0,4.25,0.46399999999999997
2010-07-21,11.3,31.6,4.04,0.4676666666666667
2010-07-22,6.8,30.1,3.09,0.4955416666666667
2010-07-23,13.0,28.4,2.51,0.48420833333333335
2010-07-24,8.7,27.6,1.97,0.49737499999999996
2010-07-25,11.2,27.6,2.1,0.47825
2010-07-26,18.4,28.2,2.09,0.4700416666666667
2010-07-27,14.2,29.2,2.86,0.44741666666666663
2010-07-28,13.5,30.9,3.82,0.4765
2010-07-29,8.9,31.4,3.46,0.4766666666666666
2010-07-30,3.1,31.4,4.18,0.47470833333333334
2010-07-31,11.5,29.0,2.73,0.482375
2010-08-01,14.7,28.6,1.86,0.48133333333333334
2010-08-02,10.4,29.0,1.96,0.5009583333333333
2010-08-03,9.4,31.3,4.37,0.47337500000000005
2010-08-04,0.0,31.6,4.98,0.4455833333333334
2010-08-05,0.5,31.4,4.67,0.43850000000000006
2010-08-06,6.3,29.6,3.05,0.46254166666666663
2010-08-07,14.5,27.3,2.16,0.490875
2010-08-08,3.4,29.5,3.74,0.498875
2010-08-09,12.8,29.8,3.07,0.48041666666666666
2010-08-10,9.4,28.4,2.01,0.46895833333333337
2010-08-11,6.4,30.4,3.2,0.4702916666666667
2010-08-12,9.2,31.6,4.01,0.476875
2010-08-13,9.4,31.6,3.7,0.46779166666666666
2010-08-14,14.1,30.1,3.18,0.47070833333333334
2010-08-15,25.1,30.9,3.3,0.46091666666666664
2010-08-16,5.4,31.4,3.84,0.454875
2010-08-17,18.5,31.3,3.7,0.46904166666666663
2010-08-18,5.8,31.5,4.22,0.46470833333333333
2010-08-19,18.3,29.9,3.33,0.48216666666666663
2010-08-20,12.1,29.4,2.42,0.4802916666666666
2010-08-21,9.6,31.0,3.95,0.466875
2010-08-22,11.2,29.1,2.69,0.4663333333333333
2010-08-23,13.0,29.3,2.48,0.4788333333333333
2010-08-24,5.5,31.8,4.18,0.4810833333333333
2010-08-25,6.7,32.3,4.54,0.47941666666666666
2010-08-26,12.5,31.6,4.21,0.48420833333333335
2010-08-27,0.3,32.1,4.86,0.4774583333333333
2010-08-28,12.9,31.2,3.97,0.47491666666666665
2010-08-29,3.2,31.4,4.1,0.4812916666666667
2010-08-30,4.4,31.3,4.35,0.48533333333333334
2010-08-31,7.5,31.0,3.93,0.48254166666666665
2010-09-01,13.3,30.9,3.85,0.47279166666666667
2010-09-02,10.4,30.6,3.64,0.4704166666666667
2010-09-03,14.3,30.6,2.97,0.4748333333333333
2010-09-04,9.7,29.0,2.64,0.47325
2010-09-05,3.0,30.0,3.86,0.47770833333333335
2010-09-06,13.0,29.4,3.42,0.46891666666666665
2010-09-07,12.3,29.8,3.61,0.468625
2010-09-08,16.1,30.3,3.63,0.492125
2010-09-09,11.8,31.1,3.95,0.48241666666666666
2010-09-10,20.7,29.5,3.26,0.48124999999999996
2010-09-11,11.0,30.4,3.57,0.47491666666666665
2010-09-12,14.1,30.2,3.05,0.4618333333333333
2010-09-13,8.5,30.9,3.73,0.454375
2010-09-14,9.5,30.5,3.7,0.45504166666666673
2010-09-15,23.4,31.1,3.64,0.46025
2010-09-16,21.0,30.6,3.83,0.4654583333333333
2010-09-17,32.8,28.1,1.61,0.483875
2010-09-18,31.5,30.9,3.6,0.4755
2010-09-19,4.3,31.7,4.4,0.4834583333333333
2010-09-20,5.7,31.8,4.54,0.484
2010-09-21,7.4,32.1,4.69,0.47833333333333333
2010-09-22,7.1,32.1,4.36,0.4748333333333334
2010-09-23,2.0,32.1,4.6,0.47475
2010-09-24,37.1,30.8,3.76,0.46812499999999996
2010-09-25,15.5,31.4,3.9,0.4583333333333333
2010-09-26,18.5,30.8,3.48,0.48041666666666666
2010-09-27,31.9,30.4,3.08,0.4647916666666667
2010-09-28,7.1,31.2,3.89,0.45966666666666667
2010-09-29,27.1,30.6,3.31,0.4800416666666667
2010-09-30,15.5,28.1,1.71,0.49041666666666667
2010-10-01,23.2,29.5,2.13,0.47141666666666665
2010-10-02,12.4,30.4,3.34,0.46108333333333335
2010-10-03,24.8,27.3,1.31,0.4720416666666667
2010-10-04,15.8,30.2,3.03,0.47141666666666665
2010-10-05,20.8,31.8,3.67,0.4795833333333333
2010-10-06,7.4,30.1,3.04,0.49275
2010-10-07,8.5,31.1,3.61,0.4904583333333333
2010-10-08,4.2,31.8,4.28,0.4832916666666667
2010-10-09,4.7,30.3,3.0,0.4923333333333333
2010-10-10,34.2,28.1,2.04,0.4892083333333333
2010-10-11,31.7,26.3,1.44,0.48104166666666665
2010-10-12,1.8,29.1,2.67,0.48616666666666664
2010-10-13,6.1,29.8,2.96,0.4872083333333333
2010-10-14,28.5,26.1,0.82,0.47379166666666667
2010-10-15,15.6,27.7,1.7,0.4746666666666666
2010-10-16,4.8,29.9,3.13,0.4807916666666667
2010-10-17,7.7,29.2,2.44,0.4819166666666667
2010-10-18,17.8,27.2,1.52,0.47583333333333333
2010-10-19,2.5,31.1,3.57,0.47204166666666664
2010-10-20,7.8,29.3,3.13,0.47533333333333333
2010-10-21,11.2,28.8,2.52,0.4784583333333334
2010-10-22,16.5,27.2,1.55,0.48625
2010-10-23,2.2,31.0,3.89,0.491125
2010-10-24,13.6,29.8,2.95,0.47454166666666664
2010-10-25,29.5,29.3,3.05,0.4595416666666667
2010-10-26,14.2,29.5,2.86,0.4443333333333333
2010-10-27,6.9,30.3,2.84,0.48416666666666663
2010-10-28,59.6,27.2,1.32,0.484375
2010-10-29,0.6,29.5,3.04,0.48445833333333327
2010-10-30,27.8,27.5,2.85,0.4769583333333333
2010-10-31,9.1,26.5,1.97,0.49416666666666664
2010-11-01,93.6,25.7,1.25,0.4819166666666667
2010-11-02,26.7,27.0,1.5,0.48875
2010-11-03,30.4,26.9,1.6,0.48900000000000005
2010-11-04,10.6,29.2,2.89,0.44804166666666667
2010-11-05,5.3,29.5,3.59,0.460875
2010-11-06,7.4,29.7,3.52,0.475125
2010-11-07,11.4,30.1,3.27,0.46875
2010-11-08,13.4,28.8,2.28,0.47704166666666664
2010-11-09,11.1,27.5,1.63,0.46658333333333335
2010-11-10,11.6,28.8,2.41,0.47283333333333327
2010-11-11,15.2,30.9,3.41,0.47933333333333333
2010-11-12,4.5,31.1,4.05,0.4899166666666666
2010-11-13,17.0,30.7,3.3,0.4735
2010-11-14,18.9,29.3,2.75,0.45275
2010-11-15,12.8,30.2,2.89,0.4724166666666667
2010-11-16,5.5,30.1,3.23,0.4754583333333333
2010-11-17,12.9,29.1,2.61,0.45745833333333336
2010-11-18,23.9,28.4,2.27,0.46491666666666664
2010-11-19,25.6,28.6,2.31,0.4562083333333333
2010-11-20,23.0,27.5,2.24,0.4770833333333333
2010-11-21,11.3,29.9,3.55,0.48275
2010-11-22,38.5,30.3,3.17,0.4660416666666667
2010-11-23,9.6,28.8,2.78,0.457125
2010-11-24,13.7,29.7,2.81,0.48408333333333337
2010-11-25,0.8,30.8,3.84,0.4851666666666667
2010-11-26,14.4,28.6,2.6,0.47912499999999997
2010-11-27,1.7,29.0,3.23,0.45475
2010-11-28,16.5,29.8,3.09,0.4723333333333333
2010-11-29,20.9,29.1,2.6,0.4812916666666667
2010-11-30,1.5,28.0,2.08,0.47620833333333334
2010-12-01,4.3,29.2,3.3,0.48324999999999996
2010-12-02,1.0,29.0,2.54,0.48324999999999996
2010-12-03,5.3,29.8,3.2,0.48995833333333333
2010-12-04,3.1,29.7,3.35,0.4835833333333333
2010-12-05,25.0,28.4,2.37,0.48337499999999994
2010-12-06,5.0,29.3,2.95,0.487875
2010-12-07,5.7,30.0,3.52,0.4895833333333333
2010-12-08,2.4,30.1,3.79,0.47937499999999994
2010-12-09,1.6,27.9,2.5,0.4785
2010-12-10,0.0,29.1,3.42,0.468875
2010-12-11,1.1,29.7,3.41,0.45808333333333334
2010-12-12,1.1,29.7,3.52,0.454
2010-12-13,1.0,29.4,3.1,0.4491666666666667
2010-12-14,21.0,29.5,2.65,0.46845833333333337
2010-12-15,10.1,30.0,3.25,0.47841666666666666
2010-12-16,5.2,30.0,3.5,0.46608333333333335
2010-12-17,1.0,28.2,3.05,0.47762499999999997
2010-12-18,2.7,27.3,2.38,0.4722916666666666
2010-12-19,1.5,28.1,2.77,0.46704166666666663
2010-12-20,6.1,28.7,2.68,0.48704166666666665
2010-12-21,17.6,29.5,2.82,0.4807083333333333
2010-12-22,3.4,29.1,3.18,0.47804166666666664
2010-12-23,0.4,29.0,3.54,0.47454166666666664
2010-12-24,1.4,29.9,3.56,0.4654583333333333
2010-12-25,0.2,29.8,3.71,0.46075
2010-12-26,1.2,29.5,3.52,0.4515416666666667
2010-12-27,1.0,26.8,1.96,0.4495416666666667
2010-12-28,1.2,27.6,2.09,0.4519583333333333
2010-12-29,0.2,27.3,2.13,0.445625
2010-12-30,4.5,27.4,1.8,0.4510416666666666
2010-12-31,0.4,28.9,3.46,0.46199999999999997
2011-01-01,0.5,28.9,3.63,0.4423333333333333
2011-01-02,0.0,29.7,4.39,0.42650000000000005
2011-01-03,0.0,30.1,3.35,0.4101666666666666
2011-01-04,11.6,27.6,1.93,0.4565416666666667
2011-01-05,0.7,28.0,3.0,0.46679166666666666
2011-01-06,1.2,29.8,4.06,0.44941666666666663
2011-01-07,0.0,28.5,4.14,0.43612500000000004
2011-01-08,0.0,28.7,3.45,0.41791666666666666
2011-01-09,0.0,29.5,4.14,0.4031666666666667
2011-01-10,0.0,29.2,3.9,0.38895833333333335
2011-01-11,0.0,29.7,3.56,0.3770833333333334
2011-01-12,0.0,30.3,4.18,0.365875
2011-01-13,0.7,28.2,2.54,0.360125
2011-01-14,1.2,29.7,3.59,0.3597083333333333
2011-01-15,0.0,29.4,3.35,0.3601666666666667
2011-01-16,2.9,27.6,3.28,0.3635
2011-01-17,0.9,27.6,3.58,0.3825416666666667
2011-01-18,0.0,29.7,4.45,0.370875
2011-01-19,0.0,30.0,4.34,0.3542083333333333
2011-01-20,0.0,30.3,4.46,0.3398333333333334
2011-01-21,1.0,29.9,3.78,0.3335416666666667
2011-01-22,0.3,29.9,3.96,0.33395833333333336
2011-01-23,1.6,30.6,4.16,0.33516666666666667
2011-01-24,0.0,28.3,3.27,0.33887500000000004
2011-01-25,1.7,30.3,3.96,0.3420833333333333
2011-01-26,0.0,30.0,4.84,0.3385
2011-01-27,0.0,30.5,4.99,0.3265
2011-01-28,0.0,31.1,5.33,0.31520833333333337
2011-01-29,0.0,31.1,4.73,0.3052916666666667
2011-01-30,0.0,31.0,5.51,0.2967083333333333
2011-01-31,0.0,31.0,5.27,0.28904166666666664
2011-02-01,0.0,31.4,5.81,0.2826666666666667
2011-02-02,0.0,31.1,4.75,0.2790416666666667
2011-02-03,0.0,31.1,4.73,0.277125
2011-02-04,0.3,30.2,4.32,0.27625000000000005
2011-02-05,0.0,30.0,4.05,0.27695833333333336
2011-02-06,0.0,29.9,4.39,0.27595833333333336
2011-02-07,0.0,30.6,4.18,0.27366666666666667
2011-02-08,0.0,31.0,4.24,0.27133333333333337
2011-02-09,0.0,32.1,4.76,0.26945833333333336
2011-02-10,0.0,32.1,5.11,0.26758333333333334
2011-02-11,0.0,31.8,5.23,0.2645
2011-02-12,0.1,31.2,5.14,0.2629166666666667
2011-02-13,0.0,31.5,5.21,0.26183333333333336
2011-02-14,0.0,31.4,5.49,0.26008333333333333
2011-02-15,0.0,32.4,5.89,0.2585
2011-02-16,0.0,32.5,5.28,0.257375
2011-02-17,0.0,32.0,4.68,0.25758333333333333
2011-02-18,0.0,31.7,4.51,0.259625
2011-02-19,0.0,32.6,4.97,0.2595
2011-02-20,0.5,32.2,4.83,0.25975
2011-02-21,0.6,31.3,3.47,0.26445833333333335
2011-02-22,0.0,32.1,5.56,0.26416666666666666
2011-02-23,0.0,32.4,5.87,0.2620416666666667
2011-02-24,0.0,31.6,5.11,0.2617083333333334
2011-02-25,1.6,31.1,4.41,0.26845833333333335
2011-02-26,0.0,31.6,5.28,0.27525000000000005
2011-02-27,0.0,31.4,5.18,0.27166666666666667
2011-02-28,1.3,30.9,4.47,0.27445833333333336
2011-03-01,1.6,30.4,4.07,0.28583333333333333
2011-03-02,0.2,32.0,3.98,0.29224999999999995
2011-03-03,0.2,30.5,3.45,0.290375
2011-03-04,16.1,31.4,3.99,0.35441666666666666
2011-03-05,15.6,31.1,3.53,0.4367916666666667
2011-03-06,7.9,30.9,3.85,0.44375000000000003
2011-03-07,3.3,31.2,4.5,0.45516666666666666
2011-03-08,1.6,30.4,4.29,0.4463333333333333
2011-03-09,0.3,31.1,5.52,0.42691666666666667
2011-03-10,0.6,31.3,5.77,0.4031666666666667
2011-03-11,1.1,31.2,6.01,0.38999999999999996
2011-03-12,0.1,31.5,5.72,0.37720833333333337
2011-03-13,0.0,31.2,5.08,0.35941666666666666
2011-03-14,0.0,31.0,4.96,0.34441666666666665
2011-03-15,0.6,32.0,4.57,0.3379166666666667
2011-03-16,2.2,32.1,5.03,0.33795833333333336
2011-03-17,11.8,27.2,2.39,0.41275
2011-03-18,8.9,29.0,3.64,0.4383333333333333
2011-03-19,5.8,30.6,4.35,0.44458333333333333
2011-03-20,3.3,30.8,4.42,0.457625
2011-03-21,20.6,31.3,3.75,0.4700416666666667
2011-03-22,16.4,30.5,3.46,0.4719166666666667
2011-03-23,30.0,25.8,1.29,0.47875
2011-03-24,8.9,28.2,2.3,0.4990833333333333
2011-03-25,30.9,27.4,2.68,0.47245833333333337
2011-03-26,15.8,25.2,1.73,0.46341666666666664
2011-03-27,9.8,28.8,3.61,0.48904166666666665
2011-03-28,3.2,29.0,3.95,0.4955416666666667
2011-03-29,2.3,30.0,4.48,0.4735833333333333
2011-03-30,1.0,29.8,3.96,0.4730833333333333
2011-03-31,0.2,30.1,4.31,0.4535833333333334
2011-04-01,21.3,29.2,3.08,0.461125
2011-04-02,38.6,29.8,3.07,0.47070833333333334
2011-04-03,14.2,30.1,3.73,0.4662916666666667
2011-04-04,32.9,30.6,3.65,0.478375
2011-04-05,0.0,30.1,3.92,0.4315
2011-04-06,0.7,30.2,4.78,0.43045833333333333
2011-04-07,0.2,30.3,5.09,0.4250833333333333
2011-04-08,0.1,30.3,4.63,0.41604166666666664
2011-04-09,0.0,30.8,5.28,0.40399999999999997
2011-04-10,0.3,30.0,4.94,0.3920416666666667
2011-04-11,0.7,30.4,4.87,0.387125
2011-04-12,1.1,29.1,3.67,0.39033333333333337
2011-04-13,0.1,30.5,5.07,0.38491666666666663
2011-04-14,0.0,30.6,5.03,0.3742083333333333
2011-04-15,8.1,30.2,4.17,0.40650000000000003
2011-04-16,0.7,31.1,4.66,0.4364166666666667
2011-04-17,2.0,30.8,4.47,0.42604166666666665
2011-04-18,0.4,32.1,4.8,0.418375
2011-04-19,0.1,32.7,5.29,0.40041666666666664
2011-04-20,20.1,29.4,3.07,0.4350416666666667
2011-04-21,15.5,29.3,3.35,0.47904166666666664
2011-04-22,0.0,31.3,5.05,0.47475
2011-04-23,0.0,30.7,4.7,0.45458333333333334
2011-04-24,2.4,30.4,4.32,0.45016666666666666
2011-04-25,1.8,31.2,4.69,0.449875
2011-04-26,0.0,31.5,5.01,0.4422083333333333
2011-04-27,2.3,32.2,4.87,0.42945833333333333
2011-04-28,0.1,31.5,4.59,0.42641666666666667
2011-04-29,6.6,30.4,3.89,0.45741666666666664
2011-04-30,7.2,31.1,3.92,0.451125
2011-05-01,15.5,31.2,3.74,0.45941666666666664
2011-05-02,15.7,31.6,3.82,0.4754583333333333
2011-05-03,4.1,32.8,4.69,0.48241666666666666
2011-05-04,16.9,31.2,3.78,0.483875
2011-05-05,25.4,30.8,3.74,0.4615416666666667
2011-05-06,14.0,31.2,3.81,0.4624166666666667
2011-05-07,0.6,32.6,4.83,0.48091666666666666
2011-05-08,11.0,32.6,4.66,0.47604166666666664
2011-05-09,0.0,32.8,4.59,0.4815833333333333
2011-05-10,9.6,31.1,3.98,0.48054166666666664
2011-05-11,6.8,31.4,3.81,0.4736666666666667
2011-05-12,21.6,31.1,3.52,0.461875
2011-05-13,10.0,31.3,3.77,0.455875
2011-05-14,9.5,31.1,3.76,0.47879166666666667
2011-05-15,24.0,30.5,3.46,0.4726666666666666
2011-05-16,20.1,31.2,3.91,0.46475
2011-05-17,2.9,31.4,4.12,0.45308333333333334
2011-05-18,12.3,32.2,4.3,0.4655
2011-05-19,10.7,31.3,3.8,0.46366666666666667
2011-05-20,1.4,32.4,4.32,0.47275
2011-05-21,10.2,31.7,3.84,0.474875
2011-05-22,5.6,32.3,4.26,0.4827083333333333
2011-05-23,1.6,32.4,4.88,0.47729166666666667
2011-05-24,12.2,31.4,4.02,0.4805
2011-05-25,4.3,31.5,3.9,0.4928333333333333
2011-05-26,7.2,31.5,3.43,0.48904166666666665
2011-05-27,10.3,31.2,3.47,0.47129166666666666
2011-05-28,14.0,30.4,3.35,0.464875
2011-05-29,10.5,29.6,2.5,0.4876666666666667
2011-05-30,11.5,29.4,2.56,0.477875
2011-05-31,13.9,30.3,2.61,0.47475
2011-06-01,22.6,29.8,2.85,0.4854583333333333
2011-06-02,12.7,31.2,3.62,0.48170833333333335
2011-06-03,5.9,30.6,3.48,0.4735416666666667
2011-06-04,11.7,31.7,4.21,0.47012499999999996
2011-06-05,10.0,32.2,4.4,0.4789583333333333
2011-06-06,16.8,30.6,2.92,0.4762916666666666
2011-06-07,3.7,30.6,2.46,0.48425
2011-06-08,16.0,30.6,3.54,0.48233333333333334
2011-06-09,6.7,31.2,3.73,0.49574999999999997
2011-06-10,4.2,30.4,4.03,0.49770833333333336
2011-06-11,3.6,30.6,3.03,0.4992916666666667
2011-06-12,10.2,30.0,2.89,0.4545416666666667
2011-06-13,9.1,31.1,2.76,0.472625
2011-06-14,8.2,27.6,1.68,0.49700000000000005
2011-06-15,5.6,30.4,3.8,0.49262500000000004
2011-06-16,4.8,30.6,3.73,0.4843333333333333
2011-06-17,9.4,29.5,2.63,0.465625
2011-06-18,36.4,26.5,1.6,0.47825
2011-06-19,29.5,28.6,1.87,0.47820833333333335
2011-06-20,4.1,31.2,3.85,0.4845
2011-06-21,6.5,30.3,3.1,0.48566666666666664
2011-06-22,1.2,31.0,4.29,0.47383333333333333
2011-06-23,2.1,29.3,3.79,0.47
2011-06-24,0.3,31.5,5.38,0.45879166666666665
2011-06-25,0.2,31.5,5.04,0.437
2011-06-26,22.3,30.1,3.64,0.46275
2011-06-27,6.8,30.5,3.76,0.4947916666666667
2011-06-28,4.1,31.6,4.39,0.48891666666666667
2011-06-29,12.1,30.9,4.04,0.48895833333333333
2011-06-30,18.3,28.7,2.92,0.48770833333333335
2011-07-01,11.2,30.0,3.19,0.4790833333333333
2011-07-02,12.3,30.4,3.81,0.4602916666666666
2011-07-03,14.7,29.8,3.41,0.4638333333333333
2011-07-04,0.6,31.9,4.62,0.46737500000000004
2011-07-05,0.3,30.9,3.45,0.4602916666666667
2011-07-06,3.0,30.7,2.81,0.461625
2011-07-07,8.2,30.5,3.79,0.47441666666666665
2011-07-08,6.0,30.5,4.05,0.47058333333333335
2011-07-09,2.1,30.6,4.4,0.46970833333333334
2011-07-10,10.8,29.2,3.2,0.47374999999999995
2011-07-11,1.6,31.0,4.02,0.47075
2011-07-12,4.7,31.3,3.98,0.48174999999999996
2011-07-13,10.2,30.7,3.79,0.47608333333333336
2011-07-14,16.1,29.2,2.82,0.4557083333333333
2011-07-15,3.3,30.9,3.96,0.43324999999999997
2011-07-16,4.1,29.9,3.51,0.47458333333333336
2011-07-17,8.0,31.1,3.96,0.47929166666666667
2011-07-18,0.2,31.5,4.83,0.466625
2011-07-19,1.1,31.5,4.8,0.454625
2011-07-20,5.3,31.9,4.82,0.4673333333333333
2011-07-21,0.2,31.8,4.89,0.45966666666666667
2011-07-22,15.9,29.7,3.37,0.460375
2011-07-23,8.7,29.0,3.12,0.4814583333333333
2011-07-24,16.4,28.2,2.33,0.47325
2011-07-25,4.2,29.2,3.06,0.47475
2011-07-26,6.2,28.6,2.76,0.487625
2011-07-27,10.1,28.4,2.44,0.5052083333333334
2011-07-28,10.5,28.7,2.67,0.45541666666666664
2011-07-29,7.8,29.6,3.31,0.47425
2011-07-30,10.1,27.8,1.98,0.47
2011-07-31,2.1,30.5,4.0,0.446625
2011-08-01,0.3,31.7,4.69,0.44616666666666666
2011-08-02,0.7,31.9,4.49,0.43745833333333334
2011-08-03,10.2,30.8,4.18,0.4467916666666667
2011-08-04,6.4,30.9,4.27,0.4635
2011-08-05,2.4,31.0,4.79,0.47075
2011-08-06,3.5,30.1,4.18,0.478875
2011-08-07,4.0,30.5,3.96,0.4825833333333333
2011-08-08,8.9,31.0,3.67,0.4810833333333333
2011-08-09,3.8,30.9,4.22,0.48604166666666665
2011-08-10,10.2,30.2,3.4,0.47725
2011-08-11,7.7,30.6,4.13,0.45825000000000005
2011-08-12,24.3,29.4,2.48,0.4855416666666667
2011-08-13,3.5,31.1,4.54,0.49324999999999997
2011-08-14,10.9,31.2,4.2,0.48475
2011-08-15,22.5,30.0,3.43,0.471875
2011-08-16,11.5,29.7,3.55,0.48141666666666666
2011-08-17,3.2,31.1,4.48,0.46529166666666666
2011-08-18,1.3,31.6,4.42,0.46
2011-08-19,10.1,31.3,4.05,0.4613333333333333
2011-08-20,9.7,31.1,3.44,0.46820833333333334
2011-08-21,2.3,31.0,3.77,0.4690833333333333
2011-08-22,16.1,29.6,2.63,0.46645833333333336
2011-08-23,12.7,28.9,2.53,0.47075
2011-08-24,4.0,29.0,3.2,0.496875
2011-08-25,17.6,28.3,2.66,0.48533333333333334
2011-08-26,20.7,29.2,2.32,0.48712500000000003
2011-08-27,34.4,26.5,1.49,0.4790833333333333
2011-08-28,30.7,26.6,1.44,0.484
2011-08-29,12.0,28.2,2.31,0.4795833333333333
2011-08-30,0.1,30.8,4.24,0.459
2011-08-31,0.4,31.5,4.85,0.4469166666666667
2011-09-01,0.5,30.9,4.59,0.4367083333333333
2011-09-02,1.4,31.0,4.4,0.4307916666666667
2011-09-03,4.1,30.9,4.16,0.44404166666666667
2011-09-04,13.2,29.1,3.16,0.467125
2011-09-05,13.3,30.4,3.49,0.489875
2011-09-06,6.0,31.0,4.03,0.4809583333333333
2011-09-07,10.7,29.9,3.26,0.4856666666666667
2011-09-08,11.8,29.8,2.84,0.47925
2011-09-09,18.5,30.6,2.76,0.4879166666666666
2011-09-10,16.6,26.7,1.38,0.47937500000000005
2011-09-11,41.5,25.5,1.0,0.476875
2011-09-12,9.6,29.1,3.07,0.47433333333333333
2011-09-13,0.2,31.9,4.81,0.454875
2011-09-14,10.1,30.9,4.37,0.46270833333333333
2011-09-15,4.8,31.1,4.34,0.4739166666666666
2011-09-16,3.0,31.4,4.52,0.4770833333333333
2011-09-17,0.3,30.7,4.4,0.46904166666666663
2011-09-18,19.6,30.1,3.24,0.45675
2011-09-19,13.8,28.4,2.74,0.47212499999999996
2011-09-20,12.2,26.9,1.57,0.5088750000000001
2011-09-21,18.1,27.6,1.83,0.5068333333333334
2011-09-22,18.9,28.4,2.33,0.46425
2011-09-23,11.7,27.2,1.91,0.47350000000000003
2011-09-24,2.8,28.6,2.92,0.45587500000000003
2011-09-25,11.0,29.4,3.64,0.47375000000000006
2011-09-26,7.7,29.2,3.4,0.46574999999999994
2011-09-27,11.5,27.1,1.88,0.47579166666666667
2011-09-28,7.9,28.8,2.59,0.47950000000000004
2011-09-29,3.6,29.5,3.52,0.466875
2011-09-30,10.8,29.5,3.61,0.4794583333333333
2011-10-01,10.4,29.7,3.43,0.468875
2011-10-02,2.3,30.4,4.21,0.46670833333333334
2011-10-03,14.0,29.0,2.64,0.48416666666666663
2011-10-04,8.9,29.4,3.25,0.46841666666666665
2011-10-05,16.2,29.6,2.65,0.466375
2011-10-06,11.1,30.0,3.4,0.4756666666666667
2011-10-07,11.5,30.1,3.66,0.4509166666666667
2011-10-08,26.1,30.0,3.18,0.46095833333333336
2011-10-09,11.2,30.2,3.31,0.462375
2011-10-10,7.6,29.4,3.22,0.4762916666666666
2011-10-11,14.4,29.9,3.2,0.47700000000000004
2011-10-12,23.9,28.8,3.08,0.47812499999999997
2011-10-13,8.1,30.6,3.22,0.45704166666666673
2011-10-14,3.0,31.5,3.97,0.47
2011-10-15,0.0,31.4,4.23,0.46799999999999997
2011-10-16,7.7,31.0,4.01,0.4589166666666667
2011-10-17,3.9,31.4,4.09,0.4659583333333333
2011-10-18,8.5,30.3,3.76,0.4712083333333333
2011-10-19,7.5,31.6,3.51,0.4694583333333333
2011-10-20,2.3,29.9,3.28,0.480375
2011-10-21,2.5,29.3,3.64,0.48304166666666665
2011-10-22,13.6,29.6,3.25,0.4859166666666666
2011-10-23,16.4,30.6,3.81,0.474625
2011-10-24,0.6,30.9,4.32,0.46129166666666666
2011-10-25,4.4,30.0,3.34,0.4691666666666667
2011-10-26,5.7,29.9,3.46,0.4883333333333333
2011-10-27,0.7,30.5,4.13,0.4767083333333333
2011-10-28,0.7,30.7,4.21,0.46187500000000004
2011-10-29,1.5,30.5,4.51,0.4529166666666667
2011-10-30,0.0,30.8,4.7,0.443875
2011-10-31,0.3,31.0,4.54,0.427
2011-11-01,0.2,31.3,4.52,0.41483333333333333
2011-11-02,2.7,31.3,3.93,0.41358333333333336
2011-11-03,3.2,31.7,4.06,0.426625
2011-11-04,1.2,31.5,4.1,0.437
2011-11-05,20.2,30.4,2.71,0.4592083333333334
2011-11-06,14.1,29.3,2.04,0.5000416666666666
2011-11-07,3.4,29.1,2.74,0.4956666666666667
2011-11-08,2.7,29.0,3.12,0.49033333333333334
2011-11-09,4.2,29.2,3.24,0.4877916666666666
2011-11-10,6.1,31.3,3.9,0.47374999999999995
2011-11-11,4.9,28.4,3.09,0.47537500000000005
2011-11-12,5.0,29.1,3.63,0.47374999999999995
2011-11-13,0.4,30.3,3.99,0.4595416666666667
2011-11-14,15.2,29.5,3.05,0.47820833333333335
2011-11-15,0.0,30.9,3.98,0.4799583333333333
2011-11-16,2.0,30.7,3.7,0.4683333333333333
2011-11-17,9.4,30.6,3.56,0.47275
2011-11-18,22.1,29.7,2.67,0.4819166666666667
2011-11-19,14.0,30.1,2.95,0.4542916666666667
2011-11-20,0.1,28.4,2.62,0.46379166666666666
2011-11-21,4.1,30.1,3.62,0.47808333333333336
2011-11-22,3.0,30.9,4.48,0.48466666666666663
2011-11-23,1.1,30.8,4.34,0.46858333333333335
2011-11-24,0.1,29.5,3.68,0.4567916666666667
2011-11-25,0.1,29.2,3.14,0.44695833333333335
2011-11-26,0.6,30.0,4.2,0.4375833333333334
2011-11-27,4.8,29.9,3.84,0.45316666666666666
2011-11-28,6.0,30.3,3.53,0.47700000000000004
2011-11-29,2.9,30.3,3.65,0.47241666666666665
2011-11-30,1.7,30.2,3.57,0.4675833333333333
2011-12-01,0.2,30.6,3.76,0.4552083333333334
2011-12-02,0.0,31.2,4.2,0.4366666666666667
2011-12-03,1.9,29.1,3.29,0.42920833333333336
2011-12-04,0.4,28.9,3.21,0.42920833333333336
2011-12-05,0.0,29.8,4.04,0.417875
2011-12-06,0.1,30.1,3.4,0.40349999999999997
2011-12-07,10.5,28.9,2.58,0.4315833333333334
2011-12-08,12.8,28.1,2.12,0.47125
2011-12-09,18.9,27.7,1.93,0.4683333333333333
2011-12-10,0.1,29.3,3.57,0.46225
2011-12-11,0.0,28.6,3.83,0.44849999999999995
2011-12-12,0.0,27.8,4.45,0.4327083333333333
2011-12-13,3.6,26.9,2.95,0.43129166666666663
2011-12-14,2.8,28.6,2.73,0.45083333333333336
2011-12-15,1.3,29.6,3.6,0.4552083333333334
2011-12-16,1.8,29.7,3.84,0.44566666666666666
2011-12-17,1.0,28.9,3.42,0.4419166666666667
2011-12-18,0.0,29.1,3.46,0.42645833333333333
2011-12-19,0.0,29.4,4.25,0.40841666666666665
2011-12-20,0.2,27.6,2.7,0.39666666666666667
2011-12-21,0.7,28.8,3.39,0.39187500000000003
2011-12-22,0.2,30.0,3.59,0.38775000000000004
2011-12-23,1.1,29.9,3.74,0.38233333333333336
2011-12-24,0.4,28.7,3.63,0.37762500000000004
2011-12-25,0.0,28.2,3.88,0.36775
2011-12-26,0.0,28.0,2.96,0.3565833333333333
2011-12-27,1.6,28.5,2.35,0.35212499999999997
2011-12-28,6.0,29.6,2.79,0.42616666666666664
2011-12-29,11.8,28.0,2.68,0.43979166666666664
2011-12-30,0.9,28.4,2.25,0.4640416666666667
2011-12-31,17.3,28.4,2.01,0.4762916666666666
2012-01-01,0.1,28.9,3.67,0.46599999999999997
2012-01-02,0.0,29.0,4.38,0.44683333333333336
2012-01-03,0.0,28.9,4.37,0.42845833333333333
2012-01-04,0.0,28.9,4.05,0.41329166666666667
2012-01-05,0.1,30.2,4.1,0.4008333333333334
2012-01-06,0.3,30.0,3.85,0.39329166666666665
2012-01-07,0.2,29.8,3.4,0.38808333333333334
2012-01-08,0.2,28.8,3.11,0.38079166666666664
2012-01-09,3.2,27.7,2.66,0.4077916666666666
2012-01-10,1.1,28.6,3.05,0.41395833333333326
2012-01-11,2.4,26.8,1.98,0.41554166666666664
2012-01-12,0.3,28.1,2.76,0.41591666666666666
2012-01-13,4.4,28.2,2.3,0.43766666666666665
2012-01-14,1.2,28.8,3.56,0.44145833333333334
2012-01-15,3.8,28.8,3.35,0.4338333333333333
2012-01-16,6.4,29.6,3.06,0.45849999999999996
2012-01-17,9.8,29.5,3.1,0.4680416666666667
2012-01-18,17.9,28.3,2.69,0.4814583333333333
2012-01-19,11.0,28.1,2.85,0.474625
2012-01-20,7.2,28.9,3.27,0.46379166666666666
2012-01-21,0.6,30.0,3.91,0.46
2012-01-22,0.0,30.2,4.51,0.448
2012-01-23,1.3,29.4,3.87,0.43854166666666666
2012-01-24,2.6,29.3,3.67,0.44287499999999996
2012-01-25,6.6,29.7,3.58,0.467625
2012-01-26,0.1,29.5,3.59,0.46704166666666663
2012-01-27,0.1,29.1,3.17,0.44741666666666663
2012-01-28,14.8,27.6,1.61,0.4537083333333333
2012-01-29,2.4,28.8,3.07,0.4907083333333333
2012-01-30,1.5,29.2,4.22,0.4757916666666666
2012-01-31,0.2,29.5,4.22,0.46020833333333333
2012-02-01,0.0,29.8,4.77,0.44154166666666667
2012-02-02,0.2,29.9,4.74,0.426
2012-02-03,0.0,29.5,4.33,0.41450000000000004
2012-02-04,0.0,30.2,4.76,0.40149999999999997
2012-02-05,0.7,30.7,4.61,0.3914166666666667
2012-02-06,0.1,30.4,4.14,0.3855
2012-02-07,1.3,30.4,3.92,0.37975000000000003
2012-02-08,0.0,30.9,4.58,0.3782083333333333
2012-02-09,0.0,30.4,5.21,0.363375
2012-02-10,0.0,30.9,5.34,0.34804166666666664
2012-02-11,0.1,31.5,5.42,0.33508333333333334
2012-02-12,0.0,30.9,5.4,0.323625
2012-02-13,0.0,31.6,5.19,0.31266666666666665
2012-02-14,1.5,30.0,4.07,0.31104166666666666
2012-02-15,1.6,30.4,4.08,0.31979166666666664
2012-02-16,20.7,32.5,3.96,0.3618333333333333
2012-02-17,18.3,29.3,3.2,0.45691666666666664
2012-02-18,45.3,28.9,3.14,0.4815416666666667
2012-02-19,0.1,30.7,4.75,0.47079166666666666
2012-02-20,0.6,29.9,4.02,0.45458333333333334
2012-02-21,3.4,30.1,3.92,0.456625
2012-02-22,7.6,30.5,3.06,0.46329166666666666
2012-02-23,0.5,30.9,4.52,0.4477083333333334
2012-02-24,0.0,31.9,5.0,0.4355833333333334
2012-02-25,0.0,31.4,4.5,0.42
2012-02-26,1.0,31.1,4.48,0.41320833333333334
2012-02-27,0.0,30.8,4.86,0.406125
2012-02-28,0.0,30.8,4.65,0.3905
2012-02-29,0.2,30.9,4.67,0.38058333333333333
2012-03-01,0.6,31.5,4.09,0.37520833333333337
2012-03-02,0.8,32.4,5.02,0.36925
2012-03-03,2.3,31.6,4.81,0.37604166666666666
2012-03-04,0.4,30.8,4.26,0.3835
2012-03-05,0.9,31.8,4.3,0.375125
2012-03-06,0.3,31.8,4.34,0.3721666666666667
2012-03-07,0.1,32.0,4.33,0.36224999999999996
2012-03-08,9.4,30.2,3.83,0.40679166666666666
2012-03-09,3.7,31.2,4.18,0.4426666666666667
2012-03-10,0.0,32.1,5.13,0.4237916666666666
2012-03-11,0.0,32.8,5.95,0.3935
2012-03-12,0.0,32.8,5.86,0.36841666666666667
2012-03-13,2.2,33.0,4.47,0.36241666666666666
2012-03-14,0.0,32.7,5.19,0.37070833333333336
2012-03-15,2.2,33.6,4.79,0.36424999999999996
2012-03-16,4.0,32.0,4.46,0.3870833333333333
2012-03-17,0.1,32.9,5.11,0.3941666666666667
2012-03-18,0.7,32.9,4.96,0.37404166666666666
2012-03-19,0.2,33.0,4.71,0.36175
2012-03-20,4.4,32.9,4.48,0.36541666666666667
2012-03-21,0.0,32.6,5.12,0.3838333333333333
2012-03-22,14.6,31.6,4.44,0.391875
2012-03-23,11.0,32.2,4.42,0.4262083333333333
2012-03-24,55.3,30.6,2.91,0.4658333333333333
2012-03-25,21.7,30.8,3.27,0.42825
2012-03-26,16.0,31.4,4.0,0.46508333333333335
2012-03-27,2.8,30.9,4.1,0.47075
2012-03-28,1.4,31.1,4.11,0.4716666666666667
2012-03-29,4.8,30.8,4.38,0.46741666666666665
2012-03-30,5.0,31.7,4.01,0.47941666666666666
2012-03-31,49.8,30.1,3.3,0.4759583333333333
2012-04-01,7.2,31.2,4.28,0.4559166666666667
2012-04-02,5.2,30.5,4.35,0.47412499999999996
2012-04-03,15.6,29.3,3.15,0.4670833333333333
2012-04-04,6.8,30.2,3.7,0.45683333333333337
2012-04-05,0.3,31.7,5.01,0.47125
2012-04-06,0.2,31.3,5.0,0.45116666666666666
2012-04-07,0.0,31.5,5.23,0.43454166666666666
2012-04-08,1.6,30.9,4.65,0.4258333333333333
2012-04-09,3.2,30.6,4.56,0.4350833333333333
2012-04-10,0.8,31.4,4.68,0.44354166666666667
2012-04-11,7.4,31.4,4.35,0.45870833333333333
2012-04-12,3.7,31.7,4.78,0.47458333333333336
2012-04-13,7.5,30.7,4.15,0.47858333333333336
2012-04-14,14.7,29.8,3.47,0.4864583333333334
2012-04-15,0.4,31.8,4.83,0.4749583333333333
2012-04-16,1.2,32.2,4.55,0.4653333333333334
2012-04-17,0.0,32.2,5.15,0.4535833333333334
2012-04-18,0.9,32.6,5.15,0.4399583333333333
2012-04-19,5.9,32.3,4.66,0.45341666666666663
2012-04-20,0.4,32.4,4.9,0.4659166666666667
2012-04-21,8.0,31.3,4.5,0.4559166666666667
2012-04-22,8.5,32.2,4.4,0.47054166666666664
2012-04-23,7.0,31.2,4.23,0.4731666666666667
2012-04-24,2.3,32.5,4.69,0.47041666666666665
2012-04-25,7.8,31.6,4.31,0.49033333333333334
2012-04-26,6.0,32.6,4.63,0.48041666666666666
2012-04-27,12.6,31.2,3.97,0.4694583333333333
2012-04-28,5.8,30.4,3.0,0.46
2012-04-29,10.0,30.9,3.44,0.4812916666666667
2012-04-30,6.6,31.1,3.28,0.48675
2012-05-01,0.4,32.4,4.58,0.4742916666666666
2012-05-02,12.7,31.0,3.74,0.46325
2012-05-03,9.9,30.7,3.52,0.46570833333333334
2012-05-04,6.8,31.4,4.36,0.46854166666666663
2012-05-05,1.7,32.0,4.96,0.4694583333333333
2012-05-06,10.0,30.4,3.39,0.48291666666666666
2012-05-07,7.5,28.6,2.55,0.478375
2012-05-08,10.6,31.1,3.5,0.46420833333333333
2012-05-09,6.0,30.7,3.21,0.4811666666666667
2012-05-10,5.2,30.2,4.06,0.47933333333333333
2012-05-11,8.5,31.0,4.02,0.4807083333333333
2012-05-12,11.4,30.7,3.82,0.46116666666666667
2012-05-13,8.0,30.0,3.57,0.4754583333333333
2012-05-14,7.9,29.5,2.75,0.48241666666666666
2012-05-15,7.4,29.1,3.09,0.4673333333333333
2012-05-16,9.6,27.9,1.58,0.488
2012-05-17,7.1,28.9,2.85,0.47870833333333335
2012-05-18,3.4,31.7,4.3,0.45916666666666667
2012-05-19,2.4,32.3,4.45,0.465
2012-05-20,0.5,32.4,5.04,0.454
2012-05-21,1.0,32.3,4.74,0.4399583333333333
2012-05-22,13.2,31.4,3.96,0.4659583333333333
2012-05-23,11.2,30.2,3.36,0.48141666666666666
2012-05-24,14.9,30.7,3.46,0.480875
2012-05-25,8.6,28.9,2.64,0.49654166666666666
2012-05-26,5.9,30.2,2.81,0.5005000000000001
2012-05-27,12.9,31.4,3.68,0.4714583333333333
2012-05-28,9.0,29.6,2.51,0.4825
2012-05-29,5.2,31.1,3.81,0.48783333333333334
2012-05-30,12.5,30.9,4.02,0.47137500000000004
2012-05-31,4.5,31.1,4.45,0.48825
2012-06-01,11.8,29.9,3.73,0.47962499999999997
2012-06-02,5.0,30.0,3.76,0.4692083333333333
2012-06-03,15.1,31.3,3.8,0.47454166666666664
2012-06-04,5.5,31.2,3.99,0.4916666666666667
2012-06-05,9.2,30.4,3.71,0.4855
2012-06-06,15.7,30.8,3.25,0.478
2012-06-07,8.9,30.0,2.8,0.4951666666666667
2012-06-08,8.1,30.7,3.97,0.488125
2012-06-09,12.5,29.8,2.91,0.48925
2012-06-10,8.9,31.8,4.28,0.456625
2012-06-11,0.9,31.8,4.75,0.42604166666666665
2012-06-12,11.8,31.1,3.96,0.44695833333333335
2012-06-13,0.0,32.0,4.6,0.4504166666666667
2012-06-14,0.1,31.5,5.23,0.4310416666666667
2012-06-15,3.0,30.1,3.88,0.4302083333333333
2012-06-16,0.1,31.5,5.38,0.425625
2012-06-17,1.5,30.9,3.57,0.4178333333333333
2012-06-18,2.1,31.4,4.4,0.42195833333333327
2012-06-19,0.0,31.9,5.49,0.4114583333333333
2012-06-20,2.0,31.8,4.9,0.4026666666666667
2012-06-21,4.8,31.5,4.35,0.42133333333333334
2012-06-22,1.5,30.9,3.73,0.43825000000000003
2012-06-23,9.0,30.1,4.11,0.457625
2012-06-24,6.2,31.1,4.44,0.470625
2012-06-25,1.5,31.1,4.81,0.4585416666666667
2012-06-26,0.0,31.8,5.04,0.43975000000000003
2012-06-27,2.6,31.6,4.78,0.428625
2012-06-28,17.8,29.0,3.15,0.451
2012-06-29,9.0,28.4,2.05,0.49275
2012-06-30,14.6,30.8,3.23,0.4770833333333333
2012-07-01,17.0,29.9,2.59,0.4592083333333333
2012-07-02,15.9,28.7,2.52,0.4666666666666666
2012-07-03,10.3,29.1,2.79,0.466625
2012-07-04,13.7,28.0,2.44,0.46475
2012-07-05,14.0,29.0,2.88,0.4673333333333333
2012-07-06,6.4,29.9,3.09,0.4502916666666667
2012-07-07,11.3,30.1,3.14,0.4765
2012-07-08,7.4,30.5,3.38,0.486875
2012-07-09,16.6,29.4,3.45,0.464625
2012-07-10,0.3,31.2,4.5,0.43724999999999997
2012-07-11,11.7,30.2,3.13,0.463125
2012-07-12,20.8,29.3,2.6,0.48662500000000003
2012-07-13,7.4,28.3,2.97,0.47875
2012-07-14,23.4,29.1,2.95,0.48054166666666664
2012-07-15,3.1,30.9,3.87,0.480375
2012-07-16,6.8,31.0,4.35,0.48845833333333327
2012-07-17,11.9,29.7,3.13,0.48404166666666665
2012-07-18,5.8,29.9,3.1,0.4911666666666667
2012-07-19,12.3,28.7,2.7,0.4676666666666667
2012-07-20,1.9,30.9,4.33,0.468875
2012-07-21,2.3,30.9,3.93,0.46608333333333335
2012-07-22,7.9,30.2,3.91,0.45812500000000006
2012-07-23,2.7,31.2,4.5,0.458875
2012-07-24,8.2,30.5,3.86,0.47045833333333337
2012-07-25,2.9,31.6,4.35,0.47691666666666666
2012-07-26,4.6,31.3,4.47,0.48066666666666663
2012-07-27,1.1,31.4,4.67,0.4765
2012-07-28,7.8,31.1,3.59,0.4739583333333333
2012-07-29,8.1,28.3,1.87,0.48341666666666666
2012-07-30,5.3,28.6,2.84,0.4952916666666667
2012-07-31,1.4,31.4,4.92,0.48333333333333334
2012-08-01,5.6,29.7,3.4,0.48974999999999996
2012-08-02,7.7,27.6,1.98,0.5031249999999999
2012-08-03,2.2,29.2,2.46,0.4952083333333333
2012-08-04,3.3,30.9,4.02,0.4912083333333333
2012-08-05,1.2,30.4,4.65,0.48166666666666663
2012-08-06,1.6,30.7,4.33,0.472625
2012-08-07,0.8,31.0,4.39,0.46258333333333335
2012-08-08,4.3,31.1,4.32,0.46495833333333336
2012-08-09,1.9,31.0,4.36,0.46820833333333334
2012-08-10,5.7,30.7,4.19,0.47704166666666664
2012-08-11,1.2,31.6,4.77,0.4721666666666666
2012-08-12,1.7,31.2,4.87,0.46308333333333335
2012-08-13,2.3,31.0,4.73,0.4595416666666667
2012-08-14,3.4,31.1,4.38,0.46458333333333335
2012-08-15,10.1,30.3,3.97,0.4675416666666667
2012-08-16,11.7,30.2,3.8,0.47150000000000003
2012-08-17,14.3,27.9,2.52,0.4716666666666667
2012-08-18,8.7,29.7,2.83,0.47491666666666665
2012-08-19,4.6,31.3,4.48,0.4835833333333333
2012-08-20,3.3,30.3,4.25,0.47762499999999997
2012-08-21,9.5,29.8,3.87,0.4795833333333333
2012-08-22,22.7,28.2,2.7,0.48041666666666666
2012-08-23,9.0,28.5,2.49,0.4761666666666666
2012-08-24,32.4,26.7,1.95,0.46704166666666663
2012-08-25,23.5,29.9,2.94,0.49008333333333337
2012-08-26,4.3,30.2,3.56,0.4924583333333333
2012-08-27,7.5,30.3,3.88,0.48966666666666664
2012-08-28,5.5,29.9,3.32,0.4956666666666667
2012-08-29,6.5,29.8,4.07,0.48312499999999997
2012-08-30,0.3,31.4,5.1,0.4706666666666666
2012-08-31,6.6,30.7,4.06,0.47170833333333334
2012-09-01,4.4,29.5,2.39,0.4822916666666666
2012-09-02,8.6,29.7,2.9,0.4835
2012-09-03,15.1,29.6,3.57,0.4639166666666667
2012-09-04,4.5,30.3,3.52,0.4646666666666666
2012-09-05,8.4,28.2,2.52,0.494375
2012-09-06,24.4,28.6,2.35,0.47129166666666666
2012-09-07,12.6,28.5,2.6,0.4360833333333333
2012-09-08,1.1,31.4,4.64,0.4479583333333333
2012-09-09,4.6,31.6,4.6,0.46025
2012-09-10,14.5,29.1,2.78,0.478
2012-09-11,12.4,28.6,2.54,0.48512500000000003
2012-09-12,25.1,28.2,1.96,0.476875
2012-09-13,14.5,27.8,2.26,0.4842916666666666
2012-09-14,9.1,28.2,2.56,0.4550416666666666
2012-09-15,17.1,28.3,2.84,0.46666666666666673
2012-09-16,12.2,28.9,2.63,0.46950000000000003
2012-09-17,9.1,30.3,3.65,0.45375000000000004
2012-09-18,7.7,30.2,3.87,0.46408333333333335
2012-09-19,8.1,29.2,3.01,0.48174999999999996
2012-09-20,12.5,29.5,2.82,0.49124999999999996
2012-09-21,11.2,29.0,2.74,0.4730833333333333
2012-09-22,8.1,28.9,3.01,0.46408333333333335
2012-09-23,10.6,29.9,3.17,0.4882916666666666
2012-09-24,19.8,29.4,2.6,0.48937499999999995
2012-09-25,13.3,27.9,2.18,0.4723333333333333
2012-09-26,38.6,25.8,1.19,0.4745
2012-09-27,26.4,25.9,1.09,0.4930833333333333
2012-09-28,20.5,25.6,1.25,0.47904166666666664
2012-09-29,11.4,28.9,2.39,0.45587500000000003
2012-09-30,10.3,28.9,3.01,0.4675416666666667
2012-10-01,17.0,28.3,2.15,0.48170833333333335
2012-10-02,12.3,28.2,2.18,0.47241666666666665
2012-10-03,9.0,30.0,3.28,0.47091666666666665
2012-10-04,12.7,29.4,2.76,0.47304166666666664
2012-10-05,7.9,28.3,2.57,0.471125
2012-10-06,8.7,28.7,2.27,0.48662500000000003
2012-10-07,10.5,28.2,2.02,0.4695416666666667
2012-10-08,19.1,29.2,2.47,0.4487916666666667
2012-10-09,15.4,30.3,3.36,0.46875
2012-10-10,14.8,31.0,3.58,0.4722916666666666
2012-10-11,14.0,31.5,4.22,0.46541666666666665
2012-10-12,20.5,31.4,3.97,0.477125
2012-10-13,29.6,30.2,3.43,0.4790833333333333
2012-10-14,14.9,30.1,3.69,0.47741666666666666
2012-10-15,3.8,30.7,4.08,0.48491666666666666
2012-10-16,10.5,30.9,3.84,0.47879166666666667
2012-10-17,19.8,29.4,2.95,0.4875416666666667
2012-10-18,0.0,30.5,4.46,0.4730833333333333
2012-10-19,1.0,30.8,4.28,0.45816666666666667
2012-10-20,0.4,30.8,4.23,0.4467083333333333
2012-10-21,1.6,31.6,4.45,0.439625
2012-10-22,28.8,28.0,1.97,0.468375
2012-10-23,21.3,28.8,2.36,0.4675
2012-10-24,4.8,30.3,3.97,0.48533333333333334
2012-10-25,2.2,31.6,4.17,0.4875416666666667
2012-10-26,1.7,30.9,4.17,0.4825
2012-10-27,0.8,30.9,4.12,0.47258333333333336
2012-10-28,0.6,31.1,4.16,0.46075
2012-10-29,2.1,31.3,4.14,0.45225000000000004
2012-10-30,9.8,29.6,3.05,0.4682916666666667
2012-10-31,4.3,30.2,3.34,0.47700000000000004
2012-11-01,4.2,29.9,3.46,0.490375
2012-11-02,0.8,30.6,3.74,0.4799583333333333
2012-11-03,1.0,30.4,3.94,0.46525
2012-11-04,8.4,29.5,3.41,0.464625
2012-11-05,6.9,29.3,3.33,0.477875
2012-11-06,1.6,30.5,3.51,0.48362499999999997
2012-11-07,0.0,31.1,4.31,0.4691666666666667
2012-11-08,1.5,30.2,3.5,0.45779166666666665
2012-11-09,2.0,30.7,3.99,0.45675
2012-11-10,4.1,29.8,3.24,0.4684166666666667
2012-11-11,11.3,28.9,2.56,0.4827916666666667
2012-11-12,0.4,30.6,3.91,0.47425
2012-11-13,0.8,31.3,3.71,0.462875
2012-11-14,8.1,28.4,1.38,0.4784583333333334
2012-11-15,20.6,26.9,1.97,0.47170833333333334
2012-11-16,4.1,29.6,2.82,0.494
2012-11-17,9.9,29.8,3.14,0.49062500000000003
2012-11-18,1.1,30.1,3.54,0.478875
2012-11-19,2.2,28.1,1.96,0.47816666666666663
2012-11-20,7.0,28.0,2.39,0.482625
2012-11-21,18.1,28.5,2.37,0.4750833333333333
2012-11-22,7.4,30.6,3.26,0.4718333333333333
2012-11-23,19.8,30.0,3.09,0.4752083333333333
2012-11-24,12.7,28.0,2.48,0.46891666666666665
2012-11-25,2.2,30.1,3.42,0.4782916666666666
2012-11-26,3.6,29.9,3.42,0.47816666666666663
2012-11-27,3.1,29.7,3.4,0.48233333333333334
2012-11-28,9.1,29.3,2.85,0.4824583333333334
2012-11-29,0.6,30.2,4.03,0.470625
2012-11-30,6.1,29.7,3.23,0.4820416666666667
2012-12-01,0.0,30.2,4.16,0.47433333333333333
2012-12-02,0.2,29.9,3.9,0.4562083333333333
2012-12-03,0.1,30.1,3.91,0.4455833333333334
2012-12-04,0.3,30.2,3.7,0.4355
2012-12-05,0.0,30.6,4.05,0.42391666666666666
2012-12-06,1.1,30.0,3.68,0.41662499999999997
2012-12-07,9.0,30.7,3.51,0.4346666666666667
2012-12-08,3.5,30.1,3.41,0.4644166666666667
2012-12-09,1.3,29.4,3.04,0.46070833333333333
2012-12-10,7.1,30.6,3.63,0.4566666666666667
2012-12-11,2.9,30.6,3.73,0.45249999999999996
2012-12-12,5.0,30.7,3.6,0.47833333333333333
2012-12-13,0.2,29.6,3.45,0.47420833333333334
2012-12-14,1.9,29.8,3.47,0.47041666666666665
2012-12-15,1.2,30.0,3.85,0.46129166666666666
2012-12-16,0.4,30.9,4.1,0.4506666666666667
2012-12-17,0.0,30.9,4.12,0.43724999999999997
2012-12-18,0.0,31.9,4.54,0.42112499999999997
2012-12-19,0.0,31.3,5.02,0.4034583333333333
2012-12-20,0.0,30.7,4.71,0.3878333333333333
2012-12-21,3.7,30.1,3.81,0.3970416666666667
2012-12-22,0.0,30.8,4.3,0.40641666666666665
2012-12-23,0.0,29.0,3.8,0.3914583333333333
2012-12-24,0.0,29.9,4.73,0.3765
2012-12-25,0.0,30.3,3.74,0.36237499999999995
2012-12-26,0.0,31.2,4.28,0.35074999999999995
2012-12-27,0.8,30.8,4.08,0.34429166666666666
2012-12-28,0.0,31.6,3.97,0.33945833333333336
2012-12-29,29.0,27.1,1.11,0.41770833333333335
2012-12-30,2.4,30.3,3.79,0.46950000000000003
2012-12-31,0.4,29.5,4.04,0.4560416666666667
2013-01-01,0.0,29.5,3.91,0.43445833333333334
2013-01-02,0.0,30.4,4.21,0.4166666666666667
2013-01-03,1.5,29.9,3.77,0.40929166666666666
2013-01-04,2.4,29.7,3.37,0.41241666666666665
2013-01-05,0.0,30.4,3.66,0.41100000000000003
2013-01-06,12.2,26.3,1.76,0.43979166666666664
2013-01-07,36.8,24.3,0.79,0.482
2013-01-08,1.1,29.0,2.75,0.46579166666666666
2013-01-09,1.8,29.4,2.68,0.47845833333333326
2013-01-10,18.6,29.3,2.81,0.4849583333333333
2013-01-11,2.4,28.8,2.63,0.4366666666666667
2013-01-12,0.2,29.8,3.88,0.437625
2013-01-13,1.0,29.4,3.77,0.43654166666666666
2013-01-14,0.2,28.5,3.74,0.43204166666666666
2013-01-15,2.2,28.1,3.64,0.43050000000000005
2013-01-16,0.0,28.9,4.32,0.42654166666666665
2013-01-17,1.0,29.1,4.1,0.4150833333333333
2013-01-18,3.8,26.2,2.16,0.42483333333333334
2013-01-19,0.0,29.1,4.55,0.43216666666666664
2013-01-20,0.0,29.3,3.22,0.41191666666666665
2013-01-21,0.0,29.7,3.76,0.39808333333333334
2013-01-22,0.5,29.4,3.97,0.38725000000000004
2013-01-23,0.0,29.2,4.15,0.3777916666666667
2013-01-24,0.1,28.7,3.52,0.3673333333333333
2013-01-25,0.0,29.0,4.38,0.35708333333333336
2013-01-26,0.0,29.6,4.65,0.345375
2013-01-27,0.0,29.1,4.28,0.3349583333333333
2013-01-28,0.0,29.2,4.98,0.3255
2013-01-29,0.0,29.4,4.68,0.31679166666666664
2013-01-30,0.0,30.7,5.21,0.30904166666666666
2013-01-31,0.0,31.0,5.23,0.3017916666666666
2013-02-01,0.0,31.1,5.2,0.29516666666666663
2013-02-02,0.0,30.9,4.85,0.28975
2013-02-03,0.0,31.8,5.73,0.2857916666666666
2013-02-04,0.0,32.7,5.96,0.2811666666666667
2013-02-05,0.0,32.0,5.47,0.2775416666666667
2013-02-06,0.3,31.8,4.68,0.27587500000000004
2013-02-07,0.6,30.9,3.86,0.27837500000000004
2013-02-08,0.0,31.6,3.77,0.2811666666666667
2013-02-09,0.0,31.8,5.34,0.2783333333333334
2013-02-10,0.0,32.0,6.1,0.27458333333333335
2013-02-11,0.2,31.7,5.07,0.2728333333333333
2013-02-12,0.0,32.2,5.36,0.2725
2013-02-13,0.0,32.2,6.05,0.27045833333333336
2013-02-14,0.4,32.7,5.7,0.270125
2013-02-15,0.2,32.8,5.56,0.27033333333333337
2013-02-16,0.0,33.2,6.02,0.268625
2013-02-17,0.0,33.3,6.42,0.265625
2013-02-18,0.0,32.9,5.75,0.26308333333333334
2013-02-19,0.0,32.4,5.22,0.2615416666666667
2013-02-20,0.0,32.3,5.09,0.2607916666666667
2013-02-21,0.4,33.4,4.45,0.25933333333333336
2013-02-22,10.5,28.0,1.51,0.33920833333333333
2013-02-23,0.4,29.4,3.21,0.3805416666666667
2013-02-24,0.9,29.6,3.56,0.37320833333333336
2013-02-25,0.0,31.8,6.01,0.35662499999999997
2013-02-26,0.2,32.5,5.19,0.3388333333333333
2013-02-27,0.5,31.9,5.14,0.33033333333333337
2013-02-28,0.0,32.1,5.28,0.32083333333333336
2013-03-01,0.5,32.8,5.16,0.31075
2013-03-02,0.2,32.7,5.13,0.3055833333333333
2013-03-03,0.0,32.8,5.8,0.2969583333333333
2013-03-04,0.1,33.3,5.98,0.28962499999999997
2013-03-05,0.1,33.3,5.66,0.28562499999999996
2013-03-06,0.0,33.2,6.14,0.27958333333333335
2013-03-07,0.2,33.7,6.24,0.27616666666666667
2013-03-08,0.0,32.8,5.81,0.274
2013-03-09,1.6,31.7,4.74,0.27625
2013-03-10,0.4,33.3,5.19,0.2823333333333333
2013-03-11,0.0,33.9,5.7,0.280375
2013-03-12,0.0,32.8,4.76,0.2755416666666667
2013-03-13,0.2,33.9,5.13,0.27225000000000005
2013-03-14,1.2,34.1,5.22,0.2745
2013-03-15,0.7,33.1,5.09,0.28225
2013-03-16,0.3,33.8,6.09,0.28429166666666666
2013-03-17,0.0,32.9,5.03,0.2814583333333333
2013-03-18,0.0,33.6,4.98,0.2775416666666667
2013-03-19,0.0,34.5,6.02,0.27325000000000005
2013-03-20,0.0,34.8,5.87,0.2691666666666667
2013-03-21,0.0,34.6,5.46,0.26566666666666666
2013-03-22,1.9,33.9,4.92,0.272125
2013-03-23,0.6,33.8,5.33,0.289
2013-03-24,0.0,34.9,5.45,0.28604166666666664
2013-03-25,3.3,35.2,4.89,0.2949583333333334
2013-03-26,4.4,34.7,5.08,0.33699999999999997
2013-03-27,0.4,34.4,5.4,0.3575833333333333
2013-03-28,0.0,34.5,5.62,0.33699999999999997
2013-03-29,0.0,35.7,6.11,0.31654166666666667
2013-03-30,0.3,36.0,5.89,0.30091666666666667
2013-03-31,6.3,34.0,4.56,0.32758333333333334
2013-04-01,0.6,34.2,5.19,0.3607916666666666
2013-04-02,4.1,33.7,4.56,0.3622083333333333
2013-04-03,17.8,33.1,3.9,0.4001666666666666
2013-04-04,1.6,34.0,4.74,0.3740833333333333
2013-04-05,1.0,34.0,4.91,0.3714166666666667
2013-04-06,0.4,35.1,5.64,0.35904166666666665
2013-04-07,9.8,34.8,4.87,0.3775833333333333
2013-04-08,12.6,31.5,3.43,0.43825000000000003
2013-04-09,10.0,32.2,4.22,0.4374166666666666
2013-04-10,18.0,30.2,2.4,0.4652083333333333
2013-04-11,14.0,29.6,2.71,0.47725
2013-04-12,20.4,28.3,2.02,0.4750833333333333
2013-04-13,32.0,28.3,2.19,0.4847083333333333
2013-04-14,29.1,27.9,1.85,0.460875
2013-04-15,3.1,30.5,3.36,0.45341666666666663
2013-04-16,6.6,32.1,4.39,0.4615833333333333
2013-04-17,32.7,31.6,4.04,0.46341666666666664
2013-04-18,3.8,31.9,4.34,0.48299999999999993
2013-04-19,0.0,32.3,5.32,0.4711666666666667
2013-04-20,0.3,31.9,4.76,0.452625
2013-04-21,0.4,31.4,3.92,0.442625
2013-04-22,4.0,31.7,4.36,0.441875
2013-04-23,9.5,29.0,2.66,0.46295833333333336
2013-04-24,6.7,31.1,3.89,0.4762916666666666
2013-04-25,8.0,29.9,3.57,0.47691666666666666
2013-04-26,5.2,31.4,4.23,0.48033333333333333
2013-04-27,3.5,31.9,4.57,0.4890833333333333
2013-04-28,4.4,32.5,4.84,0.48025
2013-04-29,0.3,32.4,4.92,0.46599999999999997
2013-04-30,5.8,32.4,4.75,0.4739166666666667
2013-05-01,14.7,32.7,4.27,0.48583333333333334
2013-05-02,8.7,32.2,4.3,0.4710833333333333
2013-05-03,13.6,31.4,3.94,0.46220833333333333
2013-05-04,9.8,30.7,3.49,0.4565416666666667
2013-05-05,4.9,31.6,4.29,0.46166666666666667
2013-05-06,7.8,31.3,3.12,0.479125
2013-05-07,16.6,31.1,3.5,0.4653333333333333
2013-05-08,7.9,31.4,3.93,0.46679166666666666
2013-05-09,7.8,30.7,3.54,0.47612499999999996
2013-05-10,7.8,32.2,4.4,0.46737500000000004
2013-05-11,7.9,32.6,4.57,0.4666666666666666
2013-05-12,26.7,30.9,2.95,0.47579166666666667
2013-05-13,3.6,31.5,3.29,0.478875
2013-05-14,1.4,33.3,4.84,0.4772083333333333
2013-05-15,10.1,32.7,4.1,0.47408333333333336
2013-05-16,4.0,32.7,4.17,0.48604166666666665
2013-05-17,14.4,31.7,3.49,0.4676666666666667
2013-05-18,22.4,31.4,3.4,0.4529166666666667
2013-05-19,12.8,30.7,3.46,0.4562916666666667
2013-05-20,11.8,30.6,3.47,0.4567916666666667
2013-05-21,14.6,30.1,3.13,0.45375000000000004
2013-05-22,0.0,32.7,4.8,0.4498333333333333
2013-05-23,16.9,30.6,3.47,0.4699166666666667
2013-05-24,43.8,29.5,2.82,0.47279166666666667
2013-05-25,26.0,30.8,3.29,0.46249999999999997
2013-05-26,8.3,30.6,3.97,0.459
2013-05-27,9.8,32.0,4.32,0.4679166666666667
2013-05-28,10.7,32.3,4.07,0.460875
2013-05-29,20.9,31.2,3.55,0.4679166666666667
2013-05-30,14.7,30.7,3.36,0.45375000000000004
2013-05-31,10.2,31.1,4.05,0.47641666666666665
2013-06-01,8.8,31.0,3.53,0.4782916666666666
2013-06-02,29.4,30.2,3.03,0.4772083333333333
2013-06-03,9.0,31.1,3.65,0.45895833333333336
2013-06-04,33.5,31.1,3.43,0.46895833333333337
2013-06-05,25.2,30.8,2.98,0.480875
2013-06-06,12.2,31.2,3.46,0.4727083333333333
2013-06-07,5.0,32.2,4.53,0.48404166666666665
2013-06-08,9.0,31.6,4.4,0.4730833333333333
2013-06-09,4.0,31.4,3.99,0.47691666666666666
2013-06-10,7.6,30.5,3.36,0.47654166666666664
2013-06-11,16.0,30.4,2.91,0.47979166666666667
2013-06-12,15.0,29.0,2.43,0.4742916666666666
2013-06-13,8.8,28.6,1.76,0.493875
2013-06-14,17.8,29.3,2.5,0.48504166666666665
2013-06-15,23.3,27.7,2.11,0.46216666666666667
2013-06-16,12.5,29.8,2.56,0.4887083333333333
2013-06-17,8.4,28.4,2.36,0.47974999999999995
2013-06-18,7.5,31.0,3.84,0.4755
2013-06-19,8.1,31.0,3.66,0.45275
2013-06-20,11.9,29.7,2.89,0.45508333333333334
2013-06-21,1.7,31.3,3.99,0.482875
2013-06-22,9.0,29.3,2.5,0.479875
2013-06-23,11.8,29.7,2.89,0.47774999999999995
2013-06-24,4.4,31.2,3.64,0.48616666666666664
2013-06-25,3.6,32.1,4.68,0.486125
2013-06-26,12.7,30.9,4.18,0.47333333333333333
2013-06-27,14.5,30.9,3.73,0.4620416666666667
2013-06-28,8.6,30.3,3.83,0.4732083333333333
2013-06-29,3.0,31.0,4.02,0.4836666666666667
2013-06-30,9.8,30.1,3.39,0.48091666666666666
2013-07-01,9.9,29.3,3.18,0.4839166666666666
2013-07-02,13.6,30.5,3.61,0.4859166666666666
2013-07-03,11.4,29.0,3.03,0.46729166666666666
2013-07-04,14.6,29.0,2.44,0.46258333333333335
2013-07-05,20.3,30.0,2.69,0.474625
2013-07-06,17.3,30.3,2.88,0.4835833333333333
2013-07-07,25.2,28.9,2.35,0.495875
2013-07-08,17.1,30.5,3.15,0.47929166666666667
2013-07-09,10.7,30.0,3.12,0.47808333333333336
2013-07-10,14.6,30.4,3.98,0.47125
2013-07-11,4.7,31.4,4.45,0.47550000000000003
2013-07-12,8.2,30.8,4.45,0.47879166666666667
2013-07-13,5.1,29.8,4.11,0.48533333333333334
2013-07-14,5.8,29.1,3.09,0.4955
2013-07-15,25.7,26.1,1.55,0.484
2013-07-16,9.3,29.3,4.18,0.4664166666666667
2013-07-17,0.9,30.8,3.67,0.46020833333333333
2013-07-18,6.3,29.3,3.87,0.47562499999999996
2013-07-19,12.5,27.3,1.86,0.4751666666666667
2013-07-20,5.7,28.6,2.23,0.47579166666666667
2013-07-21,15.9,27.3,1.34,0.478375
2013-07-22,19.5,27.1,1.67,0.4780416666666667
2013-07-23,11.3,28.5,2.26,0.4734583333333333
2013-07-24,6.2,30.8,3.94,0.48445833333333327
2013-07-25,8.3,31.0,4.33,0.473875
2013-07-26,0.9,31.3,4.67,0.4595833333333334
2013-07-27,7.4,30.7,3.82,0.46708333333333335
2013-07-28,1.4,31.0,4.17,0.46625
2013-07-29,11.8,30.0,2.93,0.477125
2013-07-30,1.5,31.1,4.69,0.47700000000000004
2013-07-31,14.9,28.3,2.85,0.482875
2013-08-01,12.6,28.9,1.93,0.48041666666666666
2013-08-02,19.3,26.0,1.33,0.47141666666666665
2013-08-03,9.7,29.2,2.57,0.47729166666666667
2013-08-04,7.4,31.2,4.11,0.4807083333333333
2013-08-05,10.8,31.2,4.25,0.48425
2013-08-06,12.7,27.6,2.46,0.4788333333333333
2013-08-07,13.1,29.4,3.32,0.4849583333333333
2013-08-08,4.6,29.0,3.1,0.5009166666666667
2013-08-09,9.8,29.6,3.45,0.47295833333333337
2013-08-10,5.7,30.6,3.27,0.46725
2013-08-11,10.0,29.0,2.22,0.4779583333333333
2013-08-12,13.4,28.5,2.15,0.48454166666666665
2013-08-13,7.7,27.9,2.05,0.4985
2013-08-14,2.9,31.1,4.54,0.48974999999999996
2013-08-15,6.2,31.8,4.52,0.476875
2013-08-16,0.0,31.8,4.95,0.4579166666666667
2013-08-17,4.2,30.5,4.26,0.472
2013-08-18,0.7,31.0,4.97,0.46975000000000006
2013-08-19,0.0,31.4,5.62,0.44766666666666666
2013-08-20,0.0,31.4,5.41,0.42724999999999996
2013-08-21,2.4,31.0,5.05,0.4242916666666667
2013-08-22,3.7,30.7,4.7,0.443875
2013-08-23,1.5,30.8,4.81,0.444375
2013-08-24,6.0,30.5,3.51,0.453625
2013-08-25,5.5,29.2,2.25,0.47054166666666664
2013-08-26,5.7,30.2,3.09,0.4831666666666667
2013-08-27,4.9,30.2,4.15,0.47374999999999995
2013-08-28,4.6,29.6,3.84,0.47724999999999995
2013-08-29,2.1,31.5,4.5,0.47129166666666666
2013-08-30,15.2,30.9,3.91,0.4718333333333333
2013-08-31,5.2,31.7,4.34,0.472
2013-09-01,15.0,32.0,4.83,0.4684166666666667
2013-09-02,3.3,31.9,4.69,0.47733333333333333
2013-09-03,2.7,31.7,4.59,0.48212499999999997
2013-09-04,11.8,31.6,4.37,0.47270833333333334
2013-09-05,5.2,31.6,4.24,0.48141666666666666
2013-09-06,13.4,30.6,3.78,0.4945833333333333
2013-09-07,15.1,29.2,2.5,0.49066666666666664
2013-09-08,18.2,29.9,3.07,0.47362499999999996
2013-09-09,38.6,30.1,3.72,0.46108333333333335
2013-09-10,41.9,29.0,2.23,0.46529166666666666
2013-09-11,8.3,28.5,2.54,0.48945833333333333
2013-09-12,11.2,29.1,2.76,0.48333333333333334
2013-09-13,4.1,30.4,3.18,0.48137499999999994
2013-09-14,8.9,30.6,3.41,0.4719583333333333
2013-09-15,3.6,30.8,3.97,0.47641666666666665
2013-09-16,3.3,30.9,3.22,0.4855416666666667
2013-09-17,4.8,30.1,2.66,0.4872083333333333
2013-09-18,5.5,29.7,3.09,0.492375
2013-09-19,4.9,30.4,3.8,0.4857916666666666
2013-09-20,11.5,29.7,3.57,0.4845833333333333
2013-09-21,7.0,29.7,2.63,0.48616666666666664
2013-09-22,9.7,30.1,2.95,0.4703333333333333
2013-09-23,3.2,31.2,3.76,0.47937499999999994
2013-09-24,2.8,30.4,3.68,0.47816666666666663
2013-09-25,0.7,31.0,4.08,0.467
2013-09-26,2.0,30.9,4.11,0.456875
2013-09-27,8.4,30.5,4.11,0.47775000000000006
2013-09-28,0.9,31.1,4.61,0.4720416666666667
2013-09-29,13.2,29.2,3.0,0.47691666666666666
2013-09-30,5.2,28.2,2.77,0.49537499999999995
2013-10-01,6.1,29.7,3.74,0.49374999999999997
2013-10-02,18.4,28.9,2.53,0.49233333333333335
2013-10-03,3.9,30.1,3.43,0.4947916666666667
2013-10-04,1.1,29.2,3.58,0.48900000000000005
2013-10-05,7.4,28.3,3.1,0.49341666666666667
2013-10-06,17.9,27.9,2.42,0.4920416666666667
2013-10-07,12.0,29.2,2.74,0.4919166666666667
2013-10-08,10.8,29.7,3.63,0.46858333333333335
2013-10-09,4.2,30.1,3.74,0.47833333333333333
2013-10-10,4.0,30.4,4.27,0.48208333333333336
2013-10-11,23.6,29.6,3.41,0.47933333333333333
2013-10-12,22.5,31.4,3.29,0.4564166666666667
2013-10-13,12.0,29.2,3.17,0.44437499999999996
2013-10-14,5.9,28.8,2.66,0.45695833333333336
2013-10-15,8.3,29.9,3.29,0.4663333333333333
2013-10-16,8.4,29.8,3.14,0.4716666666666667
2013-10-17,4.5,31.3,4.15,0.4874583333333333
2013-10-18,11.0,31.2,3.89,0.4871666666666667
2013-10-19,18.7,29.3,2.57,0.4664166666666667
2013-10-20,17.6,30.2,3.38,0.4694583333333333
2013-10-21,13.1,27.5,1.93,0.482875
2013-10-22,14.1,29.5,3.16,0.48625
2013-10-23,31.0,30.2,3.4,0.48808333333333337
2013-10-24,15.7,29.8,3.23,0.47500000000000003
2013-10-25,12.2,30.3,3.82,0.47974999999999995
2013-10-26,19.5,29.1,3.09,0.46608333333333335
2013-10-27,2.3,29.2,3.39,0.46291666666666664
2013-10-28,2.7,30.4,3.54,0.4688333333333334
2013-10-29,1.5,30.6,4.11,0.47
2013-10-30,17.0,30.9,3.48,0.48504166666666665
2013-10-31,3.9,30.1,3.65,0.49033333333333334
2013-11-01,1.5,30.5,3.71,0.4799583333333333
2013-11-02,5.6,30.4,3.84,0.4768333333333333
2013-11-03,0.5,30.2,4.07,0.4695416666666667
2013-11-04,0.0,30.7,4.07,0.45704166666666673
2013-11-05,0.4,30.9,4.1,0.44416666666666665
2013-11-06,24.4,30.7,3.68,0.4624166666666667
2013-11-07,54.3,26.2,1.11,0.4779583333333333
2013-11-08,13.4,29.6,2.95,0.4672083333333333
2013-11-09,0.5,30.7,3.89,0.4595
2013-11-10,2.7,31.1,3.52,0.4651666666666667
2013-11-11,1.5,30.8,3.88,0.46725
2013-11-12,4.0,30.7,3.72,0.46870833333333334
2013-11-13,9.3,30.5,3.21,0.47370833333333334
2013-11-14,5.0,30.6,3.4,0.47383333333333333
2013-11-15,20.1,29.1,2.09,0.478
2013-11-16,0.6,29.9,3.77,0.457125
2013-11-17,2.4,29.8,3.56,0.46466666666666673
2013-11-18,4.3,30.5,3.67,0.47329166666666667
2013-11-19,1.4,29.5,3.64,0.47479166666666667
2013-11-20,38.8,27.1,1.65,0.4750833333333333
2013-11-21,9.7,27.5,2.25,0.49404166666666666
2013-11-22,13.9,25.9,1.43,0.48541666666666666
2013-11-23,3.3,28.6,2.75,0.4815416666666667
2013-11-24,2.3,30.2,3.24,0.47912499999999997
2013-11-25,6.3,30.8,3.75,0.4811666666666667
2013-11-26,2.5,30.4,3.63,0.4828333333333333
2013-11-27,11.7,28.0,2.4,0.4896666666666667
2013-11-28,13.1,27.9,2.41,0.4686666666666666
2013-11-29,0.1,29.6,3.88,0.44979166666666665
2013-11-30,0.0,29.6,3.99,0.44204166666666667
2013-12-01,0.1,28.9,3.35,0.43245833333333333
2013-12-02,0.1,28.6,3.79,0.42204166666666665
2013-12-03,0.0,26.8,2.23,0.4152916666666666
2013-12-04,0.2,28.8,3.24,0.41158333333333336
2013-12-05,2.7,28.8,3.01,0.42933333333333334
2013-12-06,0.3,28.4,3.51,0.42354166666666665
2013-12-07,0.0,28.5,3.56,0.4097916666666667
2013-12-08,0.0,29.7,4.28,0.3947083333333334
2013-12-09,0.2,29.3,3.43,0.38304166666666667
2013-12-10,0.1,29.7,3.36,0.37725000000000003
2013-12-11,0.0,29.9,3.62,0.3682916666666667
2013-12-12,0.0,30.5,3.83,0.35916666666666663
2013-12-13,0.1,30.9,4.03,0.35041666666666665
2013-12-14,2.9,30.2,2.97,0.36237499999999995
2013-12-15,0.7,29.1,3.51,0.3842083333333333
2013-12-16,7.9,28.5,2.13,0.433125
2013-12-17,6.9,28.4,3.01,0.46491666666666664
2013-12-18,0.2,27.8,2.77,0.45716666666666667
2013-12-19,0.4,28.7,3.11,0.43175
2013-12-20,0.0,27.6,3.32,0.4150833333333333
2013-12-21,0.0,27.4,3.3,0.3990416666666667
2013-12-22,0.1,28.6,2.89,0.3872083333333334
2013-12-23,0.0,29.1,3.82,0.3762916666666667
2013-12-24,0.0,28.8,3.55,0.3632916666666666
2013-12-25,0.0,27.6,2.67,0.3532916666666666
2013-12-26,0.0,29.1,4.17,0.34400000000000003
2013-12-27,0.0,28.7,3.77,0.3335416666666667
2013-12-28,0.0,26.7,2.46,0.3280416666666667
2013-12-29,2.0,28.0,3.36,0.33075000000000004
2013-12-30,0.6,28.3,3.87,0.3410416666666667
2013-12-31,0.3,29.6,3.92,0.33487500000000003
2014-01-01,0.0,28.6,3.1,0.328125
2014-01-02,0.8,28.3,2.64,0.3239166666666667
2014-01-03,0.0,30.1,3.56,0.32116666666666666
2014-01-04,6.5,29.9,3.34,0.33470833333333333
2014-01-05,0.0,29.3,3.52,0.36695833333333333
2014-01-06,0.0,29.8,3.95,0.35241666666666666
2014-01-07,1.5,30.6,3.82,0.3446666666666667
2014-01-08,1.5,27.3,1.59,0.36320833333333336
2014-01-09,3.3,27.6,3.66,0.380625
2014-01-10,0.0,28.7,4.09,0.36879166666666663
2014-01-11,0.0,30.1,4.75,0.35170833333333335
2014-01-12,0.0,30.4,3.82,0.3365416666666667
2014-01-13,0.5,29.5,3.91,0.329
2014-01-14,1.0,28.3,3.62,0.3256666666666667
2014-01-15,0.1,28.9,4.14,0.32104166666666667
2014-01-16,0.0,28.6,4.0,0.311
2014-01-17,0.0,29.1,3.75,0.3025
2014-01-18,0.0,28.5,3.95,0.29554166666666665
2014-01-19,0.0,29.1,4.87,0.28929166666666667
2014-01-20,0.0,29.6,4.9,0.28329166666666666
2014-01-21,0.7,27.5,3.19,0.28129166666666666
2014-01-22,0.0,28.5,4.84,0.28025
2014-01-23,0.1,28.4,4.12,0.2774166666666667
2014-01-24,0.0,29.4,4.42,0.275125
2014-01-25,0.0,28.9,4.1,0.27166666666666667
2014-01-26,0.3,28.6,4.03,0.2704166666666667
2014-01-27,0.0,29.3,4.46,0.2689166666666667
2014-01-28,0.4,29.1,4.27,0.2687083333333334
2014-01-29,0.0,30.3,4.89,0.2688333333333333
2014-01-30,0.0,30.4,4.89,0.266125
2014-01-31,0.0,29.4,4.34,0.2649166666666667
2014-02-01,0.0,29.9,4.02,0.26475
2014-02-02,0.0,29.6,3.86,0.2649166666666667
2014-02-03,0.0,31.6,4.13,0.2640416666666667
2014-02-04,0.7,29.6,3.84,0.26566666666666666
2014-02-05,1.4,29.0,3.58,0.27516666666666667
2014-02-06,0.0,29.7,4.65,0.28099999999999997
2014-02-07,0.0,31.3,4.74,0.27625000000000005
2014-02-08,0.0,32.3,4.93,0.2724166666666667
2014-02-09,0.0,32.4,4.98,0.268625
2014-02-10,0.0,33.3,5.16,0.2652083333333333
2014-02-11,0.0,31.5,4.91,0.2625416666666667
2014-02-12,0.0,30.9,4.71,0.26216666666666666
2014-02-13,0.0,31.2,5.53,0.262
2014-02-14,0.0,31.5,5.6,0.26008333333333333
2014-02-15,0.0,31.3,5.57,0.2585
2014-02-16,0.0,30.8,5.53,0.257125
2014-02-17,0.0,31.1,4.98,0.25566666666666665
2014-02-18,0.0,32.6,5.03,0.254625
2014-02-19,0.0,32.9,4.71,0.25433333333333336
2014-02-20,0.2,30.9,5.77,0.2555
2014-02-21,0.2,32.0,5.83,0.256375
2014-02-22,0.9,31.3,4.96,0.25954166666666667
2014-02-23,0.0,30.5,5.34,0.263
2014-02-24,0.0,31.4,5.5,0.26108333333333333
2014-02-25,0.0,33.0,5.39,0.25904166666666667
2014-02-26,0.0,31.9,5.07,0.2575
2014-02-27,0.0,32.3,5.84,0.25604166666666667
2014-02-28,0.0,32.1,5.78,0.254625
2014-03-01,0.0,32.7,5.07,0.25370833333333337
2014-03-02,0.0,33.5,5.5,0.253
2014-03-03,0.0,34.1,5.52,0.25245833333333334
2014-03-04,0.0,32.7,5.44,0.252
2014-03-05,0.0,32.7,5.91,0.25154166666666666
2014-03-06,0.0,31.8,5.88,0.251
2014-03-07,0.0,32.1,5.27,0.251
2014-03-08,0.0,32.6,5.49,0.251
2014-03-09,0.0,33.3,5.72,0.251
2014-03-10,0.0,32.3,5.53,0.251
2014-03-11,0.0,33.0,6.0,0.251
2014-03-12,0.0,33.8,6.03,0.251
2014-03-13,0.0,34.3,5.25,0.251
2014-03-14,3.6,33.5,5.06,0.274125
2014-03-15,0.0,34.0,7.28,0.30004166666666665
2014-03-16,1.0,33.6,6.51,0.29354166666666665
2014-03-17,0.6,33.6,5.94,0.29524999999999996
2014-03-18,0.0,33.9,6.14,0.29116666666666663
2014-03-19,0.0,32.4,4.88,0.28350000000000003
2014-03-20,0.0,34.6,5.04,0.2777083333333334
2014-03-21,6.6,33.4,4.38,0.308875
2014-03-22,0.0,33.1,6.38,0.345625
2014-03-23,1.3,32.3,5.63,0.3322916666666667
2014-03-24,0.0,32.6,5.8,0.328125
2014-03-25,0.0,32.7,5.46,0.31516666666666665
2014-03-26,0.6,32.6,5.2,0.3085
2014-03-27,0.2,33.8,5.33,0.304125
2014-03-28,5.0,33.2,4.7,0.32241666666666663
2014-03-29,9.1,33.5,4.63,0.3954583333333333
2014-03-30,0.8,33.2,5.25,0.4197916666666666
2014-03-31,1.9,33.2,4.92,0.40095833333333336
2014-04-01,1.0,34.0,5.13,0.38962500000000005
2014-04-02,0.0,34.0,5.31,0.36916666666666664
2014-04-03,4.1,32.9,4.8,0.3714166666666667
2014-04-04,4.9,33.1,4.58,0.40225
2014-04-05,2.5,33.0,5.06,0.4200833333333333
2014-04-06,1.5,32.3,4.06,0.4154583333333333
2014-04-07,9.2,33.0,4.11,0.43074999999999997
2014-04-08,43.4,31.4,4.04,0.46304166666666663
2014-04-09,0.0,32.6,5.31,0.45183333333333336
2014-04-10,1.4,32.4,4.84,0.43850000000000006
2014-04-11,8.2,32.4,4.57,0.453625
2014-04-12,29.4,32.2,4.25,0.46812500000000007
2014-04-13,23.3,32.4,4.39,0.47279166666666667
2014-04-14,0.0,32.4,5.0,0.46308333333333335
2014-04-15,9.5,31.5,4.06,0.4543333333333333
2014-04-16,1.0,32.6,4.75,0.4517083333333334
2014-04-17,2.2,32.7,4.73,0.44804166666666667
2014-04-18,0.0,32.5,5.22,0.44216666666666665
2014-04-19,0.0,33.4,5.58,0.4163333333333334
2014-04-20,0.0,33.2,5.11,0.396125
2014-04-21,0.7,33.2,4.94,0.38316666666666666
2014-04-22,1.9,34.3,5.21,0.38458333333333333
2014-04-23,0.0,33.4,5.18,0.3814166666666667
2014-04-24,0.9,33.3,4.86,0.36870833333333336
2014-04-25,0.0,34.6,5.63,0.3579583333333333
2014-04-26,0.0,34.7,5.53,0.3384583333333333
2014-04-27,0.0,35.0,5.59,0.32279166666666664
2014-04-28,3.4,34.0,4.69,0.32279166666666664
2014-04-29,4.6,33.2,4.25,0.3539583333333334
2014-04-30,27.8,32.6,4.19,0.418125
2014-05-01,19.4,31.4,3.11,0.472625
2014-05-02,0.5,31.3,3.83,0.46366666666666667
2014-05-03,4.6,31.9,4.17,0.46575000000000005
2014-05-04,3.5,33.1,4.68,0.4699583333333333
2014-05-05,5.1,32.4,4.49,0.47104166666666664
2014-05-06,1.7,32.5,4.86,0.4705
2014-05-07,5.4,33.3,4.92,0.4639166666666667
2014-05-08,4.4,32.7,4.53,0.48133333333333334
2014-05-09,0.5,32.4,4.48,0.46295833333333336
2014-05-10,11.6,32.8,4.58,0.45475
2014-05-11,5.5,33.1,4.66,0.4683333333333333
2014-05-12,40.2,32.6,4.3,0.47570833333333334
2014-05-13,11.4,31.8,4.3,0.4645416666666667
2014-05-14,3.5,32.0,4.48,0.4765833333333333
2014-05-15,15.2,31.5,3.83,0.494875
2014-05-16,9.9,31.4,3.77,0.46225
2014-05-17,15.1,32.1,3.77,0.45508333333333334
2014-05-18,14.7,31.9,4.24,0.48241666666666666
2014-05-19,14.3,31.2,4.08,0.452625
2014-05-20,13.1,32.2,3.98,0.4719583333333333
2014-05-21,14.7,32.6,4.07,0.47275
2014-05-22,5.9,32.5,4.66,0.47104166666666664
2014-05-23,5.1,30.6,3.63,0.46166666666666667
2014-05-24,8.1,30.7,2.88,0.4735416666666667
2014-05-25,17.0,32.0,3.6,0.47329166666666667
2014-05-26,19.6,31.3,3.58,0.4646666666666666
2014-05-27,9.5,31.6,4.21,0.47008333333333335
2014-05-28,3.5,33.1,4.64,0.443625
2014-05-29,1.3,32.8,4.75,0.4546666666666667
2014-05-30,19.7,31.6,3.81,0.457625
2014-05-31,9.9,31.0,3.55,0.47337500000000005
2014-06-01,39.6,31.3,3.37,0.4739166666666667
2014-06-02,19.0,29.8,2.56,0.45941666666666664
2014-06-03,13.7,29.8,2.91,0.4828333333333333
2014-06-04,8.6,31.2,3.64,0.47604166666666664
2014-06-05,8.4,30.4,3.3,0.47654166666666664
2014-06-06,13.1,31.1,3.35,0.473125
2014-06-07,6.6,33.0,4.64,0.4658333333333333
2014-06-08,7.5,32.3,4.35,0.46725
2014-06-09,11.6,31.8,4.18,0.4854583333333333
2014-06-10,4.9,32.7,4.29,0.48100000000000004
2014-06-11,6.1,30.6,3.25,0.4845833333333333
2014-06-12,13.1,30.7,2.77,0.4800416666666667
2014-06-13,10.1,30.3,2.46,0.49041666666666667
2014-06-14,10.8,31.2,3.57,0.48583333333333334
2014-06-15,6.6,31.9,3.75,0.47641666666666665
2014-06-16,9.5,31.3,2.91,0.4661666666666667
2014-06-17,4.1,30.4,2.76,0.49629166666666663
2014-06-18,20.5,31.5,3.32,0.47866666666666663
2014-06-19,2.2,30.4,2.77,0.4648333333333334
2014-06-20,7.7,31.4,3.71,0.463125
2014-06-21,7.7,30.5,2.8,0.4672083333333334
2014-06-22,20.9,29.5,2.52,0.45933333333333337
2014-06-23,6.8,30.7,3.71,0.5010416666666667
2014-06-24,4.6,30.8,3.98,0.4987916666666667
2014-06-25,9.5,31.0,3.24,0.486875
2014-06-26,0.0,32.4,4.69,0.46279166666666666
2014-06-27,1.4,31.4,4.49,0.453125
2014-06-28,5.4,29.8,3.35,0.46799999999999997
2014-06-29,9.7,29.5,3.31,0.47491666666666665
2014-06-30,6.3,30.9,4.09,0.487875
2014-07-01,1.0,30.7,4.18,0.47904166666666664
2014-07-02,6.8,31.1,4.04,0.4834583333333333
2014-07-03,5.2,30.6,3.77,0.48924999999999996
2014-07-04,17.1,29.9,3.23,0.48291666666666666
2014-07-05,13.4,29.0,2.08,0.4682916666666667
2014-07-06,6.4,30.0,2.76,0.47058333333333335
2014-07-07,10.1,31.2,3.49,0.47620833333333334
2014-07-08,7.5,29.9,3.25,0.47691666666666666
2014-07-09,15.9,28.3,2.2,0.48008333333333336
2014-07-10,4.2,29.6,2.43,0.49099999999999994
2014-07-11,5.0,30.0,2.85,0.48500000000000004
2014-07-12,10.3,31.1,3.3,0.4856666666666667
2014-07-13,7.7,28.5,2.15,0.4849583333333333
2014-07-14,11.4,29.2,2.48,0.4797916666666666
2014-07-15,9.3,31.4,4.08,0.4807916666666667
2014-07-16,4.6,31.3,4.27,0.47170833333333334
2014-07-17,8.5,30.7,3.67,0.481875
2014-07-18,7.0,28.0,2.3,0.4635
2014-07-19,1.4,31.5,3.97,0.4418333333333333
2014-07-20,0.0,32.3,4.94,0.4369166666666667
2014-07-21,12.9,29.9,2.91,0.4673333333333333
2014-07-22,19.9,27.7,1.73,0.47550000000000003
2014-07-23,10.6,29.7,2.93,0.47325
2014-07-24,9.0,29.3,3.39,0.468625
2014-07-25,5.9,30.9,3.7,0.45837500000000003
2014-07-26,6.6,30.1,2.87,0.48141666666666666
2014-07-27,8.1,29.4,2.89,0.4802916666666666
2014-07-28,4.3,30.8,3.42,0.46854166666666663
2014-07-29,2.5,30.4,3.09,0.4785833333333333
2014-07-30,17.2,30.9,2.93,0.4875416666666667
2014-07-31,8.3,28.2,2.2,0.47854166666666664
2014-08-01,6.6,30.0,3.48,0.46012499999999995
2014-08-02,0.9,31.4,4.62,0.4334166666666666
2014-08-03,1.1,31.1,4.04,0.43545833333333334
2014-08-04,4.2,30.5,3.18,0.44975000000000004
2014-08-05,13.3,26.5,1.27,0.4811666666666667
2014-08-06,2.3,29.6,2.85,0.485125
2014-08-07,5.4,30.4,3.99,0.46845833333333337
2014-08-08,7.2,30.4,3.43,0.46625000000000005
2014-08-09,5.3,31.9,4.44,0.47675
2014-08-10,6.4,31.5,4.5,0.47979166666666667
2014-08-11,1.5,31.4,4.69,0.4706666666666666
2014-08-12,0.9,31.7,4.64,0.4678333333333333
2014-08-13,2.1,31.1,4.34,0.46458333333333335
2014-08-14,3.3,31.3,4.13,0.47091666666666665
2014-08-15,22.2,30.0,3.8,0.4599166666666667
2014-08-16,14.2,30.1,3.89,0.4482916666666667
2014-08-17,8.5,31.1,3.69,0.47433333333333333
2014-08-18,7.4,30.6,3.6,0.4586666666666666
2014-08-19,17.1,29.4,3.26,0.4543333333333333
2014-08-20,11.2,31.2,3.93,0.4663333333333333
2014-08-21,11.5,31.0,4.11,0.469125
2014-08-22,7.1,32.1,4.52,0.47279166666666667
2014-08-23,15.7,31.7,4.23,0.468875
2014-08-24,13.0,30.5,3.63,0.464375
2014-08-25,43.4,30.9,3.26,0.464875
2014-08-26,17.8,27.7,1.99,0.4788333333333333
2014-08-27,27.9,28.6,2.86,0.48091666666666666
2014-08-28,12.9,28.0,2.08,0.492
2014-08-29,26.0,29.0,2.54,0.4932083333333333
2014-08-30,5.4,30.0,3.44,0.4852916666666667
2014-08-31,5.6,29.3,3.42,0.47820833333333335
2014-09-01,10.1,30.9,3.51,0.46649999999999997
2014-09-02,9.7,30.4,3.87,0.46175000000000005
2014-09-03,5.9,31.4,4.58,0.4720416666666667
2014-09-04,3.1,31.0,4.36,0.47620833333333334
2014-09-05,13.9,28.6,2.6,0.4651666666666667
2014-09-06,18.2,28.4,2.55,0.47275
2014-09-07,9.6,27.9,2.34,0.47737499999999994
2014-09-08,5.5,28.7,3.3,0.49295833333333333
2014-09-09,7.4,29.1,3.61,0.48170833333333335
2014-09-10,9.8,29.9,3.14,0.4832083333333333
2014-09-11,4.0,30.6,3.77,0.49829166666666663
2014-09-12,14.7,29.3,3.17,0.47275
2014-09-13,8.3,29.1,3.2,0.4819583333333333
2014-09-14,11.0,29.5,3.58,0.47941666666666666
2014-09-15,11.0,27.7,2.52,0.482
2014-09-16,20.9,27.6,2.37,0.485625
2014-09-17,10.3,30.8,3.95,0.4856666666666667
2014-09-18,0.4,31.8,4.52,0.46270833333333333
2014-09-19,8.5,31.9,4.19,0.4644166666666667
2014-09-20,7.6,31.8,4.42,0.46854166666666663
2014-09-21,6.1,29.8,3.4,0.4795833333333333
2014-09-22,6.4,31.3,4.14,0.4774583333333333
2014-09-23,0.6,31.4,4.78,0.46779166666666666
2014-09-24,7.9,31.7,4.44,0.4681666666666667
2014-09-25,2.9,31.5,4.74,0.47633333333333333
2014-09-26,0.1,31.5,4.95,0.4684166666666667
2014-09-27,6.3,32.0,4.28,0.47150000000000003
2014-09-28,43.9,31.0,3.66,0.47783333333333333
2014-09-29,16.6,31.4,4.17,0.4667916666666667
2014-09-30,30.9,30.4,3.59,0.47445833333333337
2014-10-01,25.5,30.7,3.45,0.461
2014-10-02,22.4,30.0,3.08,0.44695833333333335
2014-10-03,29.8,30.4,3.24,0.4510416666666666
2014-10-04,29.6,30.9,3.29,0.4527916666666667
2014-10-05,18.4,26.9,1.29,0.4882916666666666
2014-10-06,8.7,27.3,1.75,0.4739166666666667
2014-10-07,14.7,28.7,2.35,0.466625
2014-10-08,14.2,29.0,2.7,0.47408333333333336
2014-10-09,0.3,29.4,3.16,0.4626666666666667
2014-10-10,7.5,31.5,4.68,0.47108333333333335
2014-10-11,39.4,29.0,2.23,0.48420833333333335
2014-10-12,15.0,27.6,1.97,0.47058333333333335
2014-10-13,6.2,30.2,3.46,0.44966666666666666
2014-10-14,7.1,29.7,3.73,0.47570833333333334
2014-10-15,0.3,30.8,4.24,0.47433333333333333
2014-10-16,3.2,31.1,3.63,0.46370833333333333
2014-10-17,13.0,31.0,3.66,0.4772083333333333
2014-10-18,23.2,28.6,2.5,0.48412499999999997
2014-10-19,8.2,29.2,3.18,0.47445833333333337
2014-10-20,5.5,31.3,4.27,0.45799999999999996
2014-10-21,5.3,30.9,3.44,0.471875
2014-10-22,9.6,29.3,2.88,0.474375
2014-10-23,35.3,29.0,2.35,0.47420833333333334
2014-10-24,10.9,30.7,3.97,0.4879583333333333
2014-10-25,9.2,30.8,3.82,0.47245833333333337
2014-10-26,4.6,31.4,4.12,0.47891666666666666
2014-10-27,6.9,31.1,3.9,0.4776666666666667
2014-10-28,14.4,30.8,3.64,0.4671666666666667
2014-10-29,3.5,31.1,4.18,0.4742916666666667
2014-10-30,9.8,30.5,2.65,0.4825
2014-10-31,9.7,29.3,2.68,0.4681666666666667
2014-11-01,9.2,29.3,2.25,0.4582916666666667
2014-11-02,6.9,29.7,3.18,0.46875
2014-11-03,24.5,26.4,1.13,0.4639166666666667
2014-11-04,37.0,30.3,3.14,0.4808333333333333
2014-11-05,39.6,30.3,3.11,0.48854166666666665
2014-11-06,8.5,30.1,3.2,0.4835416666666667
2014-11-07,5.8,29.4,2.99,0.49137499999999995
2014-11-08,12.2,29.3,2.97,0.4839583333333333
2014-11-09,14.3,29.7,3.54,0.47500000000000003
2014-11-10,2.6,30.7,3.95,0.4815
2014-11-11,8.8,31.0,3.84,0.4814583333333333
2014-11-12,13.7,30.6,3.17,0.47275
2014-11-13,2.1,29.8,3.45,0.475875
2014-11-14,0.8,30.5,4.19,0.4706666666666666
2014-11-15,0.9,30.6,4.25,0.4604166666666667
2014-11-16,0.0,30.7,4.35,0.44858333333333333
2014-11-17,0.9,30.7,3.94,0.4360833333333333
2014-11-18,0.4,30.5,3.83,0.4277916666666666
2014-11-19,1.6,29.5,3.05,0.42316666666666664
2014-11-20,13.7,30.0,2.92,0.46025000000000005
2014-11-21,9.9,30.4,3.67,0.46116666666666667
2014-11-22,15.8,29.3,2.97,0.48125
2014-11-23,2.8,30.8,4.01,0.4715416666666667
2014-11-24,1.4,31.3,4.06,0.4731666666666667
2014-11-25,2.2,30.8,3.91,0.470875
2014-11-26,16.0,29.6,2.55,0.4779166666666667
2014-11-27,11.2,29.0,2.63,0.45733333333333337
2014-11-28,4.3,30.8,3.39,0.482375
2014-11-29,1.9,30.9,3.58,0.48774999999999996
2014-11-30,2.8,31.0,3.78,0.482
2014-12-01,13.3,29.7,3.12,0.48216666666666663
2014-12-02,4.5,30.4,3.07,0.486125
2014-12-03,20.8,30.1,3.08,0.4895833333333333
2014-12-04,10.2,30.3,3.16,0.4715
2014-12-05,6.5,29.2,3.16,0.46645833333333336
2014-12-06,11.7,28.7,2.75,0.46049999999999996
2014-12-07,3.9,31.0,3.69,0.4570416666666666
2014-12-08,2.6,30.4,3.7,0.4837916666666666
2014-12-09,2.6,28.9,3.08,0.4825
2014-12-10,0.0,30.4,4.15,0.4679166666666667
2014-12-11,0.5,30.6,4.54,0.4492083333333334
2014-12-12,0.2,29.8,4.25,0.43575
2014-12-13,6.6,28.5,2.72,0.45479166666666665
2014-12-14,0.0,29.5,3.75,0.4623333333333333
2014-12-15,0.6,29.8,3.84,0.4424166666666667
2014-12-16,5.4,30.7,3.52,0.4523333333333333
2014-12-17,14.5,27.1,2.16,0.4899166666666666
2014-12-18,0.5,28.3,4.1,0.4730833333333333
2014-12-19,0.4,28.4,2.87,0.46370833333333333
2014-12-20,0.9,29.2,3.47,0.45608333333333334
2014-12-21,1.3,29.4,3.54,0.44745833333333335
2014-12-22,0.0,28.5,3.48,0.44049999999999995
2014-12-23,4.4,28.1,3.18,0.445125
2014-12-24,3.3,27.8,2.31,0.4809583333333333
2014-12-25,1.5,28.8,3.64,0.46458333333333335
2014-12-26,4.6,29.6,3.98,0.47295833333333337
2014-12-27,1.3,30.2,4.23,0.4674583333333333
2014-12-28,1.3,30.7,3.97,0.45766666666666667
2014-12-29,0.5,27.6,2.48,0.45
2014-12-30,0.5,28.2,3.53,0.441375
2014-12-31,0.0,28.4,3.66,0.42754166666666665
2015-01-01,0.2,28.3,3.31,0.41474999999999995
2015-01-02,0.0,28.3,3.45,0.40479166666666666
2015-01-03,0.4,27.9,2.57,0.39729166666666665
2015-01-04,0.9,27.3,1.95,0.3970416666666667
2015-01-05,7.9,29.0,2.34,0.457125
2015-01-06,9.8,28.9,2.52,0.4506666666666667
2015-01-07,0.5,28.7,3.33,0.42991666666666667
2015-01-08,0.8,28.8,3.76,0.4257916666666666
2015-01-09,0.0,29.2,4.75,0.4145833333333333
2015-01-10,0.0,29.5,3.87,0.4014583333333333
2015-01-11,0.6,29.0,3.81,0.39362500000000006
2015-01-12,0.7,29.6,3.81,0.3899166666666667
2015-01-13,0.1,29.3,3.58,0.383375
2015-01-14,0.0,29.4,3.65,0.3746666666666667
2015-01-15,0.0,29.7,4.03,0.3642083333333333
2015-01-16,0.0,29.4,4.5,0.3515
2015-01-17,0.0,29.5,3.93,0.3398333333333334
2015-01-18,1.5,26.9,2.81,0.33816666666666667
2015-01-19,0.0,29.0,4.09,0.33841666666666664
2015-01-20,0.0,29.6,3.98,0.32883333333333337
2015-01-21,0.0,30.3,4.23,0.3202083333333334
2015-01-22,0.1,28.7,3.76,0.31425
2015-01-23,0.0,29.4,4.22,0.31004166666666666
2015-01-24,0.0,29.4,4.38,0.30354166666666665
2015-01-25,0.0,29.8,4.45,0.2967916666666666
2015-01-26,0.0,30.5,4.41,0.2909583333333333
2015-01-27,0.0,30.6,4.32,0.28612499999999996
2015-01-28,0.0,29.6,4.32,0.28220833333333334
2015-01-29,0.0,30.6,4.81,0.278625
2015-01-30,0.0,30.4,4.42,0.275625
2015-01-31,0.0,30.3,5.05,0.2731666666666667
2015-02-01,0.0,30.5,5.78,0.27075
2015-02-02,0.0,30.6,5.72,0.26808333333333334
2015-02-03,0.0,32.0,5.16,0.2660416666666667
2015-02-04,0.0,31.0,4.59,0.265125
2015-02-05,0.0,31.4,5.09,0.2648333333333333
2015-02-06,0.0,30.5,5.88,0.2629166666666667
2015-02-07,0.0,30.3,4.91,0.261
2015-02-08,0.0,30.4,5.6,0.25954166666666667
2015-02-09,0.0,30.0,5.47,0.25845833333333335
2015-02-10,0.0,30.1,5.02,0.2574166666666667
2015-02-11,0.0,29.4,4.49,0.2574166666666667
2015-02-12,0.0,29.7,4.88,0.25745833333333334
2015-02-13,0.0,29.1,4.65,0.25658333333333333
2015-02-14,0.0,29.1,4.45,0.256
2015-02-15,0.0,30.8,4.87,0.255375
2015-02-16,0.0,30.7,5.15,0.254
2015-02-17,0.0,31.4,5.33,0.253
2015-02-18,0.3,31.2,4.42,0.254125
2015-02-19,2.0,30.7,4.36,0.26687500000000003
2015-02-20,0.0,31.4,4.76,0.27775
2015-02-21,0.0,30.9,4.53,0.27437500000000004
2015-02-22,0.0,32.6,5.23,0.27125000000000005
2015-02-23,0.0,32.2,4.34,0.268125
2015-02-24,0.0,31.5,4.04,0.26625000000000004
2015-02-25,0.0,30.7,4.01,0.265
2015-02-26,0.0,32.4,5.45,0.263125
2015-02-27,2.4,32.1,4.55,0.2708333333333333
2015-02-28,0.1,32.5,4.93,0.2838333333333333
2015-03-01,0.0,33.0,5.11,0.280125
2015-03-02,0.0,33.1,5.83,0.2759166666666667
2015-03-03,0.0,33.2,5.04,0.27208333333333334
2015-03-04,3.6,32.5,4.61,0.28450000000000003
2015-03-05,0.0,33.2,5.51,0.30720833333333336
2015-03-06,0.3,31.9,4.71,0.2984583333333333
2015-03-07,0.1,32.5,4.97,0.29375
2015-03-08,0.0,32.9,5.61,0.28775
2015-03-09,0.7,32.1,4.82,0.28475
2015-03-10,0.0,32.2,5.94,0.2833333333333333
2015-03-11,0.0,32.5,6.2,0.27758333333333335
2015-03-12,0.0,32.9,5.73,0.2729166666666667
2015-03-13,0.0,32.1,5.26,0.2695
2015-03-14,0.0,32.6,5.19,0.2665416666666667
2015-03-15,0.0,32.3,5.2,0.263875
2015-03-16,0.0,33.4,5.77,0.261125
2015-03-17,0.0,33.4,5.73,0.25895833333333335
2015-03-18,0.0,33.7,6.04,0.256875
2015-03-19,0.0,35.0,5.77,0.25508333333333333
2015-03-20,0.8,32.8,5.24,0.25708333333333333
2015-03-21,0.0,32.3,5.23,0.26325000000000004
2015-03-22,0.0,33.4,5.93,0.261625
2015-03-23,3.0,31.8,5.05,0.2755
2015-03-24,0.2,32.4,5.37,0.2956666666666667
2015-03-25,1.0,33.3,6.12,0.29524999999999996
2015-03-26,0.0,33.5,6.3,0.29504166666666665
2015-03-27,1.4,32.6,5.63,0.29391666666666666
2015-03-28,0.9,33.5,6.02,0.30016666666666664
2015-03-29,0.7,33.5,5.71,0.30120833333333336
2015-03-30,0.9,33.6,5.69,0.30341666666666667
2015-03-31,0.1,33.9,5.54,0.30066666666666664
2015-04-01,0.0,34.3,5.41,0.2916666666666667
2015-04-02,0.5,35.0,5.4,0.28504166666666664
2015-04-03,1.3,35.1,5.32,0.2855833333333333
2015-04-04,0.0,33.5,5.55,0.2877083333333333
2015-04-05,0.0,34.6,5.8,0.2818333333333333
2015-04-06,0.2,35.3,5.94,0.276125
2015-04-07,0.1,35.5,6.12,0.2724166666666667
2015-04-08,0.0,34.4,6.41,0.2691666666666667
2015-04-09,0.7,33.8,5.7,0.2692083333333333
2015-04-10,0.6,33.7,5.67,0.27525000000000005
2015-04-11,2.2,32.6,5.26,0.2840833333333333
2015-04-12,3.5,33.4,4.17,0.31016666666666665
2015-04-13,10.8,31.1,3.37,0.388625
2015-04-14,0.0,32.0,5.77,0.4179583333333334
2015-04-15,0.4,32.3,6.24,0.38154166666666667
2015-04-16,1.6,32.7,5.18,0.36541666666666667
2015-04-17,0.7,33.3,5.01,0.35633333333333334
2015-04-18,0.0,33.6,5.22,0.33816666666666667
2015-04-19,0.0,34.8,5.71,0.3192916666666667
2015-04-20,0.2,34.7,5.8,0.30395833333333333
2015-04-21,0.2,36.0,5.84,0.2940833333333333
2015-04-22,5.3,34.9,4.96,0.30879166666666663
2015-04-23,1.7,34.0,5.45,0.34125
2015-04-24,2.8,33.8,5.08,0.35633333333333334
2015-04-25,4.4,33.5,5.09,0.3902083333333333
2015-04-26,0.3,33.8,5.86,0.39045833333333335
2015-04-27,2.5,33.4,5.05,0.37625
2015-04-28,5.3,33.5,4.87,0.4050416666666667
2015-04-29,4.3,33.2,4.77,0.42191666666666666
2015-04-30,0.1,34.3,5.22,0.4045
2015-05-01,0.6,33.5,5.21,0.37875
2015-05-02,2.8,33.6,4.63,0.37270833333333336
2015-05-03,6.9,33.9,4.79,0.4034583333333333
2015-05-04,0.0,34.1,5.18,0.410375
2015-05-05,0.3,34.4,5.27,0.3735
2015-05-06,0.2,35.8,5.65,0.34933333333333333
2015-05-07,0.3,36.1,5.63,0.329125
2015-05-08,9.3,35.5,5.05,0.359875
2015-05-09,1.5,35.1,5.07,0.403125
2015-05-10,5.7,34.4,5.04,0.39879166666666666
2015-05-11,3.3,34.3,4.4,0.41962499999999997
2015-05-12,7.0,34.0,4.53,0.429
2015-05-13,0.1,33.6,5.18,0.41654166666666664
2015-05-14,0.0,35.2,5.73,0.381
2015-05-15,0.0,36.1,5.79,0.3509583333333333
2015-05-16,0.0,36.0,5.82,0.32583333333333336
2015-05-17,0.0,36.5,6.26,0.3067083333333333
2015-05-18,4.8,35.1,4.96,0.3169166666666667
2015-05-19,0.6,35.3,5.42,0.34
2015-05-20,8.5,34.4,4.66,0.36425
2015-05-21,12.1,34.7,4.77,0.42783333333333334
2015-05-22,2.7,33.5,4.67,0.43895833333333334
2015-05-23,9.1,33.5,4.84,0.45516666666666666
2015-05-24,7.6,32.7,3.96,0.43095833333333333
2015-05-25,10.1,31.5,3.72,0.44645833333333335
2015-05-26,10.2,31.0,3.96,0.4492083333333334
2015-05-27,2.4,32.2,4.67,0.42654166666666665
2015-05-28,14.2,32.4,4.53,0.4459166666666667
2015-05-29,6.4,31.9,3.78,0.470875
2015-05-30,6.5,31.8,3.84,0.47729166666666667
2015-05-31,12.7,31.8,4.42,0.48362499999999997
2015-06-01,2.8,33.0,4.58,0.47937499999999994
2015-06-02,5.1,32.6,3.92,0.4825
2015-06-03,1.3,32.4,4.52,0.4691666666666667
2015-06-04,0.0,33.0,5.23,0.44683333333333336
2015-06-05,0.9,33.5,4.91,0.42566666666666664
2015-06-06,11.0,33.5,4.42,0.44787499999999997
2015-06-07,7.7,33.0,4.34,0.4728333333333334
2015-06-08,7.2,32.5,4.45,0.460875
2015-06-09,5.8,33.1,4.8,0.47045833333333337
2015-06-10,4.7,32.9,4.48,0.4809583333333333
2015-06-11,14.3,31.5,4.17,0.48008333333333336
2015-06-12,28.4,32.3,4.19,0.4756666666666667
2015-06-13,11.4,32.2,4.11,0.4678333333333333
2015-06-14,25.9,30.1,2.34,0.4807083333333333
2015-06-15,14.4,30.1,2.61,0.495875
2015-06-16,10.5,29.7,2.7,0.4715833333333333
2015-06-17,23.0,26.9,1.58,0.47445833333333337
2015-06-18,12.9,29.7,2.69,0.46908333333333335
2015-06-19,3.4,31.3,4.28,0.47008333333333335
2015-06-20,7.6,28.8,2.36,0.48854166666666665
2015-06-21,5.6,30.9,3.7,0.49254166666666666
2015-06-22,9.2,29.1,2.62,0.480375
2015-06-23,5.3,30.0,2.97,0.4890833333333333
2015-06-24,10.1,29.5,2.21,0.47075
2015-06-25,2.4,29.5,2.27,0.46799999999999997
2015-06-26,2.5,30.4,2.88,0.4789999999999999
2015-06-27,2.3,31.8,4.49,0.472
2015-06-28,6.5,31.8,4.29,0.4875416666666667
2015-06-29,2.8,31.5,4.54,0.48208333333333336
2015-06-30,2.2,31.8,4.85,0.4762916666666666
2015-07-01,2.7,31.3,4.05,0.4774583333333333
2015-07-02,6.8,31.2,4.04,0.4699166666666667
2015-07-03,10.5,30.0,3.59,0.47445833333333337
2015-07-04,9.9,30.1,4.28,0.4610833333333333
2015-07-05,6.4,29.9,3.83,0.45845833333333336
2015-07-06,9.7,29.9,3.04,0.49504166666666666
2015-07-07,9.0,29.2,3.06,0.4699583333333333
2015-07-08,8.5,29.6,2.97,0.46325
2015-07-09,2.4,29.5,2.92,0.47179166666666666
2015-07-10,2.6,30.6,4.14,0.48008333333333336
2015-07-11,5.4,29.6,3.72,0.4876666666666667
2015-07-12,12.7,31.1,3.77,0.490375
2015-07-13,9.1,28.7,3.1,0.4684166666666667
2015-07-14,11.8,28.4,2.29,0.48666666666666664
2015-07-15,17.4,30.7,3.56,0.4755416666666667
2015-07-16,0.6,31.7,4.32,0.4455833333333334
2015-07-17,10.3,31.6,3.62,0.446625
2015-07-18,13.0,31.2,3.76,0.45179166666666665
2015-07-19,6.7,29.8,2.65,0.45858333333333334
2015-07-20,0.6,31.5,3.69,0.458875
2015-07-21,19.5,29.5,2.88,0.46908333333333335
2015-07-22,12.5,32.0,4.72,0.46049999999999996
2015-07-23,4.9,32.1,4.93,0.46170833333333333
2015-07-24,1.8,32.5,4.93,0.4756666666666667
2015-07-25,0.4,31.3,4.92,0.461125
2015-07-26,1.7,31.6,4.66,0.44812500000000005
2015-07-27,11.5,30.9,3.58,0.4495416666666667
2015-07-28,6.3,30.9,4.02,0.4659583333333333
2015-07-29,1.5,31.2,3.53,0.4775416666666667
2015-07-30,0.5,31.7,4.79,0.46249999999999997
2015-07-31,12.6,30.6,4.03,0.458625
2015-08-01,8.6,31.6,4.0,0.46466666666666673
2015-08-02,12.5,30.2,3.43,0.4809583333333333
2015-08-03,2.6,29.9,4.02,0.4935833333333333
2015-08-04,6.5,29.1,2.87,0.45870833333333333
2015-08-05,12.1,27.7,2.4,0.4752083333333333
2015-08-06,12.0,28.7,2.39,0.47525
2015-08-07,16.7,30.0,3.25,0.49770833333333336
2015-08-08,12.4,28.6,3.11,0.4559166666666667
2015-08-09,5.7,29.4,3.35,0.4956666666666667
2015-08-10,22.3,29.8,3.1,0.47504166666666664
2015-08-11,5.6,30.8,3.61,0.464875
2015-08-12,10.8,30.3,3.31,0.4776666666666667
2015-08-13,11.3,31.0,4.11,0.48066666666666663
2015-08-14,11.5,31.4,4.12,0.4729583333333333
2015-08-15,6.9,31.5,4.39,0.45216666666666666
2015-08-16,3.0,32.1,4.87,0.4679166666666667
2015-08-17,10.5,31.4,4.38,0.469125
2015-08-18,10.0,31.0,4.22,0.46612500000000007
2015-08-19,6.5,30.7,3.93,0.48537500000000006
2015-08-20,14.0,29.4,3.6,0.4660416666666667
2015-08-21,13.3,30.3,3.94,0.47091666666666665
2015-08-22,6.7,30.4,4.15,0.46220833333333333
2015-08-23,10.1,30.6,4.15,0.458625
2015-08-24,10.9,30.8,3.69,0.47983333333333333
2015-08-25,22.9,28.5,2.21,0.4912916666666667
2015-08-26,13.8,27.4,2.4,0.4831666666666667
2015-08-27,1.3,30.6,3.88,0.4771666666666667
2015-08-28,0.4,32.1,4.91,0.45208333333333334
2015-08-29,7.9,31.9,4.59,0.4639166666666667
2015-08-30,14.7,31.4,4.38,0.48241666666666666
2015-08-31,8.7,30.2,4.0,0.4820416666666667
2015-09-01,10.3,29.9,3.63,0.47929166666666667
2015-09-02,5.8,31.7,4.2,0.48583333333333334
2015-09-03,12.8,30.5,3.82,0.48416666666666663
2015-09-04,7.2,30.9,3.69,0.46399999999999997
2015-09-05,7.9,31.5,4.44,0.46008333333333334
2015-09-06,3.7,31.1,4.36,0.47383333333333333
2015-09-07,0.2,31.9,4.92,0.4597083333333334
2015-09-08,9.3,28.8,2.72,0.47
2015-09-09,21.6,29.8,2.15,0.4832916666666667
2015-09-10,15.3,28.7,2.79,0.4720416666666667
2015-09-11,7.9,30.6,3.86,0.466
2015-09-12,12.1,29.9,3.29,0.4782916666666666
2015-09-13,10.4,29.5,3.4,0.468375
2015-09-14,17.7,28.8,2.96,0.48
2015-09-15,38.7,25.5,1.01,0.486
2015-09-16,50.9,25.8,1.13,0.47179166666666666
2015-09-17,42.4,27.8,1.35,0.48491666666666666
2015-09-18,12.4,30.2,3.35,0.4801666666666667
2015-09-19,4.3,32.0,4.6,0.4700416666666667
2015-09-20,8.1,32.3,4.45,0.47774999999999995
2015-09-21,21.3,30.5,3.0,0.4815416666666667
2015-09-22,16.4,30.4,3.62,0.4766666666666666
2015-09-23,5.5,31.4,4.39,0.4815833333333333
2015-09-24,4.7,30.5,4.36,0.47812499999999997
2015-09-25,11.1,29.9,3.72,0.47970833333333335
2015-09-26,10.7,29.4,3.1,0.4723333333333333
2015-09-27,13.3,29.6,3.49,0.4671666666666667
2015-09-28,30.5,29.2,2.32,0.491125
2015-09-29,11.5,29.7,3.44,0.478
2015-09-30,8.6,30.7,3.84,0.4655416666666667
2015-10-01,4.9,31.4,3.99,0.47729166666666667
2015-10-02,21.8,31.2,3.54,0.47475
2015-10-03,12.9,29.4,2.78,0.48241666666666666
2015-10-04,6.6,30.7,3.39,0.5
2015-10-05,6.9,30.2,3.03,0.46841666666666665
2015-10-06,4.6,31.5,4.58,0.4499583333333333
2015-10-07,10.8,30.5,3.41,0.4723333333333333
2015-10-08,19.0,30.6,3.51,0.4681666666666667
2015-10-09,15.8,31.0,3.59,0.45883333333333337
2015-10-10,10.6,30.6,3.66,0.43854166666666666
2015-10-11,7.2,31.5,4.32,0.4655833333333333
2015-10-12,30.8,30.8,3.31,0.4695416666666667
2015-10-13,17.1,29.6,2.92,0.45616666666666666
2015-10-14,4.2,31.0,3.72,0.4455
2015-10-15,10.4,30.9,3.74,0.47774999999999995
2015-10-16,11.8,30.6,3.15,0.47091666666666665
2015-10-17,63.8,29.7,2.96,0.48933333333333334
2015-10-18,30.7,29.3,2.48,0.4716666666666667
2015-10-19,17.1,31.0,2.97,0.463625
2015-10-20,14.6,31.3,3.22,0.45787500000000003
2015-10-21,15.9,30.0,2.92,0.466375
2015-10-22,9.4,31.5,3.95,0.466375
2015-10-23,19.9,29.4,2.88,0.47125
2015-10-24,9.0,30.1,3.11,0.46075
2015-10-25,0.1,31.2,4.45,0.46658333333333335
2015-10-26,7.5,28.5,2.21,0.4885833333333333
2015-10-27,7.5,30.7,3.79,0.47574999999999995
2015-10-28,10.8,30.7,3.92,0.4729583333333333
2015-10-29,1.3,31.3,4.38,0.4635
2015-10-30,0.1,31.5,4.54,0.4539166666666667
2015-10-31,13.3,30.0,3.72,0.46979166666666666
2015-11-01,11.2,29.9,2.75,0.47725
2015-11-02,13.9,28.7,1.74,0.47979166666666667
2015-11-03,19.2,29.4,2.7,0.48008333333333336
2015-11-04,18.1,30.1,2.67,0.48974999999999996
2015-11-05,20.8,28.0,2.0,0.47508333333333336
2015-11-06,14.5,29.1,2.92,0.48924999999999996
2015-11-07,8.5,31.0,3.69,0.4662916666666666
2015-11-08,14.6,29.0,2.53,0.48462500000000003
2015-11-09,11.0,29.2,2.94,0.4731666666666667
2015-11-10,15.3,29.9,2.94,0.47425
2015-11-11,6.5,29.8,3.33,0.4947083333333333
2015-11-12,10.2,28.4,2.51,0.473875
2015-11-13,5.9,29.2,2.83,0.47579166666666667
2015-11-14,8.2,30.3,3.54,0.4779166666666667
2015-11-15,0.7,30.9,3.76,0.46808333333333335
2015-11-16,1.5,31.2,3.73,0.46366666666666667
2015-11-17,1.2,30.7,3.84,0.4607916666666667
2015-11-18,7.4,30.6,3.46,0.4645416666666667
2015-11-19,3.1,30.6,4.05,0.47729166666666667
2015-11-20,0.2,31.0,4.26,0.468625
2015-11-21,11.1,30.1,3.28,0.4702916666666667
2015-11-22,20.4,27.7,1.71,0.4837916666666667
2015-11-23,8.5,30.2,3.22,0.469125
2015-11-24,19.0,31.2,3.63,0.46304166666666663
2015-11-25,1.4,31.4,3.63,0.4735
2015-11-26,1.6,30.4,3.99,0.47433333333333333
2015-11-27,0.1,30.1,4.56,0.46208333333333335
2015-11-28,1.4,29.8,3.49,0.4577083333333334
2015-11-29,0.6,30.5,3.55,0.45125
2015-11-30,9.2,29.7,3.05,0.45337500000000003
2015-12-01,3.1,30.5,3.45,0.45929166666666665
2015-12-02,1.9,30.5,3.68,0.47291666666666665
2015-12-03,10.4,29.4,3.23,0.48004166666666664
2015-12-04,0.5,30.3,4.06,0.471875
2015-12-05,3.3,29.9,3.63,0.474375
2015-12-06,1.0,31.1,4.03,0.47420833333333334
2015-12-07,3.8,30.5,3.51,0.47574999999999995
2015-12-08,0.3,30.7,4.09,0.46729166666666666
2015-12-09,7.2,31.1,3.32,0.45412500000000006
2015-12-10,1.7,30.9,3.52,0.4482916666666667
2015-12-11,0.7,31.0,3.82,0.4517083333333334
2015-12-12,2.6,30.2,3.52,0.45475
2015-12-13,1.5,30.5,3.84,0.456625
2015-12-14,1.2,30.2,3.73,0.45058333333333334
2015-12-15,0.3,30.7,3.73,0.4429166666666667
2015-12-16,4.0,29.8,3.17,0.44658333333333333
2015-12-17,1.5,28.8,3.22,0.46445833333333336
2015-12-18,0.0,29.1,3.86,0.4410416666666667
2015-12-19,0.0,28.9,3.85,0.4207916666666667
2015-12-20,1.8,27.3,2.43,0.4127083333333333
2015-12-21,3.1,27.7,2.24,0.42283333333333334
2015-12-22,8.9,27.9,2.05,0.474375
2015-12-23,3.7,28.5,2.95,0.47220833333333334
2015-12-24,0.0,30.0,3.8,0.45483333333333337
2015-12-25,0.0,30.1,4.19,0.4327083333333333
2015-12-26,0.0,30.7,4.91,0.41254166666666664
2015-12-27,0.0,30.9,5.21,0.39366666666666666
2015-12-28,0.0,30.7,5.18,0.377
2015-12-29,0.0,30.7,5.19,0.3619583333333333
2015-12-30,0.0,30.8,5.2,0.3478333333333334
2015-12-31,0.0,30.9,5.35,0.33525000000000005
2016-01-01,0.0,30.9,5.01,0.32466666666666666
2016-01-02,0.0,31.5,4.13,0.31666666666666665
2016-01-03,1.8,30.8,3.66,0.31866666666666665
2016-01-04,0.7,30.7,3.71,0.32375000000000004
2016-01-05,0.6,30.9,3.88,0.3244166666666667
2016-01-06,0.0,31.0,4.11,0.321125
2016-01-07,0.0,31.5,4.67,0.3132916666666667
2016-01-08,0.0,31.3,4.47,0.30495833333333333
2016-01-09,0.0,31.5,4.73,0.29824999999999996
2016-01-10,0.0,31.4,4.56,0.29154166666666664
2016-01-11,0.0,32.1,4.09,0.2867916666666666
2016-01-12,0.0,32.0,4.11,0.2837083333333333
2016-01-13,1.8,30.8,4.0,0.2885
2016-01-14,1.0,31.4,4.56,0.302125
2016-01-15,0.0,32.1,4.66,0.30066666666666664
2016-01-16,0.1,32.4,4.18,0.29512499999999997
2016-01-17,0.0,32.5,4.42,0.29016666666666663
2016-01-18,0.1,32.8,4.2,0.28504166666666664
2016-01-19,0.0,32.2,4.81,0.2826666666666667
2016-01-20,0.0,32.6,4.62,0.27916666666666673
2016-01-21,0.0,32.5,5.1,0.27566666666666667
2016-01-22,0.0,33.1,4.94,0.27258333333333334
2016-01-23,0.0,32.4,4.67,0.2705416666666667
2016-01-24,0.2,32.4,5.53,0.26995833333333336
2016-01-25,0.0,31.2,5.78,0.26937500000000003
2016-01-26,0.0,29.4,4.19,0.26645833333333335
2016-01-27,0.6,31.1,4.54,0.26775
2016-01-28,0.2,32.3,4.89,0.27
2016-01-29,0.7,32.7,4.54,0.27266666666666667
2016-01-30,0.0,32.4,4.8,0.27620833333333333
2016-01-31,0.0,32.4,5.09,0.2747083333333334
2016-02-01,0.0,33.4,5.02,0.2730416666666667
2016-02-02,0.6,32.3,5.11,0.2737916666666667
2016-02-03,0.0,31.8,4.46,0.2751666666666667
2016-02-04,0.0,33.2,5.53,0.27233333333333337
2016-02-05,0.5,32.1,4.23,0.27145833333333336
2016-02-06,0.7,30.2,3.89,0.2737916666666667
2016-02-07,0.0,30.7,5.86,0.27408333333333335
2016-02-08,0.0,30.0,5.38,0.26983333333333337
2016-02-09,0.0,31.9,5.2,0.26658333333333334
2016-02-10,0.0,33.0,4.56,0.263625
2016-02-11,0.0,32.0,4.07,0.2615416666666667
2016-02-12,0.0,32.8,5.04,0.26029166666666664
2016-02-13,0.0,32.9,4.77,0.258625
2016-02-14,0.0,33.2,5.2,0.25754166666666667
2016-02-15,0.0,32.9,4.91,0.25670833333333337
2016-02-16,0.0,31.4,5.06,0.25575
2016-02-17,0.0,33.1,6.39,0.25470833333333337
2016-02-18,0.0,32.8,6.19,0.254
2016-02-19,0.0,33.9,6.11,0.253375
2016-02-20,0.0,33.1,6.31,0.25254166666666666
2016-02-21,0.0,32.0,6.01,0.252
2016-02-22,0.0,32.9,5.46,0.252
2016-02-23,0.0,33.6,5.28,0.25145833333333334
2016-02-24,0.0,33.0,6.16,0.251
2016-02-25,0.0,32.4,6.57,0.251
2016-02-26,0.2,32.6,6.32,0.252125
2016-02-27,0.2,33.0,5.98,0.2549166666666667
2016-02-28,0.2,33.5,6.3,0.25633333333333336
2016-02-29,0.0,32.9,5.47,0.25758333333333333
2016-03-01,0.0,33.5,5.76,0.25754166666666667
2016-03-02,0.0,33.2,5.67,0.2569166666666667
2016-03-03,0.0,33.7,6.22,0.25604166666666667
2016-03-04,0.0,32.9,5.47,0.255
2016-03-05,0.0,33.2,5.35,0.2544166666666667
2016-03-06,0.0,32.9,5.48,0.25354166666666667
2016-03-07,0.0,33.1,5.59,0.253
2016-03-08,0.0,34.4,5.34,0.25245833333333334
2016-03-09,0.0,35.2,5.47,0.252
2016-03-10,0.0,34.9,5.16,0.2514166666666667
2016-03-11,0.0,33.6,5.64,0.251
2016-03-12,0.0,33.6,6.08,0.251
2016-03-13,0.0,35.0,5.61,0.251
2016-03-14,0.0,34.3,5.16,0.25175
2016-03-15,0.0,34.4,6.01,0.2525
2016-03-16,0.0,35.1,5.88,0.252
2016-03-17,0.0,32.5,4.63,0.252875
2016-03-18,0.0,33.8,5.96,0.253375
2016-03-19,0.0,34.1,6.1,0.25245833333333334
2016-03-20,0.0,35.6,5.8,0.25175
2016-03-21,0.0,35.6,6.04,0.2515833333333333
2016-03-22,0.1,35.2,5.56,0.25204166666666666
2016-03-23,0.0,35.4,5.78,0.25370833333333337
2016-03-24,0.0,35.2,5.73,0.2535833333333333
2016-03-25,0.0,34.6,6.54,0.253
2016-03-26,0.2,33.2,6.3,0.2532083333333333
2016-03-27,0.6,33.6,6.3,0.2564166666666667
2016-03-28,0.0,33.0,6.55,0.2594166666666667
2016-03-29,0.0,32.8,6.18,0.25783333333333336
2016-03-30,0.0,33.4,5.95,0.25629166666666664
2016-03-31,0.2,33.9,5.61,0.25645833333333334
2016-04-01,0.0,34.2,5.68,0.25858333333333333
2016-04-02,0.0,34.2,5.87,0.25704166666666667
2016-04-03,0.0,33.9,5.49,0.25566666666666665
2016-04-04,0.0,35.2,6.13,0.25458333333333333
2016-04-05,0.3,34.7,5.8,0.25466666666666665
2016-04-06,0.2,35.1,6.19,0.25625000000000003
2016-04-07,0.0,35.7,6.51,0.256
2016-04-08,0.5,34.8,5.48,0.2574166666666667
2016-04-09,0.0,35.5,5.67,0.260125
2016-04-10,0.0,36.5,6.18,0.25758333333333333
2016-04-11,0.0,36.3,5.76,0.2557916666666667
2016-04-12,0.0,36.4,6.13,0.2554166666666667
2016-04-13,0.3,35.7,5.9,0.25533333333333336
2016-04-14,0.0,35.8,6.01,0.25658333333333333
2016-04-15,0.0,36.4,6.17,0.2554166666666667
2016-04-16,0.0,36.9,5.98,0.254625
2016-04-17,0.5,36.1,5.69,0.25629166666666664
2016-04-18,0.1,36.5,6.19,0.25875
2016-04-19,0.6,35.0,6.13,0.2624166666666667
2016-04-20,0.0,35.6,5.83,0.26608333333333334
2016-04-21,0.0,35.3,6.05,0.26445833333333335
2016-04-22,0.0,35.9,5.9,0.2625416666666667
2016-04-23,0.0,36.3,6.18,0.2595
2016-04-24,0.0,36.2,5.92,0.2574166666666667
2016-04-25,0.1,36.7,5.97,0.25633333333333336
2016-04-26,0.0,36.2,5.75,0.2555
2016-04-27,4.5,36.4,5.5,0.28029166666666666
2016-04-28,0.2,36.0,6.08,0.3136666666666667
2016-04-29,0.0,35.9,6.12,0.29824999999999996
2016-04-30,0.0,36.3,5.61,0.287
2016-05-01,0.0,36.5,5.75,0.2791666666666667
2016-05-02,0.3,35.8,5.56,0.27666666666666667
2016-05-03,0.3,36.0,5.55,0.27637500000000004
2016-05-04,4.8,34.9,5.45,0.30270833333333336
2016-05-05,5.5,35.4,4.67,0.361
2016-05-06,10.6,33.7,4.66,0.4036666666666667
2016-05-07,0.7,34.6,5.43,0.3765833333333333
2016-05-08,1.6,34.6,5.18,0.362125
2016-05-09,4.0,34.2,4.82,0.37695833333333334
2016-05-10,0.0,35.3,5.61,0.37958333333333333
2016-05-11,2.0,34.9,4.94,0.35741666666666666
2016-05-12,0.0,36.3,6.05,0.345875
2016-05-13,2.9,34.6,4.94,0.34070833333333334
2016-05-14,2.2,34.0,4.67,0.35483333333333333
2016-05-15,4.3,33.7,4.11,0.37562500000000004
2016-05-16,5.3,32.9,3.37,0.4107083333333333
2016-05-17,9.2,32.1,3.47,0.44945833333333335
2016-05-18,8.9,31.6,2.72,0.4619166666666667
2016-05-19,15.2,32.9,3.69,0.432
2016-05-20,2.1,32.2,3.78,0.4085833333333333
2016-05-21,12.4,32.0,3.42,0.44275
2016-05-22,17.1,30.9,1.81,0.486375
2016-05-23,10.2,30.4,2.89,0.5022916666666667
2016-05-24,25.6,31.4,2.92,0.4844583333333334
2016-05-25,7.3,30.8,3.39,0.49345833333333333
2016-05-26,5.5,31.1,3.13,0.49537499999999995
2016-05-27,6.2,32.1,4.31,0.49404166666666666
2016-05-28,11.2,30.1,2.28,0.4925
2016-05-29,9.3,31.6,3.31,0.48537499999999995
2016-05-30,14.3,30.2,2.95,0.4829583333333333
2016-05-31,14.2,30.9,3.26,0.482
2016-06-01,12.3,32.0,4.28,0.485625
2016-06-02,7.8,32.5,4.6,0.47137500000000004
2016-06-03,11.5,30.6,3.55,0.48270833333333335
2016-06-04,3.2,32.2,4.61,0.4868333333333333
2016-06-05,4.6,32.6,4.84,0.47162499999999996
2016-06-06,14.2,31.2,3.81,0.4505416666666667
2016-06-07,12.8,30.1,3.27,0.4539583333333333
2016-06-08,13.1,31.2,3.49,0.47524999999999995
2016-06-09,2.1,32.6,4.54,0.47174999999999995
2016-06-10,2.3,32.5,4.81,0.47208333333333335
2016-06-11,2.2,31.9,4.56,0.470875
2016-06-12,6.8,31.3,3.95,0.48070833333333335
2016-06-13,6.8,31.7,3.97,0.49066666666666664
2016-06-14,5.3,30.1,2.72,0.49770833333333336
2016-06-15,19.0,30.9,2.82,0.4732083333333333
2016-06-16,4.2,31.0,3.11,0.46329166666666666
2016-06-17,6.5,31.4,3.93,0.47141666666666665
2016-06-18,6.8,31.0,3.89,0.466375
2016-06-19,28.1,31.0,2.74,0.479125
2016-06-20,20.0,29.5,2.61,0.4815
2016-06-21,7.0,30.3,3.71,0.48066666666666663
2016-06-22,6.1,29.7,2.9,0.4902916666666666
2016-06-23,7.3,31.6,3.66,0.496875
2016-06-24,2.4,30.9,3.32,0.49174999999999996
2016-06-25,3.1,31.3,3.26,0.48891666666666667
2016-06-26,6.3,31.1,2.54,0.4890833333333333
2016-06-27,6.8,29.9,2.41,0.4965
2016-06-28,17.3,28.2,1.46,0.48574999999999996
2016-06-29,41.7,29.7,2.73,0.48275
2016-06-30,20.5,31.1,3.92,0.45287499999999997
2016-07-01,0.9,32.1,4.88,0.47137500000000004
2016-07-02,6.2,32.2,4.44,0.4722916666666667
2016-07-03,1.1,32.7,4.71,0.4723333333333333
2016-07-04,0.3,32.4,4.74,0.4540416666666667
2016-07-05,1.4,32.2,4.47,0.443625
2016-07-06,18.8,27.1,1.36,0.47779166666666667
2016-07-07,8.2,30.6,3.7,0.4663333333333333
2016-07-08,1.7,31.0,3.71,0.4470416666666667
2016-07-09,4.2,31.5,4.07,0.4668333333333334
2016-07-10,9.2,30.0,3.28,0.4691666666666667
2016-07-11,6.7,30.9,2.96,0.47258333333333336
2016-07-12,1.4,30.9,3.14,0.4789999999999999
2016-07-13,34.8,30.2,3.23,0.4626666666666666
2016-07-14,14.3,31.3,4.17,0.477875
2016-07-15,12.7,30.8,3.76,0.4695416666666667
2016-07-16,7.9,31.0,3.62,0.4606666666666666
2016-07-17,9.3,32.0,4.26,0.47537500000000005
2016-07-18,31.8,30.0,3.17,0.4716666666666667
2016-07-19,5.5,31.3,4.13,0.43895833333333334
2016-07-20,18.2,29.9,3.34,0.47254166666666664
2016-07-21,9.1,30.9,4.27,0.4706666666666666
2016-07-22,13.8,29.4,2.76,0.45908333333333334
2016-07-23,13.0,30.5,3.4,0.4723333333333333
2016-07-24,5.4,32.3,4.72,0.4848333333333333
2016-07-25,18.1,30.4,3.21,0.4770833333333333
2016-07-26,12.0,29.2,2.42,0.476875
2016-07-27,5.6,30.8,3.06,0.496
2016-07-28,7.1,30.4,3.57,0.4872916666666667
2016-07-29,6.9,29.3,2.59,0.498
2016-07-30,1.0,31.0,4.22,0.4877916666666666
2016-07-31,0.2,31.3,4.61,0.4698333333333333
2016-08-01,5.8,30.9,4.36,0.476
2016-08-02,7.8,29.5,3.18,0.49095833333333333
2016-08-03,20.2,27.4,1.52,0.4804583333333334
2016-08-04,15.2,28.0,1.72,0.47350000000000003
2016-08-05,7.1,30.0,3.25,0.485875
2016-08-06,6.2,30.5,3.48,0.48537499999999995
2016-08-07,6.2,29.5,2.71,0.4911666666666667
2016-08-08,4.7,30.0,3.59,0.4871666666666667
2016-08-09,2.5,31.1,4.12,0.48383333333333334
2016-08-10,7.9,29.0,2.58,0.48370833333333335
2016-08-11,10.3,29.7,3.14,0.46212499999999995
2016-08-12,3.1,30.6,4.18,0.46849999999999997
2016-08-13,15.7,30.3,3.7,0.4911666666666667
2016-08-14,5.3,30.8,4.49,0.4947916666666667
2016-08-15,4.4,30.7,4.39,0.49291666666666667
2016-08-16,2.0,31.2,4.81,0.48933333333333334
2016-08-17,3.5,31.1,3.94,0.486
2016-08-18,2.4,30.5,4.07,0.4812083333333333
2016-08-19,4.0,31.1,4.57,0.4817916666666666
2016-08-20,0.9,31.7,4.83,0.4708333333333334
2016-08-21,0.9,31.7,4.9,0.4564166666666667
2016-08-22,7.8,30.3,4.1,0.44808333333333333
2016-08-23,9.7,31.0,3.8,0.4565416666666667
2016-08-24,6.8,30.1,3.84,0.4827916666666667
2016-08-25,7.1,29.7,3.22,0.4817916666666666
2016-08-26,8.5,31.6,4.04,0.475125
2016-08-27,14.0,29.9,3.75,0.4499166666666667
2016-08-28,11.6,29.4,2.96,0.4558333333333333
2016-08-29,8.8,30.0,3.54,0.47854166666666664
2016-08-30,9.1,29.8,3.58,0.47212499999999996
2016-08-31,14.0,31.4,3.97,0.454625
2016-09-01,2.4,31.8,4.66,0.4455
2016-09-02,13.5,30.8,4.02,0.468625
2016-09-03,8.1,31.0,4.3,0.4732083333333333
2016-09-04,2.6,30.8,4.55,0.47125
2016-09-05,8.6,30.7,3.55,0.47812499999999997
2016-09-06,10.8,29.4,3.36,0.4734583333333333
2016-09-07,9.7,27.9,2.48,0.49537499999999995
2016-09-08,12.1,29.4,2.8,0.47491666666666665
2016-09-09,6.7,29.5,3.39,0.4845
2016-09-10,6.7,28.6,2.54,0.47245833333333337
2016-09-11,9.8,28.8,2.33,0.47108333333333335
2016-09-12,8.2,27.5,2.04,0.49312500000000004
2016-09-13,11.9,28.9,2.55,0.4733333333333334
2016-09-14,1.8,30.8,4.18,0.46779166666666666
2016-09-15,4.3,31.4,4.23,0.47737500000000005
2016-09-16,27.8,29.3,2.32,0.4791666666666667
2016-09-17,16.6,28.0,1.94,0.484
2016-09-18,6.1,30.1,2.9,0.49583333333333335
2016-09-19,5.8,29.9,3.5,0.47904166666666664
2016-09-20,9.4,29.0,3.32,0.45979166666666665
2016-09-21,14.0,30.1,3.21,0.487625
2016-09-22,31.8,28.1,1.98,0.4860416666666667
2016-09-23,3.4,29.5,3.31,0.46129166666666666
2016-09-24,8.8,30.5,3.61,0.45216666666666666
2016-09-25,6.8,30.6,3.54,0.46379166666666666
2016-09-26,25.3,29.2,2.86,0.47625
2016-09-27,19.4,28.2,2.11,0.48633333333333334
2016-09-28,31.0,27.8,1.92,0.4723333333333333
2016-09-29,7.3,29.6,3.36,0.49616666666666664
2016-09-30,0.9,30.4,3.97,0.4815416666666667
2016-10-01,2.9,29.8,3.71,0.4795833333333333
2016-10-02,10.3,30.0,2.83,0.4808333333333333
2016-10-03,30.2,28.5,2.03,0.469125
2016-10-04,17.7,28.3,2.2,0.465125
2016-10-05,7.8,29.2,3.03,0.47929166666666667
2016-10-06,16.4,29.8,2.61,0.4643333333333333
2016-10-07,6.0,28.8,2.66,0.4736666666666667
2016-10-08,7.3,28.6,2.7,0.49383333333333335
2016-10-09,12.8,27.9,2.12,0.48137499999999994
2016-10-10,6.0,28.2,2.96,0.47412499999999996
2016-10-11,13.2,28.5,2.34,0.4847083333333333
2016-10-12,12.0,27.4,1.35,0.48408333333333337
2016-10-13,13.2,30.2,3.2,0.47983333333333333
2016-10-14,13.0,30.5,3.42,0.45999999999999996
2016-10-15,9.3,30.4,3.33,0.48475
2016-10-16,14.6,28.5,1.9,0.4924583333333333
2016-10-17,16.2,27.5,1.57,0.48
2016-10-18,26.6,29.2,2.29,0.47525
2016-10-19,17.5,29.8,2.49,0.49383333333333335
2016-10-20,15.3,28.9,2.2,0.46416666666666667
2016-10-21,3.6,30.9,3.31,0.4715416666666667
2016-10-22,15.7,28.5,2.21,0.48841666666666667
2016-10-23,13.0,30.0,2.62,0.47904166666666664
2016-10-24,12.0,28.9,2.3,0.4765
2016-10-25,41.8,28.5,2.05,0.4917916666666667
2016-10-26,19.5,29.3,2.61,0.46341666666666664
2016-10-27,13.7,29.3,2.83,0.4555
2016-10-28,23.3,30.3,3.34,0.4714583333333333
2016-10-29,19.4,29.1,2.55,0.48266666666666663
2016-10-30,31.2,25.6,1.05,0.48225
2016-10-31,22.6,29.0,2.37,0.474625
2016-11-01,6.9,29.4,2.91,0.48462500000000003
2016-11-02,7.7,29.0,2.27,0.49700000000000005
2016-11-03,15.3,29.3,2.62,0.478625
2016-11-04,12.5,29.3,2.16,0.48266666666666663
2016-11-05,7.7,27.6,2.12,0.507625
2016-11-06,20.0,26.3,1.02,0.4735416666666667
2016-11-07,14.6,29.9,3.19,0.4679583333333333
2016-11-08,6.1,31.1,3.48,0.4675833333333333
2016-11-09,9.4,30.7,3.79,0.455
2016-11-10,4.5,30.1,3.36,0.4765833333333333
2016-11-11,6.1,30.3,3.6,0.4715416666666667
2016-11-12,1.2,30.5,3.88,0.47125
2016-11-13,5.2,30.4,3.56,0.47937499999999994
2016-11-14,0.6,30.9,4.06,0.4752083333333333
2016-11-15,2.6,31.0,3.75,0.4705416666666667
2016-11-16,5.0,30.8,3.92,0.4802916666666666
2016-11-17,21.5,30.8,3.06,0.48025
2016-11-18,12.7,29.4,2.88,0.4742916666666666
2016-11-19,4.7,30.3,3.55,0.48029166666666673
2016-11-20,16.5,29.9,2.93,0.47658333333333336
2016-11-21,10.8,30.1,2.62,0.4964166666666667
2016-11-22,10.2,30.4,3.16,0.46208333333333335
2016-11-23,9.2,30.2,3.36,0.47012499999999996
2016-11-24,4.5,30.4,3.63,0.47645833333333326
2016-11-25,1.2,30.9,3.72,0.4742916666666666
2016-11-26,1.5,30.6,3.66,0.46908333333333335
2016-11-27,2.7,30.6,3.45,0.474875
2016-11-28,9.9,31.0,3.49,0.475125
2016-11-29,2.3,29.7,2.71,0.478375
2016-11-30,8.7,29.3,2.38,0.4759583333333333
2016-12-01,6.0,30.0,3.06,0.46025
2016-12-02,32.9,25.5,0.98,0.4805
2016-12-03,16.1,28.3,1.85,0.472875
2016-12-04,5.9,29.9,3.07,0.4829583333333333
2016-12-05,3.9,28.7,3.1,0.482
2016-12-06,5.3,29.8,3.29,0.4885
2016-12-07,7.3,29.4,2.84,0.4702916666666666
2016-12-08,4.8,26.6,1.25,0.49041666666666667
2016-12-09,1.1,30.2,3.78,0.4817916666666666
2016-12-10,1.9,29.0,2.65,0.474625
2016-12-11,0.1,28.4,2.35,0.47445833333333337
2016-12-12,24.0,25.9,0.97,0.47858333333333336
2016-12-13,12.5,28.5,2.33,0.47470833333333334
2016-12-14,1.5,30.0,3.15,0.45083333333333336
2016-12-15,5.0,29.8,3.18,0.4721666666666667
2016-12-16,11.4,29.5,3.12,0.48216666666666663
2016-12-17,0.0,29.3,3.4,0.47529166666666667
2016-12-18,0.1,28.4,2.98,0.4632083333333334
2016-12-19,14.3,29.2,2.67,0.4658333333333333
2016-12-20,15.7,26.0,1.17,0.4815416666666667
2016-12-21,10.8,29.2,2.5,0.4865
2016-12-22,0.3,30.0,3.83,0.48162499999999997
2016-12-23,0.2,30.3,3.85,0.46849999999999997
2016-12-24,0.0,30.9,4.09,0.4545416666666667
2016-12-25,10.5,28.6,2.02,0.480875
2016-12-26,0.8,28.8,2.07,0.48662500000000003
2016-12-27,0.9,30.0,3.5,0.4752083333333333
2016-12-28,0.0,28.7,3.47,0.46179166666666666
2016-12-29,0.0,27.1,2.52,0.4486666666666667
2016-12-30,0.0,28.1,3.44,0.43854166666666666
2016-12-31,2.9,27.4,2.55,0.43779166666666663
2017-01-01,0.4,30.1,4.39,0.46308333333333335
2017-01-02,1.3,29.5,4.28,0.4569166666666667
2017-01-03,8.3,30.4,3.96,0.4499166666666667
2017-01-04,1.6,29.9,4.02,0.44645833333333335
2017-01-05,0.1,29.3,4.23,0.44495833333333334
2017-01-06,5.1,28.6,3.43,0.4499583333333333
2017-01-07,9.1,29.1,3.23,0.4615416666666667
2017-01-08,1.3,29.1,3.64,0.48404166666666665
2017-01-09,0.1,29.3,3.8,0.46225
2017-01-10,0.0,30.3,4.66,0.43983333333333335
2017-01-11,0.3,29.6,4.21,0.4217916666666666
2017-01-12,1.6,30.2,3.27,0.41391666666666665
2017-01-13,2.3,30.1,3.68,0.41404166666666664
2017-01-14,3.5,31.2,3.42,0.40841666666666665
2017-01-15,12.4,28.6,1.94,0.4605416666666666
2017-01-16,9.1,28.1,2.85,0.47962499999999997
2017-01-17,2.3,29.4,3.78,0.47941666666666666
2017-01-18,1.4,28.6,3.76,0.4725
2017-01-19,3.1,29.8,3.78,0.4673333333333334
2017-01-20,3.8,29.9,4.49,0.46387500000000004
2017-01-21,5.8,29.7,3.78,0.47408333333333336
2017-01-22,0.3,29.5,3.5,0.46875
2017-01-23,0.2,28.4,3.25,0.44883333333333336
2017-01-24,8.4,28.6,2.13,0.46679166666666666
2017-01-25,7.3,30.2,3.47,0.48733333333333334
2017-01-26,0.1,30.1,4.67,0.47245833333333337
2017-01-27,0.3,29.7,4.21,0.4547916666666667
2017-01-28,0.0,29.5,4.46,0.433375
2017-01-29,1.9,29.8,4.01,0.42166666666666663
2017-01-30,1.7,30.0,3.36,0.4262083333333333
2017-01-31,0.5,30.3,3.94,0.41404166666666664
2017-02-01,0.0,31.4,4.12,0.39487500000000003
2017-02-02,34.1,27.8,1.67,0.451875
2017-02-03,5.4,30.0,3.24,0.4725
2017-02-04,1.6,30.0,3.52,0.44775000000000004
2017-02-05,13.1,29.9,3.21,0.4498333333333333
2017-02-06,1.7,28.9,2.96,0.4346666666666667
2017-02-07,0.2,30.1,3.88,0.42158333333333337
2017-02-08,1.7,29.9,3.88,0.40599999999999997
2017-02-09,2.7,30.3,3.82,0.3952083333333334
2017-02-10,2.6,29.6,3.49,0.39737500000000003
2017-02-11,0.0,30.6,5.28,0.4001666666666666
2017-02-12,0.0,30.5,5.48,0.37562500000000004
2017-02-13,0.0,31.1,5.49,0.35474999999999995
2017-02-14,0.0,30.5,5.24,0.33804166666666663
2017-02-15,0.3,30.0,4.96,0.325875
2017-02-16,0.0,31.2,5.79,0.31504166666666666
2017-02-17,1.2,30.3,4.76,0.3090833333333333
2017-02-18,0.2,31.1,5.09,0.306625
2017-02-19,0.5,31.7,4.95,0.3015833333333333
2017-02-20,0.3,29.4,2.97,0.3
2017-02-21,15.0,30.9,3.77,0.34791666666666665
2017-02-22,1.4,32.3,4.23,0.33045833333333335
2017-02-23,0.3,32.3,4.63,0.327875
2017-02-24,0.0,31.6,4.46,0.31775000000000003
2017-02-25,0.8,32.4,5.15,0.3102916666666667
2017-02-26,1.9,31.4,4.65,0.3099166666666667
2017-02-27,0.4,32.4,6.37,0.315125
2017-02-28,0.4,32.8,6.67,0.3040833333333333
2017-03-01,0.6,32.5,5.85,0.29666666666666663
2017-03-02,0.2,33.5,6.27,0.2904583333333333
2017-03-03,0.0,32.3,6.02,0.2831666666666667
2017-03-04,0.0,32.3,5.2,0.2785416666666667
2017-03-05,1.3,30.9,4.42,0.2785
2017-03-06,0.5,32.0,4.66,0.27566666666666667
2017-03-07,0.8,32.0,4.78,0.276
2017-03-08,0.0,32.4,5.09,0.27487500000000004
2017-03-09,0.0,32.5,5.41,0.27237500000000003
2017-03-10,0.0,32.6,5.33,0.26966666666666667
2017-03-11,0.0,32.9,4.83,0.26687500000000003
2017-03-12,0.0,34.5,5.13,0.26833333333333337
2017-03-13,3.3,32.9,3.99,0.28850000000000003
2017-03-14,0.0,33.8,4.95,0.32008333333333333
2017-03-15,0.0,34.1,5.57,0.31404166666666666
2017-03-16,0.8,32.7,4.8,0.30595833333333333
2017-03-17,18.8,30.9,3.71,0.36237499999999995
2017-03-18,1.6,33.1,4.75,0.36920833333333336
2017-03-19,24.7,30.8,3.53,0.41616666666666663
2017-03-20,1.0,32.5,4.33,0.431125
2017-03-21,3.5,32.1,4.22,0.4365833333333333
2017-03-22,9.8,31.6,4.07,0.44012500000000004
2017-03-23,0.0,32.0,5.34,0.4096666666666667
2017-03-24,0.5,32.5,5.32,0.37975000000000003
2017-03-25,3.0,31.9,4.31,0.3769166666666666
2017-03-26,0.0,33.6,6.11,0.3777916666666667
2017-03-27,0.9,32.2,5.01,0.3555
2017-03-28,0.2,32.7,5.48,0.34204166666666663
2017-03-29,14.0,31.0,3.87,0.38799999999999996
2017-03-30,13.6,31.4,3.91,0.4400833333333333
2017-03-31,7.5,31.7,3.86,0.4507916666666667
2017-04-01,29.5,30.5,3.66,0.4759583333333333
2017-04-02,17.9,30.3,3.4,0.4932083333333333
2017-04-03,15.3,27.7,2.64,0.5023333333333334
2017-04-04,13.4,30.5,3.76,0.5007083333333333
2017-04-05,23.0,29.5,3.41,0.5009583333333333
2017-04-06,12.3,30.8,3.88,0.496375
2017-04-07,0.5,31.0,4.41,0.48033333333333333
2017-04-08,3.7,31.6,4.52,0.47625
2017-04-09,8.4,30.8,4.32,0.478375
2017-04-10,2.8,31.6,4.15,0.4790833333333333
2017-04-11,0.4,32.6,4.83,0.45766666666666667
2017-04-12,0.8,32.7,5.0,0.43533333333333335
2017-04-13,0.4,33.0,5.28,0.41983333333333334
2017-04-14,0.0,32.6,5.59,0.403125
2017-04-15,0.7,32.4,5.01,0.38604166666666667
2017-04-16,0.0,33.0,5.63,0.3680833333333333
2017-04-17,0.0,33.3,5.57,0.35033333333333333
2017-04-18,9.3,31.9,4.08,0.3697916666666667
2017-04-19,0.1,32.9,4.9,0.348125
2017-04-20,0.0,33.6,4.95,0.333
2017-04-21,0.3,33.4,5.33,0.31945833333333334
2017-04-22,5.4,33.9,5.17,0.3249166666666667
2017-04-23,7.9,34.3,4.67,0.343375
2017-04-24,5.6,33.1,4.35,0.3633333333333333
2017-04-25,2.9,33.0,3.89,0.42016666666666663
2017-04-26,14.2,33.6,3.94,0.4584166666666667
2017-04-27,3.7,33.0,4.59,0.4506666666666667
2017-04-28,0.8,33.3,4.71,0.43883333333333335
2017-04-29,3.5,32.7,4.48,0.42687499999999995
2017-04-30,0.7,33.1,4.78,0.41675
2017-05-01,1.4,33.2,4.85,0.39620833333333333
2017-05-02,4.2,33.2,4.76,0.40549999999999997
2017-05-03,3.1,34.5,4.83,0.420625
2017-05-04,3.9,34.0,4.11,0.39962500000000006
2017-05-05,7.6,33.2,3.95,0.41362499999999996
2017-05-06,10.7,32.1,3.37,0.43291666666666667
2017-05-07,15.8,29.7,2.84,0.4651666666666667
2017-05-08,10.6,32.7,3.8,0.46575000000000005
2017-05-09,7.7,29.8,3.4,0.4701666666666667
2017-05-10,20.8,29.6,2.47,0.48504166666666665
2017-05-11,3.4,31.1,3.12,0.4951666666666667
2017-05-12,6.4,30.6,3.79,0.489125
2017-05-13,15.9,30.2,3.11,0.49266666666666664
2017-05-14,7.4,32.2,3.91,0.49345833333333333
2017-05-15,10.1,31.7,3.43,0.494875
2017-05-16,11.9,31.5,2.78,0.5005833333333333
2017-05-17,16.9,31.2,2.81,0.49816666666666665
2017-05-18,19.5,33.4,3.98,0.498375
2017-05-19,17.8,30.6,2.73,0.497625
2017-05-20,6.5,32.1,3.67,0.495125
2017-05-21,18.0,30.4,2.94,0.5035833333333334
2017-05-22,10.4,30.7,3.02,0.5004583333333333
2017-05-23,13.9,31.7,3.42,0.49995833333333334
2017-05-24,2.8,32.2,3.86,0.4945
2017-05-25,27.2,30.2,3.1,0.49629166666666663
2017-05-26,26.1,30.5,2.64,0.49974999999999997
2017-05-27,27.9,29.4,2.4,0.5051249999999999
2017-05-28,9.5,30.6,2.38,0.5008750000000001
2017-05-29,12.8,31.5,2.97,0.50275
2017-05-30,9.4,31.3,2.75,0.502375
2017-05-31,5.3,31.8,3.67,0.49724999999999997
2017-06-01,4.7,32.1,3.92,0.4911666666666667
2017-06-02,14.5,30.6,3.51,0.49491666666666667
2017-06-03,1.2,32.8,4.71,0.4845833333333333
2017-06-04,18.4,30.1,2.79,0.4984583333333333
2017-06-05,18.9,29.2,2.22,0.500375
2017-06-06,10.2,31.1,2.64,0.49629166666666663
2017-06-07,10.8,31.5,2.89,0.504625
2017-06-08,11.1,30.7,3.07,0.49737499999999996
2017-06-09,0.6,32.6,4.81,0.48100000000000004
2017-06-10,16.5,30.7,3.01,0.49054166666666665
2017-06-11,0.6,30.0,1.94,0.48804166666666665
2017-06-12,0.0,32.5,5.08,0.4703333333333333
2017-06-13,1.0,31.8,4.3,0.45375000000000004
2017-06-14,19.1,31.1,2.97,0.47258333333333336
2017-06-15,13.7,31.2,3.84,0.47737500000000005
2017-06-16,1.1,31.6,4.39,0.4726666666666666
2017-06-17,0.3,31.8,4.81,0.45141666666666663
2017-06-18,10.0,31.7,4.29,0.45975000000000005
2017-06-19,14.4,30.9,3.84,0.480375
2017-06-20,7.4,30.1,3.32,0.487125
2017-06-21,8.6,30.0,2.9,0.4859166666666666
2017-06-22,37.4,28.9,1.73,0.5050833333333333
2017-06-23,18.8,27.7,1.66,0.5110416666666667
2017-06-24,22.7,30.3,2.97,0.5070416666666667
2017-06-25,12.2,29.2,2.45,0.5012083333333334
2017-06-26,6.9,29.7,3.55,0.49524999999999997
2017-06-27,13.4,29.6,3.35,0.4979166666666666
2017-06-28,25.8,29.3,2.84,0.5005833333333333
2017-06-29,3.5,29.8,3.61,0.49466666666666664
2017-06-30,5.6,30.1,3.68,0.4955
2017-07-01,3.2,32.3,4.48,0.486875
2017-07-02,1.3,31.8,4.45,0.4835416666666667
2017-07-03,1.9,30.6,3.38,0.48045833333333327
2017-07-04,10.3,31.9,3.91,0.4816666666666667
2017-07-05,7.6,29.9,3.14,0.49033333333333334
2017-07-06,8.6,29.4,2.62,0.4971666666666667
2017-07-07,7.8,29.1,3.04,0.49933333333333335
2017-07-08,8.7,30.5,3.6,0.50275
2017-07-09,3.6,31.1,3.92,0.4908333333333333
2017-07-10,1.3,30.8,3.66,0.48820833333333336
2017-07-11,19.0,29.0,2.67,0.5047083333333333
2017-07-12,20.1,28.1,1.92,0.5072083333333334
2017-07-13,6.0,30.7,3.78,0.49979166666666663
2017-07-14,13.1,27.6,1.63,0.5099166666666667
2017-07-15,8.9,30.1,2.66,0.5040833333333333
2017-07-16,23.3,29.5,2.18,0.5032916666666667
2017-07-17,6.2,28.7,1.78,0.5027916666666666
2017-07-18,5.0,30.8,3.2,0.49004166666666665
2017-07-19,28.0,29.1,2.05,0.5053333333333333
2017-07-20,22.7,28.6,1.91,0.5076666666666667
2017-07-21,13.4,28.1,2.33,0.5012916666666667
2017-07-22,5.4,31.5,4.01,0.49095833333333333
2017-07-23,1.3,31.2,4.32,0.47170833333333334
2017-07-24,6.6,29.0,2.72,0.478625
2017-07-25,20.6,27.5,2.15,0.5051249999999999
2017-07-26,8.2,30.7,3.63,0.501875
2017-07-27,19.5,29.0,3.02,0.5040833333333333
2017-07-28,11.8,30.4,4.11,0.49983333333333335
2017-07-29,6.2,31.3,4.36,0.4835
2017-07-30,2.5,31.1,4.03,0.482
2017-07-31,8.3,29.8,3.56,0.49341666666666667
2017-08-01,18.7,30.1,3.64,0.49770833333333336
2017-08-02,10.7,30.4,3.67,0.49995833333333334
2017-08-03,13.6,28.7,3.02,0.5049166666666667
2017-08-04,16.0,29.4,2.57,0.5042083333333334
2017-08-05,17.7,28.8,2.49,0.5045833333333333
2017-08-06,2.5,30.8,3.91,0.49420833333333336
2017-08-07,6.3,31.4,3.89,0.4970833333333333
2017-08-08,4.2,30.9,3.96,0.4925
2017-08-09,8.1,29.5,2.95,0.5009166666666667
2017-08-10,9.0,30.7,3.54,0.496125
2017-08-11,13.9,29.3,2.98,0.49820833333333336
2017-08-12,11.0,30.5,3.98,0.4969166666666667
2017-08-13,10.0,30.0,3.15,0.4995833333333333
2017-08-14,11.2,30.0,3.45,0.5044166666666666
2017-08-15,15.2,29.8,3.15,0.503
2017-08-16,14.8,27.0,1.36,0.5062083333333334
2017-08-17,20.6,27.5,1.86,0.5085833333333333
2017-08-18,16.5,28.1,1.95,0.5014583333333333
2017-08-19,4.5,29.0,2.98,0.5018333333333334
2017-08-20,17.0,28.8,2.44,0.5022083333333334
2017-08-21,16.7,28.9,2.84,0.4975833333333333
2017-08-22,4.5,29.6,3.15,0.49416666666666664
2017-08-23,21.4,26.8,1.83,0.5033333333333333
2017-08-24,4.7,30.9,3.95,0.4945833333333333
2017-08-25,8.8,29.8,2.72,0.4967916666666667
2017-08-26,30.5,28.3,1.8,0.5059166666666667
2017-08-27,26.5,29.2,2.26,0.5045416666666667
2017-08-28,16.6,29.6,2.69,0.49616666666666664
2017-08-29,10.1,30.4,3.86,0.49341666666666667
2017-08-30,1.5,31.7,4.41,0.474
2017-08-31,0.1,32.1,4.45,0.4540416666666667
2017-09-01,16.5,31.4,3.4,0.4759166666666667
2017-09-02,7.6,30.1,2.76,0.48770833333333335
2017-09-03,0.1,32.1,4.6,0.4716666666666667
2017-09-04,1.5,31.4,4.08,0.4645416666666667
2017-09-05,2.9,31.5,4.15,0.478875
2017-09-06,6.2,32.3,3.79,0.4902916666666666
2017-09-07,5.7,31.2,3.77,0.4950833333333333
2017-09-08,4.3,32.4,4.42,0.487875
2017-09-09,7.4,32.1,4.24,0.4870833333333333
2017-09-10,30.4,31.8,3.32,0.495875
2017-09-11,36.4,29.2,2.7,0.50575
2017-09-12,1.4,32.4,4.49,0.48774999999999996
2017-09-13,7.7,30.9,3.77,0.48983333333333334
2017-09-14,8.4,29.8,3.7,0.49366666666666664
2017-09-15,9.4,29.3,3.3,0.5036666666666667
2017-09-16,16.1,28.9,2.53,0.50025
2017-09-17,0.7,31.6,4.12,0.48208333333333336
2017-09-18,6.3,31.2,4.26,0.48500000000000004
2017-09-19,26.1,28.4,1.6,0.5045000000000001
2017-09-20,10.8,29.0,2.18,0.5042916666666667
2017-09-21,29.8,27.6,1.43,0.5060833333333333
2017-09-22,17.2,29.1,2.66,0.5094583333333333
2017-09-23,20.5,27.9,2.25,0.5044166666666666
2017-09-24,26.6,27.4,1.96,0.50975
2017-09-25,8.9,28.5,2.26,0.5022916666666667
2017-09-26,20.2,30.0,2.96,0.50175
2017-09-27,14.6,30.8,2.76,0.5006666666666667
2017-09-28,14.6,29.2,2.76,0.5041666666666667
2017-09-29,16.0,30.2,2.92,0.5040416666666666
2017-09-30,34.1,30.4,3.14,0.5042916666666667
2017-10-01,14.5,31.3,3.53,0.49974999999999997
2017-10-02,25.7,28.2,1.57,0.5094166666666667
2017-10-03,29.5,26.9,1.07,0.5080416666666666
2017-10-04,13.6,30.1,3.54,0.4935833333333333
2017-10-05,1.8,31.4,3.93,0.48266666666666663
2017-10-06,13.2,29.9,3.01,0.5015833333333334
2017-10-07,14.6,30.5,3.49,0.4987916666666667
2017-10-08,6.3,32.0,3.88,0.49341666666666667
2017-10-09,3.9,31.4,4.13,0.49395833333333333
2017-10-10,1.7,30.7,3.71,0.48933333333333334
2017-10-11,24.3,31.8,2.86,0.500625
2017-10-12,12.7,30.6,3.55,0.49829166666666663
2017-10-13,27.2,29.1,2.57,0.503625
2017-10-14,20.5,29.3,2.14,0.5063333333333334
2017-10-15,17.7,28.5,2.03,0.5054166666666667
2017-10-16,3.0,30.2,3.11,0.48408333333333337
2017-10-17,18.1,31.1,2.75,0.49075
2017-10-18,6.9,30.2,3.14,0.4956666666666667
2017-10-19,6.5,30.2,3.17,0.5022916666666667
2017-10-20,25.6,28.2,2.14,0.50275
2017-10-21,22.4,31.2,2.92,0.49875
2017-10-22,25.4,28.4,2.4,0.50075
2017-10-23,25.4,29.6,2.51,0.5021666666666667
2017-10-24,21.7,29.0,2.31,0.5048750000000001
2017-10-25,17.0,30.2,3.01,0.49979166666666663
2017-10-26,9.7,30.9,3.65,0.495625
2017-10-27,9.7,30.0,2.91,0.4915833333333333
2017-10-28,11.4,28.5,2.16,0.5021666666666667
2017-10-29,8.3,29.6,2.72,0.498375
2017-10-30,2.6,29.6,3.41,0.49025
2017-10-31,0.7,29.8,3.83,0.4739583333333333
2017-11-01,6.3,27.1,1.93,0.4862916666666666
2017-11-02,7.5,27.0,1.61,0.5008333333333334
2017-11-03,16.1,28.2,1.8,0.5058333333333334
2017-11-04,0.0,29.5,3.7,0.4808333333333333
2017-11-05,32.4,26.8,1.47,0.4891666666666667
2017-11-06,1.1,29.8,2.52,0.495625
2017-11-07,13.5,29.2,2.02,0.4960833333333334
2017-11-08,5.1,30.1,2.96,0.49766666666666665
2017-11-09,6.3,29.9,2.65,0.5024583333333333
2017-11-10,8.9,28.3,2.32,0.5009166666666667
2017-11-11,17.3,29.5,2.53,0.5009583333333333
2017-11-12,6.3,30.1,3.44,0.5019166666666667
2017-11-13,7.6,29.9,3.24,0.494125
2017-11-14,18.5,29.6,2.78,0.49704166666666666
2017-11-15,1.0,30.8,3.74,0.4868333333333333
2017-11-16,7.0,29.9,3.59,0.4965
2017-11-17,0.6,31.5,3.93,0.47808333333333336
2017-11-18,5.2,31.0,3.19,0.47841666666666666
2017-11-19,7.2,29.3,2.53,0.4960833333333334
2017-11-20,4.7,29.8,3.29,0.4964583333333333
2017-11-21,0.3,30.7,4.09,0.4792083333333333
2017-11-22,1.4,30.2,3.6,0.47
2017-11-23,0.9,30.8,3.67,0.45820833333333333
2017-11-24,7.9,31.2,3.97,0.45945833333333336
2017-11-25,1.1,30.1,3.6,0.4444166666666667
2017-11-26,1.4,30.6,3.95,0.44354166666666667
2017-11-27,7.8,30.5,3.52,0.4545416666666667
2017-11-28,8.3,28.7,1.99,0.47675
2017-11-29,7.8,28.1,2.11,0.5045833333333333
2017-11-30,0.4,31.1,3.88,0.48995833333333333
2017-12-01,4.5,31.2,3.59,0.4852083333333333
2017-12-02,2.3,29.5,2.77,0.48533333333333334
2017-12-03,12.1,28.0,2.08,0.5039583333333334
2017-12-04,20.6,27.3,1.82,0.505
2017-12-05,15.1,28.2,2.49,0.5034166666666667
2017-12-06,0.1,30.4,4.23,0.48220833333333335
2017-12-07,10.1,29.7,2.97,0.484875
2017-12-08,1.0,29.2,2.67,0.4876666666666667
2017-12-09,0.4,29.3,3.89,0.48166666666666663
2017-12-10,0.0,29.5,3.34,0.46525
2017-12-11,0.3,29.3,3.36,0.4538333333333333
2017-12-12,0.9,30.0,3.32,0.44754166666666667
2017-12-13,2.5,28.7,2.72,0.4535416666666667
2017-12-14,1.5,29.7,3.23,0.458
2017-12-15,5.3,29.6,3.14,0.45966666666666667
2017-12-16,8.2,29.3,2.94,0.45933333333333337
2017-12-17,1.5,28.0,2.96,0.45891666666666664
2017-12-18,0.0,27.5,4.38,0.4331666666666667
2017-12-19,0.7,26.9,4.16,0.41654166666666664
2017-12-20,0.1,21.7,2.75,0.40208333333333335
2017-12-21,1.7,22.3,3.07,0.40116666666666667
2017-12-22,0.9,27.9,3.13,0.44212500000000005
2017-12-23,1.0,29.1,3.08,0.44087499999999996
2017-12-24,0.0,30.5,3.83,0.4240833333333333
2017-12-25,11.9,24.4,1.87,0.44495833333333334
2017-12-26,13.4,27.7,2.62,0.4947916666666667
2017-12-27,8.5,27.7,2.37,0.49499999999999994
2017-12-28,0.9,29.6,3.67,0.48924999999999996
2017-12-29,0.5,29.9,4.09,0.4807916666666667
2017-12-30,0.3,30.4,4.7,0.46325
2017-12-31,0.8,29.3,4.17,0.46304166666666663
2018-01-01,0.4,28.8,3.82,0.4483333333333333
2018-01-02,0.0,30.0,4.1,0.43204166666666666
2018-01-03,2.2,29.1,2.79,0.4260833333333333
2018-01-04,1.7,29.3,3.27,0.41520833333333335
2018-01-05,7.5,29.3,2.97,0.44216666666666665
2018-01-06,1.6,29.4,3.31,0.458375
2018-01-07,0.7,30.0,3.67,0.4399583333333333
2018-01-08,6.6,29.2,3.09,0.453625
2018-01-09,3.1,30.4,3.46,0.47337500000000005
2018-01-10,10.9,29.4,3.13,0.48466666666666663
2018-01-11,0.9,29.0,3.36,0.48412499999999997
2018-01-12,0.7,28.5,3.68,0.47020833333333334
2018-01-13,0.0,28.0,4.06,0.453
2018-01-14,0.5,26.0,2.18,0.44166666666666665
2018-01-15,0.2,27.5,1.79,0.4382083333333333
2018-01-16,9.2,28.6,2.46,0.463625
2018-01-17,0.8,27.7,1.71,0.47583333333333333
2018-01-18,14.6,30.4,3.48,0.4752083333333334
2018-01-19,6.5,26.4,1.17,0.48875
2018-01-20,0.3,30.0,4.36,0.4734583333333333
2018-01-21,0.8,29.8,4.05,0.4638333333333333
2018-01-22,29.8,28.9,2.82,0.5011249999999999
2018-01-23,2.7,29.3,2.84,0.4987083333333333
2018-01-24,0.0,30.0,4.19,0.4799166666666667
2018-01-25,0.1,29.3,4.13,0.45937500000000003
2018-01-26,0.3,30.1,4.03,0.4442916666666667
2018-01-27,2.6,29.1,3.47,0.4384166666666667
2018-01-28,1.4,29.8,3.37,0.42770833333333336
2018-01-29,0.4,29.3,2.91,0.41954166666666665
2018-01-30,0.6,30.4,3.72,0.41474999999999995
2018-01-31,2.6,31.0,3.98,0.41029166666666667
2018-02-01,0.2,30.7,5.13,0.39679166666666665
2018-02-02,0.1,29.7,4.48,0.38116666666666665
2018-02-03,1.6,29.6,4.22,0.37325
2018-02-04,0.0,30.1,4.98,0.366125
2018-02-05,0.0,29.9,4.45,0.35079166666666667
2018-02-06,0.0,27.9,3.92,0.34004166666666663
2018-02-07,0.0,28.9,3.96,0.332125
2018-02-08,0.1,28.4,4.01,0.324125
2018-02-09,0.0,28.5,3.92,0.315375
2018-02-10,0.0,30.4,3.85,0.30824999999999997
2018-02-11,0.1,29.1,3.56,0.30579166666666663
2018-02-12,0.3,31.3,4.46,0.3025
2018-02-13,0.6,31.6,5.14,0.29741666666666666
2018-02-14,0.3,32.2,4.71,0.293875
2018-02-15,0.0,30.7,3.45,0.29229166666666667
2018-02-16,0.0,32.3,3.41,0.2937083333333333
2018-02-17,2.7,30.4,3.97,0.2965833333333333
2018-02-18,7.3,30.8,3.38,0.31579166666666664
2018-02-19,0.4,30.8,4.93,0.32708333333333334
2018-02-20,0.1,31.0,4.51,0.317375
2018-02-21,0.4,30.6,4.17,0.3092916666666667
2018-02-22,1.8,32.2,4.69,0.30804166666666666
2018-02-23,0.4,32.4,5.03,0.3012916666666667
2018-02-24,0.0,32.9,6.01,0.2933333333333333
2018-02-25,0.0,32.8,5.53,0.2873333333333333
2018-02-26,0.0,32.7,6.29,0.282875
2018-02-27,0.1,32.4,4.96,0.28025
2018-02-28,1.4,31.7,4.14,0.2890833333333333
2018-03-01,1.3,31.7,3.98,0.29991666666666666
2018-03-02,1.0,32.4,4.4,0.29841666666666666
2018-03-03,0.0,32.6,4.94,0.29341666666666666
2018-03-04,0.3,34.7,5.12,0.289875
2018-03-05,0.4,33.1,4.86,0.286375
2018-03-06,2.0,33.8,4.73,0.30083333333333334
2018-03-07,0.0,33.6,6.09,0.34941666666666665
2018-03-08,0.0,32.8,5.35,0.33
2018-03-09,0.0,34.3,6.79,0.31475000000000003
2018-03-10,0.1,32.6,6.22,0.30375
2018-03-11,0.0,33.6,6.28,0.2960833333333333
2018-03-12,0.3,32.8,5.35,0.28954166666666664
2018-03-13,0.3,32.5,4.81,0.28475
2018-03-14,0.5,31.9,4.53,0.28454166666666664
2018-03-15,1.3,32.3,4.28,0.2845833333333333
2018-03-16,5.5,31.4,4.29,0.29691666666666666
2018-03-17,1.9,31.1,4.46,0.302375
2018-03-18,0.3,33.3,5.7,0.29883333333333334
2018-03-19,0.3,33.4,5.21,0.29216666666666663
2018-03-20,0.0,33.3,5.02,0.28554166666666664
2018-03-21,0.6,34.2,4.96,0.2833333333333333
2018-03-22,1.0,31.9,4.53,0.2904583333333333
2018-03-23,0.0,31.8,4.98,0.28833333333333333
2018-03-24,0.0,33.8,6.56,0.283875
2018-03-25,0.7,32.8,5.19,0.283125
2018-03-26,1.6,31.9,5.11,0.28812499999999996
2018-03-27,0.0,33.0,5.89,0.2829583333333333
2018-03-28,0.1,32.9,5.29,0.2824583333333333
2018-03-29,0.7,33.3,5.06,0.28241666666666665
2018-03-30,8.0,30.6,3.83,0.30104166666666665
2018-03-31,2.3,30.7,4.13,0.30220833333333336
2018-04-01,0.8,30.8,5.03,0.30745833333333333
2018-04-02,0.0,32.3,5.45,0.30083333333333334
2018-04-03,0.8,31.5,5.04,0.29412499999999997
2018-04-04,0.1,32.6,5.2,0.2887916666666666
2018-04-05,0.0,34.0,5.36,0.2833333333333333
2018-04-06,0.2,32.9,4.96,0.2800416666666667
2018-04-07,0.3,32.2,5.23,0.27858333333333335
2018-04-08,1.1,32.4,5.35,0.2816666666666667
2018-04-09,0.0,34.4,6.65,0.28325
2018-04-10,0.5,33.7,5.9,0.28029166666666666
2018-04-11,0.2,33.5,5.66,0.2826666666666666
2018-04-12,0.1,34.7,5.76,0.280875
2018-04-13,0.1,34.7,5.63,0.27575
2018-04-14,0.9,34.2,4.58,0.27708333333333335
2018-04-15,1.7,34.2,4.54,0.29116666666666663
2018-04-16,0.8,33.8,5.12,0.30983333333333335
2018-04-17,0.1,33.8,5.79,0.30291666666666667
2018-04-18,6.5,32.9,4.7,0.31316666666666665
2018-04-19,0.9,33.1,4.82,0.302375
2018-04-20,0.6,33.6,5.54,0.31575000000000003
2018-04-21,0.6,33.5,4.94,0.31
2018-04-22,1.0,32.9,4.89,0.30895833333333333
2018-04-23,15.5,35.2,3.97,0.364625
2018-04-24,19.6,33.2,3.69,0.4207083333333333
2018-04-25,7.6,34.0,3.81,0.4475
2018-04-26,4.9,31.7,3.93,0.4567916666666667
2018-04-27,3.8,32.7,4.65,0.4499583333333333
2018-04-28,0.5,32.5,4.86,0.41783333333333333
2018-04-29,4.0,31.6,4.08,0.41700000000000004
2018-04-30,4.1,31.9,4.51,0.4272916666666667
2018-05-01,5.0,33.3,4.63,0.40920833333333334
2018-05-02,2.3,33.3,4.69,0.429625
2018-05-03,7.4,33.1,4.7,0.45779166666666665
2018-05-04,8.2,32.2,3.86,0.45016666666666666
2018-05-05,12.0,30.2,2.76,0.48066666666666663
2018-05-06,7.1,32.4,3.88,0.4815416666666667
2018-05-07,6.8,32.1,3.91,0.48362499999999997
2018-05-08,9.5,32.6,3.95,0.48124999999999996
2018-05-09,12.0,31.9,3.16,0.4867916666666667
2018-05-10,4.7,32.1,3.87,0.4832083333333333
2018-05-11,3.6,32.0,4.37,0.48212499999999997
2018-05-12,6.5,32.5,4.34,0.474625
2018-05-13,3.1,32.1,4.6,0.4679583333333333
2018-05-14,4.5,32.0,4.3,0.46529166666666666
2018-05-15,4.9,32.3,4.37,0.47420833333333334
2018-05-16,6.4,31.5,4.07,0.4764583333333334
2018-05-17,9.2,33.0,4.16,0.48216666666666663
2018-05-18,3.6,32.4,3.95,0.48445833333333327
2018-05-19,4.3,32.7,3.67,0.487875
2018-05-20,3.8,32.0,3.82,0.4887083333333333
2018-05-21,6.6,32.3,4.25,0.4795
2018-05-22,19.6,30.9,2.78,0.4885
2018-05-23,4.1,31.5,2.98,0.49141666666666667
2018-05-24,14.3,31.4,3.06,0.5030833333333333
2018-05-25,3.4,32.4,3.93,0.48983333333333334
2018-05-26,1.5,32.4,3.96,0.4774583333333333
2018-05-27,4.4,32.4,3.45,0.477875
2018-05-28,6.8,33.5,4.04,0.47325
2018-05-29,7.2,30.6,2.66,0.4888333333333333
2018-05-30,6.8,31.8,3.07,0.4927916666666667
2018-05-31,10.8,30.5,3.12,0.499875
2018-06-01,19.0,29.7,2.97,0.5016666666666666
2018-06-02,19.9,25.9,1.0,0.5060833333333333
2018-06-03,15.4,28.6,1.85,0.5071249999999999
2018-06-04,10.0,30.0,2.85,0.5022083333333334
2018-06-05,5.6,31.1,3.69,0.4925833333333333
2018-06-06,3.3,31.7,3.48,0.4904583333333333
2018-06-07,1.4,31.3,3.72,0.48041666666666666
2018-06-08,10.2,30.5,2.65,0.4916666666666667
2018-06-09,11.2,31.5,3.51,0.50275
2018-06-10,0.7,30.3,2.26,0.4932916666666667
2018-06-11,7.3,30.1,2.95,0.50125
2018-06-12,7.7,31.1,3.26,0.5
2018-06-13,0.3,31.9,3.53,0.48012499999999997
2018-06-14,1.5,31.5,3.95,0.470875
2018-06-15,0.6,31.3,4.03,0.45816666666666667
2018-06-16,12.1,28.0,1.82,0.4987916666666667
2018-06-17,6.0,30.2,2.61,0.50175
2018-06-18,13.3,28.9,2.73,0.5071666666666667
2018-06-19,7.9,30.5,3.16,0.5018333333333334
2018-06-20,11.0,30.8,3.83,0.4995416666666667
2018-06-21,2.2,31.5,4.42,0.48854166666666665
2018-06-22,3.3,31.9,4.27,0.48208333333333336
2018-06-23,5.8,31.7,3.98,0.48566666666666664
2018-06-24,7.6,31.2,4.06,0.49099999999999994
2018-06-25,7.8,30.3,3.7,0.4975833333333333
2018-06-26,9.5,30.5,3.45,0.4952083333333333
2018-06-27,15.1,29.8,2.63,0.5004583333333333
2018-06-28,1.4,31.2,3.89,0.4902916666666666
2018-06-29,4.1,30.9,4.2,0.48904166666666665
2018-06-30,1.1,31.2,4.38,0.4850833333333333
2018-07-01,6.5,30.5,3.91,0.4967083333333333
2018-07-02,11.5,28.9,3.06,0.5014166666666667
2018-07-03,18.3,29.9,3.2,0.5059583333333334
2018-07-04,6.6,30.4,4.05,0.5025416666666667
2018-07-05,4.6,30.5,4.34,0.5002916666666667
2018-07-06,11.7,28.8,2.21,0.50025
2018-07-07,14.4,27.7,1.84,0.503
2018-07-08,14.8,29.7,2.86,0.507375
2018-07-09,7.2,29.8,3.21,0.5025416666666667
2018-07-10,14.9,28.1,2.66,0.507625
2018-07-11,18.4,30.1,3.29,0.5045000000000001
2018-07-12,21.5,28.8,2.03,0.5069166666666667
2018-07-13,12.3,29.0,2.76,0.5037916666666666
2018-07-14,21.8,27.5,1.61,0.510375
2018-07-15,2.6,30.0,2.99,0.4944583333333333
2018-07-16,4.6,30.2,3.09,0.48445833333333327
2018-07-17,11.4,28.3,2.06,0.49783333333333335
2018-07-18,18.7,30.1,3.05,0.5061666666666667
2018-07-19,10.1,30.9,3.67,0.5005416666666667
2018-07-20,10.7,29.6,3.0,0.50325
2018-07-21,7.4,29.9,2.95,0.496875
2018-07-22,4.4,30.5,4.07,0.486875
2018-07-23,1.2,31.0,4.78,0.47241666666666665
2018-07-24,1.3,30.3,3.92,0.45895833333333336
2018-07-25,7.8,29.6,3.35,0.47900000000000004
2018-07-26,7.2,30.7,3.7,0.48974999999999996
2018-07-27,8.4,30.1,3.22,0.4905
2018-07-28,11.0,29.4,3.06,0.50325
2018-07-29,6.5,30.6,3.23,0.4992916666666667
2018-07-30,16.9,29.0,2.49,0.505625
2018-07-31,1.0,31.1,4.19,0.49291666666666667
2018-08-01,3.0,30.4,4.28,0.48100000000000004
2018-08-02,15.4,28.9,2.93,0.5007916666666666
2018-08-03,4.7,28.9,2.58,0.496125
2018-08-04,8.0,30.3,3.84,0.490125
2018-08-05,9.7,29.8,3.03,0.4990833333333333
2018-08-06,6.7,28.8,2.85,0.504
2018-08-07,29.2,27.9,2.02,0.5088750000000001
2018-08-08,24.3,27.4,1.62,0.5086666666666667
2018-08-09,10.1,28.3,2.51,0.50675
2018-08-10,9.0,28.7,2.81,0.5063333333333334
2018-08-11,2.9,30.1,4.11,0.49854166666666666
2018-08-12,1.5,30.9,4.4,0.4799583333333333
2018-08-13,1.4,30.3,3.05,0.4879166666666666
2018-08-14,9.2,30.7,3.07,0.49441666666666667
2018-08-15,8.4,30.1,3.19,0.4980833333333334
2018-08-16,6.0,30.1,3.68,0.49195833333333333
2018-08-17,1.1,31.3,4.79,0.4730833333333333
2018-08-18,15.7,29.8,2.89,0.49625
2018-08-19,19.0,27.8,1.69,0.501
2018-08-20,9.0,30.2,2.74,0.499625
2018-08-21,10.4,29.6,3.11,0.5018333333333334
2018-08-22,11.5,30.2,3.91,0.5007083333333333
2018-08-23,8.2,29.9,3.37,0.503875
2018-08-24,2.3,30.7,4.03,0.4925
2018-08-25,2.6,30.7,4.57,0.4865833333333333
2018-08-26,1.0,30.4,3.74,0.4755833333333333
2018-08-27,5.6,29.6,3.57,0.49104166666666665
2018-08-28,1.2,30.9,4.04,0.47675
2018-08-29,2.2,30.9,4.23,0.464
2018-08-30,0.8,31.2,4.56,0.45695833333333336
2018-08-31,4.1,30.7,4.27,0.478375
2018-09-01,7.4,29.2,3.48,0.4879166666666666
2018-09-02,6.0,29.4,3.43,0.494875
2018-09-03,18.6,27.8,1.93,0.502375
2018-09-04,3.0,29.2,3.27,0.501375
2018-09-05,1.1,30.4,4.59,0.48583333333333334
2018-09-06,1.8,30.6,3.88,0.4775
2018-09-07,14.3,29.3,3.17,0.4991666666666667
2018-09-08,28.9,26.2,1.29,0.5071249999999999
2018-09-09,11.4,29.8,3.28,0.49995833333333334
2018-09-10,2.3,30.9,3.78,0.49016666666666664
2018-09-11,6.2,30.2,4.09,0.49291666666666667
2018-09-12,13.0,29.5,3.05,0.50025
2018-09-13,17.9,27.3,2.3,0.5038333333333334
2018-09-14,9.0,28.3,2.3,0.5069166666666667
2018-09-15,61.8,29.0,2.67,0.51025
2018-09-16,17.7,29.3,2.77,0.5094166666666667
2018-09-17,10.1,28.1,2.05,0.5105416666666667
2018-09-18,10.0,27.6,1.61,0.5045833333333333
2018-09-19,4.8,30.7,4.17,0.4915833333333333
2018-09-20,12.3,29.9,3.38,0.49304166666666666
2018-09-21,8.6,29.9,3.38,0.498
2018-09-22,15.4,28.9,2.72,0.4965
2018-09-23,13.8,31.2,3.44,0.49545833333333333
2018-09-24,0.2,32.2,4.67,0.48225
2018-09-25,0.0,31.7,4.76,0.4615416666666667
2018-09-26,5.7,31.3,3.73,0.469125
2018-09-27,7.9,30.9,4.08,0.4869583333333333
2018-09-28,3.2,31.2,4.15,0.4775833333333333
2018-09-29,6.6,31.9,3.46,0.4839166666666666
2018-09-30,5.4,30.1,3.05,0.49266666666666664
2018-10-01,25.6,31.6,3.65,0.5006666666666667
2018-10-02,23.1,29.1,2.27,0.5054583333333333
2018-10-03,11.5,29.9,2.35,0.49820833333333336
2018-10-04,33.0,30.5,2.57,0.5051666666666667
2018-10-05,57.0,30.2,2.24,0.5025000000000001
2018-10-06,15.6,29.3,2.66,0.5062916666666667
2018-10-07,21.4,29.3,2.91,0.50475
2018-10-08,6.4,31.4,3.84,0.5000416666666666
2018-10-09,0.5,31.8,4.67,0.4836666666666667
2018-10-10,0.6,31.4,4.5,0.46825
2018-10-11,5.0,31.5,4.03,0.4792083333333333
2018-10-12,2.6,31.8,4.17,0.4872916666666667
2018-10-13,5.2,30.8,3.83,0.47533333333333333
2018-10-14,10.1,30.8,3.8,0.4927916666666667
2018-10-15,4.3,30.6,3.28,0.4887083333333333
2018-10-16,2.5,31.1,4.3,0.47825
2018-10-17,3.7,31.2,3.95,0.4827083333333333
2018-10-18,35.1,30.8,2.59,0.5005416666666667
2018-10-19,58.2,26.1,1.25,0.5111666666666667
2018-10-20,11.1,30.5,3.89,0.4965833333333333
2018-10-21,7.5,31.0,4.03,0.488875
2018-10-22,7.3,31.6,4.0,0.49595833333333333
2018-10-23,14.1,30.0,3.16,0.5004166666666666
2018-10-24,50.2,28.2,1.69,0.50925
2018-10-25,6.2,30.4,3.99,0.4991666666666667
2018-10-26,3.0,30.7,4.0,0.4920833333333334
2018-10-27,1.6,30.9,4.23,0.4807083333333333
2018-10-28,9.1,31.2,3.76,0.48825
2018-10-29,9.7,30.1,3.37,0.4902916666666666
2018-10-30,0.7,31.1,4.53,0.47529166666666667
2018-10-31,0.1,30.8,4.91,0.4519166666666667
2018-11-01,0.5,30.8,4.66,0.4362916666666667
2018-11-02,1.0,30.7,4.45,0.4254166666666666
2018-11-03,5.2,30.9,3.63,0.4419166666666667
2018-11-04,4.8,30.9,3.43,0.48854166666666665
2018-11-05,3.6,31.2,3.91,0.47404166666666664
2018-11-06,5.4,31.5,4.09,0.4696666666666667
2018-11-07,13.9,27.2,1.61,0.4979166666666666
2018-11-08,8.3,29.5,3.1,0.501375
2018-11-09,2.8,30.2,3.69,0.48225
2018-11-10,1.1,30.6,3.84,0.4755833333333333
2018-11-11,1.4,30.7,4.26,0.47091666666666665
2018-11-12,4.0,30.5,3.57,0.47258333333333336
2018-11-13,0.1,30.7,4.18,0.467625
2018-11-14,0.3,29.9,3.29,0.4489166666666667
2018-11-15,1.9,29.7,3.24,0.4407083333333333
2018-11-16,13.7,29.9,3.21,0.47783333333333333
2018-11-17,5.0,31.3,3.25,0.4956666666666667
2018-11-18,1.9,31.4,3.54,0.4885
2018-11-19,22.0,29.4,2.39,0.50625
2018-11-20,6.2,29.7,3.5,0.5004583333333333
2018-11-21,1.8,30.9,4.08,0.4779166666666666
2018-11-22,1.7,30.9,3.6,0.47025
2018-11-23,0.9,30.5,3.32,0.4680416666666667
2018-11-24,0.0,30.1,3.27,0.4577083333333334
2018-11-25,1.1,29.3,2.91,0.44858333333333333
2018-11-26,15.7,29.9,2.89,0.4890833333333333
2018-11-27,1.9,30.5,3.8,0.4617083333333334
2018-11-28,2.0,29.6,3.2,0.4567916666666667
2018-11-29,0.3,31.0,4.3,0.451125
2018-11-30,0.6,30.9,4.49,0.4331666666666667
2018-12-01,0.4,30.7,4.18,0.41562499999999997
2018-12-02,1.2,31.1,4.24,0.40254166666666663
2018-12-03,0.3,30.4,3.7,0.39295833333333335
2018-12-04,5.6,30.9,3.99,0.43383333333333335
2018-12-05,0.6,31.0,4.6,0.41724999999999995
2018-12-06,5.4,31.0,3.87,0.42612500000000003
2018-12-07,10.8,31.0,3.54,0.463625
2018-12-08,2.4,30.8,3.99,0.4634583333333333
2018-12-09,8.4,29.6,2.8,0.4634583333333333
2018-12-10,0.6,30.8,3.82,0.44945833333333335
2018-12-11,10.1,29.5,2.83,0.45741666666666664
2018-12-12,0.4,31.3,4.5,0.442375
2018-12-13,1.8,30.4,4.5,0.428625
2018-12-14,1.0,30.7,4.68,0.41891666666666666
2018-12-15,10.9,29.4,3.16,0.44779166666666664
2018-12-16,1.7,30.0,3.23,0.4567083333333333
2018-12-17,0.2,30.6,4.61,0.43816666666666665
2018-12-18,0.0,30.9,4.75,0.4150833333333333
2018-12-19,3.2,29.9,3.2,0.41425
2018-12-20,3.2,30.6,3.41,0.429
2018-12-21,3.2,30.3,3.17,0.43054166666666666
2018-12-22,0.8,30.3,3.27,0.4197916666666666
2018-12-23,9.5,30.2,3.03,0.44399999999999995
2018-12-24,21.6,29.2,2.51,0.5059166666666667
2018-12-25,14.7,29.7,2.61,0.5007083333333333
2018-12-26,36.0,29.6,2.76,0.5044166666666666
2018-12-27,13.8,29.1,2.16,0.4999166666666666
2018-12-28,8.4,29.4,2.74,0.49241666666666667
2018-12-29,5.6,30.3,3.58,0.489875
2018-12-30,7.7,29.0,2.67,0.49924999999999997
2018-12-31,0.0,29.7,4.0,0.48374999999999996
2019-01-01,0.1,27.1,3.33,0.466875
2019-01-02,27.3,25.4,1.46,0.5000833333333333
2019-01-03,25.5,27.3,2.36,0.5083333333333333
2019-01-04,17.3,29.3,3.3,0.4984166666666667
2019-01-05,0.5,29.8,4.27,0.47641666666666665
2019-01-06,1.1,29.9,4.25,0.46008333333333334
2019-01-07,0.0,29.7,4.68,0.44675
2019-01-08,1.4,29.1,4.04,0.43324999999999997
2019-01-09,0.2,29.9,4.15,0.42158333333333337
2019-01-10,0.4,30.1,4.45,0.4074583333333333
2019-01-11,1.2,30.6,4.13,0.3990416666666667
2019-01-12,0.8,30.4,4.42,0.39483333333333337
2019-01-13,0.8,30.5,4.73,0.39479166666666665
2019-01-14,0.0,30.9,4.55,0.38225
2019-01-15,1.6,30.6,3.85,0.3722916666666667
2019-01-16,4.6,30.1,3.07,0.43541666666666673
2019-01-17,0.2,29.7,4.85,0.43041666666666667
2019-01-18,1.5,29.3,4.99,0.41
2019-01-19,0.0,30.5,5.14,0.39325000000000004
2019-01-20,0.3,30.8,4.49,0.3765
2019-01-21,1.9,30.0,3.8,0.37195833333333334
2019-01-22,5.3,28.8,2.78,0.407875
2019-01-23,0.8,28.7,3.49,0.42133333333333334
2019-01-24,0.0,29.7,4.72,0.4095416666666667
2019-01-25,0.0,29.8,4.26,0.3873333333333333
2019-01-26,0.1,30.0,4.02,0.37195833333333334
2019-01-27,0.5,29.1,3.74,0.3609583333333333
2019-01-28,0.2,29.4,3.0,0.3519583333333333
2019-01-29,0.4,30.2,4.57,0.3409166666666667
2019-01-30,0.0,31.6,5.26,0.3335416666666667
2019-01-31,0.3,30.3,4.79,0.322625
2019-02-01,0.9,30.4,4.92,0.31875000000000003
2019-02-02,0.3,30.9,5.0,0.312625
2019-02-03,1.9,30.3,4.17,0.311
2019-02-04,0.9,30.9,4.31,0.31345833333333334
2019-02-05,0.0,30.3,4.54,0.30875
2019-02-06,0.2,30.7,4.07,0.3007916666666666
2019-02-07,0.2,32.0,4.45,0.2955
2019-02-08,0.3,32.1,4.56,0.29141666666666666
2019-02-09,0.0,32.4,4.86,0.28720833333333334
2019-02-10,0.0,31.4,5.14,0.28354166666666664
2019-02-11,0.2,31.7,5.03,0.2821666666666667
2019-02-12,0.2,32.0,5.91,0.284875
2019-02-13,0.0,31.5,5.6,0.28141666666666665
2019-02-14,0.0,31.5,5.73,0.277125
2019-02-15,0.0,31.3,5.77,0.27325000000000005
2019-02-16,0.0,32.1,5.44,0.27008333333333334
2019-02-17,0.1,31.7,4.67,0.26837500000000003
2019-02-18,0.3,31.6,4.58,0.2670416666666667
2019-02-19,0.0,32.1,5.06,0.2651666666666667
2019-02-20,0.3,32.9,5.03,0.264875
2019-02-21,0.0,33.1,5.4,0.26687500000000003
2019-02-22,0.1,30.5,4.14,0.26566666666666666
2019-02-23,0.0,31.6,5.39,0.26425000000000004
2019-02-24,0.2,32.7,5.43,0.2640416666666667
2019-02-25,0.0,31.5,5.83,0.26229166666666665
2019-02-26,0.0,32.6,6.47,0.2611666666666667
2019-02-27,0.0,33.1,6.16,0.25995833333333335
2019-02-28,0.1,31.8,5.29,0.25954166666666667
2019-03-01,0.8,30.6,4.59,0.2607083333333334
2019-03-02,0.0,31.5,5.32,0.263375
2019-03-03,0.0,32.3,5.74,0.262125
2019-03-04,0.0,33.1,5.79,0.2615416666666667
2019-03-05,0.0,33.0,5.72,0.261375
2019-03-06,0.1,32.7,4.78,0.2607916666666667
2019-03-07,0.0,33.7,5.45,0.26075
2019-03-08,0.0,33.4,5.46,0.25983333333333336
2019-03-09,0.0,33.9,5.84,0.2587916666666667
2019-03-10,0.7,32.9,4.58,0.260375
2019-03-11,0.2,35.6,5.46,0.261125
2019-03-12,0.9,34.5,5.36,0.2627083333333334
2019-03-13,0.2,34.3,5.57,0.2637083333333334
2019-03-14,0.0,33.8,5.45,0.2652083333333333
2019-03-15,0.1,34.1,6.07,0.2659166666666667
2019-03-16,0.4,32.4,5.26,0.26845833333333335
2019-03-17,2.4,32.9,4.58,0.2784166666666667
2019-03-18,0.5,33.6,5.43,0.28375
2019-03-19,0.0,33.6,6.39,0.282375
2019-03-20,0.0,33.8,5.62,0.28
2019-03-21,2.3,33.4,4.32,0.28924999999999995
2019-03-22,11.7,34.5,4.36,0.34070833333333334
2019-03-23,17.2,32.9,3.97,0.41491666666666666
2019-03-24,5.3,31.7,4.35,0.44179166666666664
2019-03-25,1.0,33.1,5.74,0.4139583333333334
2019-03-26,0.0,33.3,5.63,0.3817916666666667
2019-03-27,0.0,33.0,6.01,0.3572916666666666
2019-03-28,1.3,32.6,4.77,0.3434166666666667
2019-03-29,1.0,33.3,4.83,0.33804166666666674
2019-03-30,1.0,33.4,5.13,0.33037500000000003
2019-03-31,0.5,34.1,5.38,0.32158333333333333
2019-04-01,0.4,33.1,5.0,0.312
2019-04-02,0.2,34.2,6.16,0.3056666666666667
2019-04-03,1.7,32.9,5.14,0.302
2019-04-04,41.2,33.2,3.98,0.34274999999999994
2019-04-05,1.7,33.7,4.62,0.3478333333333334
2019-04-06,0.3,34.0,5.54,0.32833333333333337
2019-04-07,1.3,32.9,4.87,0.31675000000000003
2019-04-08,1.0,33.6,5.55,0.30954166666666666
2019-04-09,0.0,35.3,5.92,0.29654166666666665
2019-04-10,0.1,35.6,5.75,0.29191666666666666
2019-04-11,2.9,34.0,4.18,0.3002916666666667
2019-04-12,8.8,33.4,3.71,0.383
2019-04-13,0.0,35.1,5.71,0.41175
2019-04-14,0.0,34.8,5.67,0.37474999999999997
2019-04-15,0.4,35.5,5.24,0.3520833333333333
2019-04-16,0.4,35.2,5.71,0.345375
2019-04-17,3.6,34.4,4.62,0.33595833333333336
2019-04-18,3.4,34.0,4.34,0.346875
2019-04-19,0.4,35.8,5.29,0.34345833333333337
2019-04-20,2.5,36.2,5.05,0.33370833333333333
2019-04-21,0.2,35.1,6.18,0.32483333333333336
2019-04-22,0.0,35.1,6.3,0.30804166666666666
2019-04-23,0.3,36.1,5.86,0.299125
2019-04-24,0.3,35.6,6.15,0.299625
2019-04-25,1.5,33.7,4.87,0.296
2019-04-26,0.2,35.2,5.42,0.29
2019-04-27,1.0,32.1,3.81,0.29124999999999995
2019-04-28,7.6,33.3,2.47,0.32945833333333335
2019-04-29,0.3,34.6,5.37,0.3619583333333333
2019-04-30,1.4,34.9,4.77,0.3455
2019-05-01,1.8,34.9,4.28,0.3405833333333334
2019-05-02,5.8,35.0,4.25,0.34908333333333336
2019-05-03,9.1,33.3,3.79,0.39483333333333337
2019-05-04,4.1,34.1,4.22,0.4439166666666667
2019-05-05,2.4,32.7,4.71,0.44408333333333333
2019-05-06,3.5,33.6,4.97,0.4349166666666667
2019-05-07,4.8,32.2,4.62,0.4302916666666667
2019-05-08,11.5,32.8,3.98,0.45025
2019-05-09,12.3,30.9,3.7,0.4816666666666667
2019-05-10,5.4,29.4,2.52,0.4770833333333333
2019-05-11,11.2,30.9,3.19,0.4805
2019-05-12,5.7,31.6,3.89,0.4775833333333333
2019-05-13,4.9,32.2,4.19,0.47500000000000003
2019-05-14,3.6,32.3,4.24,0.4787083333333333
2019-05-15,11.8,33.2,4.49,0.49241666666666667
2019-05-16,16.8,31.1,3.88,0.49875
2019-05-17,3.6,32.0,4.12,0.48966666666666664
2019-05-18,3.7,32.3,3.99,0.4802916666666666
2019-05-19,6.6,32.1,3.61,0.4879583333333333
2019-05-20,6.5,30.9,3.42,0.49429166666666663
2019-05-21,8.5,31.3,3.76,0.491125
2019-05-22,11.6,31.3,3.4,0.494875
2019-05-23,7.1,31.8,4.19,0.49783333333333335
2019-05-24,2.0,31.9,4.4,0.4847083333333333
2019-05-25,3.6,32.0,3.85,0.4815
2019-05-26,8.0,30.2,3.25,0.492875
2019-05-27,7.0,31.3,3.23,0.49504166666666666
2019-05-28,5.2,32.1,3.66,0.4912083333333333
2019-05-29,7.3,32.2,3.54,0.4948333333333333
2019-05-30,8.6,32.6,3.51,0.49416666666666664
2019-05-31,0.9,32.9,4.43,0.47433333333333333
2019-06-01,8.4,32.1,3.83,0.48137500000000005
2019-06-02,1.4,32.2,3.59,0.48212499999999997
2019-06-03,39.0,31.5,2.42,0.49141666666666667
2019-06-04,8.1,32.2,3.27,0.49075
2019-06-05,34.6,30.6,2.29,0.4964583333333333
2019-06-06,16.3,29.0,1.98,0.5011249999999999
2019-06-07,15.6,28.4,1.82,0.5094583333333333
2019-06-08,22.5,31.2,2.63,0.500125
2019-06-09,14.6,29.8,3.03,0.5030833333333333
2019-06-10,4.0,30.1,1.95,0.5042916666666667
2019-06-11,4.9,31.4,3.38,0.49862500000000004
2019-06-12,8.2,32.2,4.18,0.49020833333333336
2019-06-13,4.2,32.8,4.37,0.48016666666666663
2019-06-14,1.3,32.4,4.56,0.4575416666666667
2019-06-15,8.9,30.4,3.76,0.47245833333333337
2019-06-16,5.8,31.3,2.88,0.48041666666666666
2019-06-17,11.2,28.0,1.51,0.49662500000000004
2019-06-18,8.9,29.3,2.14,0.4891666666666667
2019-06-19,1.9,32.1,5.22,0.48420833333333335
2019-06-20,10.3,31.5,3.4,0.48229166666666673
2019-06-21,10.7,29.6,2.82,0.49545833333333333
2019-06-22,74.7,28.9,1.54,0.5052916666666667
2019-06-23,16.0,30.5,3.53,0.5039166666666667
2019-06-24,7.9,31.4,3.39,0.49304166666666666
2019-06-25,18.1,31.7,3.16,0.4945833333333333
2019-06-26,11.3,29.7,2.55,0.50225
2019-06-27,4.1,28.4,2.14,0.49475
2019-06-28,8.5,30.6,2.56,0.48933333333333334
2019-06-29,0.2,31.7,4.26,0.4679166666666667
2019-06-30,0.6,31.3,4.22,0.45025000000000004
2019-07-01,19.6,29.5,2.82,0.49058333333333337
2019-07-02,5.5,29.4,2.38,0.4964166666666667
2019-07-03,8.9,28.9,2.55,0.5032916666666667
2019-07-04,2.9,30.4,3.52,0.491875
2019-07-05,0.6,31.7,3.79,0.48008333333333336
2019-07-06,6.7,30.5,3.72,0.48841666666666667
2019-07-07,4.9,31.2,3.93,0.48425
2019-07-08,2.7,32.0,3.88,0.47529166666666667
2019-07-09,11.4,30.7,3.84,0.4865
2019-07-10,0.0,32.1,4.76,0.4712083333333333
2019-07-11,7.3,31.2,4.08,0.46695833333333336
2019-07-12,1.6,32.0,4.57,0.46366666666666667
2019-07-13,2.0,30.9,4.0,0.4495
2019-07-14,11.1,29.6,3.6,0.47833333333333333
2019-07-15,7.4,30.4,3.78,0.47937500000000005
2019-07-16,14.6,29.3,2.44,0.49304166666666666
2019-07-17,19.2,27.5,1.43,0.509875
2019-07-18,11.8,29.0,2.16,0.5108333333333334
2019-07-19,13.7,28.9,2.55,0.5028750000000001
2019-07-20,8.0,30.7,3.62,0.5021666666666667
2019-07-21,2.2,30.9,3.81,0.49216666666666664
2019-07-22,11.3,30.4,3.71,0.4915
2019-07-23,15.4,30.7,2.66,0.49429166666666663
2019-07-24,10.6,29.0,2.9,0.49629166666666663
2019-07-25,11.3,28.8,2.27,0.5004583333333333
2019-07-26,0.2,31.3,4.09,0.49091666666666667
2019-07-27,31.8,30.6,3.16,0.49724999999999997
2019-07-28,6.5,31.5,4.15,0.4950833333333333
2019-07-29,5.4,30.6,3.55,0.49291666666666667
2019-07-30,3.4,30.3,3.81,0.48774999999999996
2019-07-31,2.5,30.0,3.61,0.4839166666666666
2019-08-01,3.5,31.0,4.11,0.4872916666666667
2019-08-02,13.0,28.2,2.93,0.4990833333333333
2019-08-03,13.6,29.0,2.8,0.5084166666666666
2019-08-04,9.8,29.9,3.23,0.505875
2019-08-05,8.5,28.7,2.16,0.507875
2019-08-06,31.0,28.5,2.29,0.50875
2019-08-07,13.0,27.4,1.64,0.5096666666666666
2019-08-08,20.9,28.1,2.23,0.5037916666666666
2019-08-09,34.5,27.8,1.9,0.5112916666666667
2019-08-10,10.0,30.2,3.31,0.49895833333333334
2019-08-11,14.7,30.1,3.53,0.49675
2019-08-12,6.5,31.6,4.4,0.48995833333333333
2019-08-13,7.0,30.9,3.89,0.48804166666666665
2019-08-14,8.1,30.6,4.07,0.4867083333333333
2019-08-15,13.6,29.6,3.88,0.5004583333333333
2019-08-16,16.2,29.8,3.57,0.5004166666666666
2019-08-17,7.3,30.8,4.22,0.4992083333333333
2019-08-18,2.7,31.6,4.11,0.486375
2019-08-19,0.6,32.0,5.11,0.469625
2019-08-20,11.0,30.4,3.55,0.48420833333333335
2019-08-21,7.0,30.3,3.49,0.496875
2019-08-22,7.4,29.9,3.92,0.5024583333333333
2019-08-23,12.7,29.7,3.44,0.4989166666666667
2019-08-24,9.1,29.4,3.01,0.50225
2019-08-25,19.0,28.4,3.01,0.5042083333333334
2019-08-26,3.6,29.8,3.6,0.49379166666666663
2019-08-27,8.0,30.1,3.88,0.49033333333333334
2019-08-28,8.8,29.7,3.96,0.4969166666666667
2019-08-29,18.0,29.6,2.75,0.5099166666666667
2019-08-30,13.9,29.4,3.08,0.5085416666666667
2019-08-31,1.4,31.2,4.17,0.48416666666666663
2019-09-01,8.7,31.3,3.76,0.4835833333333333
2019-09-02,6.8,29.5,2.76,0.50225
2019-09-03,4.5,29.2,3.04,0.4995833333333333
2019-09-04,10.8,29.9,3.42,0.496
2019-09-05,2.9,30.5,3.81,0.49016666666666664
2019-09-06,4.5,30.1,3.66,0.4832916666666667
2019-09-07,3.5,30.8,4.07,0.47804166666666664
2019-09-08,16.7,30.0,2.92,0.49370833333333336
2019-09-09,8.4,29.7,3.12,0.4980833333333334
2019-09-10,2.2,30.5,4.17,0.4887083333333333
2019-09-11,5.7,31.3,4.1,0.48124999999999996
2019-09-12,0.2,31.4,4.82,0.45741666666666664
2019-09-13,3.4,30.4,3.47,0.4520416666666667
2019-09-14,22.6,27.0,1.78,0.495625
2019-09-15,5.0,29.4,3.16,0.4979166666666666
2019-09-16,17.0,28.1,2.62,0.5005833333333333
2019-09-17,7.2,29.7,3.22,0.5036666666666667
2019-09-18,25.2,27.3,1.61,0.5095
2019-09-19,12.8,29.6,2.93,0.5054583333333333
2019-09-20,8.8,30.9,3.71,0.497125
2019-09-21,12.0,30.9,3.0,0.49700000000000005
2019-09-22,6.8,29.3,2.51,0.5022916666666667
2019-09-23,4.5,30.7,3.44,0.4987083333333333
2019-09-24,1.9,31.7,4.47,0.48133333333333334
2019-09-25,0.1,32.8,5.37,0.4557083333333333
2019-09-26,6.0,30.1,3.4,0.45808333333333334
2019-09-27,11.0,31.1,2.94,0.48416666666666663
2019-09-28,15.6,30.1,3.36,0.5067083333333333
2019-09-29,2.8,31.4,4.22,0.492
2019-09-30,6.4,31.0,3.74,0.49300000000000005
2019-10-01,19.8,30.9,3.65,0.49574999999999997
2019-10-02,11.8,30.6,3.06,0.49700000000000005
2019-10-03,16.6,31.2,3.66,0.4995416666666667
2019-10-04,18.4,30.3,2.65,0.5054583333333333
2019-10-05,18.1,31.0,3.02,0.4987083333333333
2019-10-06,11.8,30.2,2.99,0.5019166666666667
2019-10-07,8.1,30.2,2.96,0.4969166666666667
2019-10-08,1.7,30.9,3.99,0.48699999999999993
2019-10-09,13.9,30.2,3.05,0.49974999999999997
2019-10-10,9.6,30.8,3.66,0.5007083333333333
2019-10-11,8.4,30.7,3.5,0.49979166666666663
2019-10-12,10.3,31.0,3.44,0.49766666666666665
2019-10-13,5.1,31.1,3.82,0.49379166666666663
2019-10-14,8.1,29.4,3.45,0.5017916666666666
2019-10-15,13.4,30.8,3.21,0.4965
2019-10-16,6.3,31.3,3.72,0.49395833333333333
2019-10-17,10.4,30.9,3.46,0.48770833333333335
2019-10-18,15.2,30.2,2.9,0.49700000000000005
2019-10-19,9.2,28.9,2.05,0.49700000000000005
2019-10-20,4.2,30.0,3.49,0.4924583333333333
2019-10-21,8.5,31.4,4.14,0.4819583333333333
2019-10-22,16.1,30.3,2.83,0.4964583333333333
2019-10-23,8.4,30.6,3.58,0.497875
2019-10-24,10.3,31.2,3.87,0.4931666666666667
2019-10-25,11.5,31.0,3.67,0.49733333333333335
2019-10-26,3.5,31.1,3.88,0.490375
2019-10-27,5.0,30.3,3.44,0.4865
2019-10-28,9.2,30.4,3.05,0.49374999999999997
2019-10-29,4.4,30.8,3.29,0.48995833333333333
2019-10-30,3.2,30.3,3.64,0.48633333333333334
2019-10-31,8.5,30.4,2.96,0.49170833333333336
2019-11-01,12.0,30.6,3.34,0.5023333333333334
2019-11-02,17.3,30.6,3.38,0.49866666666666665
2019-11-03,9.8,29.2,2.56,0.5022083333333334
2019-11-04,10.3,30.6,3.17,0.50175
2019-11-05,12.1,29.7,2.62,0.49499999999999994
2019-11-06,13.3,29.9,2.46,0.49541666666666667
2019-11-07,35.3,29.5,2.57,0.50475
2019-11-08,7.4,30.1,3.39,0.4996666666666667
2019-11-09,1.9,29.8,3.09,0.4859583333333333
2019-11-10,0.0,29.9,3.85,0.4684166666666667
2019-11-11,0.0,30.1,3.06,0.44695833333333335
2019-11-12,0.8,31.0,4.2,0.43045833333333333
2019-11-13,0.7,31.4,4.25,0.41675
2019-11-14,6.5,30.2,3.48,0.41475
2019-11-15,1.5,30.1,4.1,0.47245833333333337
2019-11-16,1.1,30.1,3.8,0.4606666666666667
2019-11-17,1.4,30.1,3.54,0.449
2019-11-18,6.2,30.5,3.36,0.467625
2019-11-19,0.9,30.2,4.34,0.4694583333333333
2019-11-20,0.9,30.0,4.51,0.4475
2019-11-21,0.4,29.6,3.82,0.43404166666666666
2019-11-22,0.3,30.6,3.85,0.4217916666666666
2019-11-23,0.1,31.1,4.17,0.405
2019-11-24,6.2,30.8,3.21,0.42191666666666666
2019-11-25,6.7,30.7,3.67,0.4735833333333333
2019-11-26,0.5,30.4,3.92,0.453125
2019-11-27,4.2,30.1,4.22,0.44687499999999997
2019-11-28,0.3,31.7,5.11,0.437875
2019-11-29,1.5,30.9,4.91,0.4110833333333333
2019-11-30,0.8,30.3,4.25,0.399125
2019-12-01,0.0,31.7,4.92,0.3875416666666667
2019-12-02,0.5,30.5,4.21,0.3722083333333333
2019-12-03,2.9,27.9,3.24,0.37329166666666663
2019-12-04,0.0,29.2,4.05,0.37283333333333335
2019-12-05,0.0,28.7,3.3,0.360625
2019-12-06,0.0,29.3,5.04,0.35112499999999996
2019-12-07,0.0,27.9,3.62,0.3442083333333333
2019-12-08,0.0,28.9,4.06,0.3329166666666667
2019-12-09,0.7,30.2,4.42,0.3239166666666667
2019-12-10,0.0,29.9,3.8,0.32075000000000004
2019-12-11,1.2,28.7,3.18,0.31979166666666664
2019-12-12,0.1,29.7,3.55,0.31875000000000003
2019-12-13,1.9,30.2,4.21,0.32225
2019-12-14,0.0,31.8,4.91,0.3115
2019-12-15,0.0,31.7,5.23,0.30475
2019-12-16,0.6,31.6,4.91,0.30445833333333333
2019-12-17,0.2,30.5,3.63,0.305625
2019-12-18,0.2,31.0,4.7,0.302875
2019-12-19,1.8,30.1,4.13,0.30454166666666665
2019-12-20,0.0,31.7,5.33,0.3065833333333333
2019-12-21,0.3,31.6,4.52,0.29920833333333335
2019-12-22,0.2,31.5,3.94,0.2957916666666666
2019-12-23,0.0,31.2,4.05,0.292375
2019-12-24,0.3,31.2,4.27,0.28783333333333333
2019-12-25,0.3,31.1,3.78,0.28633333333333333
2019-12-26,0.0,31.6,3.77,0.28404166666666664
2019-12-27,0.0,31.2,3.98,0.2835
2019-12-28,0.0,31.0,4.7,0.27975
2019-12-29,0.0,32.6,4.42,0.2767083333333334
2019-12-30,1.1,31.7,4.01,0.28008333333333335
2019-12-31,0.0,33.2,5.74,0.2820833333333333
2020-01-01,0.0,33.0,6.41,0.279125
2020-01-02,0.0,33.2,5.75,0.276125
2020-01-03,0.5,32.2,5.39,0.27970833333333334
2020-01-04,0.0,32.5,5.13,0.2829583333333333
2020-01-05,0.0,32.0,4.54,0.2795416666666667
2020-01-06,0.0,34.1,5.26,0.28179166666666666
2020-01-07,0.4,32.6,5.0,0.28037500000000004
2020-01-08,0.0,34.0,5.78,0.2823333333333333
2020-01-09,0.3,33.5,5.52,0.281625
2020-01-10,0.0,34.2,4.77,0.2798333333333333
2020-01-11,0.0,30.0,2.37,0.2841666666666667
2020-01-12,1.6,30.0,3.47,0.302375
2020-01-13,0.1,33.1,4.98,0.3007083333333333
2020-01-14,0.0,33.5,5.3,0.29291666666666666
2020-01-15,0.0,31.2,4.5,0.2867916666666666
2020-01-16,0.3,32.5,4.23,0.2849583333333333
2020-01-17,2.0,32.1,4.2,0.29033333333333333
2020-01-18,0.3,32.9,5.25,0.29416666666666663
2020-01-19,0.0,33.6,5.36,0.29383333333333334
2020-01-20,0.0,33.3,5.92,0.28841666666666665
2020-01-21,0.0,33.2,5.86,0.2848333333333333
2020-01-22,0.2,33.2,5.63,0.28362499999999996
2020-01-23,0.0,32.6,5.3,0.279875
2020-01-24,0.0,33.6,5.51,0.2745416666666667
2020-01-25,0.0,31.7,4.29,0.2770416666666667
2020-01-26,0.1,33.3,4.59,0.2796666666666667
2020-01-27,0.0,32.6,4.92,0.27929166666666666
2020-01-28,0.0,32.5,4.71,0.276
2020-01-29,0.2,32.0,4.38,0.27566666666666667
2020-01-30,1.6,31.1,4.81,0.2821666666666667
2020-01-31,0.0,31.6,5.68,0.28675
2020-02-01,0.0,31.1,5.54,0.2847083333333333
2020-02-02,0.0,32.8,5.61,0.2795
2020-02-03,0.0,32.5,5.48,0.27695833333333336
2020-02-04,0.0,31.4,4.81,0.2769166666666667
2020-02-05,0.0,32.3,5.23,0.2734166666666667
2020-02-06,0.0,32.3,5.78,0.26908333333333334
2020-02-07,0.0,33.6,5.42,0.26708333333333334
2020-02-08,0.1,32.9,5.41,0.26808333333333334
2020-02-09,1.5,29.1,3.0,0.27570833333333333
2020-02-10,0.2,32.3,5.41,0.28741666666666665
2020-02-11,0.1,32.8,5.67,0.28158333333333335
2020-02-12,0.0,32.9,5.53,0.27929166666666666
2020-02-13,0.0,33.3,5.24,0.2785416666666667
2020-02-14,0.0,33.7,5.23,0.27916666666666673
2020-02-15,0.1,33.1,5.04,0.27658333333333335
2020-02-16,0.0,34.9,4.46,0.27325000000000005
2020-02-17,1.7,32.9,5.21,0.278
2020-02-18,0.0,33.0,6.85,0.27687500000000004
2020-02-19,0.0,34.6,6.74,0.2759166666666667
2020-02-20,0.0,34.4,6.17,0.271
2020-02-21,0.1,34.1,6.71,0.26829166666666665
2020-02-22,0.0,33.9,7.1,0.2685
2020-02-23,0.0,34.0,6.89,0.2635
2020-02-24,0.0,34.8,7.29,0.2597916666666667
2020-02-25,0.1,32.0,5.1,0.25495833333333334
2020-02-26,0.8,33.6,5.88,0.258375
2020-02-27,0.0,33.5,6.08,0.26075
2020-02-28,0.0,32.7,6.27,0.26
2020-02-29,0.0,33.5,5.1,0.25995833333333335
2020-03-01,0.2,34.3,5.25,0.2597083333333334
2020-03-02,1.0,33.4,5.42,0.2679166666666667
2020-03-03,0.0,33.5,5.59,0.27329166666666665
2020-03-04,0.0,34.2,5.91,0.26983333333333337
2020-03-05,0.0,33.8,5.53,0.271
2020-03-06,0.0,33.8,5.66,0.2731666666666667
2020-03-07,1.3,31.6,4.09,0.2773333333333334
2020-03-08,1.3,35.2,4.92,0.28724999999999995
2020-03-09,0.1,36.5,5.5,0.2897083333333333
2020-03-10,2.0,37.3,5.24,0.28875
2020-03-11,3.0,33.5,4.22,0.30866666666666664
2020-03-12,0.7,33.6,5.27,0.31725
2020-03-13,0.0,35.2,5.57,0.31116666666666665
2020-03-14,0.0,34.7,5.96,0.2997083333333333
2020-03-15,0.3,34.7,6.13,0.294
2020-03-16,0.2,33.4,6.04,0.29162499999999997
2020-03-17,0.0,34.1,6.65,0.28654166666666664
2020-03-18,0.7,34.0,5.51,0.28329166666666666
2020-03-19,0.0,34.2,5.78,0.2847916666666666
2020-03-20,0.0,33.3,5.92,0.2839583333333333
2020-03-21,0.4,34.0,5.57,0.2828333333333333
2020-03-22,1.2,33.6,5.3,0.28291666666666665
2020-03-23,0.1,34.3,5.58,0.2813333333333334
2020-03-24,0.0,34.2,6.13,0.2781666666666667
2020-03-25,0.2,34.2,5.89,0.27525000000000005
2020-03-26,0.0,34.1,5.74,0.2780416666666667
2020-03-27,0.8,32.9,4.74,0.28275
2020-03-28,0.5,34.1,4.79,0.28304166666666664
2020-03-29,0.0,34.4,5.95,0.28158333333333335
2020-03-30,0.6,36.0,5.35,0.2805416666666667
2020-03-31,0.2,35.2,5.32,0.27925000000000005
2020-04-01,0.2,35.7,5.91,0.2760416666666667
2020-04-02,0.3,34.7,5.58,0.27687500000000004
2020-04-03,0.5,34.5,6.11,0.2795416666666667
2020-04-04,0.2,34.2,5.74,0.27575
2020-04-05,0.0,35.1,6.7,0.27466666666666667
2020-04-06,0.0,34.9,5.71,0.27625000000000005
2020-04-07,2.8,33.4,4.19,0.284375
2020-04-08,1.7,33.5,4.48,0.29075
2020-04-09,1.6,34.3,4.81,0.30275
2020-04-10,2.7,33.8,5.41,0.3245416666666667
2020-04-11,1.2,33.6,5.0,0.3262916666666667
2020-04-12,0.5,34.7,4.94,0.3099166666666667
2020-04-13,8.7,31.2,3.69,0.3779166666666667
2020-04-14,10.6,32.7,4.31,0.4074583333333333
2020-04-15,0.9,33.5,5.61,0.40170833333333333
2020-04-16,5.7,32.9,4.65,0.38925000000000004
2020-04-17,3.4,33.0,5.11,0.37875
2020-04-18,1.6,33.4,5.27,0.36066666666666664
2020-04-19,0.0,35.1,5.85,0.33954166666666663
2020-04-20,0.0,35.4,6.16,0.3179166666666667
2020-04-21,0.1,35.9,5.64,0.30154166666666665
2020-04-22,0.6,34.4,5.1,0.2933333333333333
2020-04-23,0.5,35.6,5.76,0.29024999999999995
2020-04-24,3.1,34.3,4.65,0.2977083333333333
2020-04-25,3.2,35.1,5.88,0.322
2020-04-26,1.6,33.2,4.29,0.34041666666666665
2020-04-27,1.9,33.8,4.68,0.36191666666666666
2020-04-28,9.2,34.5,5.36,0.3829583333333333
2020-04-29,1.3,33.7,5.99,0.38566666666666666
2020-04-30,0.7,34.0,5.06,0.363875
2020-05-01,0.4,34.6,5.71,0.3473333333333333
2020-05-02,1.6,34.7,4.68,0.33666666666666667
2020-05-03,1.2,34.8,5.23,0.33395833333333336
2020-05-04,3.3,34.0,4.29,0.332875
2020-05-05,2.0,34.5,4.71,0.33720833333333333
2020-05-06,2.7,34.9,4.5,0.3654583333333333
2020-05-07,3.6,34.7,4.25,0.367375
2020-05-08,1.7,34.8,4.53,0.37329166666666663
2020-05-09,0.8,35.2,5.21,0.3750833333333334
2020-05-10,0.6,35.6,5.47,0.3463333333333333
2020-05-11,0.0,36.8,6.08,0.32079166666666664
2020-05-12,0.0,36.7,5.97,0.30441666666666667
2020-05-13,0.7,36.1,6.21,0.29833333333333334
2020-05-14,2.5,35.1,4.76,0.30979166666666663
2020-05-15,1.2,34.0,4.6,0.33879166666666666
2020-05-16,0.9,35.9,5.22,0.326625
2020-05-17,3.8,36.4,3.96,0.3356666666666667
2020-05-18,2.3,35.6,3.86,0.37516666666666665
2020-05-19,1.7,36.7,5.0,0.362125
2020-05-20,15.2,32.2,2.7,0.4154583333333333
2020-05-21,2.7,33.1,4.55,0.42766666666666664
2020-05-22,6.1,34.2,4.57,0.43241666666666667
2020-05-23,23.0,33.0,3.54,0.45616666666666666
2020-05-24,10.9,33.1,3.81,0.46645833333333336
2020-05-25,11.4,33.5,3.93,0.474375
2020-05-26,0.5,34.8,5.3,0.4503333333333333
2020-05-27,12.0,32.9,3.64,0.4522916666666667
2020-05-28,19.1,32.7,3.44,0.48341666666666666
2020-05-29,4.1,33.0,4.3,0.4765833333333333
2020-05-30,5.7,33.0,3.46,0.4831666666666667
2020-05-31,5.9,33.1,3.94,0.4799583333333333
2020-06-01,14.8,33.2,3.79,0.48616666666666664
2020-06-02,11.1,32.9,3.27,0.49574999999999997
2020-06-03,13.6,32.0,3.42,0.4915
2020-06-04,35.3,31.4,2.46,0.49733333333333335
2020-06-05,14.1,31.4,2.98,0.496375
2020-06-06,4.9,30.6,3.81,0.48924999999999996
2020-06-07,8.3,31.6,3.26,0.4851666666666667
2020-06-08,9.4,31.1,3.99,0.49041666666666667
2020-06-09,4.5,33.3,4.02,0.4650833333333333
2020-06-10,15.4,31.0,2.52,0.486
2020-06-11,12.1,29.4,2.59,0.496875
2020-06-12,10.7,29.5,3.15,0.4932916666666667
2020-06-13,9.7,29.4,2.97,0.4994166666666667
2020-06-14,14.6,29.6,2.23,0.5017083333333333
2020-06-15,12.4,31.7,2.82,0.4984166666666667
2020-06-16,7.8,31.8,2.71,0.49737499999999996
2020-06-17,7.9,30.9,3.16,0.494125
2020-06-18,10.8,30.7,2.98,0.49124999999999996
2020-06-19,8.5,30.7,3.44,0.4742916666666667
2020-06-20,14.4,30.0,2.45,0.4815833333333333
2020-06-21,10.2,30.1,2.67,0.5012916666666667
2020-06-22,18.8,29.9,2.8,0.5013333333333333
2020-06-23,12.3,31.4,3.92,0.49454166666666666
2020-06-24,20.1,32.1,3.92,0.4972916666666667
2020-06-25,13.9,27.9,1.51,0.5031666666666667
2020-06-26,21.6,29.8,2.18,0.501625
2020-06-27,7.1,30.4,2.98,0.49574999999999997
2020-06-28,14.8,29.3,2.35,0.495625
2020-06-29,11.8,27.8,1.74,0.5077083333333333
2020-06-30,6.8,29.9,2.94,0.49145833333333333
2020-07-01,3.5,30.0,2.67,0.47008333333333335
2020-07-02,4.1,32.1,4.16,0.46225
2020-07-03,12.4,28.3,2.05,0.49183333333333334
2020-07-04,4.9,29.6,2.52,0.49095833333333333
2020-07-05,1.6,30.7,4.17,0.47933333333333333
2020-07-06,9.2,28.9,2.5,0.48741666666666666
2020-07-07,18.1,31.6,3.83,0.49537499999999995
2020-07-08,14.5,30.9,2.63,0.49970833333333337
2020-07-09,13.1,30.8,3.53,0.4987083333333333
2020-07-10,5.1,28.9,2.54,0.4950833333333333
2020-07-11,24.9,31.5,2.58,0.49983333333333335
2020-07-12,9.5,31.0,3.34,0.497125
2020-07-13,19.5,28.8,2.53,0.50175
2020-07-14,2.6,31.0,3.41,0.486875
2020-07-15,5.1,30.6,3.38,0.487125
2020-07-16,11.5,31.1,3.18,0.4944583333333333
2020-07-17,6.6,32.1,4.04,0.4923333333333333
2020-07-18,24.7,31.8,3.82,0.49333333333333335
2020-07-19,11.1,32.4,4.11,0.4905
2020-07-20,22.8,31.4,3.4,0.490875
2020-07-21,10.7,31.7,3.65,0.4925
2020-07-22,13.8,32.6,3.66,0.49499999999999994
2020-07-23,23.6,32.1,3.51,0.4931666666666667
2020-07-24,5.8,31.0,3.29,0.49466666666666664
2020-07-25,2.0,31.3,4.16,0.48854166666666665
2020-07-26,10.2,31.5,3.64,0.4984583333333333
2020-07-27,15.5,31.4,3.56,0.49825
2020-07-28,12.8,30.1,3.5,0.5008333333333334
2020-07-29,12.3,29.8,3.23,0.49866666666666665
2020-07-30,12.2,28.8,3.16,0.49695833333333334
2020-07-31,11.6,28.9,2.52,0.49574999999999997
2020-08-01,19.7,29.1,2.64,0.510375
2020-08-02,13.7,29.1,2.43,0.504625
2020-08-03,9.4,28.9,2.31,0.5074166666666667
2020-08-04,11.5,28.7,2.17,0.50075
2020-08-05,14.7,29.8,2.86,0.498375
2020-08-06,24.1,28.0,1.43,0.5103333333333334
2020-08-07,16.5,30.6,3.59,0.5012083333333334
2020-08-08,11.6,29.2,3.08,0.4971666666666667
2020-08-09,6.4,31.6,3.55,0.490875
2020-08-10,12.5,29.6,3.12,0.49574999999999997
2020-08-11,4.8,31.3,3.78,0.484
2020-08-12,9.8,30.0,3.13,0.4905833333333333
2020-08-13,23.8,29.5,2.41,0.503625
2020-08-14,7.1,29.0,2.22,0.5042916666666667
2020-08-15,1.3,30.9,3.33,0.478
2020-08-16,11.8,31.0,3.7,0.48137500000000005
2020-08-17,5.6,30.6,3.77,0.48025
2020-08-18,7.9,31.2,3.86,0.47604166666666664
2020-08-19,6.9,29.5,1.86,0.4907083333333333
2020-08-20,0.1,31.7,4.2,0.46295833333333336
2020-08-21,1.2,31.7,4.31,0.4429166666666667
2020-08-22,2.6,31.3,4.17,0.436625
2020-08-23,6.6,32.4,4.26,0.45058333333333334
2020-08-24,5.7,31.7,4.14,0.4679583333333333
2020-08-25,2.0,32.5,4.64,0.45183333333333336
2020-08-26,0.6,32.2,4.91,0.43216666666666664
2020-08-27,3.4,30.9,4.2,0.422625
2020-08-28,2.6,32.1,4.21,0.4260833333333333
2020-08-29,7.0,31.2,4.12,0.441125
2020-08-30,6.8,31.9,4.03,0.46116666666666667
2020-08-31,2.8,32.5,4.33,0.45529166666666665
2020-09-01,8.2,32.5,4.07,0.4690833333333333
2020-09-02,12.5,30.8,3.32,0.4845
2020-09-03,2.7,31.7,4.28,0.47275
2020-09-04,11.1,31.0,3.73,0.47308333333333336
2020-09-05,9.4,32.2,4.11,0.48170833333333335
2020-09-06,19.0,30.2,3.15,0.5000416666666666
2020-09-07,15.1,29.1,3.05,0.498875
2020-09-08,9.1,30.8,3.79,0.494375
2020-09-09,22.5,31.1,3.08,0.49579166666666663
2020-09-10,38.1,32.0,3.53,0.49875
2020-09-11,19.5,31.2,2.84,0.4984166666666667
2020-09-12,14.8,31.0,2.97,0.4945833333333333
2020-09-13,12.9,30.0,3.2,0.5011249999999999
2020-09-14,9.5,28.5,1.7,0.503625
2020-09-15,14.5,30.6,3.35,0.5037916666666666
2020-09-16,10.0,30.3,3.12,0.49745833333333334
2020-09-17,21.4,28.2,2.82,0.505625
2020-09-18,38.8,26.7,1.42,0.5117083333333333
2020-09-19,20.4,29.7,2.04,0.5042916666666667
2020-09-20,6.7,30.3,3.0,0.488
2020-09-21,5.1,31.8,4.32,0.46529166666666666
2020-09-22,20.1,31.0,3.25,0.484875
2020-09-23,11.0,31.3,3.05,0.49774999999999997
2020-09-24,4.4,31.5,3.72,0.4975
2020-09-25,0.8,32.0,4.28,0.47879166666666667
2020-09-26,3.7,29.3,2.22,0.47854166666666664
2020-09-27,85.5,26.9,1.11,0.5007083333333333
2020-09-28,37.0,26.8,1.11,0.5059583333333334
2020-09-29,0.1,30.9,4.19,0.48220833333333335
2020-09-30,1.7,30.8,3.94,0.474625
2020-10-01,7.9,29.8,3.29,0.49654166666666666
2020-10-02,29.2,27.8,2.01,0.506625
2020-10-03,11.0,29.4,3.12,0.5042916666666667
2020-10-04,13.1,30.0,3.23,0.5031666666666667
2020-10-05,19.8,30.7,2.7,0.5025416666666667
2020-10-06,5.8,29.2,2.0,0.5028750000000001
2020-10-07,7.9,28.6,2.26,0.5035416666666667
2020-10-08,6.4,29.1,2.96,0.5009583333333333
2020-10-09,16.1,28.1,2.02,0.5079166666666667
2020-10-10,24.8,26.1,0.89,0.5094166666666667
2020-10-11,12.4,27.9,1.98,0.5052083333333334
2020-10-12,31.4,27.8,1.9,0.5103333333333334
2020-10-13,74.6,26.4,0.99,0.5150833333333333
2020-10-14,21.5,28.7,2.17,0.5096666666666666
2020-10-15,16.7,27.7,2.09,0.5095416666666667
2020-10-16,17.7,26.9,1.31,0.5095416666666667
2020-10-17,6.4,29.4,2.35,0.5016666666666666
2020-10-18,9.6,28.2,1.54,0.508
2020-10-19,6.5,30.4,3.64,0.501
2020-10-20,3.9,30.8,3.35,0.4855833333333333
2020-10-21,23.5,30.2,3.33,0.5031666666666667
2020-10-22,96.2,29.1,2.14,0.5119166666666667
2020-10-23,16.4,28.4,1.59,0.5121666666666667
2020-10-24,9.4,30.0,2.6,0.5044583333333333
2020-10-25,9.1,30.3,2.83,0.4985833333333333
2020-10-26,1.8,29.9,3.44,0.49254166666666666
2020-10-27,0.1,30.8,4.51,0.47620833333333334
2020-10-28,9.5,29.0,2.9,0.4827083333333333
2020-10-29,21.5,28.4,2.32,0.497875
2020-10-30,3.8,31.2,3.88,0.496375
2020-10-31,4.6,31.3,3.59,0.48895833333333333
2020-11-01,25.7,31.3,3.61,0.5001666666666666
2020-11-02,3.8,27.9,1.92,0.502
2020-11-03,3.3,29.6,3.29,0.49016666666666664
2020-11-04,70.2,30.2,2.63,0.49524999999999997
2020-11-05,6.5,30.1,3.27,0.49141666666666667
2020-11-06,3.1,29.8,3.02,0.48404166666666665
2020-11-07,8.1,30.8,3.85,0.49137499999999995
2020-11-08,7.5,29.6,2.84,0.49574999999999997
2020-11-09,0.0,30.7,4.27,0.475125
2020-11-10,0.0,29.9,3.5,0.44775000000000004
2020-11-11,19.4,26.4,1.67,0.481125
2020-11-12,1.9,30.3,3.86,0.480625
2020-11-13,3.1,30.2,2.98,0.47333333333333333
2020-11-14,0.1,31.1,4.22,0.464625
2020-11-15,0.2,31.3,4.34,0.4327083333333333
2020-11-16,3.2,30.4,3.32,0.43054166666666666
2020-11-17,1.2,31.6,4.43,0.42554166666666665
2020-11-18,0.7,30.8,3.93,0.42091666666666666
2020-11-19,9.2,30.9,3.12,0.45691666666666664
2020-11-20,6.5,30.1,2.95,0.467
2020-11-21,10.1,30.8,3.15,0.48008333333333336
2020-11-22,4.4,30.5,3.19,0.4812916666666667
2020-11-23,11.6,31.0,3.1,0.4852916666666667
2020-11-24,0.7,30.9,4.01,0.4809583333333333
2020-11-25,0.6,30.2,4.22,0.46470833333333333
2020-11-26,4.3,28.6,3.02,0.4635416666666667
2020-11-27,1.3,30.5,4.45,0.4524166666666667
2020-11-28,1.7,30.9,3.98,0.43425
2020-11-29,9.2,29.3,2.85,0.4602916666666667
2020-11-30,9.7,28.2,2.09,0.482
2020-12-01,25.0,27.4,1.85,0.503625
2020-12-02,1.4,28.5,3.32,0.49304166666666666
2020-12-03,0.0,30.4,4.45,0.46825
2020-12-04,0.0,28.9,4.31,0.44887499999999997
2020-12-05,0.3,29.4,3.84,0.4322916666666667
2020-12-06,0.0,29.8,4.35,0.4245833333333333
2020-12-07,0.2,29.0,3.05,0.41324999999999995
2020-12-08,0.9,28.4,2.48,0.4087083333333333
2020-12-09,0.1,29.4,3.02,0.40841666666666665
2020-12-10,1.8,30.2,3.37,0.4019166666666667
2020-12-11,16.7,28.4,1.86,0.44625000000000004
2020-12-12,6.5,30.5,3.63,0.4495416666666667
2020-12-13,8.9,30.4,3.59,0.46620833333333334
2020-12-14,4.9,29.6,3.15,0.470875
2020-12-15,5.8,29.6,3.35,0.47475
2020-12-16,3.1,30.6,3.56,0.46445833333333336
2020-12-17,1.4,30.2,3.27,0.4584166666666667
2020-12-18,3.6,29.5,2.99,0.4515
2020-12-19,5.6,29.1,2.51,0.4567083333333333
2020-12-20,0.1,28.7,4.36,0.4322916666666667
2020-12-21,0.0,28.9,4.85,0.40245833333333336
2020-12-22,6.8,24.0,1.9,0.42250000000000004
2020-12-23,40.5,23.4,0.97,0.49266666666666664
2020-12-24,8.6,29.0,3.1,0.502125
2020-12-25,0.2,30.0,4.16,0.47537499999999994
2020-12-26,1.3,29.0,3.65,0.46104166666666674
2020-12-27,2.0,30.5,3.76,0.4495833333333334
2020-12-28,0.0,29.6,3.68,0.43929166666666664
2020-12-29,1.5,29.7,2.96,0.42375
2020-12-30,37.8,29.1,2.47,0.45849999999999996
2020-12-31,0.4,28.0,3.47,0.4756666666666667
2021-01-01,0.0,27.9,3.53,0.4525416666666667
2021-01-02,0.1,27.8,3.68,0.439
2021-01-03,0.1,28.8,2.98,0.4222916666666667
2021-01-04,4.9,29.4,3.48,0.42216666666666663
2021-01-05,3.8,27.7,2.21,0.4520416666666667
2021-01-06,1.5,28.5,2.48,0.445875
2021-01-07,0.6,30.3,4.69,0.42758333333333337
2021-01-08,0.5,30.5,4.39,0.4049583333333333
2021-01-09,0.3,29.4,3.93,0.39079166666666665
2021-01-10,0.0,29.6,3.68,0.3785833333333333
2021-01-11,0.1,29.6,3.72,0.3678333333333333
2021-01-12,0.0,27.2,3.32,0.35741666666666666
2021-01-13,0.0,26.6,3.01,0.3466666666666667
2021-01-14,0.0,29.2,4.09,0.33745833333333336
2021-01-15,0.0,28.8,3.85,0.3305
2021-01-16,0.0,29.7,3.99,0.3249166666666667
2021-01-17,0.3,28.9,3.9,0.31858333333333333
2021-01-18,0.0,28.9,4.27,0.31620833333333337
2021-01-19,0.0,28.7,3.74,0.30995833333333334
2021-01-20,0.2,29.5,3.78,0.3087083333333333
2021-01-21,0.2,29.4,3.41,0.308875
2021-01-22,16.2,28.8,2.22,0.3817916666666667
2021-01-23,0.6,29.4,3.81,0.44212500000000005
2021-01-24,0.0,29.8,4.18,0.4098333333333333
2021-01-25,1.8,28.8,3.28,0.392625
2021-01-26,0.0,30.8,4.53,0.3786666666666667
2021-01-27,0.5,30.8,4.92,0.35904166666666665
2021-01-28,1.1,29.3,4.0,0.34991666666666665
2021-01-29,0.0,30.5,4.59,0.3405416666666667
2021-01-30,0.0,30.9,4.64,0.32625
2021-01-31,0.0,30.3,4.38,0.31875000000000003
2021-02-01,1.5,31.2,4.43,0.31554166666666666
2021-02-02,0.1,29.4,4.07,0.31216666666666665
2021-02-03,0.3,30.3,4.1,0.3084166666666667
2021-02-04,0.0,31.3,4.77,0.3095833333333333
2021-02-05,1.8,29.9,4.11,0.31066666666666665
2021-02-06,2.1,30.7,4.51,0.3154166666666667
2021-02-07,2.1,30.2,4.14,0.32025
2021-02-08,0.1,31.1,4.99,0.31654166666666667
2021-02-09,0.0,31.1,4.69,0.3095833333333333
2021-02-10,2.3,30.1,3.82,0.30741666666666667
2021-02-11,5.7,30.3,3.59,0.31725
2021-02-12,2.1,29.9,4.15,0.325375
2021-02-13,1.3,28.0,3.71,0.32758333333333334
2021-02-14,0.2,29.6,4.32,0.32479166666666665
2021-02-15,0.0,30.0,4.72,0.3150833333333333
2021-02-16,0.1,28.4,3.99,0.30791666666666667
2021-02-17,0.0,30.3,4.85,0.302625
2021-02-18,0.0,31.7,6.05,0.2965
2021-02-19,0.1,30.7,5.07,0.29454166666666665
2021-02-20,0.0,30.8,5.97,0.29041666666666666
2021-02-21,0.0,31.5,5.02,0.2865833333333333
2021-02-22,0.1,31.2,4.47,0.28524999999999995
2021-02-23,0.7,31.2,4.37,0.2849583333333333
2021-02-24,0.0,31.9,4.68,0.28029166666666666
2021-02-25,1.1,33.2,4.52,0.27958333333333335
2021-02-26,1.8,31.9,4.62,0.2907083333333333
2021-02-27,0.2,33.0,4.67,0.29462499999999997
2021-02-28,0.6,32.7,5.18,0.28962499999999997
2021-03-01,0.2,33.0,5.0,0.2836666666666667
2021-03-02,0.1,33.4,5.09,0.281
2021-03-03,0.0,32.8,6.16,0.283375
2021-03-04,0.0,33.4,6.26,0.2779166666666667
2021-03-05,0.0,32.5,5.84,0.27508333333333335
2021-03-06,0.0,33.8,5.96,0.2731666666666667
2021-03-07,0.0,32.9,5.56,0.2738333333333334
2021-03-08,0.1,33.6,5.84,0.27729166666666666
2021-03-09,0.4,32.8,5.52,0.27587500000000004
2021-03-10,0.7,33.1,5.48,0.27716666666666673
2021-03-11,0.3,33.3,5.52,0.27558333333333335
2021-03-12,0.9,33.5,5.93,0.27895833333333336
2021-03-13,0.2,33.5,5.8,0.28241666666666665
2021-03-14,0.2,32.3,5.5,0.2805416666666667
2021-03-15,0.0,32.5,5.48,0.28125
2021-03-16,0.1,33.2,5.58,0.282375
2021-03-17,0.0,33.2,5.45,0.281625
2021-03-18,0.0,33.3,5.03,0.28158333333333335
2021-03-19,0.0,33.6,5.51,0.2777083333333334
2021-03-20,0.9,34.0,5.22,0.2783333333333334
2021-03-21,1.9,35.2,5.17,0.278375
2021-03-22,1.7,35.6,6.83,0.2841666666666667
2021-03-23,0.0,35.0,6.68,0.27929166666666666
2021-03-24,0.6,34.6,6.12,0.289
2021-03-25,0.5,34.0,5.75,0.28904166666666664
2021-03-26,0.0,34.1,5.81,0.2894583333333333
2021-03-27,0.9,32.7,4.98,0.2874583333333333
2021-03-28,1.7,33.6,5.07,0.29291666666666666
2021-03-29,1.4,34.7,5.11,0.29424999999999996
2021-03-30,0.0,35.9,5.41,0.29075
2021-03-31,0.1,36.5,5.77,0.286375
2021-04-01,0.3,35.7,5.4,0.28150000000000003
2021-04-02,0.8,35.7,5.34,0.280625
2021-04-03,6.5,33.9,3.93,0.3065833333333333
2021-04-04,8.4,31.9,4.38,0.39625
2021-04-05,1.1,32.6,5.02,0.42754166666666665
2021-04-06,0.8,33.3,5.97,0.388125
2021-04-07,0.1,33.5,5.79,0.3655
2021-04-08,2.8,32.1,4.16,0.34800000000000003
2021-04-09,19.0,34.0,3.96,0.40324999999999994
2021-04-10,0.8,32.7,5.23,0.44237499999999996
2021-04-11,0.2,32.3,5.06,0.40791666666666665
2021-04-12,0.3,33.1,5.25,0.38162500000000005
2021-04-13,0.7,33.2,4.85,0.368125
2021-04-14,5.4,32.7,4.05,0.41370833333333334
2021-04-15,22.5,33.0,3.96,0.45108333333333334
2021-04-16,12.2,32.1,3.39,0.4681666666666667
2021-04-17,5.0,32.2,4.17,0.46858333333333335
2021-04-18,15.6,31.4,3.34,0.4759166666666667
2021-04-19,10.8,30.9,3.35,0.4807916666666667
2021-04-20,1.1,32.3,4.59,0.456375
2021-04-21,3.5,32.1,3.92,0.43533333333333335
2021-04-22,9.4,31.5,3.22,0.44708333333333333
2021-04-23,11.3,30.2,2.13,0.4856666666666667
2021-04-24,12.1,32.2,3.8,0.48924999999999996
2021-04-25,5.6,31.4,3.98,0.48183333333333334
2021-04-26,5.3,32.2,4.03,0.4779166666666667
2021-04-27,13.3,30.4,3.37,0.486
2021-04-28,4.2,30.6,3.86,0.491625
2021-04-29,4.0,31.9,4.2,0.48662500000000003
2021-04-30,4.6,31.5,4.44,0.47812499999999997
2021-05-01,4.6,31.1,4.15,0.48091666666666666
2021-05-02,3.2,32.8,5.04,0.47245833333333337
2021-05-03,0.0,33.4,5.85,0.43979166666666664
2021-05-04,6.9,33.1,4.36,0.4322916666666667
2021-05-05,4.3,33.0,4.72,0.44658333333333333
2021-05-06,12.7,31.6,4.05,0.46116666666666667
2021-05-07,3.1,31.0,4.04,0.4679166666666667
2021-05-08,1.6,30.9,3.75,0.447375
2021-05-09,5.6,32.8,4.41,0.452625
2021-05-10,1.8,32.7,4.63,0.435875
2021-05-11,2.4,33.2,4.76,0.4287083333333333
2021-05-12,4.8,33.4,4.39,0.42641666666666667
2021-05-13,5.1,33.4,4.4,0.43741666666666673
2021-05-14,3.7,33.0,4.17,0.4070416666666667
2021-05-15,5.8,32.3,3.61,0.43845833333333334
2021-05-16,4.8,32.2,4.36,0.44579166666666664
2021-05-17,8.1,33.2,4.01,0.44845833333333335
2021-05-18,15.3,32.2,3.16,0.4832916666666667
2021-05-19,17.3,31.5,3.58,0.4842916666666666
2021-05-20,21.1,31.1,3.47,0.49937499999999996
2021-05-21,8.1,30.3,3.19,0.4887916666666667
2021-05-22,14.4,27.6,1.71,0.49625
2021-05-23,13.7,29.4,2.51,0.5028750000000001
2021-05-24,9.8,29.4,2.2,0.501875
2021-05-25,4.8,31.1,2.98,0.48995833333333333
2021-05-26,29.5,28.1,1.54,0.5135416666666667
2021-05-27,6.4,28.6,1.91,0.5042916666666667
2021-05-28,9.3,31.1,2.92,0.5019166666666667
2021-05-29,5.1,31.8,3.79,0.48741666666666666
2021-05-30,5.6,32.5,4.01,0.48512500000000003
2021-05-31,0.5,32.8,4.66,0.47425
2021-06-01,3.6,32.9,4.52,0.4722916666666666
2021-06-02,7.6,32.5,3.85,0.4716666666666667
2021-06-03,5.3,32.0,4.02,0.48208333333333336
2021-06-04,0.4,32.7,4.53,0.46075
2021-06-05,9.6,31.2,3.73,0.47625
2021-06-06,10.8,30.0,2.99,0.499875
2021-06-07,7.1,30.9,3.64,0.49404166666666666
2021-06-08,15.5,28.4,1.9,0.49895833333333334
2021-06-09,5.0,31.0,3.36,0.48583333333333334
2021-06-10,12.3,29.7,2.35,0.4974166666666667
2021-06-11,14.8,31.2,3.39,0.494125
2021-06-12,10.6,31.2,3.72,0.49933333333333335
2021-06-13,4.0,29.8,2.82,0.4919166666666666
2021-06-14,1.7,32.1,4.78,0.47208333333333335
2021-06-15,5.2,30.2,3.26,0.48041666666666666
2021-06-16,11.0,29.3,2.83,0.4940833333333334
2021-06-17,6.9,31.2,3.94,0.49025
2021-06-18,1.8,31.4,4.4,0.48441666666666666
2021-06-19,7.4,30.2,3.79,0.48566666666666664
2021-06-20,12.0,31.1,3.73,0.4897916666666666
2021-06-21,7.9,30.8,4.08,0.49333333333333335
2021-06-22,15.9,31.3,3.29,0.4984166666666667
2021-06-23,11.8,29.9,3.56,0.5009166666666667
2021-06-24,1.5,31.2,4.51,0.47670833333333335
2021-06-25,2.0,30.5,4.33,0.45704166666666673
2021-06-26,1.7,30.8,3.74,0.44258333333333333
2021-06-27,9.5,32.2,4.36,0.458625
2021-06-28,2.5,31.7,4.13,0.44045833333333334
2021-06-29,5.9,30.9,4.09,0.43816666666666665
2021-06-30,8.0,31.3,3.76,0.45199999999999996
2021-07-01,1.1,31.7,4.34,0.46125
2021-07-02,4.4,31.6,4.43,0.46658333333333335
2021-07-03,0.4,32.2,4.6,0.446
2021-07-04,1.7,32.3,4.43,0.44250000000000006
2021-07-05,11.6,29.0,2.7,0.475125
2021-07-06,11.9,29.6,2.77,0.4975
2021-07-07,16.7,27.1,1.31,0.5062083333333334
2021-07-08,26.3,30.4,2.56,0.5084583333333333
2021-07-09,14.8,27.2,1.39,0.5104166666666666
2021-07-10,11.8,31.1,3.05,0.504
2021-07-11,9.6,30.5,3.48,0.4891666666666667
2021-07-12,19.0,30.3,3.15,0.492375
2021-07-13,21.1,30.4,3.06,0.49733333333333335
2021-07-14,13.8,29.5,3.23,0.5006666666666667
2021-07-15,12.6,28.5,2.11,0.502625
2021-07-16,0.5,31.6,4.54,0.482625
2021-07-17,0.1,31.9,5.08,0.457
2021-07-18,5.5,30.0,2.89,0.46979166666666666
2021-07-19,1.9,30.1,2.65,0.4799583333333333
2021-07-20,0.1,31.3,4.05,0.46166666666666667
2021-07-21,11.2,30.1,3.42,0.473625
2021-07-22,0.2,31.5,4.13,0.455125
2021-07-23,0.6,31.4,4.19,0.442625
2021-07-24,2.0,31.2,4.0,0.45129166666666665
2021-07-25,9.7,30.4,3.58,0.46808333333333335
2021-07-26,3.8,30.7,4.3,0.46929166666666666
2021-07-27,2.4,31.2,4.57,0.460625
2021-07-28,11.9,29.8,3.78,0.48141666666666666
2021-07-29,24.1,29.0,2.58,0.5042916666666667
2021-07-30,20.9,28.2,1.91,0.5070833333333333
2021-07-31,3.2,31.8,4.59,0.484
2021-08-01,9.6,29.8,3.28,0.4932916666666667
2021-08-02,7.1,29.5,3.13,0.5012916666666667
2021-08-03,1.5,30.5,4.25,0.4868333333333333
2021-08-04,0.9,31.1,4.46,0.47300000000000003
2021-08-05,6.9,29.7,3.62,0.47875
2021-08-06,0.5,31.7,5.11,0.45725
2021-08-07,5.6,31.0,4.26,0.45683333333333337
2021-08-08,1.2,31.1,4.4,0.4270833333333333
2021-08-09,1.0,31.6,4.72,0.42487499999999995
2021-08-10,8.4,30.7,3.41,0.4435833333333334
2021-08-11,15.2,31.2,3.38,0.476375
2021-08-12,12.3,30.2,2.71,0.4890833333333333
2021-08-13,11.5,30.4,2.87,0.4965833333333333
2021-08-14,4.6,29.6,3.0,0.4857916666666667
2021-08-15,7.3,30.0,2.49,0.4782916666666667
2021-08-16,9.6,31.3,3.84,0.49054166666666665
2021-08-17,18.6,31.4,3.39,0.49441666666666667
2021-08-18,10.8,31.0,3.57,0.49675
2021-08-19,9.5,28.9,2.95,0.50175
2021-08-20,14.1,29.8,2.82,0.4989166666666667
2021-08-21,12.5,31.5,3.87,0.497625
2021-08-22,10.5,29.9,3.67,0.4999166666666666
2021-08-23,12.1,28.3,2.26,0.5008750000000001
2021-08-24,21.1,29.5,2.82,0.5037083333333333
2021-08-25,21.7,26.2,1.31,0.5104166666666666
2021-08-26,21.8,26.7,1.3,0.5048750000000001
2021-08-27,5.5,30.4,3.24,0.4940833333333334
2021-08-28,8.3,29.7,3.0,0.49491666666666667
2021-08-29,8.4,29.2,2.35,0.4915416666666667
2021-08-30,3.6,28.5,2.32,0.49745833333333334
2021-08-31,6.4,30.5,2.95,0.4964583333333333
2021-09-01,8.6,29.8,3.57,0.49733333333333335
2021-09-02,22.3,30.6,3.47,0.4971666666666667
2021-09-03,9.0,27.8,2.47,0.5044583333333333
2021-09-04,6.6,28.6,2.69,0.49499999999999994
2021-09-05,9.3,28.9,3.01,0.48537499999999995
2021-09-06,2.0,30.7,4.29,0.4668333333333334
2021-09-07,9.5,29.2,3.4,0.47291666666666665
2021-09-08,13.0,29.5,3.41,0.4979166666666666
2021-09-09,53.8,29.9,2.8,0.5069166666666667
2021-09-10,9.4,29.5,2.72,0.5024583333333333
2021-09-11,2.9,29.4,2.98,0.49133333333333334
2021-09-12,6.6,29.1,3.23,0.49629166666666663
2021-09-13,22.4,27.1,1.81,0.5042916666666667
2021-09-14,38.9,26.6,1.27,0.511875
2021-09-15,9.2,29.4,3.61,0.495625
2021-09-16,3.2,31.4,4.11,0.476375
2021-09-17,6.0,31.0,3.45,0.480375
2021-09-18,9.8,31.8,3.67,0.494125
2021-09-19,18.4,28.0,2.23,0.50225
2021-09-20,13.8,29.6,2.83,0.5018333333333334
2021-09-21,13.8,29.4,2.64,0.49625
2021-09-22,11.0,29.2,3.18,0.499625
2021-09-23,0.3,30.8,3.12,0.4851666666666667
2021-09-24,10.7,29.6,2.72,0.49475
2021-09-25,6.1,28.0,2.43,0.49875
2021-09-26,12.8,30.8,3.04,0.495875
2021-09-27,9.7,31.2,3.81,0.4992916666666667
2021-09-28,11.8,31.1,3.31,0.5021666666666667
2021-09-29,8.8,31.1,3.92,0.4975416666666667
2021-09-30,10.2,31.6,3.51,0.4964583333333333
2021-10-01,24.9,31.9,3.3,0.4945
2021-10-02,10.1,27.9,1.81,0.5071666666666667
2021-10-03,11.5,28.5,2.03,0.49983333333333335
2021-10-04,21.2,29.5,3.04,0.5005000000000001
2021-10-05,15.8,27.6,1.83,0.5070416666666667
2021-10-06,10.9,28.1,1.86,0.506125
2021-10-07,18.1,28.0,2.87,0.49854166666666666
2021-10-08,6.5,30.2,3.39,0.5019583333333334
2021-10-09,1.5,31.0,4.4,0.48866666666666664
2021-10-10,0.7,31.1,4.61,0.47179166666666666
2021-10-11,7.0,29.3,2.73,0.48020833333333335
2021-10-12,17.5,28.7,3.04,0.49499999999999994
2021-10-13,1.1,30.9,4.42,0.47737499999999994
2021-10-14,4.7,31.6,4.51,0.4811666666666667
2021-10-15,14.3,30.5,2.52,0.4876666666666667
2021-10-16,15.8,30.7,2.49,0.502625
2021-10-17,16.2,28.6,2.23,0.502
2021-10-18,1.3,31.5,3.84,0.4902916666666666
2021-10-19,3.3,31.9,3.65,0.48866666666666664
2021-10-20,19.6,29.2,2.49,0.5001666666666666
2021-10-21,19.7,30.6,3.37,0.500375
2021-10-22,9.1,30.7,3.67,0.4952916666666667
2021-10-23,15.5,30.3,3.21,0.500625
2021-10-24,1.5,31.0,3.84,0.486
2021-10-25,8.1,31.1,3.7,0.48025
2021-10-26,0.0,31.2,3.76,0.4575
2021-10-27,6.8,30.7,3.21,0.45691666666666664
2021-10-28,5.3,31.6,4.32,0.4721666666666667
2021-10-29,3.7,30.6,4.17,0.46879166666666666
2021-10-30,14.2,30.3,2.89,0.4837916666666666
2021-10-31,11.7,29.2,3.29,0.4930833333333333
2021-11-01,10.1,31.5,4.16,0.48854166666666665
2021-11-02,0.2,31.5,4.73,0.4712083333333333
2021-11-03,3.6,30.4,2.72,0.47104166666666664
2021-11-04,4.3,30.3,3.71,0.4882916666666666
2021-11-05,2.4,31.7,3.93,0.472875
2021-11-06,7.9,30.0,3.1,0.48616666666666664
2021-11-07,1.2,31.7,4.04,0.48291666666666666
2021-11-08,7.1,30.4,3.38,0.49295833333333333
2021-11-09,19.2,29.3,2.41,0.4974166666666667
2021-11-10,19.5,30.1,2.38,0.5083333333333333
2021-11-11,48.8,25.6,0.88,0.510125
2021-11-12,27.2,27.2,1.43,0.5051249999999999
2021-11-13,20.1,29.7,2.53,0.5015833333333334
2021-11-14,45.5,27.9,1.81,0.505625
2021-11-15,9.6,29.2,2.32,0.49937499999999996
2021-11-16,10.1,27.4,2.12,0.5047916666666666
2021-11-17,13.1,29.5,2.59,0.5004583333333333
2021-11-18,18.9,29.0,2.49,0.5025000000000001
2021-11-19,4.4,30.2,3.56,0.495875
2021-11-20,5.5,31.1,3.13,0.49133333333333334
2021-11-21,22.2,30.6,2.9,0.5022916666666667
2021-11-22,16.9,29.4,2.82,0.4985
2021-11-23,2.2,30.6,4.44,0.48324999999999996
2021-11-24,16.3,30.1,3.25,0.48662500000000003
2021-11-25,7.7,30.0,2.43,0.49537499999999995
2021-11-26,4.7,28.9,2.27,0.48654166666666665
2021-11-27,2.4,27.8,2.29,0.4879166666666666
2021-11-28,9.7,29.0,3.0,0.47433333333333333
2021-11-29,40.8,27.0,1.5,0.509
2021-11-30,11.7,28.9,2.36,0.5015833333333334
2021-12-01,1.8,30.0,3.87,0.4895833333333333
2021-12-02,0.0,30.3,4.09,0.4683333333333333
2021-12-03,0.0,28.2,2.68,0.4544166666666667
2021-12-04,0.0,28.5,3.86,0.4424166666666667
2021-12-05,0.0,28.1,4.28,0.43083333333333335
2021-12-06,0.0,29.6,4.26,0.4154166666666667
2021-12-07,2.4,28.5,3.33,0.40620833333333334
2021-12-08,0.0,30.2,4.18,0.4048333333333333
2021-12-09,4.3,29.7,3.14,0.4059166666666667
2021-12-10,0.2,30.5,4.2,0.40958333333333335
2021-12-11,0.1,30.5,3.59,0.39329166666666665
2021-12-12,0.5,30.8,4.17,0.3797083333333333
2021-12-13,2.1,30.2,3.49,0.3625833333333333
2021-12-14,1.7,30.3,3.59,0.35520833333333335
2021-12-15,0.3,30.2,3.13,0.36004166666666665
2021-12-16,2.2,31.4,3.78,0.35575
2021-12-17,0.1,31.1,4.69,0.359875
2021-12-18,0.4,31.4,3.95,0.34908333333333336
2021-12-19,0.0,29.7,4.08,0.33570833333333333
2021-12-20,0.0,29.8,3.79,0.32075000000000004
2021-12-21,0.0,31.6,4.24,0.3089166666666667
2021-12-22,10.0,29.1,2.46,0.35158333333333336
2021-12-23,5.5,28.9,2.93,0.47341666666666665
2021-12-24,0.1,29.7,3.82,0.4648333333333334
2021-12-25,0.0,30.4,4.33,0.4422916666666667
2021-12-26,0.5,31.5,4.26,0.4186666666666667
2021-12-27,3.2,30.3,3.05,0.41450000000000004
2021-12-28,0.6,31.1,4.51,0.41208333333333336
2021-12-29,1.2,30.3,4.66,0.40066666666666667
2021-12-30,0.0,31.5,5.28,0.3867083333333334
2021-12-31,0.0,31.1,4.95,0.36125
2022-01-01,0.1,30.9,3.41,0.3424583333333333
2022-01-02,0.7,32.1,5.16,0.3262083333333334
2022-01-03,1.4,31.1,4.77,0.318
2022-01-04,1.1,32.4,4.81,0.31116666666666665
2022-01-05,4.1,31.8,3.71,0.3255
2022-01-06,1.1,30.8,3.42,0.37804166666666666
2022-01-07,0.7,31.4,5.02,0.36995833333333333
2022-01-08,1.3,31.7,4.38,0.348875
2022-01-09,0.1,32.2,4.36,0.3365833333333333
2022-01-10,0.7,31.6,4.33,0.3245416666666667
2022-01-11,1.1,30.8,4.33,0.3182916666666667
2022-01-12,0.0,31.5,4.99,0.3155
2022-01-13,0.0,30.9,4.74,0.3005
2022-01-14,0.0,31.9,5.2,0.291
2022-01-15,0.0,32.3,5.14,0.28229166666666666
2022-01-16,0.0,32.6,5.1,0.2758333333333334
2022-01-17,0.2,32.8,4.92,0.2727083333333334
2022-01-18,0.0,32.6,5.4,0.27695833333333336
2022-01-19,1.1,31.6,4.24,0.2863333333333334
2022-01-20,0.4,31.5,4.95,0.3084166666666667
2022-01-21,1.2,31.5,4.91,0.3075
2022-01-22,0.0,31.8,4.23,0.30383333333333334
2022-01-23,1.9,30.9,4.14,0.30416666666666664
2022-01-24,0.0,33.1,4.51,0.304375
2022-01-25,1.5,32.6,4.11,0.30266666666666664
2022-01-26,0.6,32.2,4.56,0.3060833333333333
2022-01-27,1.0,31.7,4.51,0.305
2022-01-28,2.2,31.3,3.91,0.307375
2022-01-29,0.3,32.5,4.47,0.30845833333333333
2022-01-30,2.6,32.1,4.08,0.31279166666666663
2022-01-31,0.0,32.8,5.07,0.33216666666666667
2022-02-01,2.6,30.8,4.32,0.33058333333333334
2022-02-02,0.2,32.5,5.46,0.32783333333333337
2022-02-03,0.0,32.7,5.28,0.3137083333333333
2022-02-04,0.2,33.1,6.05,0.30483333333333335
2022-02-05,0.0,33.8,6.63,0.296375
2022-02-06,0.5,34.1,5.95,0.28975
2022-02-07,4.5,33.3,5.38,0.2965833333333333
2022-02-08,6.0,32.9,4.88,0.30141666666666667
2022-02-09,0.2,33.4,5.66,0.29416666666666663
2022-02-10,0.2,33.6,5.43,0.28854166666666664
2022-02-11,0.6,33.5,5.61,0.2895
2022-02-12,0.6,30.9,4.31,0.29362499999999997
2022-02-13,0.9,32.1,4.9,0.3016666666666667
2022-02-14,1.2,32.2,5.3,0.29816666666666664
2022-02-15,1.4,32.8,5.39,0.29775
2022-02-16,0.7,31.8,5.0,0.30124999999999996
2022-02-17,2.0,33.0,5.27,0.30341666666666667
2022-02-18,0.0,33.6,5.2,0.311625
2022-02-19,0.9,34.8,5.24,0.3025
2022-02-20,1.7,33.6,4.48,0.3027916666666666
2022-02-21,12.5,32.2,4.2,0.3454166666666667
2022-02-22,2.2,33.5,4.24,0.3324166666666667
2022-02-23,8.2,31.9,3.72,0.3660833333333333
2022-02-24,3.0,31.2,3.4,0.399875
2022-02-25,0.5,30.9,4.7,0.36354166666666665
2022-02-26,0.0,33.1,6.26,0.34175
2022-02-27,0.1,33.2,6.53,0.32279166666666664
2022-02-28,0.1,33.0,5.97,0.31095833333333334
2022-03-01,0.0,34.3,6.28,0.30633333333333335
2022-03-02,2.1,32.4,5.13,0.3102916666666667
2022-03-03,1.7,33.8,5.42,0.32583333333333336
2022-03-04,0.4,33.9,5.36,0.317875
2022-03-05,6.3,33.4,3.66,0.3325416666666667
2022-03-06,0.3,32.7,5.28,0.3262083333333334
2022-03-07,2.4,33.2,4.86,0.328875
2022-03-08,0.0,33.6,6.26,0.3469583333333333
2022-03-09,0.2,32.5,5.63,0.32695833333333335
2022-03-10,0.0,31.0,4.36,0.31745833333333334
2022-03-11,0.4,32.5,4.75,0.31045833333333334
2022-03-12,2.5,32.9,4.05,0.307875
2022-03-13,1.2,33.0,5.18,0.3147083333333333
2022-03-14,0.5,33.9,5.34,0.31
2022-03-15,0.6,33.5,5.44,0.30316666666666664
2022-03-16,2.5,33.0,4.67,0.3077083333333333
2022-03-17,0.4,33.6,5.35,0.3182916666666667
2022-03-18,4.5,34.7,4.34,0.32679166666666665
2022-03-19,0.0,35.5,5.79,0.343375
2022-03-20,1.9,34.2,5.32,0.32858333333333334
2022-03-21,9.8,34.0,4.32,0.3737916666666667
2022-03-22,9.2,31.2,3.7,0.45737500000000003
2022-03-23,6.2,32.4,4.12,0.45091666666666663
2022-03-24,0.4,32.9,5.27,0.42533333333333334
2022-03-25,1.2,32.0,4.73,0.39841666666666664
2022-03-26,1.0,33.9,5.29,0.39891666666666664
2022-03-27,2.1,33.8,4.11,0.38025
2022-03-28,3.2,34.9,4.73,0.3785833333333333
2022-03-29,4.2,31.8,4.44,0.40650000000000003
2022-03-30,4.4,33.3,4.31,0.43016666666666664
2022-03-31,6.2,30.5,2.76,0.4543333333333333
2022-04-01,32.8,32.3,3.37,0.48233333333333334
2022-04-02,14.1,30.7,4.27,0.4904583333333333
2022-04-03,4.1,32.5,4.73,0.48891666666666667
2022-04-04,13.5,29.6,3.42,0.48075
2022-04-05,4.5,31.1,4.57,0.47783333333333333
2022-04-06,6.7,32.7,4.15,0.46366666666666667
2022-04-07,18.7,31.0,2.91,0.46341666666666664
2022-04-08,22.8,29.9,3.28,0.47858333333333336
2022-04-09,2.4,31.3,3.93,0.46125
2022-04-10,7.1,31.8,4.05,0.4544166666666667
2022-04-11,3.6,31.3,4.13,0.4475
2022-04-12,4.2,32.0,4.3,0.45566666666666666
2022-04-13,2.7,33.2,4.53,0.43649999999999994
2022-04-14,3.0,33.1,4.68,0.425625
2022-04-15,2.9,34.5,4.29,0.4250833333333333
2022-04-16,13.3,32.6,3.52,0.46129166666666666
2022-04-17,0.3,32.7,5.27,0.4402083333333333
2022-04-18,3.8,32.0,4.3,0.429625
2022-04-19,8.6,33.2,5.06,0.449375
2022-04-20,4.5,32.2,4.65,0.441875
2022-04-21,3.3,32.2,4.73,0.41679166666666667
2022-04-22,2.0,33.5,5.16,0.3993333333333333
2022-04-23,6.0,33.3,4.6,0.41079166666666667
2022-04-24,2.0,33.2,4.4,0.40808333333333335
2022-04-25,1.2,33.1,5.1,0.39641666666666664
2022-04-26,2.8,33.6,4.38,0.3862916666666667
2022-04-27,0.8,34.5,5.24,0.39025
2022-04-28,6.2,33.6,4.15,0.40658333333333335
2022-04-29,28.0,30.0,2.21,0.4745
2022-04-30,2.1,32.2,4.47,0.4791666666666667
2022-05-01,10.8,32.5,3.47,0.47550000000000003
2022-05-02,21.1,32.3,3.42,0.4971666666666667
2022-05-03,11.2,31.1,3.35,0.4968333333333333
2022-05-04,14.3,31.0,3.27,0.49924999999999997
2022-05-05,6.0,31.6,3.92,0.4963333333333333
2022-05-06,2.1,31.6,4.17,0.48225
2022-05-07,1.0,32.0,5.08,0.47179166666666666
2022-05-08,5.6,30.7,4.09,0.4725
2022-05-09,9.0,31.2,4.05,0.48404166666666665
2022-05-10,5.2,33.4,4.2,0.47925
2022-05-11,10.3,33.4,4.22,0.472625
2022-05-12,14.3,32.2,3.16,0.4805
2022-05-13,0.4,32.6,4.58,0.4586666666666667
2022-05-14,1.9,32.9,4.18,0.44016666666666665
2022-05-15,2.2,33.3,4.47,0.4163333333333333
2022-05-16,10.8,31.2,3.51,0.44166666666666665
2022-05-17,12.6,30.7,3.67,0.47741666666666666
2022-05-18,8.5,30.0,2.82,0.48233333333333334
2022-05-19,11.6,30.1,2.83,0.49420833333333336
2022-05-20,9.4,32.1,4.4,0.488
2022-05-21,2.7,32.4,4.62,0.46308333333333335
2022-05-22,17.2,29.9,3.25,0.48583333333333334
2022-05-23,6.2,29.8,2.28,0.4987083333333333
2022-05-24,1.4,31.8,4.59,0.471875
2022-05-25,4.1,32.0,4.89,0.46425
2022-05-26,0.9,32.3,5.28,0.44325
2022-05-27,19.1,29.3,2.63,0.46962499999999996
2022-05-28,1.8,31.2,3.78,0.48675
2022-05-29,20.0,29.5,3.42,0.4947916666666667
2022-05-30,6.0,29.2,2.91,0.48137499999999994
2022-05-31,3.3,32.1,4.51,0.4658333333333333
2022-06-01,15.0,31.7,3.56,0.47658333333333336
2022-06-02,5.3,29.5,3.3,0.4902916666666666
2022-06-03,4.0,31.3,3.38,0.48933333333333334
2022-06-04,15.9,30.1,2.77,0.499625
2022-06-05,0.4,31.5,4.97,0.47812499999999997
2022-06-06,5.0,31.9,4.6,0.46495833333333336
2022-06-07,5.5,31.1,3.95,0.47670833333333335
2022-06-08,0.4,32.2,4.99,0.4519166666666667
2022-06-09,0.0,33.3,5.27,0.41887499999999994
2022-06-10,4.8,32.3,3.94,0.437375
2022-06-11,1.9,32.3,4.75,0.4575416666666667
2022-06-12,10.0,31.6,4.1,0.465125
2022-06-13,2.2,31.9,4.37,0.44554166666666667
2022-06-14,4.1,32.7,4.03,0.447375
2022-06-15,11.9,31.9,3.46,0.4755416666666667
2022-06-16,5.2,31.1,4.12,0.4741666666666666
2022-06-17,8.0,32.5,3.79,0.48025
2022-06-18,6.7,32.6,4.24,0.4835
2022-06-19,7.3,32.4,3.66,0.4782916666666666
2022-06-20,7.2,32.2,4.14,0.47979166666666667
2022-06-21,13.5,32.7,3.52,0.490875
2022-06-22,18.7,31.2,3.13,0.49462500000000004
2022-06-23,16.3,31.2,3.39,0.495625
2022-06-24,19.0,30.2,2.49,0.49745833333333334
2022-06-25,12.0,30.8,3.56,0.49266666666666664
2022-06-26,19.4,31.9,3.34,0.4922916666666666
2022-06-27,4.3,31.8,4.14,0.4867083333333333
2022-06-28,2.2,31.7,4.58,0.46937500000000004
2022-06-29,7.3,30.8,3.9,0.4624166666666667
2022-06-30,16.3,29.7,2.86,0.47608333333333336
2022-07-01,10.4,30.0,2.57,0.4814583333333333
2022-07-02,19.3,29.3,3.11,0.47541666666666665
2022-07-03,6.9,30.8,3.5,0.4735833333333333
2022-07-04,12.5,30.8,3.7,0.47633333333333333
2022-07-05,12.4,31.3,3.5,0.488375
2022-07-06,13.3,29.1,3.49,0.4917916666666667
2022-07-07,5.9,30.3,3.4,0.4925
2022-07-08,14.5,29.4,2.83,0.496375
2022-07-09,9.0,30.2,2.34,0.4995
2022-07-10,6.2,30.6,3.2,0.500625
2022-07-11,34.8,28.5,2.0,0.5075
2022-07-12,60.4,25.9,0.99,0.508375
2022-07-13,19.3,27.8,2.27,0.504125
2022-07-14,17.0,28.9,2.51,0.5035833333333334
2022-07-15,17.6,29.1,3.02,0.50375
2022-07-16,9.2,29.8,3.47,0.4947916666666667
2022-07-17,15.7,30.8,3.45,0.499125
2022-07-18,0.7,32.3,5.04,0.4800416666666667
2022-07-19,10.0,32.1,3.52,0.47387500000000005
2022-07-20,21.5,28.8,2.2,0.501875
2022-07-21,8.0,29.3,2.69,0.5000833333333333
2022-07-22,9.0,31.9,4.24,0.48983333333333334
2022-07-23,16.7,31.3,3.82,0.4939166666666666
2022-07-24,2.8,31.5,4.1,0.491625
2022-07-25,4.9,31.4,4.25,0.48862500000000003
2022-07-26,10.3,31.4,3.55,0.488375
2022-07-27,19.1,31.1,3.13,0.4971666666666667
2022-07-28,8.0,31.7,3.91,0.49491666666666667
2022-07-29,10.6,31.4,4.29,0.49537499999999995
2022-07-30,8.7,31.1,4.02,0.4944583333333333
2022-07-31,5.9,31.6,3.7,0.49545833333333333
2022-08-01,6.4,27.8,1.88,0.4992916666666667
2022-08-02,1.9,31.5,4.46,0.48641666666666666
2022-08-03,11.9,31.0,3.88,0.4885833333333333
2022-08-04,11.4,30.6,3.24,0.5
2022-08-05,1.7,31.1,4.28,0.486
2022-08-06,14.6,26.9,1.92,0.494875
2022-08-07,6.1,30.1,3.32,0.491625
2022-08-08,0.3,30.1,2.42,0.4761666666666666
2022-08-09,4.3,30.3,3.65,0.48995833333333333
2022-08-10,4.1,30.3,4.14,0.48945833333333333
2022-08-11,24.2,29.8,2.4,0.49004166666666665
2022-08-12,1.2,31.6,4.71,0.4745833333333333
2022-08-13,2.8,31.9,4.62,0.46854166666666663
2022-08-14,0.0,31.9,5.17,0.45787500000000003
2022-08-15,0.9,30.8,3.63,0.4407083333333333
2022-08-16,8.2,30.5,3.93,0.46737500000000004
2022-08-17,5.5,31.4,4.56,0.47420833333333334
2022-08-18,5.0,30.1,4.09,0.46875
2022-08-19,2.9,30.8,4.38,0.4607916666666667
2022-08-20,17.0,30.3,3.59,0.47025
2022-08-21,13.2,30.1,3.47,0.4764583333333334
2022-08-22,10.1,30.5,3.91,0.47875
2022-08-23,11.0,29.9,3.03,0.48808333333333337
2022-08-24,4.6,31.5,4.13,0.4839583333333333
2022-08-25,22.6,30.8,2.87,0.4912916666666667
2022-08-26,13.4,30.8,3.02,0.4972083333333333
2022-08-27,9.5,30.7,2.98,0.49541666666666667
2022-08-28,9.2,31.8,3.42,0.49324999999999997
2022-08-29,3.2,31.1,4.23,0.4911666666666667
2022-08-30,9.7,31.2,3.73,0.48691666666666666
2022-08-31,1.7,31.8,4.14,0.4828333333333333
2022-09-01,13.4,32.3,4.2,0.48933333333333334
2022-09-02,10.7,31.8,4.24,0.4922916666666666
2022-09-03,12.0,30.5,3.84,0.49933333333333335
2022-09-04,11.5,30.0,3.28,0.5045000000000001
2022-09-05,13.5,28.2,2.3,0.50425
2022-09-06,25.8,28.1,2.22,0.5076666666666667
2022-09-07,15.7,29.1,3.01,0.4996666666666667
2022-09-08,12.2,28.7,2.71,0.5004583333333333
2022-09-09,8.1,29.9,3.67,0.49429166666666663
2022-09-10,14.6,30.1,3.06,0.5012916666666667
2022-09-11,24.8,28.3,1.9,0.5040833333333333
2022-09-12,8.8,29.8,2.76,0.499125
2022-09-13,14.3,29.5,3.51,0.49654166666666666
2022-09-14,18.1,29.6,3.27,0.5003333333333333
2022-09-15,5.2,29.5,3.99,0.4947083333333333
2022-09-16,0.7,31.4,4.82,0.4834583333333333
2022-09-17,6.0,30.6,4.06,0.49700000000000005
2022-09-18,5.2,30.5,3.54,0.494875
2022-09-19,2.2,30.2,4.08,0.48704166666666665
2022-09-20,10.6,27.8,2.83,0.4951666666666667
2022-09-21,9.7,29.7,3.38,0.499625
2022-09-22,17.3,29.9,3.08,0.5015
2022-09-23,2.8,31.2,3.83,0.49345833333333333
2022-09-24,5.2,30.9,4.09,0.4910833333333333
2022-09-25,11.4,30.7,3.48,0.49545833333333333
2022-09-26,10.6,29.6,3.6,0.49620833333333336
2022-09-27,14.1,29.4,2.47,0.49766666666666665
2022-09-28,18.0,28.4,1.95,0.5050833333333333
2022-09-29,38.2,29.3,2.77,0.5109166666666667
2022-09-30,19.5,29.7,3.05,0.506
2022-10-01,13.7,29.2,2.62,0.4967916666666667
2022-10-02,23.0,28.7,2.3,0.5009166666666667
2022-10-03,27.0,29.8,2.74,0.50475
2022-10-04,8.2,30.7,4.09,0.4985
2022-10-05,16.9,28.9,2.74,0.5007083333333333
2022-10-06,3.4,28.9,2.54,0.5
2022-10-07,8.1,31.3,4.2,0.49204166666666665
2022-10-08,16.4,26.2,1.21,0.5057083333333333
2022-10-09,18.0,30.2,2.55,0.5053333333333333
2022-10-10,20.0,30.3,3.12,0.4985833333333333
2022-10-11,20.6,30.0,2.93,0.50275
2022-10-12,12.9,29.4,2.65,0.49770833333333336
2022-10-13,5.2,30.0,3.33,0.498875
2022-10-14,3.4,31.2,4.35,0.484875
2022-10-15,0.3,30.2,4.46,0.46475
2022-10-16,0.1,30.8,4.69,0.4482916666666667
2022-10-17,0.6,31.1,4.54,0.43170833333333336
2022-10-18,10.0,30.7,3.52,0.4635833333333333
2022-10-19,18.5,30.1,2.85,0.48862500000000003
2022-10-20,10.4,30.6,3.06,0.49524999999999997
2022-10-21,17.9,30.3,2.9,0.4955416666666667
2022-10-22,22.9,30.4,3.26,0.49499999999999994
2022-10-23,14.5,30.7,3.3,0.4950833333333333
2022-10-24,31.2,30.3,2.78,0.4984583333333333
2022-10-25,7.4,30.7,3.45,0.4955833333333333
2022-10-26,22.2,30.0,3.14,0.5020833333333333
2022-10-27,14.5,30.5,3.06,0.49983333333333335
2022-10-28,23.1,29.5,2.79,0.4975
2022-10-29,0.4,30.7,3.77,0.4874583333333333
2022-10-30,0.0,31.3,4.32,0.47820833333333335
2022-10-31,0.3,31.5,4.63,0.4483333333333333
2022-11-01,0.0,31.1,4.39,0.4280833333333333
2022-11-02,32.9,30.0,2.97,0.45445833333333335
2022-11-03,18.0,28.1,2.13,0.5007916666666666
2022-11-04,20.9,26.8,1.54,0.5059166666666667
2022-11-05,20.5,29.2,2.62,0.49970833333333337
2022-11-06,1.1,29.0,2.77,0.4956666666666667
2022-11-07,4.2,30.8,3.38,0.4849583333333333
2022-11-08,7.2,30.7,3.61,0.48216666666666663
2022-11-09,12.7,30.6,3.74,0.49025
2022-11-10,8.2,29.8,3.09,0.4827916666666667
2022-11-11,13.0,29.9,3.1,0.48891666666666667
2022-11-12,12.4,31.0,3.69,0.49041666666666667
2022-11-13,8.6,30.1,3.29,0.49620833333333336
2022-11-14,11.0,29.4,2.55,0.49341666666666667
2022-11-15,3.0,30.8,4.04,0.48983333333333334
2022-11-16,3.8,30.6,3.74,0.488375
2022-11-17,4.6,29.8,3.47,0.485125
2022-11-18,9.1,30.2,2.83,0.4963333333333333
2022-11-19,0.9,29.6,3.11,0.4874583333333333
2022-11-20,21.5,25.7,1.01,0.5009166666666667
2022-11-21,9.4,28.7,2.06,0.500375
2022-11-22,13.5,29.0,2.49,0.500125
2022-11-23,18.7,29.0,2.41,0.4995
2022-11-24,14.2,29.4,3.15,0.4991666666666667
2022-11-25,12.4,30.4,3.76,0.5000416666666666
2022-11-26,1.6,30.5,3.39,0.4887916666666667
2022-11-27,8.8,30.5,3.47,0.49379166666666663
2022-11-28,2.8,30.5,3.69,0.48666666666666664
2022-11-29,2.7,30.7,3.81,0.4732083333333333
2022-11-30,0.9,31.4,4.1,0.45012500000000005
2022-12-01,0.5,30.2,3.09,0.44237499999999996
2022-12-02,4.4,29.1,2.8,0.4745
2022-12-03,22.1,25.5,1.29,0.5008333333333334
2022-12-04,10.5,29.9,3.4,0.502
2022-12-05,8.1,30.0,3.37,0.49825
2022-12-06,1.4,30.7,3.89,0.482
2022-12-07,11.3,29.0,2.79,0.48891666666666667
2022-12-08,0.7,30.6,4.02,0.47420833333333334
2022-12-09,4.3,29.6,3.5,0.4552083333333334
2022-12-10,11.2,30.4,3.11,0.46375000000000005
2022-12-11,1.9,29.7,3.98,0.45825000000000005
2022-12-12,0.4,29.4,4.17,0.4443333333333333
2022-12-13,0.0,29.4,4.12,0.42087499999999994
2022-12-14,0.5,29.0,3.67,0.40275
2022-12-15,0.7,29.2,3.64,0.39279166666666665
2022-12-16,0.0,30.0,3.23,0.38245833333333334
2022-12-17,1.7,29.1,3.03,0.37895833333333334
2022-12-18,0.6,29.4,4.28,0.378625
2022-12-19,0.0,29.1,4.8,0.36391666666666667
2022-12-20,0.0,29.7,3.83,0.34954166666666664
2022-12-21,0.0,30.8,4.36,0.3375416666666667
2022-12-22,0.1,31.0,3.76,0.32979166666666665
2022-12-23,0.0,30.0,4.28,0.32595833333333335
2022-12-24,0.0,29.0,3.79,0.316
2022-12-25,0.0,30.8,4.39,0.30454166666666665
2022-12-26,0.0,28.3,3.09,0.29624999999999996
2022-12-27,0.4,28.5,3.21,0.29424999999999996
2022-12-28,0.0,30.2,3.91,0.28924999999999995
2022-12-29,0.0,31.2,4.27,0.28362499999999996
2022-12-30,0.0,28.3,2.67,0.283375
2022-12-31,0.0,30.3,4.04,0.28262499999999996
2023-01-01,0.1,30.0,3.94,0.27945833333333336
2023-01-02,1.8,30.6,3.45,0.28620833333333334
2023-01-03,4.3,32.4,3.66,0.3177083333333333
2023-01-04,0.0,30.7,3.6,0.3705833333333333
2023-01-05,0.0,27.4,2.96,0.352875
2023-01-06,17.7,26.8,3.2,0.37174999999999997
2023-01-07,17.6,25.9,2.54,0.454375
2023-01-08,5.8,27.3,2.32,0.455125
2023-01-09,1.7,29.5,2.81,0.43729166666666663
2023-01-10,20.9,28.2,2.31,0.46075
2023-01-11,13.5,28.9,3.17,0.4769583333333333
2023-01-12,4.6,29.5,3.18,0.4466666666666667
2023-01-13,3.8,29.9,3.23,0.45733333333333337
2023-01-14,2.4,30.8,3.52,0.4527916666666667
2023-01-15,0.3,31.1,4.17,0.4242083333333333
2023-01-16,2.4,30.5,4.12,0.4084583333333333
2023-01-17,2.4,30.0,3.8,0.390625
2023-01-18,3.0,30.0,3.74,0.38283333333333336
2023-01-19,4.5,29.6,3.64,0.37787499999999996
2023-01-20,14.1,30.2,2.86,0.4375
2023-01-21,0.7,30.5,4.06,0.44883333333333336
2023-01-22,1.2,30.8,4.1,0.419875
2023-01-23,4.3,30.8,4.09,0.4034583333333333
2023-01-24,0.9,31.1,4.82,0.3810833333333334
2023-01-25,0.5,27.5,3.2,0.37470833333333337
2023-01-26,0.0,27.6,2.24,0.36004166666666665
2023-01-27,4.5,29.6,2.56,0.37070833333333336
2023-01-28,0.5,29.4,3.96,0.3844166666666667
2023-01-29,0.0,28.9,3.78,0.366125
2023-01-30,0.0,28.4,3.41,0.3499583333333333
2023-01-31,0.0,31.8,4.57,0.33779166666666666
2023-02-01,10.8,30.3,3.08,0.353
2023-02-02,7.3,29.8,3.73,0.41783333333333333
2023-02-03,0.1,30.9,4.87,0.43274999999999997
2023-02-04,0.0,31.9,5.35,0.39629166666666665
2023-02-05,0.4,31.3,5.04,0.3702916666666667
2023-02-06,0.3,31.4,4.76,0.35000000000000003
2023-02-07,0.0,31.2,4.66,0.335875
2023-02-08,1.3,31.5,4.51,0.3287083333333333
2023-02-09,0.7,31.3,4.95,0.32208333333333333
2023-02-10,0.4,31.9,5.33,0.3105
2023-02-11,0.0,32.7,5.11,0.303875
2023-02-12,1.2,31.6,4.45,0.30075
2023-02-13,0.7,32.3,4.28,0.3022916666666667
2023-02-14,0.0,31.9,3.59,0.295
2023-02-15,0.7,31.8,5.39,0.28762499999999996
2023-02-16,0.0,32.1,6.51,0.28229166666666666
2023-02-17,2.0,32.9,6.03,0.281625
2023-02-18,2.7,31.1,4.71,0.29004166666666664
2023-02-19,15.2,31.7,3.2,0.3626666666666667
2023-02-20,13.5,30.9,3.56,0.46870833333333334
2023-02-21,1.1,30.3,4.53,0.4435
2023-02-22,9.8,30.7,4.29,0.4502916666666667
2023-02-23,2.1,31.2,4.41,0.44275
2023-02-24,1.0,31.2,4.6,0.42945833333333333
2023-02-25,0.0,31.0,4.81,0.40825
2023-02-26,0.0,32.0,5.32,0.3838333333333333
2023-02-27,0.1,32.1,5.04,0.36674999999999996
2023-02-28,1.1,32.1,4.31,0.35600000000000004
2023-03-01,0.0,33.0,5.5,0.3409166666666667
2023-03-02,0.0,33.3,6.18,0.32683333333333336
2023-03-03,0.0,31.4,5.79,0.31554166666666666
2023-03-04,0.0,31.6,5.17,0.30683333333333335
2023-03-05,0.0,31.1,5.25,0.2995833333333333
2023-03-06,0.0,31.7,4.76,0.2933333333333333
2023-03-07,0.2,32.8,5.4,0.29162499999999997
2023-03-08,0.0,32.7,5.27,0.29316666666666663
2023-03-09,0.0,32.0,5.66,0.28912499999999997
2023-03-10,0.0,32.6,5.79,0.2850833333333333
2023-03-11,0.0,32.8,5.51,0.284375
2023-03-12,0.0,32.3,5.38,0.2818333333333333
2023-03-13,0.0,33.8,6.28,0.28125
2023-03-14,0.0,33.2,6.34,0.27920833333333334
2023-03-15,0.0,32.2,5.26,0.2785416666666667
2023-03-16,0.0,33.4,5.49,0.27595833333333336
2023-03-17,0.0,32.7,5.81,0.27308333333333334
2023-03-18,1.2,32.1,5.19,0.2748333333333333
2023-03-19,0.1,33.4,5.2,0.27375
2023-03-20,1.6,33.3,5.33,0.27895833333333336
2023-03-21,0.1,34.1,5.63,0.2820833333333333
2023-03-22,0.0,35.1,5.49,0.2791666666666667
2023-03-23,0.0,35.2,5.57,0.27387500000000004
2023-03-24,0.1,36.0,5.85,0.2695
2023-03-25,0.0,33.6,5.83,0.265625
2023-03-26,0.0,35.7,5.57,0.2629166666666667
2023-03-27,0.0,34.4,5.96,0.26208333333333333
2023-03-28,1.3,34.8,5.97,0.2615
2023-03-29,0.0,34.6,5.89,0.25933333333333336
2023-03-30,2.8,34.8,5.2,0.26608333333333334
2023-03-31,0.1,34.9,5.84,0.2775
2023-04-01,0.0,34.6,5.81,0.27258333333333334
2023-04-02,15.8,33.9,4.19,0.3287083333333333
2023-04-03,28.8,32.6,2.98,0.42375
2023-04-04,24.9,32.3,4.39,0.46599999999999997
2023-04-05,7.1,32.6,4.3,0.46612500000000007
2023-04-06,0.9,32.9,5.08,0.44225000000000003
2023-04-07,0.0,33.4,5.41,0.4137916666666666
2023-04-08,0.1,34.1,5.98,0.3834166666666667
2023-04-09,9.0,33.2,4.82,0.38629166666666664
2023-04-10,4.8,32.3,4.43,0.42700000000000005
2023-04-11,1.6,33.7,4.71,0.39608333333333334
2023-04-12,1.1,34.2,4.6,0.3825
2023-04-13,1.3,35.1,5.18,0.38245833333333334
2023-04-14,0.8,34.5,5.09,0.3917083333333333
2023-04-15,5.1,35.7,4.59,0.3832083333333333
2023-04-16,20.4,33.4,2.91,0.45529166666666665
2023-04-17,6.7,32.4,4.13,0.4475
2023-04-18,1.8,33.6,4.43,0.42920833333333336
2023-04-19,1.7,33.4,4.36,0.4290833333333333
2023-04-20,6.2,34.3,4.83,0.4175
2023-04-21,5.5,33.8,4.83,0.42254166666666665
2023-04-22,1.1,35.2,5.25,0.4137916666666667
2023-04-23,0.0,34.7,5.89,0.3827083333333334
2023-04-24,0.6,35.7,5.45,0.35637499999999994
2023-04-25,0.2,35.1,6.0,0.34312499999999996
2023-04-26,0.3,35.4,5.79,0.326375
2023-04-27,0.2,35.3,6.46,0.3082916666666667
2023-04-28,2.3,35.3,5.28,0.3144166666666667
2023-04-29,3.7,34.0,4.24,0.36916666666666664
2023-04-30,4.0,33.8,4.22,0.4427083333333333
2023-05-01,2.4,33.9,5.26,0.42370833333333335
2023-05-02,0.5,34.6,6.13,0.40395833333333336
2023-05-03,5.0,34.6,5.32,0.40195833333333336
2023-05-04,1.2,34.6,4.96,0.4033333333333333
2023-05-05,1.5,34.7,4.9,0.38058333333333333
2023-05-06,1.3,35.4,5.65,0.366125
2023-05-07,1.8,34.8,5.66,0.3605416666666667
2023-05-08,3.1,35.4,4.45,0.36395833333333333
2023-05-09,9.8,35.1,3.74,0.43733333333333335
2023-05-10,4.8,32.9,4.1,0.456
2023-05-11,3.9,34.1,3.88,0.44925
2023-05-12,3.7,32.6,4.02,0.44004166666666666
2023-05-13,3.0,34.6,4.78,0.4563333333333333
2023-05-14,8.2,34.5,4.6,0.4644166666666667
2023-05-15,5.5,34.6,4.5,0.4696666666666667
2023-05-16,0.0,34.2,5.54,0.44295833333333334
2023-05-17,9.3,33.3,4.53,0.45279166666666665
2023-05-18,10.0,32.9,4.21,0.47420833333333334
2023-05-19,7.2,31.8,4.57,0.47820833333333335
2023-05-20,18.7,32.1,3.9,0.48441666666666666
2023-05-21,28.5,32.5,3.19,0.4947916666666667
2023-05-22,7.5,32.4,3.7,0.4927916666666667
2023-05-23,2.2,32.6,4.22,0.4843333333333333
2023-05-24,7.0,32.7,4.3,0.48058333333333336
2023-05-25,7.5,31.6,3.84,0.487875
2023-05-26,11.9,32.0,4.21,0.48854166666666665
2023-05-27,14.2,28.9,2.46,0.49545833333333333
2023-05-28,70.5,26.0,0.83,0.5055833333333334
2023-05-29,10.6,31.1,3.76,0.5004166666666666
2023-05-30,8.5,31.0,3.87,0.4955
2023-05-31,14.5,31.6,3.77,0.49495833333333333
2023-06-01,11.5,31.8,4.57,0.4922916666666666
2023-06-02,1.7,31.6,4.52,0.47337499999999993
2023-06-03,7.1,32.1,4.59,0.4744166666666667
2023-06-04,7.8,31.4,3.77,0.48412499999999997
2023-06-05,17.9,30.0,3.27,0.48995833333333333
2023-06-06,15.5,31.4,3.58,0.49745833333333334
2023-06-07,10.3,28.4,1.63,0.505375
2023-06-08,3.1,30.6,3.37,0.496375
2023-06-09,2.1,30.7,4.03,0.4805
2023-06-10,12.0,31.6,3.82,0.4859583333333333
2023-06-11,2.5,29.9,2.68,0.49770833333333336
2023-06-12,2.7,32.5,4.47,0.4874583333333333
2023-06-13,4.8,32.7,4.57,0.48904166666666665
2023-06-14,6.7,32.7,4.09,0.48133333333333334
2023-06-15,0.2,32.8,4.76,0.46870833333333334
2023-06-16,8.1,32.2,4.16,0.45716666666666667
2023-06-17,16.7,32.5,3.32,0.45625
2023-06-18,20.2,31.4,2.82,0.4956666666666667
2023-06-19,0.4,32.2,4.44,0.47737500000000005
2023-06-20,1.0,32.2,4.32,0.4520416666666667
2023-06-21,1.1,32.1,4.59,0.4282916666666667
2023-06-22,0.1,32.4,4.94,0.40762499999999996
2023-06-23,1.3,33.3,5.2,0.39195833333333335
2023-06-24,7.9,32.8,4.78,0.41004166666666664
2023-06-25,1.0,32.7,4.64,0.443125
2023-06-26,6.7,31.4,3.82,0.45091666666666663
2023-06-27,8.1,31.3,3.85,0.4768333333333333
2023-06-28,10.6,31.1,3.47,0.48370833333333335
2023-06-29,1.8,31.9,4.48,0.4776666666666667
2023-06-30,7.5,30.3,3.45,0.496
2023-07-01,35.7,30.4,3.65,0.5014166666666667
2023-07-02,7.0,29.7,2.45,0.500125
2023-07-03,13.9,30.3,3.0,0.49795833333333334
2023-07-04,18.1,32.1,3.71,0.49345833333333333
2023-07-05,4.9,32.4,4.47,0.4875
2023-07-06,23.6,32.0,3.57,0.49262500000000004
2023-07-07,19.9,31.4,3.71,0.49433333333333335
2023-07-08,15.3,30.4,3.1,0.49737499999999996
2023-07-09,10.5,31.5,3.34,0.49945833333333334
2023-07-10,9.0,31.6,4.08,0.49454166666666666
2023-07-11,4.1,31.6,4.37,0.491125
2023-07-12,2.3,31.7,4.6,0.4850833333333333
2023-07-13,8.9,30.1,3.2,0.49491666666666667
2023-07-14,9.1,30.1,3.37,0.49779166666666663
2023-07-15,7.8,29.6,2.62,0.49537499999999995
2023-07-16,17.7,28.9,3.35,0.501875
2023-07-17,24.0,29.8,2.58,0.5028750000000001
2023-07-18,33.9,29.1,2.39,0.5093333333333333
2023-07-19,47.2,27.5,2.47,0.5100416666666666
2023-07-20,38.4,27.1,1.66,0.5114583333333333
2023-07-21,21.6,28.1,2.06,0.5067083333333333
2023-07-22,14.4,28.3,2.45,0.4999166666666666
2023-07-23,14.9,28.0,2.47,0.5065000000000001
2023-07-24,14.1,30.1,3.42,0.4975
2023-07-25,4.2,30.0,3.83,0.49504166666666666
2023-07-26,7.6,30.5,4.03,0.4932916666666667
2023-07-27,28.5,29.6,3.1,0.503875
2023-07-28,34.1,28.7,2.9,0.5089583333333333
2023-07-29,21.1,29.8,2.78,0.5057083333333333
2023-07-30,14.1,31.2,3.4,0.49983333333333335
2023-07-31,10.9,31.2,3.28,0.4963333333333333
2023-08-01,8.0,30.1,2.92,0.495625
2023-08-02,1.8,31.7,5.17,0.47783333333333333
2023-08-03,17.3,30.8,3.74,0.4972083333333333
2023-08-04,2.0,31.1,3.93,0.47879166666666667
2023-08-05,0.5,32.1,5.18,0.457
2023-08-06,1.5,31.5,4.73,0.447625
2023-08-07,1.0,31.8,4.48,0.4347083333333333
2023-08-08,5.4,31.1,4.83,0.44729166666666664
2023-08-09,2.3,30.9,4.69,0.433375
2023-08-10,1.3,30.4,4.55,0.42025
2023-08-11,6.3,30.8,4.67,0.439125
2023-08-12,3.6,31.3,4.6,0.43933333333333335
2023-08-13,1.4,31.1,4.16,0.4251666666666667
2023-08-14,13.5,30.0,3.82,0.45458333333333334
2023-08-15,36.5,27.2,1.68,0.49995833333333334
2023-08-16,22.7,28.0,2.42,0.49995833333333334
2023-08-17,12.3,30.8,4.5,0.48808333333333337
2023-08-18,6.9,29.6,4.01,0.49225
2023-08-19,22.9,29.3,3.03,0.5039166666666667
2023-08-20,16.7,29.7,2.66,0.5068750000000001
2023-08-21,9.4,32.1,4.32,0.49795833333333334
2023-08-22,1.7,31.6,4.14,0.4888333333333333
2023-08-23,2.2,32.0,5.02,0.47962499999999997
2023-08-24,2.7,31.6,4.97,0.47529166666666667
2023-08-25,4.0,31.7,4.6,0.479125
2023-08-26,3.9,31.4,4.33,0.4829583333333333
2023-08-27,2.1,30.9,4.3,0.475875
2023-08-28,4.0,30.5,4.02,0.48845833333333327
2023-08-29,2.4,30.6,4.22,0.48370833333333335
2023-08-30,7.2,29.7,3.69,0.4875
2023-08-31,10.7,31.3,4.11,0.4944583333333333
2023-09-01,17.7,29.7,2.94,0.5045416666666667
2023-09-02,12.3,29.7,2.91,0.5057916666666666
2023-09-03,16.7,30.1,3.75,0.5049583333333333
2023-09-04,21.4,27.0,1.65,0.5095416666666667
2023-09-05,33.6,28.4,2.32,0.503375
2023-09-06,11.3,30.7,3.79,0.48783333333333334
2023-09-07,5.9,29.4,3.32,0.48641666666666666
2023-09-08,24.9,29.7,3.17,0.5000416666666666
2023-09-09,20.9,30.5,2.59,0.5022083333333334
2023-09-10,21.2,30.8,2.7,0.5060416666666666
2023-09-11,0.6,30.6,3.93,0.49008333333333337
2023-09-12,3.0,31.1,4.12,0.4851666666666667
2023-09-13,1.9,31.6,3.92,0.4868333333333333
2023-09-14,17.4,29.3,2.7,0.49904166666666666
2023-09-15,15.3,29.4,3.14,0.4971666666666667
2023-09-16,4.3,30.8,3.6,0.4989166666666667
2023-09-17,11.5,32.4,4.49,0.494
2023-09-18,14.4,31.1,3.52,0.4928333333333333
2023-09-19,8.0,32.0,4.19,0.4882916666666666
2023-09-20,18.0,32.0,4.01,0.4895
2023-09-21,32.7,30.2,3.15,0.4955833333333333
2023-09-22,30.2,31.3,3.0,0.4945833333333333
2023-09-23,8.1,29.4,2.73,0.49904166666666666
2023-09-24,20.9,29.7,2.76,0.5051666666666667
2023-09-25,20.0,29.2,2.84,0.5071666666666667
2023-09-26,20.2,29.1,3.06,0.50875
2023-09-27,15.8,30.8,3.17,0.5002083333333334
2023-09-28,6.2,28.8,2.28,0.49204166666666665
2023-09-29,0.2,32.1,4.44,0.4712083333333333
2023-09-30,6.1,28.5,1.69,0.48025
2023-10-01,25.2,29.7,2.76,0.5000416666666666
2023-10-02,33.0,27.9,2.02,0.5080833333333333
2023-10-03,22.0,29.5,3.17,0.5060416666666666
2023-10-04,9.9,30.2,3.65,0.501
2023-10-05,11.3,30.9,3.47,0.49745833333333334
2023-10-06,1.3,32.4,4.68,0.48604166666666665
2023-10-07,3.0,31.7,4.11,0.47537499999999994
2023-10-08,8.1,32.0,3.42,0.4730833333333333
2023-10-09,3.7,32.0,4.31,0.48012499999999997
2023-10-10,19.9,31.6,3.52,0.48212499999999997
2023-10-11,5.0,31.7,4.14,0.4963333333333333
2023-10-12,4.7,31.7,4.29,0.4912083333333333
2023-10-13,7.0,32.2,3.69,0.49537499999999995
2023-10-14,7.7,31.8,3.82,0.49254166666666666
2023-10-15,13.3,31.0,3.45,0.49779166666666663
2023-10-16,27.4,29.5,2.55,0.5040416666666666
2023-10-17,16.5,31.0,3.88,0.50425
2023-10-18,6.0,30.5,3.8,0.49425
2023-10-19,11.1,31.5,3.9,0.492125
2023-10-20,8.9,31.9,3.99,0.492
2023-10-21,16.7,30.2,3.64,0.4992916666666667
2023-10-22,12.5,31.0,4.15,0.499625
2023-10-23,13.2,30.9,3.75,0.4955833333333333
2023-10-24,5.4,31.3,3.86,0.49137499999999995
2023-10-25,25.0,31.0,3.43,0.49491666666666667
2023-10-26,11.5,31.4,4.22,0.49262500000000004
2023-10-27,13.2,32.0,4.2,0.49395833333333333
2023-10-28,15.3,31.0,3.74,0.49675
2023-10-29,8.5,31.5,3.72,0.49700000000000005
2023-10-30,2.5,29.9,3.57,0.4931666666666667
2023-10-31,9.5,30.7,3.45,0.5025833333333333
2023-11-01,14.3,30.9,3.68,0.5016666666666666
2023-11-02,14.4,30.8,3.15,0.498875
2023-11-03,7.4,31.6,3.61,0.497125
2023-11-04,5.9,31.1,3.75,0.4895
2023-11-05,2.5,31.4,4.08,0.47766666666666663
2023-11-06,5.2,31.2,4.11,0.4795
2023-11-07,0.3,32.1,4.51,0.45820833333333333
2023-11-08,15.2,30.8,3.47,0.47608333333333336
2023-11-09,4.5,31.2,4.05,0.4867916666666667
2023-11-10,15.1,30.3,2.89,0.49662500000000004
2023-11-11,25.0,28.9,2.61,0.49924999999999997
2023-11-12,11.3,30.6,3.51,0.5029166666666667
2023-11-13,2.0,31.8,4.68,0.47924999999999995
2023-11-14,6.0,31.1,3.57,0.4785
2023-11-15,15.0,29.9,2.72,0.49616666666666664
2023-11-16,18.6,29.6,3.33,0.5021666666666667
2023-11-17,7.0,30.4,4.39,0.49783333333333335
2023-11-18,0.0,29.6,4.24,0.46799999999999997
2023-11-19,0.0,28.7,3.14,0.44533333333333336
2023-11-20,0.0,30.5,4.22,0.423625
2023-11-21,2.7,30.3,3.74,0.4180833333333333
2023-11-22,0.1,30.7,3.88,0.4163333333333333
2023-11-23,11.5,30.2,2.25,0.4495
2023-11-24,3.8,29.7,2.4,0.48041666666666666
2023-11-25,11.4,28.7,2.56,0.47779166666666667
2023-11-26,3.5,28.4,2.16,0.4925833333333333
2023-11-27,0.8,29.4,3.34,0.48166666666666663
2023-11-28,0.0,29.4,3.42,0.46091666666666664
2023-11-29,1.2,29.5,3.65,0.4531666666666667
2023-11-30,4.3,30.0,3.75,0.46891666666666665
2023-12-01,1.1,31.6,5.01,0.46025
2023-12-02,19.6,29.0,2.39,0.47500000000000003
2023-12-03,1.6,30.1,3.68,0.48454166666666665
2023-12-04,6.9,30.9,3.99,0.48291666666666666
2023-12-05,0.3,30.7,4.3,0.46895833333333337
2023-12-06,2.6,30.0,3.42,0.45616666666666666
2023-12-07,2.2,30.6,3.78,0.456875
2023-12-08,2.8,30.4,3.68,0.4638333333333333
2023-12-09,1.0,30.3,3.77,0.46858333333333335
2023-12-10,1.8,30.7,3.62,0.45445833333333335
2023-12-11,0.0,31.4,4.27,0.44320833333333337
2023-12-12,0.1,31.3,4.48,0.42366666666666664
2023-12-13,1.4,31.1,4.21,0.41520833333333335
2023-12-14,0.0,31.5,4.96,0.4001666666666666
2023-12-15,0.0,31.9,4.72,0.3864166666666667
2023-12-16,0.3,31.4,4.59,0.37470833333333337
2023-12-17,0.5,31.0,4.8,0.36308333333333337
2023-12-18,0.5,31.8,4.9,0.353875
2023-12-19,2.6,31.7,3.88,0.34841666666666665
2023-12-20,2.8,31.7,3.73,0.3465416666666667
2023-12-21,0.0,31.3,4.09,0.34575
2023-12-22,0.2,30.3,4.51,0.333875
2023-12-23,0.0,29.9,4.17,0.32833333333333337
2023-12-24,0.9,29.1,3.48,0.3569166666666667
2023-12-25,0.0,29.4,3.94,0.36508333333333337
2023-12-26,0.0,30.5,4.39,0.35041666666666665
2023-12-27,0.7,30.9,3.92,0.34270833333333334
2023-12-28,2.9,31.3,4.34,0.3549583333333333
2023-12-29,0.3,32.0,4.92,0.3784166666666667
2023-12-30,0.2,32.2,4.81,0.362625
2023-12-31,1.2,32.1,4.22,0.3529583333333333
2024-01-01,1.5,31.1,4.13,0.352875
2024-01-02,1.3,32.2,4.27,0.3482083333333333
2024-01-03,1.3,31.0,3.6,0.34429166666666666
2024-01-04,1.1,31.0,4.08,0.3597083333333333
2024-01-05,0.0,31.9,4.42,0.35029166666666667
2024-01-06,1.0,31.2,3.94,0.343875
2024-01-07,0.2,32.1,4.79,0.34625
2024-01-08,0.1,31.7,4.65,0.33525000000000005
2024-01-09,0.1,32.2,4.83,0.326875
2024-01-10,0.0,32.0,4.62,0.31758333333333333
2024-01-11,0.0,32.4,4.85,0.30875
2024-01-12,0.0,31.7,4.79,0.3015
2024-01-13,0.1,31.7,4.87,0.29720833333333335
2024-01-14,0.0,32.4,4.95,0.2936666666666667
2024-01-15,0.5,32.0,4.57,0.29212499999999997
2024-01-16,0.5,32.5,4.97,0.2934583333333333
2024-01-17,0.0,33.1,5.76,0.2907916666666666
2024-01-18,0.1,33.2,4.65,0.2871666666666666
2024-01-19,0.2,31.6,4.82,0.2848333333333333
2024-01-20,0.0,32.3,4.67,0.28079166666666666
2024-01-21,0.1,31.7,4.65,0.2786666666666667
2024-01-22,0.0,31.8,5.11,0.28279166666666666
2024-01-23,0.0,31.7,5.48,0.2816666666666667
2024-01-24,0.0,31.5,5.59,0.28204166666666663
2024-01-25,0.0,32.4,6.15,0.279625
2024-01-26,0.0,32.1,6.18,0.2763333333333334
2024-01-27,0.0,33.5,6.16,0.27625000000000005
2024-01-28,0.0,32.4,6.09,0.2751666666666667
2024-01-29,0.0,32.1,5.92,0.2700416666666667
2024-01-30,0.0,32.6,5.66,0.26366666666666666
2024-01-31,0.0,32.0,5.11,0.26233333333333336
2024-02-01,0.6,32.2,4.84,0.264
2024-02-02,0.8,32.1,4.49,0.2699166666666667
2024-02-03,0.0,32.1,4.4,0.2695
2024-02-04,1.1,32.6,4.2,0.26745833333333335
2024-02-05,3.6,32.3,4.24,0.2834583333333333
2024-02-06,0.1,32.9,4.85,0.28604166666666664
2024-02-07,0.1,32.5,4.86,0.28225
2024-02-08,0.8,32.2,4.73,0.2850833333333333
2024-02-09,0.1,32.7,5.17,0.2867916666666666
2024-02-10,0.0,33.2,6.16,0.2835833333333333
2024-02-11,0.0,32.8,6.91,0.2795416666666667
2024-02-12,0.0,33.5,6.49,0.2745
2024-02-13,0.0,33.9,5.98,0.27658333333333335
2024-02-14,0.4,33.5,5.88,0.277
2024-02-15,0.3,32.9,5.64,0.2759166666666667
2024-02-16,0.0,32.7,5.79,0.27675
2024-02-17,0.0,31.5,5.78,0.27095833333333336
2024-02-18,0.3,32.0,4.92,0.26908333333333334
2024-02-19,0.0,32.9,5.3,0.27129166666666665
2024-02-20,0.0,32.8,5.01,0.27495833333333336
2024-02-21,0.1,32.6,5.17,0.281875
2024-02-22,0.0,32.6,5.38,0.28379166666666666
2024-02-23,0.0,33.0,5.37,0.28279166666666666
2024-02-24,1.2,32.3,5.28,0.28554166666666664
2024-02-25,0.7,33.0,5.74,0.28954166666666664
2024-02-26,0.0,33.5,6.04,0.28604166666666664
2024-02-27,1.7,32.6,5.63,0.2841666666666667
2024-02-28,0.1,32.1,5.77,0.28125
2024-02-29,0.5,32.6,5.74,0.28095833333333337
2024-03-01,0.0,33.2,5.63,0.2806666666666667
2024-03-02,0.5,32.9,6.08,0.27929166666666666
2024-03-03,0.1,31.9,4.99,0.278
2024-03-04,0.0,33.8,5.52,0.27620833333333333
2024-03-05,0.5,34.7,5.05,0.275625
2024-03-06,0.0,36.0,5.2,0.2738333333333334
2024-03-07,0.0,35.2,5.62,0.27320833333333333
2024-03-08,0.0,33.5,5.91,0.27033333333333337
2024-03-09,0.0,33.5,6.18,0.26816666666666666
2024-03-10,0.0,33.0,5.77,0.26825000000000004
2024-03-11,0.1,34.0,6.08,0.26958333333333334
2024-03-12,0.1,33.6,5.9,0.2743333333333334
2024-03-13,0.5,32.8,5.28,0.2799166666666667
2024-03-14,1.1,32.9,5.39,0.28658333333333336
2024-03-15,0.0,33.0,5.88,0.29
2024-03-16,0.4,33.8,5.75,0.287875
2024-03-17,0.2,33.7,5.57,0.285875
2024-03-18,0.1,33.3,5.96,0.28604166666666664
2024-03-19,0.1,32.9,6.02,0.28475
2024-03-20,0.0,33.5,6.33,0.2830833333333333
2024-03-21,0.5,32.8,5.91,0.282375
2024-03-22,0.4,32.6,5.8,0.2838333333333333
2024-03-23,1.2,33.1,5.63,0.28541666666666665
2024-03-24,0.0,33.7,5.9,0.288875
2024-03-25,1.3,33.8,5.61,0.29120833333333335
2024-03-26,0.1,34.0,6.03,0.28962499999999997
2024-03-27,0.8,34.3,5.91,0.28975
2024-03-28,0.8,34.2,5.67,0.29854166666666665
2024-03-29,0.0,34.9,5.36,0.29324999999999996
2024-03-30,1.4,34.7,5.69,0.2920833333333333
2024-03-31,1.1,35.5,5.4,0.29275
2024-04-01,0.9,34.9,5.09,0.2965
2024-04-02,2.2,34.3,5.34,0.30004166666666665
2024-04-03,0.0,34.9,6.35,0.29512499999999997
2024-04-04,0.0,34.9,5.95,0.2859583333333333
2024-04-05,0.2,35.1,5.79,0.28304166666666664
2024-04-06,0.2,34.0,6.15,0.2841666666666666
2024-04-07,0.0,35.2,5.95,0.2835
2024-04-08,0.3,35.1,5.87,0.2875833333333333
2024-04-09,0.1,35.8,6.31,0.2879583333333333
2024-04-10,0.0,36.5,7.32,0.2811666666666667
2024-04-11,1.4,34.5,6.35,0.2811666666666667
2024-04-12,0.8,35.1,6.4,0.2845833333333333
2024-04-13,0.0,34.3,6.35,0.2870833333333333
2024-04-14,1.0,34.9,6.02,0.289875
2024-04-15,0.0,35.0,6.18,0.2881666666666666
2024-04-16,0.6,35.0,6.16,0.28341666666666665
2024-04-17,0.2,35.4,5.75,0.281625
2024-04-18,0.0,35.6,6.15,0.28075
2024-04-19,0.0,36.7,6.28,0.2765416666666667
2024-04-20,0.1,36.2,5.9,0.2758333333333333
2024-04-21,0.2,35.9,5.82,0.2820416666666667
2024-04-22,0.0,35.8,6.45,0.2810416666666667
2024-04-23,0.5,36.6,5.98,0.28654166666666664
2024-04-24,0.0,36.1,6.43,0.28954166666666664
2024-04-25,0.0,36.3,6.29,0.2886666666666666
2024-04-26,0.2,36.7,5.58,0.283375
2024-04-27,0.4,36.7,5.72,0.28391666666666665
2024-04-28,0.0,37.4,6.03,0.284875
2024-04-29,0.5,37.4,6.15,0.2867083333333333
2024-04-30,0.8,37.6,5.49,0.28804166666666664
2024-05-01,1.2,37.9,6.14,0.28962499999999997
2024-05-02,0.0,37.6,6.61,0.2857916666666666
2024-05-03,3.8,35.7,5.02,0.2896666666666667
2024-05-04,2.7,36.3,5.19,0.2942916666666667
2024-05-05,16.0,34.6,3.74,0.37474999999999997
2024-05-06,0.3,34.4,5.69,0.42008333333333336
2024-05-07,5.0,34.7,5.27,0.39495833333333336
2024-05-08,4.5,34.3,4.96,0.3805
2024-05-09,3.4,32.1,3.8,0.42212500000000003
2024-05-10,6.4,32.2,4.68,0.432375
2024-05-11,2.5,33.7,4.96,0.41970833333333335
2024-05-12,3.0,34.3,5.41,0.40395833333333336
2024-05-13,8.5,34.1,4.4,0.4151666666666667
2024-05-14,6.0,35.5,4.82,0.40420833333333334
2024-05-15,7.2,32.8,3.87,0.4299583333333333
2024-05-16,8.7,33.9,4.39,0.44604166666666667
2024-05-17,5.5,32.0,4.09,0.4537083333333334
2024-05-18,12.9,33.6,3.91,0.45175000000000004
2024-05-19,12.7,34.0,4.42,0.4459166666666667
2024-05-20,7.3,32.4,3.81,0.45808333333333334
2024-05-21,15.7,30.8,2.58,0.4785
2024-05-22,7.4,32.6,4.21,0.47470833333333334
2024-05-23,15.5,34.0,4.54,0.48137500000000005
2024-05-24,1.4,34.5,4.83,0.47841666666666666
2024-05-25,0.9,33.7,5.04,0.47141666666666665
2024-05-26,2.9,33.2,4.72,0.45704166666666673
2024-05-27,5.0,34.4,4.52,0.44325
2024-05-28,7.4,33.0,3.72,0.45083333333333336
2024-05-29,12.0,32.5,3.46,0.44891666666666663
2024-05-30,19.7,32.8,3.58,0.4774583333333333
2024-05-31,20.4,32.4,3.09,0.4859166666666666
2024-06-01,13.6,32.9,3.63,0.49041666666666667
2024-06-02,0.1,33.8,5.12,0.47079166666666666
2024-06-03,5.9,31.4,4.09,0.4699583333333333
2024-06-04,0.0,34.0,5.47,0.44345833333333334
2024-06-05,0.6,34.3,5.12,0.4163333333333333
2024-06-06,0.0,34.2,5.2,0.3915416666666667
2024-06-07,0.2,32.4,4.32,0.3725833333333333
2024-06-08,0.8,33.1,5.19,0.3638333333333333
2024-06-09,4.6,29.1,2.62,0.37804166666666666
2024-06-10,10.1,29.7,2.42,0.46170833333333333
2024-06-11,5.5,31.3,4.35,0.48299999999999993
2024-06-12,3.3,32.9,4.94,0.4643333333333333
2024-06-13,11.7,31.8,4.11,0.47375000000000006
2024-06-14,4.7,31.3,3.78,0.47150000000000003
2024-06-15,19.7,29.4,2.0,0.4987916666666667
2024-06-16,10.2,30.6,3.74,0.499875
2024-06-17,7.8,32.7,4.36,0.48524999999999996
2024-06-18,2.9,31.5,4.01,0.4755833333333333
2024-06-19,4.0,32.8,4.82,0.4759166666666667
2024-06-20,14.8,30.9,3.24,0.49220833333333336
2024-06-21,30.7,27.4,1.71,0.5102916666666667
2024-06-22,35.4,28.9,1.74,0.51025
2024-06-23,5.2,30.6,3.41,0.5017916666666666
2024-06-24,15.0,30.3,3.03,0.49804166666666666
2024-06-25,14.1,28.5,1.82,0.5052083333333334
2024-06-26,9.1,31.5,3.64,0.498375
2024-06-27,11.7,31.2,3.17,0.49733333333333335
2024-06-28,1.7,31.2,3.51,0.49099999999999994
2024-06-29,3.3,31.7,4.69,0.4882916666666666
2024-06-30,18.6,32.1,3.62,0.482
2024-07-01,8.8,30.3,3.33,0.49770833333333336
2024-07-02,8.3,29.9,3.04,0.4940833333333334
2024-07-03,12.4,30.3,2.36,0.49491666666666667
2024-07-04,9.3,29.3,2.33,0.4989166666666667
2024-07-05,8.7,31.1,3.94,0.49254166666666666
2024-07-06,6.6,31.8,4.12,0.4912916666666667
2024-07-07,13.8,31.7,3.55,0.49225
2024-07-08,5.3,31.6,4.14,0.49174999999999996
2024-07-09,8.2,31.5,3.41,0.492875
2024-07-10,22.8,29.6,3.05,0.5031666666666667
2024-07-11,19.0,29.9,2.78,0.5050416666666667
2024-07-12,17.2,28.7,2.13,0.5073333333333333
2024-07-13,30.4,28.5,2.18,0.5064583333333333
2024-07-14,15.8,27.8,2.17,0.5065416666666667
2024-07-15,11.4,29.8,3.18,0.5022916666666667
2024-07-16,30.7,29.4,2.2,0.5055
2024-07-17,44.1,27.6,1.66,0.5089166666666667
2024-07-18,21.0,30.6,3.1,0.503
2024-07-19,11.8,28.5,1.93,0.5069166666666667
2024-07-20,19.6,27.9,1.7,0.5068750000000001
2024-07-21,10.5,30.1,3.45,0.496375
2024-07-22,13.4,31.2,3.66,0.49416666666666664
2024-07-23,0.1,31.9,4.65,0.47691666666666666
2024-07-24,2.1,31.8,4.9,0.45845833333333336
2024-07-25,21.7,30.7,3.4,0.4967916666666667
2024-07-26,10.4,29.6,2.2,0.49395833333333333
2024-07-27,16.6,27.9,1.6,0.505375
2024-07-28,18.0,30.0,2.76,0.5060833333333333
2024-07-29,2.1,31.4,4.47,0.4865
2024-07-30,3.7,30.4,4.02,0.48100000000000004
2024-07-31,5.9,32.3,4.46,0.48691666666666666
2024-08-01,14.7,31.3,4.07,0.49216666666666664
2024-08-02,9.0,30.9,3.82,0.49379166666666663
2024-08-03,17.0,29.8,3.44,0.49062500000000003
2024-08-04,7.5,29.8,3.48,0.49704166666666666
2024-08-05,11.7,31.2,3.53,0.49779166666666663
2024-08-06,8.7,30.3,3.87,0.4992916666666667
2024-08-07,3.6,31.3,4.22,0.48995833333333333
2024-08-08,1.0,31.8,4.55,0.4827083333333333
2024-08-09,1.4,32.4,4.85,0.47279166666666667
2024-08-10,1.7,31.9,4.84,0.4655833333333333
2024-08-11,7.7,31.7,4.37,0.467125
2024-08-12,21.5,30.5,3.68,0.49075
2024-08-13,4.3,31.9,4.67,0.4814583333333333
2024-08-14,2.4,32.1,4.66,0.4746666666666666
2024-08-15,7.4,31.8,4.54,0.4765416666666667
2024-08-16,7.3,32.0,4.68,0.48504166666666665
2024-08-17,28.0,31.3,3.43,0.495875
2024-08-18,2.9,32.6,4.51,0.48854166666666665
2024-08-19,3.2,32.4,4.86,0.4835416666666667
2024-08-20,4.1,32.3,4.68,0.47445833333333337
2024-08-21,12.0,31.7,3.6,0.4822916666666666
2024-08-22,9.2,31.7,3.81,0.48699999999999993
2024-08-23,16.0,31.9,3.48,0.4990833333333333
2024-08-24,26.7,31.4,3.18,0.4964166666666667
2024-08-25,6.9,30.1,3.4,0.495125
2024-08-26,19.8,29.7,2.96,0.509875
2024-08-27,12.6,29.9,3.51,0.5041666666666667
2024-08-28,33.8,28.3,2.09,0.5082083333333334
2024-08-29,18.2,28.1,1.73,0.50575
2024-08-30,1.8,31.3,4.25,0.48724999999999996
2024-08-31,20.0,29.7,2.76,0.494
2024-09-01,23.8,28.7,2.48,0.5057083333333333
2024-09-02,31.6,28.6,2.52,0.50975
2024-09-03,12.2,30.4,3.67,0.498875
2024-09-04,3.3,31.5,4.34,0.48054166666666664
2024-09-05,4.2,30.7,3.49,0.48420833333333335
2024-09-06,21.1,29.2,3.03,0.4987916666666667
2024-09-07,7.3,31.3,4.12,0.498375
2024-09-08,8.3,31.0,4.52,0.4987083333333333
2024-09-09,3.0,31.2,4.69,0.49366666666666664
2024-09-10,5.8,30.6,3.97,0.4939166666666666
2024-09-11,19.7,29.2,2.5,0.5010833333333333
2024-09-12,14.3,30.2,3.5,0.5035416666666667
2024-09-13,11.3,30.6,3.13,0.50025
2024-09-14,33.7,27.7,1.89,0.5070833333333333
2024-09-15,20.1,27.9,2.52,0.504375
2024-09-16,9.6,29.8,3.47,0.5030416666666667
2024-09-17,26.5,27.4,1.97,0.509
2024-09-18,9.7,28.6,2.51,0.503625
2024-09-19,25.5,28.8,2.91,0.5043333333333333
2024-09-20,16.9,29.7,3.58,0.505375
2024-09-21,29.2,27.8,2.38,0.5077916666666666
2024-09-22,12.3,30.8,3.29,0.5025833333333333
2024-09-23,8.9,31.7,3.77,0.4905
2024-09-24,6.7,31.3,3.37,0.4931666666666667
2024-09-25,14.7,31.4,3.97,0.49545833333333333
2024-09-26,11.1,29.1,3.18,0.5000416666666666
2024-09-27,6.2,30.6,4.05,0.4965
2024-09-28,1.3,32.6,4.77,0.48183333333333334
2024-09-29,3.7,31.5,4.51,0.47962499999999997
2024-09-30,6.1,31.6,4.52,0.4802916666666666
2024-10-01,6.0,30.5,3.44,0.4876666666666667
2024-10-02,13.0,31.1,3.43,0.49041666666666667
2024-10-03,21.6,30.9,3.29,0.4948333333333333
2024-10-04,9.7,31.0,3.49,0.49970833333333337
2024-10-05,6.4,30.9,3.79,0.4965
2024-10-06,13.7,30.1,3.16,0.4995833333333333
2024-10-07,4.7,30.5,3.34,0.48770833333333335
2024-10-08,27.0,31.3,3.23,0.49066666666666664
2024-10-09,34.4,30.6,3.0,0.4967916666666667
2024-10-10,20.8,30.3,2.57,0.49779166666666663
2024-10-11,8.7,30.4,3.18,0.50075
2024-10-12,3.2,31.1,3.75,0.48816666666666664
2024-10-13,7.4,31.9,3.9,0.49025
2024-10-14,17.4,31.6,3.65,0.49524999999999997
2024-10-15,11.9,31.5,3.04,0.4987083333333333
2024-10-16,25.3,29.8,2.9,0.5035
2024-10-17,24.5,30.8,2.95,0.5115
2024-10-18,22.5,27.9,1.52,0.5080416666666666
2024-10-19,22.1,30.0,2.62,0.502125
2024-10-20,14.6,30.4,3.13,0.5017916666666666
2024-10-21,9.3,29.5,3.27,0.5004166666666666
2024-10-22,13.2,28.8,2.41,0.5032916666666667
2024-10-23,35.0,29.4,2.3,0.5096666666666666
2024-10-24,25.6,29.9,3.46,0.504125
2024-10-25,0.6,31.3,4.35,0.4851666666666667
2024-10-26,1.6,30.5,4.18,0.474
2024-10-27,4.3,30.4,3.26,0.47774999999999995
2024-10-28,6.5,30.1,2.92,0.48362499999999997
2024-10-29,31.8,26.7,1.07,0.5075
2024-10-30,7.5,30.9,3.89,0.49654166666666666
2024-10-31,5.0,30.9,4.08,0.49033333333333334
2024-11-01,5.1,31.4,3.92,0.47974999999999995
2024-11-02,20.5,30.5,2.57,0.4874583333333333
2024-11-03,18.2,30.6,3.16,0.5058333333333334
2024-11-04,10.9,30.0,2.94,0.5032916666666667
2024-11-05,11.9,29.6,3.27,0.5011666666666666
2024-11-06,11.5,30.5,3.34,0.4932916666666667
2024-11-07,7.0,30.7,4.01,0.49262500000000004
2024-11-08,25.8,30.8,3.54,0.4920833333333334
2024-11-09,10.6,30.6,3.99,0.498
2024-11-10,8.6,30.5,3.91,0.49704166666666666
2024-11-11,9.3,31.2,4.18,0.48854166666666665
2024-11-12,4.1,30.9,3.33,0.48008333333333336
2024-11-13,1.5,31.7,4.05,0.3985416666666666
2024-11-14,1.0,31.0,4.17,0.37675
2024-11-15,1.0,31.3,4.37,0.34770833333333334
2024-11-16,0.4,31.9,4.43,0.32795833333333335
2024-11-17,0.1,31.1,4.57,0.30683333333333335
2024-11-18,0.3,31.4,4.78,0.29266666666666663
2024-11-19,0.7,31.5,4.43,0.28354166666666664
2024-11-20,1.5,31.6,4.53,0.2743333333333334
2024-11-21,1.1,31.1,4.45,0.2639166666666667
2024-11-22,4.7,31.5,4.68,0.3782083333333333
2024-11-23,1.5,30.9,4.39,0.38854166666666673
2024-11-24,9.2,30.6,3.32,0.4187916666666667
2024-11-25,0.2,31.4,4.31,0.4335833333333334
2024-11-26,0.2,31.4,4.56,0.39325000000000004
2024-11-27,0.3,30.0,2.45,0.3762916666666667
2024-11-28,5.1,30.6,3.57,0.397375
2024-11-29,9.9,25.0,1.37,0.45929166666666665
2024-11-30,0.0,29.1,3.72,0.43379166666666663
2024-12-01,0.2,30.3,4.06,0.39875
2024-12-02,9.9,29.8,2.45,0.412625
2024-12-03,12.7,27.3,1.77,0.475125
2024-12-04,19.0,30.0,2.78,0.480625
2024-12-05,22.4,30.0,3.04,0.5037916666666666
2024-12-06,10.2,29.1,2.58,0.48608333333333337
2024-12-07,2.4,30.2,3.43,0.472625
2024-12-08,13.0,30.4,3.16,0.4750833333333333
2024-12-09,0.9,29.4,2.98,0.477125
2024-12-10,1.2,28.8,2.66,0.4639166666666667
2024-12-11,20.4,27.2,1.61,0.47941666666666666
2024-12-12,36.6,28.8,2.39,0.5087916666666666
2024-12-13,20.7,25.9,1.02,0.511
2024-12-14,6.1,28.0,2.32,0.4990833333333333
2024-12-15,4.9,27.9,2.92,0.48974999999999996
2024-12-16,0.2,28.2,2.69,0.48137499999999994
2024-12-17,0.4,29.5,3.56,0.45529166666666665
2024-12-18,0.0,29.8,4.13,0.4379166666666667
2024-12-19,0.5,29.6,3.5,0.4205833333333333
2024-12-20,1.0,29.1,3.38,0.4110833333333333
2024-12-21,0.0,29.0,3.68,0.40162499999999995
2024-12-22,0.0,28.8,4.37,0.38658333333333333
2024-12-23,0.0,27.9,4.1,0.365125
2024-12-24,0.0,29.9,4.02,0.35274999999999995
2024-12-25,0.0,30.5,4.38,0.3385416666666667
2024-12-26,4.2,28.1,1.93,0.38845833333333335
2024-12-27,1.9,29.4,3.81,0.45608333333333334
2024-12-28,1.5,29.3,3.23,0.4307916666666667
2024-12-29,1.0,29.0,3.6,0.40475
2024-12-30,0.0,29.9,4.05,0.38066666666666665
2024-12-31,0.0,30.1,4.13,0.35483333333333333
2025-01-01,0.0,29.9,3.95,0.3322916666666667
2025-01-02,0.0,29.7,3.52,0.31124999999999997
2025-01-03,0.4,29.1,2.58,0.2870833333333333
2025-01-04,2.6,30.0,3.12,0.298875
2025-01-05,0.0,30.1,4.49,0.35037500000000005
2025-01-06,0.4,29.5,3.66,0.3275416666666667
2025-01-07,0.0,30.1,4.44,0.30666666666666664
2025-01-08,0.0,31.0,4.26,0.281625
2025-01-09,0.0,29.9,3.78,0.26408333333333334
2025-01-10,1.6,29.7,2.54,0.25575
2025-01-11,0.0,28.8,3.48,0.23829166666666668
2025-01-12,0.0,27.6,4.34,0.22604166666666667
2025-01-13,0.0,29.2,4.44,0.21379166666666669
2025-01-14,0.1,30.8,4.26,0.200375
2025-01-15,8.4,29.6,3.33,0.22779166666666664
2025-01-16,2.2,29.8,4.26,0.23625
2025-01-17,0.0,30.2,4.7,0.22824999999999998
2025-01-18,0.0,30.3,3.89,0.21029166666666665
2025-01-19,0.0,30.7,3.99,0.19958333333333333
2025-01-20,0.4,30.2,3.72,0.1914583333333333
2025-01-21,0.0,30.8,4.23,0.18675
2025-01-22,0.0,30.4,4.1,0.18133333333333335
2025-01-23,0.1,30.8,4.25,0.18054166666666668
2025-01-24,0.9,31.0,4.0,0.183875
2025-01-25,0.9,30.7,4.3,0.186875
2025-01-26,2.6,29.8,4.09,0.19720833333333332
2025-01-27,0.0,31.2,5.22,0.19720833333333332
2025-01-28,0.0,30.2,4.41,0.18670833333333334
2025-01-29,0.0,30.1,4.78,0.18891666666666665
2025-01-30,0.0,29.8,3.33,0.19129166666666667
2025-01-31,0.1,29.3,3.06,0.1864583333333333
2025-02-01,0.0,31.6,4.35,0.181875
2025-02-02,0.1,31.7,4.65,0.18341666666666667
2025-02-03,0.1,30.9,4.21,0.18883333333333333
2025-02-04,0.0,31.8,4.99,0.1824583333333333
2025-02-05,0.1,31.4,4.78,0.1794583333333333
2025-02-06,0.0,30.6,4.84,0.17504166666666665
2025-02-07,0.0,30.7,4.49,0.16195833333333334
2025-02-08,0.0,32.2,4.47,0.15375
2025-02-09,0.0,30.5,5.06,0.16316666666666668
2025-02-10,7.8,32.2,4.14,0.18533333333333335
2025-02-11,0.4,31.2,4.12,0.19808333333333336
2025-02-12,1.0,31.7,3.92,0.21737499999999998
2025-02-13,2.1,31.7,4.3,0.2429583333333333
2025-02-14,1.0,31.5,4.27,0.24820833333333334
2025-02-15,1.8,31.3,4.12,0.23895833333333336
2025-02-16,0.5,31.6,4.76,0.226375
2025-02-17,0.4,31.0,5.18,0.2137083333333333
2025-02-18,0.5,31.5,5.36,0.20450000000000002
2025-02-19,1.9,31.1,4.89,0.19875
2025-02-20,0.5,32.3,5.6,0.18279166666666666
2025-02-21,1.3,32.3,5.49,0.17979166666666666
2025-02-22,3.3,32.8,4.74,0.18687499999999999
2025-02-23,6.9,30.4,4.71,0.26991666666666664
2025-02-24,0.4,31.0,5.81,0.41054166666666664
2025-02-25,0.2,32.0,6.23,0.3585416666666667
2025-02-26,0.0,33.0,5.47,0.3136666666666667
2025-02-27,0.0,32.0,5.98,0.2765
2025-02-28,0.0,31.9,5.72,0.24570833333333333
2025-03-01,0.0,31.3,4.65,0.21808333333333332
2025-03-02,0.1,30.6,4.45,0.199875
2025-03-03,0.0,31.8,5.28,0.19241666666666668
2025-03-04,0.2,32.8,5.03,0.18083333333333332
2025-03-05,0.0,34.3,5.1,0.17620833333333333
2025-03-06,0.0,32.8,5.46,0.17595833333333333
2025-03-07,3.5,31.6,4.98,0.18316666666666667
2025-03-08,0.7,32.8,5.75,0.20141666666666666
2025-03-09,2.2,31.4,4.17,0.20654166666666665
2025-03-10,1.8,33.3,5.68,0.19516666666666668
2025-03-11,0.0,33.4,5.81,0.18404166666666666
2025-03-12,1.2,33.0,5.5,0.18183333333333332
2025-03-13,0.0,32.7,5.77,0.180625
2025-03-14,0.2,32.9,5.55,0.17591666666666664
2025-03-15,0.0,33.2,5.33,0.17400000000000002
2025-03-16,0.2,32.8,5.38,0.17604166666666665
2025-03-17,1.9,33.2,5.15,0.17566666666666667
2025-03-18,1.7,33.7,5.23,0.182625
2025-03-19,1.0,34.0,6.38,0.183875
2025-03-20,0.5,33.3,4.99,0.18766666666666665
2025-03-21,0.0,33.8,5.33,0.18308333333333335
2025-03-22,0.0,34.9,6.4,0.18091666666666664
2025-03-23,1.2,31.3,5.63,0.1864583333333333
2025-03-24,0.0,33.3,5.55,0.186875
2025-03-25,0.1,30.9,4.49,0.18370833333333333
2025-03-26,0.0,33.2,5.13,0.18666666666666668
2025-03-27,0.0,34.0,5.72,0.1855
2025-03-28,0.0,34.0,5.61,0.18079166666666666
2025-03-29,0.0,33.1,6.07,0.17470833333333333
2025-03-30,1.2,33.2,5.67,0.17754166666666668
2025-03-31,14.0,33.3,3.76,0.241625
2025-04-01,43.2,30.9,3.74,0.4484166666666667
2025-04-02,17.5,30.6,3.86,0.46950000000000003
2025-04-03,6.3,31.5,3.95,0.4532083333333334
2025-04-04,0.2,32.0,5.53,0.39245833333333335
2025-04-05,0.0,31.9,5.2,0.356875
2025-04-06,0.0,32.3,5.49,0.326125
2025-04-07,0.0,32.2,5.95,0.2960416666666667
2025-04-08,2.4,32.1,4.88,0.2823333333333333
2025-04-09,1.8,32.2,4.96,0.28300000000000003
2025-04-10,5.3,31.8,3.87,0.341375
2025-04-11,1.3,33.5,4.87,0.40245833333333336
2025-04-12,1.1,33.7,5.19,0.38154166666666667
2025-04-13,0.7,33.4,5.35,0.36495833333333333
2025-04-14,7.0,32.2,4.69,0.4197916666666666
2025-04-15,1.1,32.6,4.93,0.43225
2025-04-16,14.3,30.9,3.84,0.45079166666666665
2025-04-17,1.0,32.9,4.98,0.4490416666666666
2025-04-18,0.3,33.6,5.09,0.4411666666666667
2025-04-19,0.0,34.1,5.88,0.41333333333333333
2025-04-20,0.0,33.2,5.47,0.36895833333333333
2025-04-21,0.0,33.7,5.55,0.33383333333333337
2025-04-22,8.4,31.6,4.15,0.33
2025-04-23,14.3,31.2,3.41,0.41529166666666667
2025-04-24,10.2,33.0,4.23,0.46675
2025-04-25,11.4,32.8,4.21,0.47162499999999996
2025-04-26,4.0,33.6,5.04,0.446
2025-04-27,0.3,33.1,5.37,0.41487500000000005
2025-04-28,0.7,33.1,5.39,0.37754166666666666
2025-04-29,4.8,32.3,4.77,0.35758333333333336
2025-04-30,0.5,33.8,5.8,0.33429166666666665
2025-05-01,14.1,31.4,3.7,0.39266666666666666
2025-05-02,9.4,32.0,4.26,0.45649999999999996
2025-05-03,16.9,32.6,3.8,0.4502083333333333
2025-05-04,7.5,32.1,4.37,0.46937500000000004
2025-05-05,9.1,31.7,4.24,0.48125
2025-05-06,2.5,33.2,4.94,0.44845833333333335
2025-05-07,1.1,33.4,5.03,0.41425
2025-05-08,6.7,33.5,4.82,0.426375
2025-05-09,3.0,33.4,5.12,0.41975
2025-05-10,7.5,31.7,4.04,0.41195833333333337
2025-05-11,15.1,32.2,4.13,0.4446666666666667
2025-05-12,15.1,32.3,4.23,0.4735833333333333
2025-05-13,21.5,33.2,3.28,0.4808333333333333
2025-05-14,1.3,33.0,4.85,0.455
2025-05-15,10.9,31.6,3.64,0.457875
2025-05-16,2.0,32.7,4.61,0.45458333333333334
2025-05-17,5.3,31.7,3.86,0.4557083333333333
2025-05-18,6.1,31.8,4.82,0.4563333333333333
2025-05-19,22.0,32.1,3.86,0.488
2025-05-20,8.3,32.9,4.17,0.4819166666666666
2025-05-21,10.6,32.6,3.7,0.47633333333333333
2025-05-22,10.1,31.6,2.81,0.4987083333333333
2025-05-23,21.1,28.5,1.8,0.5049166666666667
2025-05-24,20.6,29.4,2.14,0.5071249999999999
2025-05-25,14.0,31.1,2.97,0.503625
2025-05-26,0.4,32.2,4.18,0.4734583333333333
2025-05-27,10.4,32.5,3.27,0.4730833333333333
2025-05-28,1.5,32.8,4.37,0.47220833333333334
2025-05-29,37.3,31.0,2.61,0.4899166666666667
2025-05-30,22.9,30.9,2.5,0.4994166666666667
2025-05-31,2.4,32.7,4.56,0.45929166666666665
2025-06-01,3.4,34.2,5.13,0.4447916666666667
2025-06-02,9.5,31.5,3.46,0.47500000000000003
2025-06-03,11.7,28.1,1.42,0.48724999999999996
2025-06-04,3.9,30.7,4.06,0.48441666666666666
2025-06-05,2.1,31.7,4.45,0.473125
2025-06-06,3.3,30.7,4.31,0.47325
2025-06-07,17.7,29.6,2.87,0.48737499999999995
2025-06-08,10.5,30.0,2.99,0.4995416666666667
2025-06-09,14.4,28.5,1.81,0.5060833333333333
2025-06-10,6.1,29.3,3.03,0.4965
2025-06-11,15.5,28.0,1.6,0.5044166666666666
2025-06-12,12.7,28.2,2.22,0.4965
2025-06-13,1.1,31.7,4.17,0.4812916666666667
2025-06-14,0.4,32.6,4.54,0.4663333333333333
2025-06-15,1.1,32.3,4.5,0.43895833333333334
2025-06-16,9.6,31.9,4.06,0.44179166666666664
2025-06-17,8.6,30.8,3.77,0.47420833333333334
2025-06-18,3.5,30.2,2.96,0.454875
2025-06-19,5.8,30.6,3.9,0.44495833333333334
2025-06-20,8.9,30.9,3.25,0.4535
2025-06-21,16.4,29.7,3.29,0.48825
2025-06-22,30.7,27.2,1.96,0.5092083333333334
2025-06-23,1.9,30.5,4.31,0.48383333333333334
2025-06-24,1.0,30.7,4.21,0.4678333333333333
2025-06-25,9.9,30.1,3.56,0.4755833333333333
2025-06-26,20.6,28.6,2.47,0.49379166666666663
2025-06-27,5.9,30.2,3.36,0.4895833333333333
2025-06-28,4.4,29.9,3.98,0.47570833333333334
2025-06-29,11.0,29.4,3.82,0.48841666666666667
2025-06-30,3.6,31.4,4.29,0.476875
2025-07-01,8.7,28.9,3.37,0.46825
2025-07-02,15.0,29.6,3.0,0.4935833333333333
2025-07-03,3.8,29.4,2.75,0.49370833333333336
2025-07-04,0.8,30.8,4.37,0.46737500000000004
2025-07-05,3.9,30.7,3.96,0.47537499999999994
2025-07-06,19.2,30.9,3.72,0.49441666666666667
2025-07-07,28.6,29.9,2.86,0.5072916666666667
2025-07-08,5.6,30.4,3.03,0.49341666666666667
2025-07-09,5.6,29.2,3.79,0.4915
2025-07-10,8.7,30.4,3.81,0.48841666666666667
2025-07-11,11.1,30.7,4.38,0.4875
2025-07-12,6.2,31.0,4.37,0.469625
2025-07-13,15.8,30.0,3.6,0.49008333333333337
2025-07-14,3.9,30.7,4.23,0.48012499999999997
2025-07-15,19.5,30.2,3.69,0.49141666666666667
2025-07-16,18.3,30.2,2.78,0.5017083333333333
2025-07-17,3.8,29.6,2.17,0.496125
2025-07-18,3.1,30.5,4.18,0.475125
2025-07-19,2.4,30.2,3.65,0.463
2025-07-20,18.8,30.0,2.47,0.49583333333333335
2025-07-21,1.7,31.8,4.75,0.47670833333333335
2025-07-22,2.3,31.4,5.05,0.4503333333333333
2025-07-23,0.6,32.0,5.12,0.416
2025-07-24,0.4,31.4,4.86,0.3894166666666667
2025-07-25,0.0,32.0,5.2,0.3624583333333333
2025-07-26,0.9,31.8,4.76,0.3405
2025-07-27,5.9,29.9,3.35,0.34558333333333335
2025-07-28,9.9,30.8,4.33,0.429625
2025-07-29,1.1,31.9,4.79,0.41591666666666666
2025-07-30,7.8,31.8,4.58,0.42662500000000003
2025-07-31,5.4,31.3,4.28,0.43566666666666665
2025-08-01,3.5,31.1,4.63,0.4349166666666667
2025-08-02,1.1,32.2,4.5,0.4101666666666666
2025-08-03,10.9,32.4,4.38,0.4326666666666667
2025-08-04,7.4,32.2,4.59,0.461
2025-08-05,7.3,32.5,4.43,0.4464166666666667
2025-08-06,13.1,31.7,3.86,0.4761666666666666
2025-08-07,7.2,31.5,4.4,0.47504166666666664
2025-08-08,0.0,32.5,4.73,0.4375833333333334
2025-08-09,15.5,30.1,3.36,0.455875
2025-08-10,19.7,29.0,3.02,0.49145833333333333
2025-08-11,10.1,29.5,3.91,0.49095833333333333
2025-08-12,1.9,29.5,3.63,0.4805833333333333
2025-08-13,6.6,28.2,2.92,0.4740416666666667
2025-08-14,9.2,28.1,3.22,0.4881666666666667
2025-08-15,37.4,27.1,1.8,0.5074166666666667
2025-08-16,24.8,25.6,1.11,0.5104166666666666
2025-08-17,7.5,28.5,2.87,0.4947916666666667
2025-08-18,1.4,31.2,4.35,0.474625
2025-08-19,5.2,31.2,4.61,0.46337500000000004
2025-08-20,0.0,32.2,5.09,0.434375
2025-08-21,16.4,27.7,1.57,0.448625
2025-08-22,2.8,31.0,4.6,0.47654166666666664
2025-08-23,3.6,30.5,4.44,0.44725
2025-08-24,12.6,29.4,4.16,0.4537083333333333
2025-08-25,4.5,29.9,4.27,0.4483333333333333
2025-08-26,1.4,31.5,4.55,0.46025
2025-08-27,2.7,31.4,4.18,0.4492083333333334
2025-08-28,4.9,29.5,3.82,0.43212500000000004
2025-08-29,2.9,30.4,3.97,0.4395
2025-08-30,10.3,28.8,3.52,0.48233333333333334
2025-08-31,26.9,29.1,3.33,0.49379166666666663
2025-09-01,19.7,29.4,3.02,0.49545833333333333
2025-09-02,6.2,28.3,1.76,0.49974999999999997
2025-09-03,8.8,29.3,3.55,0.4990833333333333
2025-09-04,8.7,29.5,3.69,0.4945833333333333
2025-09-05,6.6,29.6,3.93,0.49004166666666665
2025-09-06,9.8,29.9,3.55,0.49374999999999997
2025-09-07,23.3,29.8,2.59,0.50025
2025-09-08,23.2,29.8,2.55,0.5021666666666667
2025-09-09,9.9,30.1,3.2,0.49774999999999997
2025-09-10,1.6,31.3,4.33,0.4735833333333333
2025-09-11,17.1,31.2,3.86,0.48475
2025-09-12,21.9,31.2,3.54,0.49416666666666664
2025-09-13,23.0,29.6,2.74,0.50575
2025-09-14,17.2,28.4,2.42,0.49825
2025-09-15,11.2,31.4,4.32,0.49124999999999996
2025-09-16,2.9,30.9,4.17,0.48370833333333335
2025-09-17,11.1,29.7,3.56,0.48512500000000003
2025-09-18,47.7,26.5,1.27,0.5094166666666667
2025-09-19,2.9,30.4,3.36,0.49225
2025-09-20,0.6,32.0,4.77,0.45129166666666665
2025-09-21,0.8,31.9,4.99,0.426
2025-09-22,0.0,31.2,3.72,0.3894583333333333
2025-09-23,0.1,31.2,4.52,0.36775
2025-09-24,2.7,30.0,3.79,0.3729166666666666
2025-09-25,3.9,30.7,3.63,0.40879166666666666
2025-09-26,8.0,27.4,2.06,0.440625
2025-09-27,30.8,28.8,2.6,0.4714583333333333
2025-09-28,13.5,28.8,3.23,0.504375
2025-09-29,37.5,29.5,2.88,0.503
2025-09-30,10.8,31.0,4.02,0.496
2025-10-01,4.6,32.1,4.39,0.4726666666666666
2025-10-02,3.2,32.3,4.6,0.44208333333333333
2025-10-03,19.8,31.4,3.91,0.4559166666666667
2025-10-04,5.2,31.5,4.43,0.48654166666666665
2025-10-05,0.0,31.8,4.28,0.46375000000000005
2025-10-06,0.4,32.0,4.85,0.427
2025-10-07,16.2,30.2,3.75,0.447
2025-10-08,15.6,29.1,3.21,0.49254166666666666
2025-10-09,27.8,29.5,3.07,0.4985
2025-10-10,8.2,30.3,3.26,0.4827083333333333
2025-10-11,15.4,30.6,3.73,0.47937500000000005
2025-10-12,1.9,31.3,4.0,0.4682916666666666
2025-10-13,3.6,30.4,3.49,0.46779166666666666
2025-10-14,4.8,31.0,3.72,0.47875
2025-10-15,16.4,31.8,4.3,0.48162499999999997
2025-10-16,10.4,30.7,2.96,0.48574999999999996
2025-10-17,6.6,29.4,3.28,0.49066666666666664
2025-10-18,4.3,29.7,3.59,0.4867916666666667
2025-10-19,2.8,31.4,4.14,0.47733333333333333
2025-10-20,14.0,32.2,4.05,0.4725416666666667
2025-10-21,18.9,31.0,3.46,0.48900000000000005
2025-10-22,25.5,30.2,3.18,0.495625
2025-10-23,4.7,29.6,2.67,0.4923333333333333
2025-10-24,20.6,29.4,2.74,0.4989166666666667
2025-10-25,26.8,26.9,1.15,0.507
2025-10-26,4.4,30.0,2.94,0.499875
2025-10-27,7.5,29.3,2.79,0.5011666666666666
2025-10-28,18.6,28.0,2.11,0.4987083333333333
2025-10-29,15.7,29.5,3.16,0.48941666666666667
2025-10-30,1.3,30.4,3.31,0.48604166666666665
2025-10-31,13.9,31.0,3.81,0.49425
2025-11-01,12.7,30.9,3.3,0.49124999999999996
2025-11-02,25.5,28.2,2.02,0.5049583333333333
2025-11-03,40.9,27.5,2.18,0.5058333333333334
2025-11-04,11.2,29.4,3.18,0.49499999999999994
2025-11-05,1.6,30.7,3.17,0.4683333333333333
2025-11-06,5.1,29.4,2.77,0.480875
2025-11-07,14.2,28.6,2.69,0.4879166666666666
2025-11-08,20.2,30.4,3.14,0.4935416666666667
2025-11-09,17.2,31.0,2.98,0.49574999999999997
2025-11-10,9.5,30.3,3.63,0.4905833333333333
2025-11-11,3.9,30.7,3.53,0.47891666666666666
2025-11-12,5.7,30.4,3.52,0.4795833333333333
2025-11-13,4.2,30.0,3.26,0.47091666666666665
2025-11-14,3.8,30.3,3.81,0.4666666666666666
2025-11-15,0.0,30.2,4.7,0.436625
2025-11-16,8.8,29.8,2.63,0.4355
2025-11-17,12.2,28.3,2.39,0.48
2025-11-18,14.8,29.2,3.29,0.47500000000000003
2025-11-19,17.0,28.0,2.27,0.49370833333333336
2025-11-20,6.0,28.1,2.71,0.4819166666666666
2025-11-21,0.5,29.2,3.87,0.47058333333333335
2025-11-22,1.4,28.0,2.73,0.45575000000000004
2025-11-23,22.7,28.2,2.45,0.47079166666666666
2025-11-24,1.9,30.8,4.39,0.47525
2025-11-25,3.5,30.5,3.8,0.46016666666666667
2025-11-26,0.0,30.1,4.18,0.445625
2025-11-27,0.0,29.6,4.97,0.41625
2025-11-28,0.2,27.5,4.78,0.3895416666666667
2025-11-29,0.0,29.0,4.04,0.36754166666666666
2025-11-30,0.2,30.7,3.71,0.34791666666666665
2025-12-01,1.7,30.9,4.05,0.3353333333333333
2025-12-02,0.4,31.1,4.05,0.31883333333333336
2025-12-03,4.3,30.7,4.03,0.30145833333333333
2025-12-04,4.8,29.4,3.51,0.3544583333333333
2025-12-05,1.2,30.3,4.49,0.40820833333333334
2025-12-06,0.7,29.9,4.15,0.3662083333333333
2025-12-07,0.9,29.1,3.88,0.33875000000000005
2025-12-08,0.0,28.8,4.2,0.3107083333333333
2025-12-09,1.2,28.9,3.63,0.28570833333333334
2025-12-10,11.1,30.0,3.52,0.27729166666666666
2025-12-11,45.2,26.5,1.75,0.4525416666666667
2025-12-12,0.4,30.0,4.08,0.45649999999999996
2025-12-13,0.2,30.2,4.46,0.425625
2025-12-14,0.5,30.3,4.22,0.40166666666666667
2025-12-15,0.0,29.6,4.34,0.36716666666666664
2025-12-16,0.0,30.7,4.52,0.3441666666666667
2025-12-17,1.8,30.3,3.74,0.32837500000000003
2025-12-18,0.2,30.1,3.76,0.31416666666666665
2025-12-19,1.3,30.1,3.86,0.30183333333333334
2025-12-20,0.3,31.0,4.14,0.29120833333333335
2025-12-21,0.6,30.6,3.85,0.278125
2025-12-22,0.8,31.1,4.18,0.2708333333333333
2025-12-23,6.3,31.2,3.37,0.28250000000000003
2025-12-24,8.6,30.1,3.37,0.363125
2025-12-25,13.1,29.8,2.83,0.46020833333333333
2025-12-26,2.9,29.9,3.75,0.45016666666666666
2025-12-27,1.0,28.8,3.59,0.43254166666666666
2025-12-28,2.5,29.8,3.45,0.4075
2025-12-29,0.3,29.7,3.98,0.396125
2025-12-30,0.6,29.8,4.08,0.36999999999999994
2025-12-31,0.1,29.7,4.38,0.34037500000000004
