date,precipitation_sum,temperature_2m_max,et0_fao_evapotranspiration,soil_moisture_0_to_7cm_mean
1991-01-01,0.3,30.8,3.92,
1991-01-02,0.0,31.3,4.7,
1991-01-03,0.0,31.3,4.66,
1991-01-04,0.3,30.4,4.33,
1991-01-05,1.2,30.8,3.89,
1991-01-06,0.0,31.1,4.48,
1991-01-07,0.5,30.0,3.85,
1991-01-08,0.0,30.6,4.38,
1991-01-09,0.0,30.5,4.29,
1991-01-10,0.0,30.8,4.53,
1991-01-11,0.0,30.2,4.16,
1991-01-12,0.0,30.3,4.15,
1991-01-13,0.0,31.1,4.28,
1991-01-14,0.0,30.1,3.68,
1991-01-15,0.1,30.4,4.2,
1991-01-16,0.0,30.9,5.0,
1991-01-17,0.0,31.0,4.92,
1991-01-18,0.0,30.9,4.47,
1991-01-19,0.0,31.1,4.06,
1991-01-20,0.0,31.1,4.06,
1991-01-21,0.0,30.5,3.67,
1991-01-22,2.7,29.6,3.28,
1991-01-23,0.0,30.3,4.14,
1991-01-24,0.0,31.1,4.9,
1991-01-25,0.0,31.5,4.77,
1991-01-26,1.4,30.4,3.55,
1991-01-27,0.0,30.3,4.17,
1991-01-28,0.2,29.8,4.11,
1991-01-29,0.3,30.1,4.22,
1991-01-30,0.1,30.0,4.18,
1991-01-31,0.1,30.8,4.34,
1991-02-01,0.0,31.0,4.42,
1991-02-02,0.0,30.5,4.39,
1991-02-03,0.0,30.7,4.7,
1991-02-04,0.0,30.0,3.89,
1991-02-05,0.4,30.2,4.04,
1991-02-06,0.0,30.5,4.03,
1991-02-07,0.0,31.4,4.62,
1991-02-08,0.0,31.3,4.71,
1991-02-09,0.0,30.3,4.06,
1991-02-10,0.0,30.9,4.39,
1991-02-11,0.0,31.5,4.93,
1991-02-12,0.0,31.8,4.96,
1991-02-13,0.0,31.8,4.45,
1991-02-14,0.1,31.1,4.61,
1991-02-15,2.3,30.8,4.41,
1991-02-16,0.0,32.3,4.57,
1991-02-17,0.0,31.9,4.9,
1991-02-18,0.1,31.8,4.83,
1991-02-19,0.0,31.9,4.62,
1991-02-20,0.2,31.5,4.96,
1991-02-21,0.0,33.1,6.53,
1991-02-22,0.0,32.6,6.02,
1991-02-23,0.0,32.0,5.76,
1991-02-24,0.0,31.8,5.92,
1991-02-25,0.0,31.3,4.89,
1991-02-26,0.0,32.5,5.74,
1991-02-27,0.0,32.2,5.74,
1991-02-28,0.3,32.6,5.41,
1991-03-01,0.0,32.8,4.79,
1991-03-02,0.0,33.3,5.75,
1991-03-03,0.0,32.1,5.22,
1991-03-04,0.0,32.4,4.58,
1991-03-05,0.0,32.9,5.53,
1991-03-06,0.0,32.1,5.03,
1991-03-07,0.0,33.3,5.94,
1991-03-08,0.0,32.9,5.37,
1991-03-09,0.0,33.2,5.39,
1991-03-10,0.0,33.2,5.7,
1991-03-11,0.0,31.7,4.57,
1991-03-12,0.0,33.3,5.1,
1991-03-13,0.2,32.2,4.34,
1991-03-14,0.0,33.1,5.36,
1991-03-15,0.0,32.8,4.66,
1991-03-16,23.2,30.6,3.78,
1991-03-17,36.2,27.9,2.16,
1991-03-18,0.0,31.0,5.01,
1991-03-19,0.0,31.2,4.91,
1991-03-20,0.0,31.3,4.56,
1991-03-21,0.0,31.1,4.08,
1991-03-22,0.2,30.4,4.57,
1991-03-23,0.0,31.1,4.79,
1991-03-24,0.0,31.6,5.84,
1991-03-25,0.0,31.7,4.62,
1991-03-26,0.0,32.8,5.85,
1991-03-27,0.0,32.9,5.73,
1991-03-28,0.0,33.5,6.2,
1991-03-29,0.0,32.8,6.31,
1991-03-30,0.0,33.0,6.13,
1991-03-31,0.9,31.9,4.81,
1991-04-01,0.2,32.5,5.04,
1991-04-02,3.9,32.2,4.84,
1991-04-03,0.0,32.3,5.75,
1991-04-04,0.3,33.1,5.97,
1991-04-05,0.6,33.3,5.47,
1991-04-06,2.2,32.8,5.12,
1991-04-07,0.0,33.2,5.38,
1991-04-08,0.7,32.6,4.77,
1991-04-09,0.7,33.2,4.71,
1991-04-10,0.0,33.9,5.7,
1991-04-11,0.0,33.6,5.62,
1991-04-12,0.0,34.4,6.07,
1991-04-13,0.0,34.4,5.84,
1991-04-14,0.0,34.0,5.19,
1991-04-15,0.0,34.2,5.9,
1991-04-16,0.2,33.6,5.46,
1991-04-17,0.6,33.6,5.29,
1991-04-18,0.0,34.2,5.37,
1991-04-19,0.0,34.3,5.78,
1991-04-20,2.9,33.5,5.08,
1991-04-21,9.6,33.9,4.38,
1991-04-22,9.6,31.6,4.02,
1991-04-23,16.4,30.2,3.09,
1991-04-24,7.9,30.8,3.26,
1991-04-25,0.0,31.9,5.24,
1991-04-26,0.8,32.0,4.8,
1991-04-27,3.4,30.7,3.81,
1991-04-28,0.5,32.2,4.84,
1991-04-29,3.6,32.5,4.54,
1991-04-30,3.9,31.4,4.15,
1991-05-01,2.5,30.7,4.23,
1991-05-02,10.9,31.2,4.26,
1991-05-03,8.7,32.1,4.33,
1991-05-04,3.4,33.1,4.68,
1991-05-05,0.0,31.8,4.79,
1991-05-06,1.5,31.4,4.53,
1991-05-07,4.1,30.7,4.13,
1991-05-08,0.2,31.8,4.82,
1991-05-09,1.5,32.4,4.62,
1991-05-10,4.2,31.4,3.89,
1991-05-11,3.4,32.1,4.25,
1991-05-12,3.1,32.6,4.71,
1991-05-13,3.0,31.5,4.35,
1991-05-14,2.7,32.4,4.79,
1991-05-15,2.2,32.8,4.7,
1991-05-16,2.2,32.8,4.7,
1991-05-17,4.4,32.6,4.82,
1991-05-18,0.3,32.7,4.95,
1991-05-19,0.0,33.3,5.34,
1991-05-20,11.3,30.6,3.27,
1991-05-21,2.8,30.4,3.05,
1991-05-22,4.1,31.8,4.62,
1991-05-23,4.0,31.8,4.29,
1991-05-24,7.5,31.2,4.01,
1991-05-25,14.0,31.6,4.13,
1991-05-26,8.5,31.7,3.41,
1991-05-27,3.9,30.7,3.7,
1991-05-28,10.0,30.0,3.26,
1991-05-29,14.0,29.6,2.13,
1991-05-30,21.1,28.3,1.9,
1991-05-31,14.4,29.6,2.65,
1991-06-01,10.9,29.9,2.52,
1991-06-02,11.5,30.5,3.09,
1991-06-03,10.1,31.1,3.55,
1991-06-04,4.1,30.5,3.21,
1991-06-05,12.3,30.1,2.65,
1991-06-06,21.5,28.4,1.91,
1991-06-07,2.0,30.0,3.34,
1991-06-08,8.6,28.4,2.05,
1991-06-09,1.9,30.2,3.17,
1991-06-10,1.4,30.9,3.95,
1991-06-11,12.9,28.9,2.2,
1991-06-12,2.3,29.1,1.88,
1991-06-13,0.0,31.1,4.52,
1991-06-14,0.0,31.1,5.21,
1991-06-15,1.5,30.5,4.47,
1991-06-16,10.7,28.6,3.69,
1991-06-17,1.0,30.4,4.4,
1991-06-18,0.3,30.9,4.84,
1991-06-19,1.2,30.9,4.6,
1991-06-20,4.8,29.3,3.82,
1991-06-21,6.6,29.4,3.46,
1991-06-22,11.5,29.3,3.15,
1991-06-23,9.6,29.6,3.29,
1991-06-24,5.6,28.1,2.98,
1991-06-25,0.7,30.6,3.87,
1991-06-26,0.0,31.6,4.93,
1991-06-27,1.1,31.2,4.83,
1991-06-28,1.9,31.0,4.36,
1991-06-29,12.5,30.7,4.1,
1991-06-30,11.5,29.9,2.81,
1991-07-01,17.9,27.9,2.77,
1991-07-02,18.5,27.9,2.54,
1991-07-03,8.9,28.8,2.75,
1991-07-04,6.2,29.6,3.78,
1991-07-05,11.8,29.4,3.88,
1991-07-06,18.3,29.2,3.46,
1991-07-07,17.4,27.8,2.64,
1991-07-08,15.8,27.7,2.7,
1991-07-09,9.7,27.8,2.67,
1991-07-10,4.6,27.6,3.07,
1991-07-11,20.9,26.8,2.12,
1991-07-12,23.5,26.2,1.93,
1991-07-13,4.3,29.7,4.24,
1991-07-14,11.3,28.7,2.96,
1991-07-15,13.5,30.2,3.54,
1991-07-16,8.5,29.5,3.71,
1991-07-17,0.3,30.7,4.54,
1991-07-18,1.3,30.3,4.55,
1991-07-19,11.3,29.3,3.55,
1991-07-20,11.2,29.1,3.1,
1991-07-21,5.1,29.7,4.2,
1991-07-22,9.0,28.6,3.56,
1991-07-23,12.2,28.6,3.07,
1991-07-24,16.3,28.2,2.97,
1991-07-25,9.1,30.0,4.34,
1991-07-26,6.9,28.5,3.53,
1991-07-27,2.0,28.6,3.19,
1991-07-28,7.6,29.6,3.07,
1991-07-29,0.7,30.4,4.37,
1991-07-30,0.7,30.6,4.57,
1991-07-31,7.4,30.0,3.8,
1991-08-01,6.8,29.4,3.83,
1991-08-02,9.0,29.2,4.0,
1991-08-03,0.0,30.2,4.54,
1991-08-04,8.4,28.8,3.12,
1991-08-05,9.9,28.3,2.56,
1991-08-06,8.8,28.0,2.85,
1991-08-07,9.1,28.2,3.54,
1991-08-08,10.5,29.2,4.02,
1991-08-09,0.2,29.4,4.39,
1991-08-10,4.3,29.1,4.06,
1991-08-11,7.5,29.3,3.67,
1991-08-12,10.4,29.1,3.58,
1991-08-13,0.2,30.0,4.65,
1991-08-14,2.4,29.9,4.49,
1991-08-15,4.9,28.8,3.31,
1991-08-16,19.8,26.5,1.78,
1991-08-17,17.1,26.5,1.81,
1991-08-18,19.6,26.3,1.33,
1991-08-19,26.0,27.0,2.02,
1991-08-20,11.1,28.1,2.67,
1991-08-21,17.8,28.2,2.4,
1991-08-22,13.8,27.8,2.24,
1991-08-23,6.4,27.8,3.13,
1991-08-24,7.4,27.6,2.64,
1991-08-25,3.7,28.9,3.75,
1991-08-26,10.2,28.6,3.19,
1991-08-27,11.3,28.4,2.74,
1991-08-28,19.6,27.4,2.24,
1991-08-29,16.6,25.8,1.4,
1991-08-30,4.7,28.7,3.57,
1991-08-31,10.3,28.0,2.92,
1991-09-01,0.6,29.9,4.24,
1991-09-02,3.9,29.6,3.98,
1991-09-03,4.7,28.8,3.06,
1991-09-04,3.1,29.4,3.19,
1991-09-05,3.9,28.8,3.31,
1991-09-06,7.0,28.8,3.42,
1991-09-07,8.7,27.8,2.79,
1991-09-08,7.6,26.4,1.9,
1991-09-09,4.7,28.8,3.27,
1991-09-10,7.3,28.2,2.83,
1991-09-11,7.9,28.3,3.49,
1991-09-12,19.8,27.5,2.23,
1991-09-13,17.4,27.6,2.36,
1991-09-14,17.4,28.2,2.92,
1991-09-15,11.4,27.6,2.15,
1991-09-16,8.1,29.2,2.98,
1991-09-17,9.9,27.8,2.65,
1991-09-18,4.4,28.9,3.35,
1991-09-19,9.6,29.4,3.28,
1991-09-20,15.0,27.3,2.01,
1991-09-21,8.0,29.8,3.81,
1991-09-22,7.4,29.3,3.21,
1991-09-23,5.7,29.4,3.12,
1991-09-24,10.5,29.2,3.36,
1991-09-25,4.4,29.5,3.93,
1991-09-26,10.9,28.7,3.3,
1991-09-27,10.0,27.4,2.27,
1991-09-28,28.1,25.5,1.46,
1991-09-29,8.6,26.6,2.18,
1991-09-30,19.4,26.4,1.75,
1991-10-01,1.8,27.7,1.75,
1991-10-02,0.0,30.1,4.17,
1991-10-03,0.5,29.7,3.84,
1991-10-04,11.9,29.2,3.35,
1991-10-05,5.7,29.0,3.61,
1991-10-06,9.7,27.6,2.88,
1991-10-07,5.6,28.7,3.15,
1991-10-08,7.6,28.6,3.3,
1991-10-09,17.2,28.0,2.34,
1991-10-10,16.4,28.1,2.37,
1991-10-11,13.5,28.8,2.73,
1991-10-12,21.5,28.2,2.2,
1991-10-13,3.5,29.3,3.56,
1991-10-14,11.2,29.7,3.48,
1991-10-15,6.0,30.5,4.0,
1991-10-16,7.1,30.7,4.23,
1991-10-17,10.9,29.8,3.52,
1991-10-18,19.2,30.5,3.93,
1991-10-19,8.9,30.4,3.56,
1991-10-20,18.0,27.8,2.08,
1991-10-21,17.9,28.3,2.16,
1991-10-22,9.1,27.2,1.81,
1991-10-23,12.8,26.4,1.42,
1991-10-24,20.3,28.8,2.65,
1991-10-25,3.5,27.9,1.85,
1991-10-26,17.7,28.9,2.48,
1991-10-27,11.6,29.8,3.28,
1991-10-28,0.3,30.5,4.22,
1991-10-29,0.4,29.3,3.9,
1991-10-30,0.1,30.0,4.06,
1991-10-31,0.0,30.1,4.11,
1991-11-01,0.3,29.7,3.95,
1991-11-02,0.0,30.2,4.22,
1991-11-03,1.5,30.0,4.07,
1991-11-04,3.2,30.5,3.86,
1991-11-05,0.2,30.5,4.09,
1991-11-06,0.3,30.7,4.07,
1991-11-07,0.3,30.9,4.25,
1991-11-08,8.8,29.8,2.83,
1991-11-09,75.2,24.8,0.8,
1991-11-10,0.0,30.1,4.23,
1991-11-11,0.0,29.8,4.3,
1991-11-12,0.0,29.6,4.37,
1991-11-13,0.0,29.1,4.37,
1991-11-14,0.0,28.1,4.44,
1991-11-15,0.0,28.6,4.65,
1991-11-16,0.0,30.1,4.97,
1991-11-17,1.0,29.9,4.07,
1991-11-18,0.3,29.6,3.73,
1991-11-19,0.0,30.3,4.04,
1991-11-20,0.0,29.8,3.75,
1991-11-21,0.0,31.0,4.45,
1991-11-22,0.2,30.9,4.25,
1991-11-23,5.1,30.9,3.82,
1991-11-24,0.0,31.3,4.33,
1991-11-25,0.0,30.6,3.91,
1991-11-26,0.3,30.9,3.85,
1991-11-27,1.6,29.9,3.26,
1991-11-28,1.9,30.0,3.47,
1991-11-29,1.3,29.5,3.42,
1991-11-30,0.5,29.5,3.39,
1991-12-01,0.0,30.2,3.69,
1991-12-02,0.0,30.6,3.93,
1991-12-03,0.0,30.8,4.88,
1991-12-04,0.0,29.8,3.79,
1991-12-05,0.0,30.0,4.18,
1991-12-06,0.0,30.0,3.97,
1991-12-07,0.0,30.3,4.11,
1991-12-08,0.0,30.2,3.99,
1991-12-09,0.0,31.2,4.44,
1991-12-10,0.4,30.7,3.99,
1991-12-11,2.4,29.6,3.18,
1991-12-12,4.1,30.1,3.5,
1991-12-13,0.0,30.5,4.25,
1991-12-14,0.0,30.9,4.79,
1991-12-15,0.0,30.9,4.47,
1991-12-16,0.0,30.6,4.12,
1991-12-17,0.0,30.5,3.93,
1991-12-18,0.2,30.2,3.59,
1991-12-19,0.6,29.8,3.51,
1991-12-20,0.0,30.4,4.38,
1991-12-21,0.0,29.8,3.99,
1991-12-22,0.0,30.8,4.07,
1991-12-23,0.0,30.7,3.97,
1991-12-24,0.3,30.4,3.93,
1991-12-25,0.4,30.4,3.88,
1991-12-26,0.0,31.1,4.44,
1991-12-27,0.0,30.6,3.93,
1991-12-28,0.1,30.4,3.44,
1991-12-29,8.1,30.0,3.32,
1991-12-30,9.0,28.9,2.8,
1991-12-31,0.0,29.2,3.65,
1992-01-01,3.6,29.4,3.64,
1992-01-02,0.0,29.8,4.23,
1992-01-03,0.0,30.6,4.57,
1992-01-04,0.2,30.1,4.26,
1992-01-05,2.4,29.1,3.27,
1992-01-06,1.1,29.5,3.55,
1992-01-07,0.0,29.7,4.19,
1992-01-08,0.4,30.1,3.95,
1992-01-09,0.4,29.1,3.52,
1992-01-10,0.3,29.2,3.93,
1992-01-11,0.4,29.4,3.77,
1992-01-12,0.0,29.6,4.21,
1992-01-13,0.0,29.7,4.04,
1992-01-14,0.3,29.0,4.28,
1992-01-15,0.0,28.4,3.92,
1992-01-16,0.0,28.5,4.53,
1992-01-17,0.0,27.8,4.0,
1992-01-18,0.0,27.5,4.11,
1992-01-19,0.0,27.9,4.19,
1992-01-20,0.0,28.7,4.29,
1992-01-21,0.2,28.4,3.76,
1992-01-22,0.0,28.6,4.18,
1992-01-23,0.0,29.0,4.66,
1992-01-24,0.0,29.4,4.29,
1992-01-25,0.0,30.3,4.65,
1992-01-26,0.0,30.8,5.12,
1992-01-27,0.0,30.5,5.21,
1992-01-28,0.0,30.8,5.39,
1992-01-29,0.0,30.3,5.08,
1992-01-30,0.0,30.9,4.82,
1992-01-31,0.0,29.8,4.05,
1992-02-01,0.0,30.8,4.77,
1992-02-02,0.0,30.8,4.75,
1992-02-03,0.0,31.1,4.63,
1992-02-04,0.4,30.3,4.05,
1992-02-05,0.0,31.2,4.47,
1992-02-06,0.1,31.1,4.25,
1992-02-07,0.0,31.6,4.56,
1992-02-08,0.0,31.7,4.95,
1992-02-09,0.0,31.7,5.13,
1992-02-10,0.0,31.7,4.99,
1992-02-11,0.0,31.9,5.21,
1992-02-12,0.0,31.5,4.61,
1992-02-13,0.0,31.9,4.29,
1992-02-14,0.0,32.1,4.31,
1992-02-15,0.0,31.2,4.5,
1992-02-16,0.0,31.5,4.81,
1992-02-17,0.2,31.1,4.39,
1992-02-18,1.4,31.1,4.2,
1992-02-19,1.8,30.7,4.17,
1992-02-20,0.4,31.7,4.81,
1992-02-21,1.3,31.6,4.4,
1992-02-22,0.0,31.3,4.96,
1992-02-23,0.0,32.0,5.42,
1992-02-24,0.0,32.3,6.13,
1992-02-25,0.0,31.4,6.13,
1992-02-26,0.0,31.9,6.23,
1992-02-27,0.0,31.7,5.29,
1992-02-28,0.0,32.4,5.22,
1992-02-29,0.2,32.2,4.67,
1992-03-01,0.0,32.0,4.9,
1992-03-02,0.8,30.8,4.55,
1992-03-03,0.0,32.0,5.47,
1992-03-04,0.0,32.0,5.33,
1992-03-05,0.0,32.0,5.02,
1992-03-06,0.0,32.7,5.63,
1992-03-07,1.0,32.0,4.37,
1992-03-08,0.7,32.7,5.2,
1992-03-09,0.3,32.5,4.99,
1992-03-10,0.0,32.6,5.18,
1992-03-11,0.0,32.6,5.41,
1992-03-12,0.0,33.4,5.8,
1992-03-13,0.0,33.6,6.26,
1992-03-14,0.0,33.8,6.02,
1992-03-15,0.0,33.8,5.91,
1992-03-16,0.0,33.7,5.54,
1992-03-17,0.0,33.3,4.96,
1992-03-18,0.0,33.4,5.5,
1992-03-19,0.0,33.4,5.58,
1992-03-20,0.0,33.9,5.69,
1992-03-21,0.0,34.8,5.87,
1992-03-22,0.0,34.0,5.48,
1992-03-23,0.0,33.9,5.75,
1992-03-24,0.0,34.2,5.74,
1992-03-25,0.0,33.8,5.12,
1992-03-26,0.0,34.1,5.68,
1992-03-27,0.0,34.2,5.45,
1992-03-28,0.0,34.3,6.01,
1992-03-29,0.0,34.9,6.45,
1992-03-30,0.0,34.9,6.22,
1992-03-31,0.0,34.5,5.68,
1992-04-01,0.0,34.4,5.6,
1992-04-02,0.0,34.2,5.51,
1992-04-03,0.0,33.6,5.64,
1992-04-04,0.0,32.8,6.0,
1992-04-05,0.0,33.8,5.98,
1992-04-06,0.0,33.8,5.59,
1992-04-07,0.8,34.2,5.53,
1992-04-08,2.7,32.6,4.63,
1992-04-09,5.1,31.4,3.95,
1992-04-10,3.8,32.3,4.73,
1992-04-11,6.6,31.9,4.37,
1992-04-12,1.6,33.1,5.15,
1992-04-13,3.0,33.1,4.81,
1992-04-14,4.6,32.7,4.44,
1992-04-15,3.7,32.4,4.29,
1992-04-16,2.0,33.3,5.0,
1992-04-17,1.0,33.2,4.84,
1992-04-18,3.6,33.1,4.58,
1992-04-19,0.1,33.3,5.28,
1992-04-20,0.0,33.1,5.5,
1992-04-21,0.0,33.3,5.74,
1992-04-22,0.2,33.7,5.51,
1992-04-23,1.3,33.9,5.26,
1992-04-24,0.0,35.9,6.42,
1992-04-25,0.0,35.8,6.44,
1992-04-26,0.0,36.5,6.76,
1992-04-27,2.0,34.8,5.03,
1992-04-28,5.6,32.4,3.94,
1992-04-29,0.0,35.8,5.92,
1992-04-30,0.0,35.3,5.43,
1992-05-01,0.0,35.0,5.65,
1992-05-02,0.8,34.7,5.34,
1992-05-03,8.3,34.9,4.84,
1992-05-04,11.0,33.3,5.21,
1992-05-05,1.1,33.0,4.65,
1992-05-06,0.5,33.6,5.31,
1992-05-07,3.9,32.6,4.7,
1992-05-08,1.8,32.0,5.01,
1992-05-09,7.4,31.8,4.27,
1992-05-10,0.5,32.8,4.97,
1992-05-11,4.3,32.8,4.49,
1992-05-12,3.0,33.2,4.72,
1992-05-13,2.7,33.3,4.64,
1992-05-14,6.6,32.4,3.97,
1992-05-15,2.1,32.0,4.24,
1992-05-16,3.9,30.6,3.98,
1992-05-17,5.6,31.3,3.7,
1992-05-18,0.7,32.1,4.98,
1992-05-19,0.3,32.9,5.51,
1992-05-20,1.3,32.4,4.95,
1992-05-21,6.5,32.6,4.48,
1992-05-22,3.3,31.8,4.41,
1992-05-23,1.8,31.6,4.65,
1992-05-24,4.3,31.4,4.19,
1992-05-25,3.6,31.1,4.39,
1992-05-26,1.6,31.7,4.66,
1992-05-27,1.6,32.2,4.63,
1992-05-28,1.6,32.1,4.53,
1992-05-29,1.9,31.5,4.7,
1992-05-30,0.3,32.6,5.35,
1992-05-31,1.1,32.5,5.37,
1992-06-01,1.2,31.9,4.82,
1992-06-02,2.2,32.5,5.04,
1992-06-03,4.6,32.7,4.5,
1992-06-04,5.5,31.2,4.33,
1992-06-05,5.9,32.2,4.61,
1992-06-06,14.5,32.1,4.62,
1992-06-07,4.2,32.0,4.71,
1992-06-08,5.1,31.5,4.19,
1992-06-09,19.6,30.4,3.29,
1992-06-10,10.6,30.9,3.14,
1992-06-11,24.1,30.0,2.92,
1992-06-12,11.1,29.6,2.57,
1992-06-13,23.8,29.0,3.3,
1992-06-14,12.7,29.9,3.11,
1992-06-15,9.9,29.1,2.42,
1992-06-16,1.1,29.8,3.32,
1992-06-17,4.4,29.0,2.98,
1992-06-18,10.6,28.3,1.67,
1992-06-19,11.3,28.0,2.21,
1992-06-20,9.2,29.1,3.17,
1992-06-21,5.3,28.1,2.91,
1992-06-22,2.2,29.3,3.28,
1992-06-23,4.2,27.7,2.21,
1992-06-24,11.0,28.7,3.02,
1992-06-25,18.1,27.6,2.16,
1992-06-26,17.1,28.0,2.31,
1992-06-27,19.8,27.4,1.97,
1992-06-28,3.6,30.2,4.49,
1992-06-29,2.4,29.5,4.46,
1992-06-30,0.9,30.1,4.23,
1992-07-01,1.8,29.7,4.1,
1992-07-02,3.2,30.2,4.17,
1992-07-03,0.3,30.0,4.44,
1992-07-04,7.8,29.2,3.72,
1992-07-05,0.6,30.3,4.48,
1992-07-06,3.1,29.5,4.15,
1992-07-07,1.5,30.1,4.4,
1992-07-08,1.9,29.7,3.65,
1992-07-09,3.9,29.3,3.65,
1992-07-10,0.9,30.2,4.28,
1992-07-11,5.1,30.8,4.52,
1992-07-12,16.1,29.1,3.71,
1992-07-13,6.6,30.0,3.6,
1992-07-14,6.4,27.0,1.72,
1992-07-15,5.2,29.0,3.77,
1992-07-16,2.8,29.7,4.08,
1992-07-17,7.9,29.3,4.13,
1992-07-18,4.5,30.0,4.33,
1992-07-19,12.4,28.0,3.24,
1992-07-20,6.8,28.5,3.66,
1992-07-21,14.0,28.1,3.26,
1992-07-22,16.3,27.8,2.77,
1992-07-23,9.7,28.5,2.19,
1992-07-24,6.4,27.5,2.91,
1992-07-25,8.4,28.1,2.3,
1992-07-26,12.5,27.1,1.72,
1992-07-27,31.1,26.8,1.85,
1992-07-28,18.8,26.8,1.97,
1992-07-29,18.5,26.4,1.54,
1992-07-30,7.6,27.6,2.1,
1992-07-31,2.6,30.0,3.66,
1992-08-01,0.1,29.8,3.46,
1992-08-02,8.2,30.5,3.74,
1992-08-03,10.4,30.1,3.22,
1992-08-04,12.0,30.4,3.71,
1992-08-05,8.7,29.9,3.58,
1992-08-06,11.5,28.1,3.28,
1992-08-07,1.0,30.1,4.8,
1992-08-08,9.7,29.5,4.32,
1992-08-09,6.5,28.2,3.63,
1992-08-10,12.5,27.2,2.93,
1992-08-11,23.7,26.4,2.36,
1992-08-12,7.9,29.0,3.81,
1992-08-13,9.4,28.7,3.42,
1992-08-14,13.6,28.6,3.15,
1992-08-15,4.0,29.1,4.3,
1992-08-16,8.2,28.4,3.72,
1992-08-17,8.2,28.5,3.27,
1992-08-18,7.2,28.0,3.12,
1992-08-19,3.2,29.1,3.95,
1992-08-20,0.3,28.8,3.92,
1992-08-21,8.3,27.5,3.05,
1992-08-22,9.8,27.4,2.43,
1992-08-23,6.2,28.2,3.21,
1992-08-24,9.3,27.9,3.31,
1992-08-25,5.6,28.3,3.47,
1992-08-26,11.3,29.0,3.54,
1992-08-27,7.7,28.5,3.47,
1992-08-28,8.5,28.6,3.6,
1992-08-29,7.4,27.8,3.28,
1992-08-30,6.6,27.9,3.37,
1992-08-31,10.9,27.8,3.37,
1992-09-01,7.4,28.1,3.74,
1992-09-02,1.6,29.8,4.61,
1992-09-03,13.8,28.1,3.53,
1992-09-04,8.6,28.8,3.98,
1992-09-05,5.2,28.6,3.98,
1992-09-06,7.7,28.3,3.46,
1992-09-07,4.2,29.3,4.3,
1992-09-08,4.6,29.1,4.36,
1992-09-09,2.2,29.4,4.29,
1992-09-10,2.9,29.8,4.66,
1992-09-11,1.5,29.9,4.39,
1992-09-12,8.2,29.5,3.73,
1992-09-13,4.7,29.0,3.51,
1992-09-14,2.2,29.1,3.68,
1992-09-15,0.6,30.1,4.37,
1992-09-16,2.8,30.0,4.38,
1992-09-17,4.9,28.6,3.44,
1992-09-18,2.6,29.3,3.62,
1992-09-19,10.5,27.2,2.23,
1992-09-20,7.0,27.2,2.41,
1992-09-21,1.5,29.8,4.23,
1992-09-22,4.9,28.7,3.22,
1992-09-23,5.3,29.6,3.34,
1992-09-24,16.3,29.2,3.1,
1992-09-25,1.3,30.9,4.28,
1992-09-26,7.2,30.8,4.11,
1992-09-27,7.2,30.8,3.94,
1992-09-28,8.2,29.5,2.76,
1992-09-29,6.3,29.6,3.06,
1992-09-30,6.9,30.2,3.33,
1992-10-01,0.0,31.5,4.76,
1992-10-02,10.6,29.6,3.52,
1992-10-03,18.5,29.9,3.22,
1992-10-04,16.5,29.5,3.06,
1992-10-05,19.9,29.7,2.69,
1992-10-06,24.5,29.1,2.73,
1992-10-07,11.5,30.0,3.64,
1992-10-08,12.0,29.8,3.0,
1992-10-09,12.6,29.5,2.68,
1992-10-10,10.6,29.2,2.75,
1992-10-11,22.1,28.8,2.2,
1992-10-12,26.0,27.8,1.8,
1992-10-13,17.5,27.5,1.77,
1992-10-14,13.1,26.6,1.68,
1992-10-15,7.4,28.2,2.38,
1992-10-16,6.7,30.2,3.77,
1992-10-17,4.4,28.9,2.5,
1992-10-18,9.2,29.7,3.12,
1992-10-19,8.3,29.6,3.83,
1992-10-20,0.0,30.6,4.39,
1992-10-21,0.0,30.4,4.3,
1992-10-22,0.0,30.9,4.76,
1992-10-23,0.0,29.3,2.91,
1992-10-24,22.6,28.5,2.33,
1992-10-25,62.2,25.4,1.7,
1992-10-26,28.3,25.7,1.48,
1992-10-27,34.5,25.8,1.49,
1992-10-28,1.8,28.4,2.76,
1992-10-29,40.0,27.6,1.99,
1992-10-30,28.2,27.8,2.03,
1992-10-31,4.6,27.9,2.38,
1992-11-01,5.8,30.1,3.59,
1992-11-02,1.3,30.3,4.14,
1992-11-03,3.7,30.8,4.17,
1992-11-04,0.0,30.4,4.29,
1992-11-05,0.0,29.6,3.78,
1992-11-06,5.0,28.6,2.8,
1992-11-07,0.5,29.3,3.16,
1992-11-08,0.0,30.5,4.59,
1992-11-09,0.7,29.1,3.69,
1992-11-10,0.0,28.5,4.89,
1992-11-11,0.0,28.7,4.76,
1992-11-12,0.0,30.0,4.8,
1992-11-13,0.0,29.9,5.31,
1992-11-14,15.2,25.1,1.91,
1992-11-15,1.7,28.3,2.65,
1992-11-16,0.0,30.4,4.46,
1992-11-17,2.3,29.6,3.72,
1992-11-18,2.5,30.3,3.6,
1992-11-19,6.9,30.3,3.13,
1992-11-20,6.1,29.5,3.41,
1992-11-21,1.6,28.6,2.66,
1992-11-22,1.8,29.2,3.4,
1992-11-23,0.7,29.2,3.42,
1992-11-24,0.1,28.8,3.17,
1992-11-25,1.5,28.7,3.36,
1992-11-26,0.0,29.0,4.04,
1992-11-27,0.0,28.9,4.37,
1992-11-28,0.3,28.3,3.79,
1992-11-29,0.0,29.2,4.52,
1992-11-30,0.0,28.5,4.39,
1992-12-01,0.0,28.8,4.24,
1992-12-02,0.0,29.3,4.58,
1992-12-03,0.0,30.7,5.09,
1992-12-04,0.2,30.3,3.98,
1992-12-05,0.0,30.1,3.92,
1992-12-06,0.0,30.9,4.28,
1992-12-07,4.3,29.9,3.22,
1992-12-08,3.7,29.9,3.59,
1992-12-09,6.1,29.1,3.2,
1992-12-10,0.7,30.0,3.81,
1992-12-11,0.5,29.5,3.53,
1992-12-12,0.4,29.3,3.68,
1992-12-13,0.0,30.5,4.17,
1992-12-14,0.1,30.4,3.92,
1992-12-15,0.1,30.1,4.01,
1992-12-16,0.0,29.9,4.29,
1992-12-17,0.0,29.7,4.05,
1992-12-18,0.0,29.2,3.83,
1992-12-19,0.0,30.7,4.45,
1992-12-20,0.0,30.5,4.15,
1992-12-21,3.5,29.1,2.81,
1992-12-22,1.8,28.0,1.79,
1992-12-23,0.8,27.9,2.13,
1992-12-24,0.8,27.3,2.6,
1992-12-25,0.0,29.0,3.53,
1992-12-26,0.0,28.0,3.24,
1992-12-27,0.1,29.9,3.81,
1992-12-28,3.7,30.2,3.67,
1992-12-29,0.1,29.9,3.72,
1992-12-30,0.0,30.4,4.08,
1992-12-31,0.3,29.8,3.78,
1993-01-01,0.0,30.2,4.39,
1993-01-02,0.1,29.8,4.12,
1993-01-03,0.0,30.8,4.57,
1993-01-04,0.8,30.6,4.14,
1993-01-05,0.0,30.9,4.47,
1993-01-06,0.0,31.2,4.69,
1993-01-07,0.0,31.1,5.38,
1993-01-08,0.0,31.0,5.1,
1993-01-09,0.0,29.9,3.11,
1993-01-10,0.0,31.3,4.73,
1993-01-11,0.0,31.2,4.56,
1993-01-12,0.0,31.0,5.28,
1993-01-13,0.6,29.9,4.03,
1993-01-14,0.3,31.0,4.17,
1993-01-15,0.8,30.8,3.88,
1993-01-16,10.9,30.3,3.35,
1993-01-17,1.8,28.8,2.98,
1993-01-18,3.8,28.7,2.99,
1993-01-19,1.0,28.7,3.54,
1993-01-20,0.0,29.2,4.0,
1993-01-21,0.0,29.3,4.02,
1993-01-22,0.0,29.7,3.88,
1993-01-23,0.3,29.7,3.92,
1993-01-24,1.7,29.2,3.06,
1993-01-25,1.1,28.4,3.38,
1993-01-26,1.3,29.0,3.89,
1993-01-27,2.4,28.7,3.93,
1993-01-28,2.1,23.5,1.99,
1993-01-29,0.0,27.0,4.79,
1993-01-30,0.0,27.1,4.87,
1993-01-31,0.0,26.8,4.08,
1993-02-01,0.0,27.9,3.64,
1993-02-02,0.0,27.6,3.4,
1993-02-03,0.0,29.1,4.31,
1993-02-04,0.0,30.1,4.52,
1993-02-05,0.0,30.0,4.62,
1993-02-06,0.0,29.6,4.16,
1993-02-07,0.0,29.4,3.79,
1993-02-08,0.0,30.4,4.54,
1993-02-09,0.0,30.5,4.62,
1993-02-10,0.0,31.6,5.58,
1993-02-11,0.0,31.3,5.13,
1993-02-12,0.0,30.2,4.63,
1993-02-13,0.0,30.2,4.76,
1993-02-14,0.0,30.1,4.68,
1993-02-15,0.0,30.5,4.74,
1993-02-16,0.0,30.5,4.82,
1993-02-17,0.0,31.5,5.6,
1993-02-18,0.0,31.2,5.38,
1993-02-19,0.0,31.1,5.18,
1993-02-20,0.0,30.6,4.66,
1993-02-21,0.0,31.3,5.07,
1993-02-22,0.0,30.7,4.73,
1993-02-23,0.0,31.8,5.6,
1993-02-24,0.0,31.5,6.03,
1993-02-25,0.0,32.8,5.8,
1993-02-26,0.4,32.3,5.3,
1993-02-27,0.0,32.3,5.35,
1993-02-28,0.1,31.5,4.37,
1993-03-01,0.0,33.2,6.03,
1993-03-02,0.0,32.4,6.17,
1993-03-03,0.0,31.5,5.12,
1993-03-04,0.0,31.7,5.07,
1993-03-05,0.0,32.3,5.45,
1993-03-06,0.0,32.8,5.54,
1993-03-07,0.0,32.5,5.27,
1993-03-08,0.2,32.7,5.74,
1993-03-09,0.0,33.8,6.95,
1993-03-10,0.0,34.3,6.91,
1993-03-11,0.0,33.6,6.56,
1993-03-12,0.0,33.6,6.53,
1993-03-13,0.0,33.0,5.85,
1993-03-14,1.3,31.4,4.26,
1993-03-15,6.9,31.4,3.83,
1993-03-16,13.3,31.2,3.95,
1993-03-17,16.1,29.4,3.36,
1993-03-18,6.3,30.7,4.26,
1993-03-19,12.1,31.2,4.1,
1993-03-20,23.0,30.4,3.64,
1993-03-21,4.0,30.9,4.34,
1993-03-22,0.4,30.6,4.82,
1993-03-23,0.0,31.6,5.7,
1993-03-24,0.0,31.1,4.97,
1993-03-25,0.0,31.7,5.43,
1993-03-26,0.0,30.9,5.02,
1993-03-27,0.8,30.2,4.86,
1993-03-28,0.0,31.2,5.49,
1993-03-29,0.0,31.3,5.26,
1993-03-30,0.1,32.0,4.77,
1993-03-31,0.0,32.0,5.2,
1993-04-01,0.0,32.1,5.36,
1993-04-02,0.0,32.4,5.54,
1993-04-03,0.0,32.1,5.76,
1993-04-04,0.0,32.1,5.42,
1993-04-05,0.6,32.5,4.99,
1993-04-06,0.4,33.2,5.19,
1993-04-07,0.0,34.3,6.03,
1993-04-08,0.2,34.3,6.32,
1993-04-09,0.0,33.3,5.66,
1993-04-10,0.0,34.8,6.59,
1993-04-11,9.7,32.8,4.11,
1993-04-12,9.9,30.4,3.36,
1993-04-13,5.3,30.1,3.07,
1993-04-14,0.0,32.1,5.51,
1993-04-15,0.0,32.4,5.13,
1993-04-16,2.8,31.9,4.59,
1993-04-17,2.5,31.5,4.62,
1993-04-18,0.9,32.0,4.57,
1993-04-19,5.2,32.0,4.3,
1993-04-20,2.3,31.8,4.16,
1993-04-21,3.5,33.0,4.61,
1993-04-22,0.0,32.9,5.28,
1993-04-23,0.0,33.3,5.69,
1993-04-24,0.0,33.1,5.69,
1993-04-25,0.0,32.8,5.03,
1993-04-26,0.0,33.3,5.13,
1993-04-27,0.0,34.3,6.16,
1993-04-28,0.0,34.2,5.87,
1993-04-29,0.0,34.3,5.91,
1993-04-30,0.4,33.8,6.06,
1993-05-01,0.2,34.3,6.0,
1993-05-02,0.0,35.0,6.06,
1993-05-03,0.0,35.6,6.46,
1993-05-04,0.0,35.3,5.64,
1993-05-05,1.5,34.5,5.28,
1993-05-06,0.0,34.7,5.31,
1993-05-07,0.0,35.7,6.35,
1993-05-08,0.2,35.2,5.86,
1993-05-09,1.0,34.3,5.79,
1993-05-10,1.9,34.1,4.55,
1993-05-11,7.0,33.4,4.55,
1993-05-12,15.0,32.7,4.18,
1993-05-13,2.2,32.2,4.35,
1993-05-14,3.5,32.8,4.64,
1993-05-15,7.3,31.8,4.03,
1993-05-16,20.7,31.4,3.52,
1993-05-17,12.4,31.0,3.94,
1993-05-18,11.8,29.4,3.24,
1993-05-19,26.0,30.8,3.6,
1993-05-20,31.0,31.3,3.89,
1993-05-21,9.2,31.1,3.69,
1993-05-22,6.7,30.9,3.64,
1993-05-23,13.8,31.2,4.14,
1993-05-24,18.2,30.5,3.84,
1993-05-25,16.7,29.2,2.8,
1993-05-26,8.0,31.2,4.0,
1993-05-27,5.2,30.4,3.76,
1993-05-28,3.3,31.3,4.41,
1993-05-29,2.5,32.0,4.42,
1993-05-30,1.5,31.5,4.52,
1993-05-31,1.6,31.6,4.56,
1993-06-01,2.2,32.2,4.84,
1993-06-02,5.0,31.5,4.31,
1993-06-03,1.8,31.8,4.63,
1993-06-04,11.8,30.7,3.89,
1993-06-05,7.0,30.9,4.08,
1993-06-06,10.6,31.3,3.88,
1993-06-07,15.9,29.7,2.79,
1993-06-08,4.5,29.9,3.43,
1993-06-09,11.3,30.6,3.65,
1993-06-10,17.7,30.5,3.51,
1993-06-11,6.1,29.6,3.41,
1993-06-12,7.9,29.4,3.04,
1993-06-13,6.4,31.3,4.4,
1993-06-14,11.7,29.9,3.66,
1993-06-15,4.4,30.1,3.73,
1993-06-16,7.2,29.8,4.07,
1993-06-17,12.2,30.5,3.81,
1993-06-18,8.3,30.0,4.06,
1993-06-19,8.7,28.8,3.42,
1993-06-20,6.1,28.7,3.2,
1993-06-21,6.1,29.1,3.56,
1993-06-22,21.2,28.4,2.01,
1993-06-23,22.0,27.8,2.17,
1993-06-24,4.1,30.2,4.36,
1993-06-25,1.7,29.6,4.16,
1993-06-26,6.0,29.9,4.08,
1993-06-27,9.5,28.3,3.2,
1993-06-28,14.4,27.9,2.4,
1993-06-29,9.9,29.2,3.61,
1993-06-30,11.4,29.3,3.31,
1993-07-01,6.1,29.8,3.83,
1993-07-02,3.0,29.9,4.41,
1993-07-03,4.4,29.3,3.37,
1993-07-04,11.3,30.3,3.8,
1993-07-05,14.7,29.5,3.15,
1993-07-06,11.0,26.3,1.93,
1993-07-07,12.1,29.1,2.33,
1993-07-08,9.5,28.0,3.08,
1993-07-09,10.2,28.6,3.22,
1993-07-10,8.1,27.2,2.6,
1993-07-11,29.4,27.2,2.01,
1993-07-12,8.2,29.1,2.89,
1993-07-13,2.2,29.1,3.34,
1993-07-14,5.9,29.2,3.67,
1993-07-15,7.6,29.4,3.9,
1993-07-16,10.9,29.1,3.53,
1993-07-17,7.0,29.4,3.69,
1993-07-18,6.9,30.3,4.23,
1993-07-19,10.7,28.9,3.65,
1993-07-20,7.2,28.9,3.71,
1993-07-21,11.9,29.2,3.58,
1993-07-22,20.4,29.6,3.64,
1993-07-23,12.0,28.9,3.89,
1993-07-24,25.1,27.2,2.73,
1993-07-25,17.9,28.9,3.39,
1993-07-26,7.8,28.5,3.26,
1993-07-27,23.3,28.3,3.22,
1993-07-28,17.6,27.2,2.29,
1993-07-29,15.7,28.1,2.68,
1993-07-30,3.8,29.5,4.14,
1993-07-31,4.0,29.5,3.56,
1993-08-01,1.5,29.8,3.83,
1993-08-02,4.6,29.5,3.83,
1993-08-03,7.5,30.2,3.91,
1993-08-04,1.2,30.1,4.18,
1993-08-05,7.7,29.0,3.52,
1993-08-06,13.3,29.7,3.79,
1993-08-07,6.7,29.7,4.17,
1993-08-08,17.2,28.3,3.14,
1993-08-09,12.8,27.5,2.86,
1993-08-10,2.2,28.8,2.95,
1993-08-11,14.9,29.0,3.74,
1993-08-12,9.1,29.7,3.97,
1993-08-13,9.0,28.1,3.26,
1993-08-14,6.2,28.5,3.2,
1993-08-15,0.0,29.9,4.49,
1993-08-16,3.8,29.1,3.8,
1993-08-17,5.1,29.2,4.05,
1993-08-18,5.8,28.9,3.81,
1993-08-19,3.9,29.3,3.55,
1993-08-20,6.0,28.9,3.85,
1993-08-21,9.0,27.6,2.76,
1993-08-22,9.3,28.6,3.09,
1993-08-23,2.6,29.1,3.63,
1993-08-24,9.0,28.2,3.23,
1993-08-25,5.7,29.6,4.22,
1993-08-26,6.7,29.6,3.92,
1993-08-27,6.3,28.4,3.12,
1993-08-28,12.9,28.6,3.1,
1993-08-29,10.9,28.6,2.17,
1993-08-30,7.5,28.9,3.37,
1993-08-31,4.2,28.7,2.69,
1993-09-01,0.6,30.0,3.67,
1993-09-02,19.3,27.5,2.37,
1993-09-03,15.1,27.5,2.58,
1993-09-04,13.5,26.8,2.32,
1993-09-05,2.6,29.7,3.65,
1993-09-06,5.5,29.7,4.56,
1993-09-07,11.3,28.8,3.27,
1993-09-08,15.2,28.3,3.0,
1993-09-09,12.2,27.7,2.43,
1993-09-10,2.2,29.8,4.06,
1993-09-11,1.5,30.0,4.53,
1993-09-12,12.1,29.1,3.81,
1993-09-13,10.5,27.8,2.85,
1993-09-14,27.9,27.2,2.17,
1993-09-15,12.7,26.7,2.2,
1993-09-16,8.6,27.5,2.55,
1993-09-17,4.5,27.7,3.22,
1993-09-18,16.9,27.4,2.81,
1993-09-19,16.9,28.0,2.45,
1993-09-20,6.4,28.7,3.35,
1993-09-21,5.2,30.1,3.64,
1993-09-22,4.8,30.8,4.25,
1993-09-23,8.2,28.9,2.75,
1993-09-24,6.7,29.2,3.2,
1993-09-25,5.2,28.7,2.96,
1993-09-26,6.7,28.5,3.07,
1993-09-27,3.4,30.1,3.84,
1993-09-28,10.6,28.2,3.2,
1993-09-29,7.5,30.4,4.11,
1993-09-30,16.1,29.9,3.7,
1993-10-01,10.3,29.1,3.25,
1993-10-02,12.2,29.2,3.11,
1993-10-03,12.4,27.0,1.78,
1993-10-04,4.1,27.2,1.45,
1993-10-05,9.4,28.7,2.01,
1993-10-06,11.2,29.1,2.84,
1993-10-07,22.6,29.4,2.13,
1993-10-08,14.3,29.0,2.93,
1993-10-09,27.6,28.9,2.47,
1993-10-10,18.2,29.6,3.18,
1993-10-11,6.9,30.4,4.09,
1993-10-12,16.6,29.9,3.69,
1993-10-13,24.7,28.9,2.54,
1993-10-14,8.0,29.4,3.19,
1993-10-15,17.0,29.0,2.62,
1993-10-16,4.3,28.6,2.29,
1993-10-17,8.2,29.4,3.0,
1993-10-18,10.8,28.9,3.12,
1993-10-19,7.2,30.4,3.78,
1993-10-20,6.8,29.6,3.06,
1993-10-21,12.7,29.3,3.0,
1993-10-22,18.5,29.9,3.2,
1993-10-23,8.0,29.9,3.17,
1993-10-24,21.1,29.2,2.58,
1993-10-25,27.9,30.0,3.23,
1993-10-26,19.6,29.9,3.41,
1993-10-27,53.7,27.0,1.46,
1993-10-28,5.3,29.9,3.23,
1993-10-29,2.0,30.8,4.08,
1993-10-30,1.5,31.1,4.05,
1993-10-31,0.5,30.7,4.49,
1993-11-01,0.0,29.9,4.61,
1993-11-02,0.0,30.0,5.31,
1993-11-03,0.0,30.1,5.05,
1993-11-04,0.3,30.6,4.3,
1993-11-05,0.3,30.6,4.05,
1993-11-06,0.1,31.1,4.29,
1993-11-07,2.1,31.4,3.89,
1993-11-08,0.0,30.9,4.25,
1993-11-09,1.7,31.2,3.78,
1993-11-10,4.5,30.7,3.04,
1993-11-11,4.5,30.0,2.76,
1993-11-12,7.7,29.8,2.8,
1993-11-13,3.2,30.0,3.76,
1993-11-14,7.5,29.7,3.41,
1993-11-15,6.7,29.8,3.57,
1993-11-16,5.1,30.2,3.59,
1993-11-17,5.1,29.7,3.13,
1993-11-18,4.2,29.6,3.06,
1993-11-19,3.0,27.3,1.88,
1993-11-20,3.2,29.7,3.06,
1993-11-21,5.7,29.6,2.91,
1993-11-22,0.5,30.0,3.62,
1993-11-23,0.0,30.4,4.75,
1993-11-24,0.0,27.6,3.56,
1993-11-25,0.0,29.1,4.08,
1993-11-26,2.5,29.3,3.01,
1993-11-27,16.9,27.5,1.54,
1993-11-28,15.8,26.9,1.37,
1993-11-29,16.5,28.3,2.09,
1993-11-30,0.4,30.1,3.44,
1993-12-01,7.7,30.4,3.46,
1993-12-02,1.4,29.1,2.52,
1993-12-03,2.0,30.4,3.54,
1993-12-04,6.0,30.3,3.13,
1993-12-05,11.8,29.4,2.65,
1993-12-06,0.6,28.0,3.33,
1993-12-07,0.0,27.9,4.82,
1993-12-08,0.0,27.7,4.37,
1993-12-09,0.3,25.1,2.22,
1993-12-10,0.0,28.5,3.46,
1993-12-11,0.4,29.2,3.45,
1993-12-12,1.4,29.9,3.28,
1993-12-13,0.2,30.1,3.71,
1993-12-14,3.3,30.0,3.22,
1993-12-15,3.8,29.7,3.17,
1993-12-16,2.3,29.9,3.77,
1993-12-17,0.0,28.7,4.88,
1993-12-18,0.0,28.0,5.01,
1993-12-19,0.1,27.0,3.68,
1993-12-20,1.9,27.2,3.65,
1993-12-21,0.3,28.2,3.33,
1993-12-22,0.0,28.2,4.37,
1993-12-23,0.0,27.9,4.8,
1993-12-24,0.0,27.2,4.27,
1993-12-25,0.0,27.1,3.83,
1993-12-26,0.0,26.6,4.61,
1993-12-27,0.0,26.9,3.95,
1993-12-28,0.0,27.7,4.47,
1993-12-29,0.0,28.6,3.96,
1993-12-30,0.0,29.8,4.4,
1993-12-31,0.0,29.4,3.94,
1994-01-01,0.8,27.4,1.63,
1994-01-02,0.3,29.0,3.11,
1994-01-03,1.0,29.5,3.68,
1994-01-04,0.1,31.1,4.66,
1994-01-05,0.0,30.8,4.78,
1994-01-06,0.1,30.0,4.01,
1994-01-07,0.0,29.3,3.5,
1994-01-08,0.0,30.4,4.2,
1994-01-09,0.1,29.5,3.22,
1994-01-10,1.0,29.5,3.49,
1994-01-11,0.6,31.0,4.3,
1994-01-12,0.0,31.2,4.7,
1994-01-13,0.0,30.5,4.17,
1994-01-14,0.0,30.8,4.39,
1994-01-15,0.0,29.6,3.99,
1994-01-16,0.0,29.4,3.96,
1994-01-17,0.0,30.1,4.47,
1994-01-18,0.0,29.3,3.71,
1994-01-19,0.0,30.6,4.53,
1994-01-20,0.9,30.0,3.61,
1994-01-21,0.0,30.3,4.49,
1994-01-22,0.0,29.6,3.84,
1994-01-23,0.0,29.6,4.57,
1994-01-24,0.0,29.1,4.4,
1994-01-25,0.0,29.9,4.77,
1994-01-26,0.0,30.4,4.26,
1994-01-27,0.0,31.0,4.31,
1994-01-28,0.0,30.5,4.35,
1994-01-29,0.0,30.1,4.06,
1994-01-30,0.0,30.7,4.5,
1994-01-31,0.0,31.6,5.39,
1994-02-01,0.0,31.8,5.27,
1994-02-02,0.1,28.9,3.43,
1994-02-03,0.0,31.2,5.6,
1994-02-04,0.0,32.2,5.68,
1994-02-05,0.0,31.3,4.92,
1994-02-06,5.5,31.4,4.3,
1994-02-07,0.0,31.8,4.59,
1994-02-08,0.0,31.3,4.21,
1994-02-09,0.0,30.9,3.88,
1994-02-10,0.8,31.4,4.35,
1994-02-11,1.0,30.4,3.46,
1994-02-12,0.0,31.4,4.42,
1994-02-13,0.0,32.2,4.78,
1994-02-14,0.3,31.9,4.56,
1994-02-15,0.0,32.7,5.15,
1994-02-16,0.0,32.6,5.36,
1994-02-17,0.0,33.1,5.25,
1994-02-18,0.0,31.0,4.07,
1994-02-19,0.0,31.8,4.72,
1994-02-20,0.0,31.9,4.96,
1994-02-21,0.0,32.2,4.94,
1994-02-22,0.0,32.2,5.37,
1994-02-23,0.0,32.0,5.3,
1994-02-24,0.0,32.3,5.0,
1994-02-25,0.0,32.4,5.24,
1994-02-26,0.0,33.1,5.88,
1994-02-27,0.0,33.3,6.46,
1994-02-28,0.0,33.6,6.85,
1994-03-01,0.0,32.1,5.56,
1994-03-02,0.0,32.2,5.69,
1994-03-03,0.6,32.2,5.78,
1994-03-04,0.0,32.9,6.01,
1994-03-05,0.0,32.4,5.48,
1994-03-06,0.0,32.5,5.03,
1994-03-07,0.0,32.6,4.24,
1994-03-08,1.9,32.9,4.4,
1994-03-09,5.3,32.4,4.07,
1994-03-10,0.0,32.7,4.64,
1994-03-11,0.4,33.0,4.97,
1994-03-12,1.6,32.7,4.36,
1994-03-13,5.0,33.0,4.71,
1994-03-14,2.2,32.4,4.47,
1994-03-15,0.1,32.9,5.71,
1994-03-16,3.1,32.3,5.15,
1994-03-17,1.0,33.0,5.89,
1994-03-18,0.0,33.2,6.03,
1994-03-19,5.3,32.5,4.67,
1994-03-20,6.3,32.4,4.24,
1994-03-21,8.0,31.6,4.28,
1994-03-22,5.6,31.7,4.05,
1994-03-23,2.2,31.6,4.44,
1994-03-24,6.7,30.9,4.01,
1994-03-25,3.1,31.1,4.53,
1994-03-26,0.3,31.8,5.02,
1994-03-27,0.0,32.9,5.65,
1994-03-28,0.6,31.8,5.4,
1994-03-29,0.0,33.4,6.09,
1994-03-30,0.0,32.6,5.34,
1994-03-31,1.3,31.8,4.58,
1994-04-01,0.2,32.5,4.88,
1994-04-02,0.0,32.5,5.0,
1994-04-03,0.0,32.7,4.89,
1994-04-04,0.0,33.0,4.69,
1994-04-05,0.0,32.0,4.41,
1994-04-06,0.4,32.7,5.21,
1994-04-07,0.0,33.0,5.32,
1994-04-08,0.1,33.0,5.71,
1994-04-09,2.0,32.7,5.01,
1994-04-10,2.5,31.9,4.51,
1994-04-11,3.9,32.7,4.97,
1994-04-12,1.4,32.9,5.03,
1994-04-13,2.2,33.0,4.85,
1994-04-14,0.5,33.4,5.38,
1994-04-15,6.2,33.2,5.11,
1994-04-16,0.1,33.3,5.26,
1994-04-17,7.1,32.8,4.58,
1994-04-18,7.0,31.5,3.81,
1994-04-19,26.0,31.3,4.02,
1994-04-20,5.1,31.5,4.61,
1994-04-21,10.8,31.1,3.98,
1994-04-22,5.1,31.1,4.16,
1994-04-23,1.8,32.0,4.49,
1994-04-24,9.2,31.6,4.41,
1994-04-25,15.2,30.3,3.63,
1994-04-26,1.8,32.6,4.35,
1994-04-27,0.9,32.6,4.72,
1994-04-28,0.0,33.1,5.38,
1994-04-29,0.0,32.9,5.33,
1994-04-30,0.0,33.1,5.44,
1994-05-01,0.1,33.2,5.57,
1994-05-02,2.1,32.6,4.89,
1994-05-03,1.5,31.8,5.01,
1994-05-04,2.3,31.6,5.23,
1994-05-05,3.8,31.0,4.28,
1994-05-06,10.5,29.9,3.13,
1994-05-07,25.9,29.7,2.67,
1994-05-08,13.1,27.6,2.15,
1994-05-09,8.7,30.2,3.22,
1994-05-10,7.2,30.3,3.16,
1994-05-11,9.0,29.2,4.02,
1994-05-12,7.5,29.4,3.62,
1994-05-13,7.7,29.7,3.46,
1994-05-14,13.3,28.8,3.03,
1994-05-15,6.2,29.7,3.69,
1994-05-16,6.7,29.2,3.22,
1994-05-17,6.3,30.3,3.83,
1994-05-18,13.0,29.4,3.0,
1994-05-19,25.6,27.5,1.87,
1994-05-20,17.1,29.4,3.2,
1994-05-21,3.0,30.4,4.23,
1994-05-22,1.7,30.3,4.42,
1994-05-23,6.3,30.2,4.17,
1994-05-24,2.2,30.0,3.66,
1994-05-25,13.1,28.9,2.58,
1994-05-26,5.7,29.2,3.04,
1994-05-27,19.0,29.2,2.85,
1994-05-28,8.9,29.1,3.04,
1994-05-29,3.6,30.5,4.27,
1994-05-30,7.8,30.6,4.21,
1994-05-31,6.8,30.1,3.77,
1994-06-01,3.2,29.7,3.66,
1994-06-02,7.1,30.1,3.37,
1994-06-03,8.3,29.7,3.62,
1994-06-04,6.2,30.5,3.68,
1994-06-05,1.5,31.6,4.55,
1994-06-06,2.7,30.7,4.1,
1994-06-07,7.2,30.2,3.36,
1994-06-08,5.5,29.4,2.83,
1994-06-09,12.2,30.1,3.25,
1994-06-10,11.8,29.4,3.14,
1994-06-11,5.6,27.9,2.54,
1994-06-12,1.8,30.4,4.28,
1994-06-13,7.0,30.0,3.8,
1994-06-14,5.9,30.6,3.99,
1994-06-15,1.0,30.4,4.58,
1994-06-16,7.9,29.6,4.08,
1994-06-17,10.6,28.9,3.61,
1994-06-18,0.1,30.1,4.96,
1994-06-19,12.1,28.4,3.23,
1994-06-20,15.2,28.6,2.54,
1994-06-21,7.9,27.4,2.13,
1994-06-22,11.8,27.0,2.12,
1994-06-23,22.7,27.4,2.3,
1994-06-24,6.4,28.0,3.19,
1994-06-25,2.2,29.9,4.39,
1994-06-26,1.2,30.1,4.56,
1994-06-27,2.3,29.9,4.46,
1994-06-28,14.7,27.8,2.36,
1994-06-29,36.3,27.2,1.87,
1994-06-30,9.2,27.4,2.95,
1994-07-01,5.2,29.5,3.81,
1994-07-02,3.1,30.3,4.2,
1994-07-03,10.1,29.2,3.29,
1994-07-04,5.7,28.9,4.02,
1994-07-05,5.6,28.8,4.22,
1994-07-06,12.6,28.0,3.03,
1994-07-07,13.1,27.1,2.47,
1994-07-08,13.9,28.1,2.97,
1994-07-09,14.8,28.3,3.81,
1994-07-10,14.6,26.3,1.53,
1994-07-11,2.8,28.4,2.98,
1994-07-12,3.5,29.1,4.17,
1994-07-13,3.5,29.1,3.92,
1994-07-14,12.1,27.2,2.55,
1994-07-15,10.4,28.7,3.28,
1994-07-16,4.7,29.3,3.74,
1994-07-17,3.0,29.5,4.08,
1994-07-18,12.0,28.4,2.96,
1994-07-19,12.2,28.2,3.13,
1994-07-20,7.7,29.2,3.53,
1994-07-21,4.1,28.8,3.9,
1994-07-22,8.9,28.0,3.63,
1994-07-23,2.4,29.6,4.22,
1994-07-24,6.5,29.0,3.63,
1994-07-25,5.4,28.9,4.11,
1994-07-26,5.3,28.8,3.77,
1994-07-27,6.6,28.9,3.49,
1994-07-28,15.7,28.3,2.94,
1994-07-29,13.4,28.2,2.75,
1994-07-30,8.4,27.9,2.83,
1994-07-31,18.9,27.6,2.18,
1994-08-01,10.5,27.5,2.28,
1994-08-02,14.0,28.3,2.38,
1994-08-03,12.8,27.6,3.02,
1994-08-04,11.8,28.0,2.86,
1994-08-05,7.1,29.3,4.02,
1994-08-06,14.0,27.7,3.16,
1994-08-07,9.4,29.4,3.92,
1994-08-08,9.4,29.6,4.03,
1994-08-09,2.9,30.3,4.57,
1994-08-10,6.5,29.7,3.78,
1994-08-11,0.0,30.3,4.85,
1994-08-12,0.3,29.9,4.65,
1994-08-13,0.3,29.6,4.61,
1994-08-14,1.4,29.7,4.61,
1994-08-15,4.5,29.3,4.01,
1994-08-16,4.0,29.2,3.95,
1994-08-17,3.2,29.1,3.92,
1994-08-18,5.1,28.6,3.73,
1994-08-19,7.3,29.1,3.9,
1994-08-20,8.2,28.8,4.02,
1994-08-21,1.3,29.9,4.99,
1994-08-22,1.9,29.4,4.37,
1994-08-23,11.9,29.0,3.69,
1994-08-24,30.7,27.9,2.29,
1994-08-25,24.0,27.4,2.18,
1994-08-26,2.5,28.6,2.99,
1994-08-27,4.3,28.6,3.89,
1994-08-28,10.6,28.6,3.36,
1994-08-29,16.3,28.0,2.78,
1994-08-30,17.1,26.0,1.83,
1994-08-31,16.3,25.9,1.64,
1994-09-01,17.2,26.3,1.74,
1994-09-02,13.6,27.6,2.56,
1994-09-03,8.5,27.1,2.89,
1994-09-04,7.3,27.0,2.51,
1994-09-05,12.1,26.9,2.63,
1994-09-06,16.2,27.0,2.34,
1994-09-07,3.4,29.6,4.45,
1994-09-08,4.1,30.1,4.18,
1994-09-09,2.6,30.1,4.35,
1994-09-10,15.3,28.2,2.66,
1994-09-11,34.4,26.6,2.0,
1994-09-12,32.8,27.7,2.55,
1994-09-13,21.4,25.4,1.21,
1994-09-14,5.2,28.6,3.36,
1994-09-15,9.5,28.6,3.23,
1994-09-16,11.5,28.2,2.7,
1994-09-17,18.6,27.6,2.07,
1994-09-18,27.8,25.4,1.33,
1994-09-19,6.2,27.4,3.0,
1994-09-20,3.9,28.9,3.54,
1994-09-21,2.2,29.2,4.08,
1994-09-22,4.0,30.0,4.4,
1994-09-23,5.8,30.0,3.91,
1994-09-24,1.6,29.6,3.52,
1994-09-25,2.5,29.4,4.0,
1994-09-26,1.3,29.4,3.84,
1994-09-27,5.7,28.9,3.06,
1994-09-28,9.6,27.7,2.51,
1994-09-29,29.7,28.4,2.47,
1994-09-30,14.0,28.1,2.8,
1994-10-01,0.7,30.0,4.03,
1994-10-02,3.8,30.6,3.87,
1994-10-03,8.2,29.6,3.05,
1994-10-04,11.8,30.1,3.62,
1994-10-05,5.5,29.4,3.23,
1994-10-06,4.0,30.9,3.97,
1994-10-07,4.2,31.1,4.16,
1994-10-08,24.8,29.9,3.46,
1994-10-09,6.2,30.7,3.97,
1994-10-10,3.3,31.1,3.99,
1994-10-11,8.3,30.9,4.18,
1994-10-12,6.8,30.6,4.06,
1994-10-13,3.8,29.1,3.34,
1994-10-14,11.7,28.8,3.47,
1994-10-15,5.6,29.3,4.05,
1994-10-16,3.8,30.7,4.13,
1994-10-17,5.7,31.1,4.42,
1994-10-18,8.5,30.7,3.47,
1994-10-19,3.3,29.5,3.0,
1994-10-20,12.9,30.5,3.34,
1994-10-21,22.8,29.2,3.01,
1994-10-22,0.0,29.7,5.0,
1994-10-23,0.0,28.8,5.11,
1994-10-24,0.0,29.3,5.21,
1994-10-25,0.9,27.0,2.79,
1994-10-26,18.2,24.8,1.17,
1994-10-27,38.7,25.7,1.84,
1994-10-28,0.0,29.9,4.51,
1994-10-29,4.6,29.0,3.2,
1994-10-30,33.2,28.9,2.68,
1994-10-31,0.6,29.6,4.05,
1994-11-01,0.4,29.2,3.93,
1994-11-02,0.3,29.2,3.99,
1994-11-03,0.1,29.4,4.01,
1994-11-04,0.1,29.5,4.02,
1994-11-05,0.0,30.5,4.17,
1994-11-06,5.7,29.9,3.66,
1994-11-07,1.4,29.8,4.1,
1994-11-08,0.0,30.3,4.59,
1994-11-09,0.0,30.8,4.59,
1994-11-10,0.0,30.2,4.37,
1994-11-11,0.3,30.4,4.21,
1994-11-12,0.0,30.7,4.35,
1994-11-13,3.6,30.4,3.87,
1994-11-14,0.0,31.0,4.31,
1994-11-15,0.1,30.8,4.07,
1994-11-16,0.6,30.9,4.31,
1994-11-17,0.2,31.3,4.33,
1994-11-18,0.1,30.9,4.52,
1994-11-19,0.7,31.4,4.09,
1994-11-20,1.4,28.4,2.48,
1994-11-21,0.0,31.2,3.93,
1994-11-22,0.0,31.7,4.42,
1994-11-23,0.0,31.7,4.59,
1994-11-24,0.1,30.9,4.34,
1994-11-25,0.0,30.8,4.13,
1994-11-26,0.0,30.6,4.0,
1994-11-27,6.3,30.5,3.37,
1994-11-28,0.1,31.1,3.74,
1994-11-29,0.8,31.6,3.84,
1994-11-30,0.0,31.4,4.7,
1994-12-01,0.0,31.4,4.73,
1994-12-02,11.5,30.2,2.84,
1994-12-03,1.1,30.1,3.47,
1994-12-04,0.3,29.1,2.34,
1994-12-05,0.4,30.2,3.61,
1994-12-06,10.6,26.8,1.83,
1994-12-07,1.2,29.3,3.0,
1994-12-08,0.2,30.7,4.0,
1994-12-09,3.1,28.3,2.68,
1994-12-10,7.4,29.4,2.92,
1994-12-11,4.9,29.0,2.37,
1994-12-12,16.6,28.1,2.15,
1994-12-13,0.0,29.7,3.63,
1994-12-14,0.0,30.2,4.31,
1994-12-15,1.2,30.1,3.63,
1994-12-16,0.6,30.0,3.82,
1994-12-17,0.0,30.1,4.06,
1994-12-18,0.0,30.2,4.65,
1994-12-19,0.0,30.3,4.75,
1994-12-20,0.0,30.3,4.42,
1994-12-21,0.0,29.9,3.86,
1994-12-22,0.0,29.6,4.2,
1994-12-23,0.0,29.4,4.17,
1994-12-24,0.0,29.5,3.78,
1994-12-25,0.4,29.3,3.45,
1994-12-26,0.4,29.1,3.44,
1994-12-27,0.1,30.3,3.56,
1994-12-28,0.0,29.9,3.65,
1994-12-29,0.0,30.0,4.18,
1994-12-30,0.0,30.7,4.7,
1994-12-31,0.0,30.9,4.68,
1995-01-01,0.0,31.1,4.48,
1995-01-02,0.0,31.6,4.88,
1995-01-03,0.3,30.9,4.37,
1995-01-04,0.5,31.2,3.88,
1995-01-05,0.7,30.5,3.95,
1995-01-06,0.0,28.8,4.74,
1995-01-07,0.0,27.8,4.48,
1995-01-08,0.0,29.5,4.44,
1995-01-09,0.0,29.8,3.8,
1995-01-10,0.0,31.1,4.32,
1995-01-11,0.3,30.2,3.51,
1995-01-12,0.2,30.0,3.61,
1995-01-13,0.0,29.6,3.45,
1995-01-14,0.0,30.0,4.46,
1995-01-15,0.0,30.4,4.96,
1995-01-16,0.0,30.6,4.37,
1995-01-17,0.0,30.6,4.86,
1995-01-18,0.0,30.8,4.61,
1995-01-19,0.0,30.6,4.39,
1995-01-20,0.0,31.1,4.72,
1995-01-21,0.0,30.1,4.17,
1995-01-22,0.0,30.2,3.52,
1995-01-23,1.2,30.1,3.67,
1995-01-24,0.1,30.7,3.86,
1995-01-25,1.9,29.3,2.99,
1995-01-26,1.2,30.0,4.18,
1995-01-27,0.1,31.3,4.76,
1995-01-28,0.0,31.3,5.05,
1995-01-29,0.0,31.0,4.71,
1995-01-30,0.0,31.5,5.22,
1995-01-31,0.0,31.1,5.46,
1995-02-01,0.0,30.9,5.71,
1995-02-02,0.0,30.1,5.28,
1995-02-03,0.0,30.5,5.05,
1995-02-04,0.0,30.2,5.03,
1995-02-05,0.0,29.5,5.04,
1995-02-06,0.0,29.1,4.95,
1995-02-07,0.0,29.8,4.64,
1995-02-08,0.0,30.3,4.47,
1995-02-09,0.0,30.7,4.45,
1995-02-10,0.0,32.0,5.41,
1995-02-11,0.0,31.6,5.45,
1995-02-12,0.0,32.3,5.27,
1995-02-13,0.0,31.7,4.31,
1995-02-14,0.0,31.4,4.05,
1995-02-15,0.0,32.4,4.57,
1995-02-16,0.0,31.9,4.57,
1995-02-17,0.0,31.8,4.56,
1995-02-18,0.0,31.6,4.99,
1995-02-19,0.0,32.1,4.74,
1995-02-20,0.0,32.0,5.13,
1995-02-21,0.0,31.9,4.63,
1995-02-22,0.0,32.6,5.31,
1995-02-23,0.0,33.1,6.08,
1995-02-24,0.0,32.7,6.23,
1995-02-25,0.0,32.7,5.64,
1995-02-26,0.0,31.5,4.69,
1995-02-27,0.0,32.9,5.85,
1995-02-28,0.0,32.8,5.84,
1995-03-01,0.0,32.9,5.79,
1995-03-02,0.0,32.2,5.04,
1995-03-03,1.3,30.9,4.18,
1995-03-04,1.3,32.7,4.7,
1995-03-05,1.0,32.0,4.13,
1995-03-06,0.0,32.0,5.42,
1995-03-07,0.0,32.4,5.77,
1995-03-08,0.0,32.4,5.18,
1995-03-09,0.0,33.3,5.32,
1995-03-10,0.0,33.7,5.58,
1995-03-11,0.0,33.7,5.68,
1995-03-12,0.0,33.3,5.39,
1995-03-13,0.0,33.0,6.25,
1995-03-14,0.0,33.6,6.89,
1995-03-15,0.0,33.6,5.81,
1995-03-16,0.0,33.3,4.95,
1995-03-17,0.0,34.1,5.59,
1995-03-18,0.0,33.9,6.25,
1995-03-19,0.0,35.2,7.43,
1995-03-20,0.0,33.4,5.06,
1995-03-21,22.9,27.4,1.71,
1995-03-22,0.5,32.1,5.04,
1995-03-23,0.0,31.7,4.64,
1995-03-24,0.6,32.5,4.96,
1995-03-25,0.2,32.4,4.95,
1995-03-26,1.2,31.0,3.91,
1995-03-27,0.4,32.6,4.89,
1995-03-28,2.7,32.3,4.51,
1995-03-29,0.0,33.2,5.2,
1995-03-30,0.0,32.9,5.21,
1995-03-31,0.0,33.3,5.17,
1995-04-01,0.0,33.3,5.04,
1995-04-02,0.5,35.0,5.75,
1995-04-03,0.0,35.2,6.2,
1995-04-04,0.0,34.9,6.26,
1995-04-05,0.0,34.7,5.86,
1995-04-06,0.0,34.0,5.59,
1995-04-07,0.5,34.3,5.2,
1995-04-08,0.0,35.2,6.55,
1995-04-09,0.0,34.2,5.58,
1995-04-10,0.0,35.4,6.48,
1995-04-11,1.2,34.4,5.14,
1995-04-12,0.9,34.1,5.24,
1995-04-13,0.6,33.6,4.88,
1995-04-14,0.5,34.7,5.49,
1995-04-15,0.0,34.6,5.81,
1995-04-16,0.1,34.9,5.71,
1995-04-17,0.9,35.2,5.65,
1995-04-18,0.0,34.4,5.12,
1995-04-19,0.0,33.8,5.16,
1995-04-20,0.2,35.4,5.66,
1995-04-21,2.8,34.6,5.17,
1995-04-22,1.1,34.1,5.2,
1995-04-23,0.3,33.1,4.89,
1995-04-24,0.0,35.0,6.01,
1995-04-25,0.8,35.0,5.56,
1995-04-26,0.1,35.1,6.24,
1995-04-27,0.0,35.8,6.48,
1995-04-28,0.5,35.3,5.47,
1995-04-29,0.0,36.2,6.67,
1995-04-30,0.3,35.3,5.54,
1995-05-01,0.0,35.8,6.35,
1995-05-02,0.0,36.0,6.4,
1995-05-03,0.0,35.6,5.61,
1995-05-04,1.0,34.0,4.92,
1995-05-05,0.5,34.8,5.76,
1995-05-06,0.0,36.2,6.72,
1995-05-07,0.0,35.2,5.85,
1995-05-08,2.2,34.8,5.4,
1995-05-09,1.0,34.1,5.17,
1995-05-10,2.2,34.2,4.94,
1995-05-11,4.3,32.3,4.37,
1995-05-12,7.7,32.6,4.32,
1995-05-13,17.2,29.4,2.56,
1995-05-14,1.2,31.2,2.92,
1995-05-15,1.2,31.7,4.31,
1995-05-16,0.5,32.1,5.1,
1995-05-17,0.0,32.9,5.23,
1995-05-18,0.0,32.8,4.89,
1995-05-19,0.2,33.1,5.45,
1995-05-20,0.2,32.0,5.25,
1995-05-21,1.4,32.5,5.21,
1995-05-22,0.6,32.6,5.17,
1995-05-23,2.8,32.0,4.59,
1995-05-24,1.8,31.8,4.71,
1995-05-25,0.9,32.0,5.25,
1995-05-26,0.5,32.2,4.86,
1995-05-27,9.8,32.6,4.08,
1995-05-28,9.7,30.4,3.37,
1995-05-29,3.7,30.9,3.95,
1995-05-30,1.3,30.8,4.43,
1995-05-31,1.2,31.8,4.85,
1995-06-01,2.4,31.4,3.98,
1995-06-02,6.9,31.3,3.73,
1995-06-03,2.1,31.2,4.28,
1995-06-04,1.7,31.4,4.78,
1995-06-05,6.2,29.6,4.0,
1995-06-06,0.8,31.9,5.02,
1995-06-07,5.8,31.0,4.35,
1995-06-08,7.1,30.5,4.33,
1995-06-09,9.3,30.6,3.68,
1995-06-10,4.8,29.8,3.75,
1995-06-11,4.2,30.2,3.76,
1995-06-12,7.0,31.0,3.49,
1995-06-13,0.8,31.9,4.62,
1995-06-14,8.2,31.9,4.54,
1995-06-15,1.4,31.7,4.71,
1995-06-16,1.4,31.1,4.44,
1995-06-17,2.9,30.3,3.59,
1995-06-18,5.0,30.1,3.37,
1995-06-19,9.9,28.5,2.88,
1995-06-20,2.1,30.8,4.24,
1995-06-21,4.1,30.9,3.8,
1995-06-22,13.5,30.8,4.4,
1995-06-23,14.2,29.9,3.37,
1995-06-24,16.9,28.1,2.61,
1995-06-25,11.4,28.4,2.44,
1995-06-26,1.5,29.5,3.45,
1995-06-27,10.1,29.8,3.72,
1995-06-28,5.1,29.7,3.37,
1995-06-29,13.3,28.4,3.02,
1995-06-30,4.3,29.4,3.92,
1995-07-01,2.8,30.0,4.0,
1995-07-02,0.0,30.9,4.48,
1995-07-03,7.7,30.7,4.17,
1995-07-04,7.9,30.0,3.79,
1995-07-05,15.5,29.7,3.84,
1995-07-06,1.8,30.4,3.84,
1995-07-07,5.1,29.4,3.37,
1995-07-08,1.8,29.4,3.59,
1995-07-09,8.8,29.7,3.42,
1995-07-10,8.4,27.6,1.69,
1995-07-11,4.3,30.3,3.64,
1995-07-12,0.6,30.7,4.05,
1995-07-13,10.3,28.9,3.45,
1995-07-14,1.3,30.5,4.53,
1995-07-15,12.3,27.9,3.1,
1995-07-16,11.3,28.6,2.82,
1995-07-17,16.6,27.4,2.19,
1995-07-18,13.8,28.0,2.53,
1995-07-19,0.3,29.9,4.52,
1995-07-20,5.6,29.5,4.17,
1995-07-21,6.4,29.8,3.99,
1995-07-22,4.6,29.6,4.03,
1995-07-23,11.0,28.6,3.38,
1995-07-24,11.5,28.1,3.33,
1995-07-25,5.8,29.0,3.57,
1995-07-26,3.0,29.9,4.21,
1995-07-27,6.0,29.8,4.35,
1995-07-28,1.5,29.5,4.12,
1995-07-29,5.2,28.8,3.48,
1995-07-30,12.7,28.3,2.8,
1995-07-31,16.2,27.0,2.24,
1995-08-01,2.3,29.1,3.67,
1995-08-02,2.2,29.9,4.32,
1995-08-03,8.7,28.7,3.31,
1995-08-04,13.2,27.5,1.9,
1995-08-05,4.7,28.1,3.3,
1995-08-06,9.3,29.7,3.58,
1995-08-07,11.3,29.3,3.52,
1995-08-08,18.7,28.8,2.51,
1995-08-09,9.9,30.7,4.14,
1995-08-10,1.3,30.9,4.33,
1995-08-11,7.6,30.2,4.39,
1995-08-12,0.6,30.4,4.69,
1995-08-13,0.4,30.7,4.62,
1995-08-14,5.7,29.7,3.97,
1995-08-15,13.2,29.8,3.63,
1995-08-16,6.0,29.9,4.15,
1995-08-17,6.3,30.6,4.42,
1995-08-18,10.6,30.4,4.0,
1995-08-19,7.8,29.4,3.41,
1995-08-20,13.7,28.3,2.88,
1995-08-21,19.1,28.0,2.67,
1995-08-22,17.1,28.9,3.29,
1995-08-23,12.0,29.3,3.07,
1995-08-24,21.5,26.7,1.83,
1995-08-25,14.7,28.2,2.19,
1995-08-26,26.6,28.2,2.41,
1995-08-27,44.5,25.5,1.25,
1995-08-28,40.9,27.1,2.27,
1995-08-29,9.8,29.0,2.69,
1995-08-30,7.0,28.2,2.48,
1995-08-31,8.6,27.6,2.68,
1995-09-01,9.1,29.2,3.3,
1995-09-02,21.2,28.1,2.54,
1995-09-03,20.9,26.7,1.67,
1995-09-04,22.4,27.0,2.07,
1995-09-05,20.5,26.8,2.01,
1995-09-06,14.5,28.9,3.15,
1995-09-07,13.1,26.8,1.92,
1995-09-08,19.2,26.3,1.38,
1995-09-09,6.3,28.9,3.94,
1995-09-10,11.7,28.4,2.79,
1995-09-11,3.5,28.7,3.12,
1995-09-12,13.6,27.9,3.16,
1995-09-13,6.2,28.9,3.69,
1995-09-14,7.1,29.0,3.11,
1995-09-15,17.5,28.8,2.6,
1995-09-16,19.0,27.2,1.99,
1995-09-17,6.3,29.3,3.26,
1995-09-18,8.2,28.2,3.06,
1995-09-19,25.0,27.3,1.88,
1995-09-20,20.6,27.1,1.78,
1995-09-21,11.6,28.8,2.77,
1995-09-22,18.2,28.5,2.56,
1995-09-23,11.4,27.7,2.41,
1995-09-24,9.0,26.9,1.54,
1995-09-25,19.1,27.7,2.04,
1995-09-26,5.0,28.8,2.54,
1995-09-27,17.8,30.5,3.67,
1995-09-28,13.3,29.9,3.78,
1995-09-29,3.6,29.9,3.41,
1995-09-30,5.2,31.3,4.16,
1995-10-01,12.8,30.6,3.91,
1995-10-02,11.2,30.5,3.71,
1995-10-03,9.6,28.7,2.75,
1995-10-04,15.7,28.7,2.58,
1995-10-05,5.8,30.5,3.8,
1995-10-06,14.8,29.5,3.12,
1995-10-07,30.1,26.3,1.5,
1995-10-08,4.2,28.9,3.05,
1995-10-09,10.2,28.0,3.03,
1995-10-10,16.1,28.3,2.27,
1995-10-11,15.6,28.9,2.42,
1995-10-12,8.3,29.8,3.1,
1995-10-13,15.9,29.7,2.92,
1995-10-14,7.6,30.8,3.47,
1995-10-15,1.6,30.4,3.8,
1995-10-16,0.3,31.0,4.17,
1995-10-17,1.5,30.5,3.97,
1995-10-18,1.8,31.0,4.01,
1995-10-19,7.5,30.1,3.58,
1995-10-20,5.4,31.0,3.86,
1995-10-21,0.7,30.6,3.79,
1995-10-22,2.6,31.1,3.5,
1995-10-23,5.4,30.7,3.68,
1995-10-24,5.7,31.6,4.01,
1995-10-25,17.4,30.6,3.22,
1995-10-26,0.0,31.2,4.34,
1995-10-27,0.0,30.2,3.92,
1995-10-28,13.5,28.3,2.05,
1995-10-29,5.9,30.7,3.0,
1995-10-30,8.9,29.3,2.71,
1995-10-31,2.3,30.4,3.49,
1995-11-01,2.0,29.4,3.2,
1995-11-02,0.6,30.2,4.0,
1995-11-03,2.8,28.9,3.0,
1995-11-04,18.3,28.7,2.45,
1995-11-05,0.0,30.5,3.75,
1995-11-06,1.2,30.2,3.82,
1995-11-07,7.6,30.1,3.36,
1995-11-08,4.7,31.3,3.71,
1995-11-09,11.8,30.8,3.51,
1995-11-10,15.8,26.8,1.5,
1995-11-11,6.2,30.0,3.38,
1995-11-12,7.3,29.8,3.27,
1995-11-13,0.1,30.7,4.03,
1995-11-14,5.7,30.5,3.18,
1995-11-15,7.9,30.5,3.49,
1995-11-16,2.6,29.5,3.17,
1995-11-17,0.7,30.2,3.73,
1995-11-18,0.0,30.5,4.08,
1995-11-19,0.1,30.7,4.04,
1995-11-20,4.8,30.4,3.65,
1995-11-21,7.7,29.6,3.17,
1995-11-22,3.1,30.1,3.62,
1995-11-23,2.3,30.0,3.4,
1995-11-24,1.0,29.2,4.17,
1995-11-25,0.0,26.3,2.87,
1995-11-26,0.0,26.8,2.19,
1995-11-27,1.3,27.6,2.89,
1995-11-28,0.6,28.7,2.94,
1995-11-29,0.0,30.1,3.92,
1995-11-30,7.1,30.4,3.73,
1995-12-01,23.4,28.7,2.49,
1995-12-02,6.5,26.4,1.49,
1995-12-03,0.0,28.7,3.9,
1995-12-04,0.0,27.9,3.68,
1995-12-05,0.0,28.2,3.92,
1995-12-06,0.0,27.8,4.27,
1995-12-07,0.0,28.1,4.95,
1995-12-08,0.0,28.1,5.23,
1995-12-09,0.0,29.0,4.6,
1995-12-10,0.0,28.9,4.29,
1995-12-11,2.7,29.7,4.33,
1995-12-12,0.1,29.7,3.67,
1995-12-13,0.0,27.0,3.36,
1995-12-14,9.5,28.3,2.52,
1995-12-15,1.2,28.7,3.19,
1995-12-16,1.3,29.4,3.57,
1995-12-17,6.2,29.1,2.68,
1995-12-18,4.3,29.6,3.1,
1995-12-19,7.9,29.1,3.04,
1995-12-20,6.0,29.1,3.28,
1995-12-21,0.1,28.8,3.42,
1995-12-22,0.0,28.5,4.02,
1995-12-23,0.0,28.9,3.83,
1995-12-24,0.0,29.5,4.88,
1995-12-25,0.0,29.6,4.65,
1995-12-26,1.9,29.2,4.24,
1995-12-27,1.7,27.6,2.62,
1995-12-28,0.0,28.3,4.18,
1995-12-29,0.0,27.4,3.84,
1995-12-30,0.0,27.0,3.93,
1995-12-31,0.0,27.1,4.02,
1996-01-01,0.0,26.3,3.52,
1996-01-02,0.0,26.9,3.83,
1996-01-03,0.1,26.6,3.48,
1996-01-04,0.0,27.2,3.61,
1996-01-05,0.5,27.4,3.13,
1996-01-06,0.2,28.6,3.7,
1996-01-07,0.0,29.7,4.22,
1996-01-08,0.0,29.3,3.9,
1996-01-09,0.0,29.1,3.61,
1996-01-10,1.1,28.6,3.43,
1996-01-11,0.3,29.2,4.24,
1996-01-12,0.0,30.1,4.69,
1996-01-13,0.0,30.0,4.64,
1996-01-14,0.0,29.3,4.35,
1996-01-15,0.0,29.4,4.19,
1996-01-16,0.0,29.6,4.33,
1996-01-17,0.0,29.3,4.03,
1996-01-18,0.4,28.1,3.47,
1996-01-19,0.8,28.3,2.98,
1996-01-20,0.2,28.5,3.61,
1996-01-21,0.2,28.8,3.59,
1996-01-22,3.9,27.8,2.1,
1996-01-23,16.7,28.7,2.71,
1996-01-24,0.4,28.9,3.67,
1996-01-25,10.2,29.1,3.43,
1996-01-26,3.9,29.0,3.61,
1996-01-27,0.3,29.1,3.64,
1996-01-28,0.2,29.4,4.27,
1996-01-29,0.9,28.6,3.86,
1996-01-30,0.2,29.1,3.67,
1996-01-31,4.0,25.8,1.67,
1996-02-01,0.0,28.7,4.31,
1996-02-02,0.0,28.6,3.86,
1996-02-03,0.0,27.1,3.47,
1996-02-04,0.4,28.7,3.89,
1996-02-05,2.1,28.8,3.75,
1996-02-06,0.7,28.4,3.85,
1996-02-07,0.0,29.4,4.23,
1996-02-08,0.0,29.2,4.12,
1996-02-09,0.2,29.6,4.15,
1996-02-10,0.0,29.1,4.84,
1996-02-11,0.0,28.0,2.96,
1996-02-12,0.0,29.6,4.05,
1996-02-13,0.1,29.8,3.53,
1996-02-14,0.0,30.4,4.13,
1996-02-15,0.5,30.4,3.57,
1996-02-16,0.1,30.6,3.94,
1996-02-17,0.0,31.4,4.13,
1996-02-18,1.0,31.6,4.61,
1996-02-19,0.1,31.8,5.55,
1996-02-20,0.0,31.9,6.07,
1996-02-21,0.0,31.7,5.59,
1996-02-22,0.0,31.5,5.66,
1996-02-23,0.4,30.1,4.5,
1996-02-24,0.3,30.4,4.55,
1996-02-25,0.0,31.0,4.97,
1996-02-26,0.0,31.3,4.8,
1996-02-27,0.1,30.6,4.91,
1996-02-28,0.4,30.1,4.39,
1996-02-29,0.0,30.6,4.55,
1996-03-01,0.0,31.8,5.48,
1996-03-02,0.0,31.6,5.8,
1996-03-03,0.0,30.3,4.5,
1996-03-04,0.0,31.1,5.64,
1996-03-05,0.0,30.7,4.79,
1996-03-06,0.0,31.6,5.4,
1996-03-07,0.0,31.7,5.1,
1996-03-08,0.0,31.8,4.47,
1996-03-09,4.8,32.6,4.22,
1996-03-10,0.0,32.1,4.64,
1996-03-11,0.0,32.8,5.61,
1996-03-12,0.1,33.1,5.85,
1996-03-13,0.0,32.7,5.83,
1996-03-14,0.0,33.1,5.45,
1996-03-15,0.0,33.0,5.36,
1996-03-16,0.0,33.2,5.51,
1996-03-17,0.0,33.7,5.49,
1996-03-18,0.1,33.6,5.41,
1996-03-19,0.1,34.5,5.62,
1996-03-20,0.1,33.3,4.83,
1996-03-21,0.0,34.3,5.15,
1996-03-22,0.0,34.5,5.6,
1996-03-23,0.1,34.9,6.26,
1996-03-24,0.0,34.4,6.4,
1996-03-25,0.2,34.1,6.17,
1996-03-26,0.1,34.7,6.41,
1996-03-27,0.0,35.1,6.87,
1996-03-28,0.0,34.6,6.43,
1996-03-29,0.0,34.2,5.64,
1996-03-30,0.0,33.5,5.08,
1996-03-31,0.4,33.1,5.44,
1996-04-01,0.6,33.1,5.7,
1996-04-02,0.5,33.8,5.49,
1996-04-03,0.4,33.8,5.55,
1996-04-04,0.0,35.1,6.42,
1996-04-05,1.0,34.6,5.7,
1996-04-06,1.9,34.0,4.98,
1996-04-07,2.0,32.9,4.9,
1996-04-08,4.9,32.1,4.32,
1996-04-09,2.4,31.9,5.0,
1996-04-10,2.7,31.5,4.72,
1996-04-11,6.2,33.0,4.81,
1996-04-12,1.2,34.0,5.61,
1996-04-13,3.6,32.9,4.36,
1996-04-14,6.5,30.7,4.06,
1996-04-15,1.3,32.6,4.53,
1996-04-16,3.3,32.8,4.66,
1996-04-17,0.3,32.8,5.16,
1996-04-18,4.8,32.9,4.56,
1996-04-19,5.1,32.0,4.5,
1996-04-20,4.1,32.2,4.85,
1996-04-21,20.3,31.1,3.41,
1996-04-22,7.4,29.8,3.15,
1996-04-23,1.2,31.1,4.23,
1996-04-24,5.9,30.6,4.03,
1996-04-25,6.2,31.2,3.91,
1996-04-26,0.2,31.8,4.73,
1996-04-27,0.2,31.8,4.96,
1996-04-28,0.3,32.6,5.21,
1996-04-29,9.2,32.4,4.35,
1996-04-30,11.5,30.9,4.18,
1996-05-01,5.9,29.8,4.02,
1996-05-02,12.6,30.0,3.61,
1996-05-03,3.8,30.7,3.78,
1996-05-04,8.8,31.5,4.37,
1996-05-05,0.2,31.8,4.94,
1996-05-06,3.8,31.8,4.87,
1996-05-07,4.5,30.8,4.47,
1996-05-08,3.0,30.9,4.21,
1996-05-09,0.8,31.0,4.33,
1996-05-10,5.3,30.9,3.93,
1996-05-11,9.9,31.1,4.33,
1996-05-12,12.7,29.8,3.62,
1996-05-13,11.6,29.4,3.42,
1996-05-14,10.4,28.1,2.99,
1996-05-15,13.9,29.7,3.45,
1996-05-16,19.6,28.9,2.39,
1996-05-17,7.5,29.1,2.63,
1996-05-18,5.6,28.4,2.74,
1996-05-19,15.5,28.9,2.97,
1996-05-20,7.6,29.3,3.22,
1996-05-21,7.6,29.2,3.39,
1996-05-22,3.4,29.5,3.57,
1996-05-23,4.0,30.4,4.16,
1996-05-24,7.6,29.5,3.13,
1996-05-25,2.5,30.0,3.71,
1996-05-26,3.6,30.2,3.7,
1996-05-27,1.8,30.0,3.7,
1996-05-28,5.0,30.3,3.98,
1996-05-29,3.4,30.2,4.18,
1996-05-30,6.0,31.9,4.37,
1996-05-31,6.9,31.2,4.18,
1996-06-01,7.0,31.5,4.29,
1996-06-02,1.0,31.4,4.49,
1996-06-03,0.0,31.3,4.71,
1996-06-04,5.2,31.8,4.28,
1996-06-05,2.4,30.9,4.58,
1996-06-06,8.1,31.0,4.15,
1996-06-07,10.9,30.4,3.5,
1996-06-08,8.7,30.2,3.34,
1996-06-09,7.5,29.9,3.68,
1996-06-10,7.4,30.0,3.45,
1996-06-11,9.3,28.2,2.7,
1996-06-12,19.5,28.4,2.57,
1996-06-13,12.0,29.0,2.62,
1996-06-14,5.8,29.4,3.16,
1996-06-15,15.7,29.5,3.72,
1996-06-16,22.9,28.7,2.36,
1996-06-17,29.8,26.4,1.16,
1996-06-18,5.5,29.7,3.18,
1996-06-19,9.1,29.7,3.23,
1996-06-20,3.8,29.9,3.98,
1996-06-21,5.8,29.2,3.69,
1996-06-22,3.9,30.6,4.25,
1996-06-23,5.2,29.5,3.2,
1996-06-24,7.1,29.1,3.24,
1996-06-25,10.2,28.9,3.67,
1996-06-26,2.6,30.6,4.45,
1996-06-27,1.9,30.6,4.41,
1996-06-28,4.8,30.4,4.11,
1996-06-29,3.6,31.0,4.5,
1996-06-30,3.0,29.9,4.13,
1996-07-01,1.3,30.8,4.48,
1996-07-02,2.7,30.9,4.6,
1996-07-03,12.9,30.5,4.13,
1996-07-04,8.1,30.4,4.24,
1996-07-05,8.6,30.9,3.92,
1996-07-06,5.4,28.3,2.7,
1996-07-07,6.5,29.6,3.61,
1996-07-08,8.6,30.5,3.4,
1996-07-09,11.4,30.9,4.32,
1996-07-10,9.3,30.4,3.8,
1996-07-11,10.8,29.6,3.1,
1996-07-12,20.1,30.7,3.74,
1996-07-13,11.1,30.2,3.54,
1996-07-14,5.1,31.0,4.02,
1996-07-15,10.9,29.6,2.97,
1996-07-16,9.0,28.3,2.64,
1996-07-17,2.4,29.9,3.28,
1996-07-18,6.9,30.5,3.93,
1996-07-19,5.7,30.1,4.15,
1996-07-20,13.0,28.8,2.48,
1996-07-21,2.2,28.8,2.79,
1996-07-22,16.0,27.6,1.68,
1996-07-23,16.9,26.8,1.5,
1996-07-24,14.3,27.3,2.0,
1996-07-25,9.2,29.1,3.2,
1996-07-26,9.7,30.0,3.88,
1996-07-27,12.6,29.0,3.19,
1996-07-28,14.5,28.0,2.54,
1996-07-29,30.8,26.7,1.64,
1996-07-30,12.9,28.3,2.32,
1996-07-31,4.2,29.4,3.82,
1996-08-01,3.1,29.3,4.18,
1996-08-02,0.0,30.1,5.18,
1996-08-03,0.7,30.1,4.82,
1996-08-04,5.9,29.0,2.53,
1996-08-05,4.7,28.5,3.09,
1996-08-06,7.8,29.3,3.38,
1996-08-07,2.0,29.5,4.47,
1996-08-08,6.1,28.2,3.39,
1996-08-09,9.4,28.6,3.17,
1996-08-10,18.4,28.5,3.1,
1996-08-11,6.0,29.8,3.69,
1996-08-12,4.2,29.0,3.68,
1996-08-13,3.4,29.9,3.92,
1996-08-14,4.4,30.3,4.19,
1996-08-15,1.0,31.0,4.69,
1996-08-16,2.3,31.6,4.88,
1996-08-17,2.9,31.3,4.96,
1996-08-18,16.3,30.4,4.36,
1996-08-19,7.0,29.9,3.96,
1996-08-20,7.3,29.8,4.16,
1996-08-21,7.4,29.6,3.94,
1996-08-22,7.2,28.9,3.4,
1996-08-23,6.6,28.8,3.38,
1996-08-24,26.0,26.8,2.2,
1996-08-25,12.1,27.0,2.26,
1996-08-26,4.0,29.3,3.89,
1996-08-27,2.8,30.5,3.6,
1996-08-28,6.8,30.1,3.22,
1996-08-29,5.1,30.4,3.72,
1996-08-30,14.8,28.8,3.4,
1996-08-31,11.0,29.2,3.22,
1996-09-01,10.3,28.5,3.68,
1996-09-02,14.9,29.0,3.15,
1996-09-03,10.9,29.3,3.27,
1996-09-04,16.2,28.9,2.79,
1996-09-05,9.8,28.8,2.79,
1996-09-06,8.9,29.2,3.33,
1996-09-07,10.0,28.3,3.08,
1996-09-08,1.5,29.2,3.47,
1996-09-09,11.4,28.7,3.26,
1996-09-10,1.4,28.9,3.92,
1996-09-11,10.3,28.1,2.85,
1996-09-12,12.7,28.3,2.7,
1996-09-13,5.5,29.0,3.59,
1996-09-14,10.0,29.0,3.89,
1996-09-15,10.2,29.5,3.71,
1996-09-16,10.4,29.4,3.81,
1996-09-17,9.2,29.2,3.32,
1996-09-18,9.2,28.4,3.28,
1996-09-19,4.9,30.1,4.01,
1996-09-20,1.5,30.3,4.29,
1996-09-21,1.0,30.3,3.78,
1996-09-22,0.5,30.4,4.56,
1996-09-23,6.6,29.9,4.37,
1996-09-24,11.0,29.0,3.64,
1996-09-25,9.2,29.8,3.47,
1996-09-26,21.4,28.4,2.27,
1996-09-27,23.7,27.1,1.93,
1996-09-28,21.9,27.3,2.42,
1996-09-29,16.6,29.1,3.25,
1996-09-30,20.9,27.4,2.21,
1996-10-01,12.7,28.3,2.31,
1996-10-02,14.5,28.5,2.58,
1996-10-03,8.3,29.2,2.84,
1996-10-04,3.1,30.3,3.34,
1996-10-05,5.5,30.8,3.71,
1996-10-06,12.8,30.1,3.17,
1996-10-07,3.9,30.4,3.8,
1996-10-08,8.5,31.1,4.22,
1996-10-09,16.8,29.9,3.32,
1996-10-10,6.2,29.4,2.45,
1996-10-11,10.6,29.8,2.46,
1996-10-12,3.8,29.5,3.12,
1996-10-13,3.4,31.5,4.21,
1996-10-14,8.1,30.6,3.6,
1996-10-15,7.9,29.4,3.29,
1996-10-16,11.2,29.4,3.33,
1996-10-17,12.0,30.1,3.4,
1996-10-18,17.3,29.3,2.54,
1996-10-19,9.1,28.9,2.65,
1996-10-20,14.9,29.6,2.84,
1996-10-21,2.7,30.2,3.7,
1996-10-22,7.4,28.3,2.02,
1996-10-23,3.2,29.1,2.73,
1996-10-24,8.6,28.6,2.61,
1996-10-25,15.4,28.4,2.27,
1996-10-26,17.2,26.1,1.3,
1996-10-27,2.9,30.3,3.84,
1996-10-28,7.3,30.4,3.03,
1996-10-29,11.7,27.8,1.71,
1996-10-30,20.9,27.7,1.83,
1996-10-31,17.9,28.4,2.35,
1996-11-01,26.0,28.6,2.34,
1996-11-02,26.6,28.1,2.35,
1996-11-03,10.3,28.0,2.4,
1996-11-04,8.5,28.4,2.66,
1996-11-05,8.9,29.8,3.35,
1996-11-06,18.1,29.2,3.41,
1996-11-07,9.1,29.5,3.2,
1996-11-08,5.6,29.3,3.18,
1996-11-09,7.9,29.9,3.39,
1996-11-10,6.1,28.9,3.08,
1996-11-11,5.6,29.5,3.6,
1996-11-12,5.2,29.7,3.45,
1996-11-13,15.2,29.9,3.27,
1996-11-14,18.0,30.3,3.09,
1996-11-15,0.6,30.6,4.27,
1996-11-16,23.4,28.7,2.96,
1996-11-17,8.7,29.3,3.16,
1996-11-18,13.0,28.4,2.5,
1996-11-19,13.6,29.3,3.17,
1996-11-20,6.5,30.1,3.61,
1996-11-21,6.2,30.3,3.59,
1996-11-22,9.9,29.8,3.38,
1996-11-23,10.2,28.5,2.51,
1996-11-24,8.8,30.0,3.31,
1996-11-25,1.7,29.9,3.6,
1996-11-26,1.6,30.0,3.69,
1996-11-27,3.3,30.3,3.38,
1996-11-28,2.3,29.6,2.7,
1996-11-29,9.3,29.0,2.32,
1996-11-30,20.6,28.6,2.01,
1996-12-01,10.0,29.6,2.84,
1996-12-02,10.5,27.8,2.22,
1996-12-03,9.6,28.6,2.51,
1996-12-04,0.7,29.5,3.06,
1996-12-05,9.4,29.2,2.49,
1996-12-06,27.8,28.4,2.54,
1996-12-07,0.2,28.9,3.37,
1996-12-08,6.2,24.6,1.69,
1996-12-09,0.7,28.6,3.29,
1996-12-10,1.0,29.4,3.55,
1996-12-11,0.0,29.4,3.77,
1996-12-12,0.0,29.2,4.4,
1996-12-13,2.0,27.4,2.69,
1996-12-14,1.8,24.6,1.74,
1996-12-15,0.0,29.2,4.2,
1996-12-16,0.0,29.6,4.25,
1996-12-17,6.2,28.9,3.04,
1996-12-18,0.2,28.2,2.78,
1996-12-19,11.1,25.8,1.9,
1996-12-20,7.0,26.3,2.42,
1996-12-21,15.0,24.1,1.71,
1996-12-22,11.2,24.5,2.09,
1996-12-23,0.2,27.5,3.25,
1996-12-24,0.0,28.0,3.95,
1996-12-25,0.0,28.2,4.28,
1996-12-26,0.0,27.8,4.12,
1996-12-27,0.8,27.1,3.62,
1996-12-28,0.0,27.2,3.88,
1996-12-29,0.0,27.9,3.89,
1996-12-30,0.9,27.3,3.25,
1996-12-31,0.4,27.6,3.43,
1997-01-01,0.0,28.0,3.99,
1997-01-02,0.0,27.5,3.9,
1997-01-03,0.0,27.7,3.89,
1997-01-04,0.0,28.8,4.22,
1997-01-05,0.0,27.8,3.72,
1997-01-06,0.0,28.2,3.95,
1997-01-07,0.0,28.6,3.8,
1997-01-08,0.0,28.8,3.8,
1997-01-09,0.2,28.7,3.93,
1997-01-10,0.0,27.6,3.8,
1997-01-11,0.0,27.4,4.07,
1997-01-12,0.0,27.4,3.86,
1997-01-13,0.0,27.8,4.15,
1997-01-14,0.0,28.2,4.05,
1997-01-15,0.0,27.9,3.57,
1997-01-16,0.0,28.9,3.95,
1997-01-17,0.0,29.6,4.05,
1997-01-18,0.0,29.7,4.15,
1997-01-19,0.0,29.3,3.7,
1997-01-20,0.0,29.2,3.83,
1997-01-21,0.0,29.9,4.35,
1997-01-22,0.0,29.9,4.43,
1997-01-23,0.0,29.5,4.2,
1997-01-24,0.0,29.5,4.4,
1997-01-25,0.7,29.5,4.09,
1997-01-26,0.0,30.2,4.91,
1997-01-27,0.2,29.6,4.6,
1997-01-28,0.2,28.8,4.13,
1997-01-29,0.0,29.4,4.07,
1997-01-30,0.0,29.9,4.28,
1997-01-31,0.0,31.0,4.58,
1997-02-01,0.4,31.4,4.45,
1997-02-02,2.2,30.8,3.99,
1997-02-03,1.1,29.9,3.89,
1997-02-04,0.0,30.5,4.03,
1997-02-05,3.0,30.9,4.0,
1997-02-06,0.1,30.9,4.48,
1997-02-07,0.0,30.7,4.32,
1997-02-08,0.0,30.8,4.31,
1997-02-09,0.6,30.3,4.16,
1997-02-10,0.9,30.4,3.98,
1997-02-11,9.6,28.0,2.42,
1997-02-12,1.0,30.5,4.03,
1997-02-13,12.2,30.9,3.73,
1997-02-14,0.2,30.3,4.31,
1997-02-15,0.6,30.6,4.28,
1997-02-16,0.0,30.3,4.48,
1997-02-17,1.1,30.3,4.3,
1997-02-18,1.6,28.9,3.22,
1997-02-19,0.9,30.8,4.41,
1997-02-20,0.0,29.2,4.14,
1997-02-21,0.3,28.9,3.36,
1997-02-22,0.0,29.4,3.79,
1997-02-23,1.0,29.2,3.29,
1997-02-24,0.1,29.5,4.03,
1997-02-25,0.0,31.0,4.97,
1997-02-26,0.0,31.3,5.17,
1997-02-27,0.0,31.5,5.09,
1997-02-28,0.0,31.3,4.6,
1997-03-01,0.0,30.3,4.39,
1997-03-02,0.0,31.0,4.72,
1997-03-03,0.0,30.3,4.25,
1997-03-04,0.4,30.0,4.32,
1997-03-05,0.0,30.8,4.83,
1997-03-06,0.2,29.3,3.4,
1997-03-07,0.0,32.2,5.58,
1997-03-08,0.0,32.5,6.35,
1997-03-09,0.0,32.6,6.23,
1997-03-10,0.0,31.5,4.74,
1997-03-11,0.0,32.0,4.4,
1997-03-12,0.0,31.9,4.41,
1997-03-13,0.0,32.3,5.08,
1997-03-14,0.0,32.6,5.13,
1997-03-15,0.0,33.5,5.4,
1997-03-16,2.0,32.4,4.78,
1997-03-17,3.7,32.7,4.78,
1997-03-18,2.5,32.6,4.64,
1997-03-19,0.0,32.2,5.33,
1997-03-20,0.3,31.7,5.1,
1997-03-21,0.0,32.5,4.99,
1997-03-22,0.0,32.5,5.49,
1997-03-23,0.0,32.8,5.36,
1997-03-24,0.0,33.6,6.15,
1997-03-25,0.0,33.4,6.36,
1997-03-26,0.0,34.1,6.31,
1997-03-27,0.0,34.3,6.54,
1997-03-28,0.0,33.9,6.11,
1997-03-29,0.0,34.6,6.47,
1997-03-30,0.1,34.2,6.35,
1997-03-31,0.0,34.7,7.09,
1997-04-01,0.0,34.7,6.25,
1997-04-02,1.5,33.5,5.15,
1997-04-03,0.0,33.1,5.19,
1997-04-04,0.0,33.0,5.08,
1997-04-05,0.0,34.7,5.85,
1997-04-06,0.0,34.5,5.91,
1997-04-07,1.5,33.4,5.13,
1997-04-08,3.1,32.7,4.72,
1997-04-09,14.4,31.4,3.9,
1997-04-10,10.4,30.2,3.7,
1997-04-11,0.0,31.9,5.16,
1997-04-12,0.0,32.1,5.29,
1997-04-13,0.0,31.1,4.34,
1997-04-14,1.6,31.6,4.57,
1997-04-15,1.5,31.5,4.63,
1997-04-16,0.0,32.4,5.82,
1997-04-17,0.3,32.9,5.52,
1997-04-18,0.0,33.1,5.55,
1997-04-19,0.0,33.8,5.76,
1997-04-20,0.0,33.5,5.34,
1997-04-21,0.0,34.9,5.79,
1997-04-22,0.3,35.0,5.51,
1997-04-23,5.1,34.3,4.87,
1997-04-24,0.1,33.5,5.06,
1997-04-25,4.6,33.1,4.7,
1997-04-26,4.2,33.4,5.02,
1997-04-27,5.9,32.8,4.18,
1997-04-28,0.3,32.8,4.43,
1997-04-29,1.1,33.8,4.91,
1997-04-30,2.8,33.3,4.56,
1997-05-01,0.0,34.0,5.38,
1997-05-02,0.2,33.2,5.16,
1997-05-03,3.0,32.8,4.75,
1997-05-04,4.6,33.0,4.74,
1997-05-05,4.8,32.2,4.64,
1997-05-06,5.3,31.4,4.52,
1997-05-07,0.2,33.1,5.49,
1997-05-08,0.4,33.3,5.19,
1997-05-09,3.0,33.7,5.06,
1997-05-10,5.3,32.8,4.61,
1997-05-11,0.7,32.9,4.8,
1997-05-12,3.2,32.6,4.82,
1997-05-13,2.9,33.6,5.02,
1997-05-14,5.9,32.5,4.02,
1997-05-15,3.7,32.3,4.19,
1997-05-16,16.8,31.1,3.77,
1997-05-17,16.8,30.5,3.31,
1997-05-18,6.6,29.9,3.0,
1997-05-19,2.6,29.0,2.43,
1997-05-20,5.0,30.7,3.53,
1997-05-21,5.0,29.7,4.08,
1997-05-22,10.7,28.6,2.43,
1997-05-23,6.0,29.5,3.3,
1997-05-24,4.9,28.6,3.41,
1997-05-25,5.0,30.1,4.49,
1997-05-26,4.7,30.1,4.35,
1997-05-27,2.7,30.6,4.6,
1997-05-28,4.2,29.9,4.21,
1997-05-29,16.7,27.9,2.93,
1997-05-30,10.1,28.0,2.76,
1997-05-31,3.7,28.4,3.29,
1997-06-01,5.2,28.7,3.64,
1997-06-02,8.8,28.4,3.47,
1997-06-03,5.5,28.0,3.2,
1997-06-04,9.5,29.2,3.12,
1997-06-05,7.6,28.7,3.69,
1997-06-06,7.2,28.1,2.98,
1997-06-07,10.4,29.9,3.99,
1997-06-08,7.1,31.0,4.41,
1997-06-09,0.4,30.3,4.4,
1997-06-10,0.4,29.7,4.46,
1997-06-11,0.6,30.8,4.7,
1997-06-12,2.8,31.0,4.47,
1997-06-13,1.7,31.2,4.64,
1997-06-14,3.8,31.1,4.6,
1997-06-15,0.0,31.4,4.93,
1997-06-16,0.0,31.4,4.86,
1997-06-17,2.0,29.6,3.89,
1997-06-18,2.0,29.6,4.33,
1997-06-19,0.7,31.0,4.78,
1997-06-20,5.1,30.2,4.6,
1997-06-21,4.0,30.1,4.17,
1997-06-22,5.6,29.6,3.37,
1997-06-23,5.9,29.2,3.55,
1997-06-24,10.2,29.2,4.09,
1997-06-25,11.8,29.1,3.53,
1997-06-26,18.3,27.5,2.47,
1997-06-27,9.9,29.7,3.5,
1997-06-28,33.4,26.3,1.08,
1997-06-29,26.0,27.2,1.57,
1997-06-30,3.3,29.4,3.45,
1997-07-01,12.8,29.1,3.71,
1997-07-02,3.6,29.6,4.07,
1997-07-03,4.3,30.4,4.53,
1997-07-04,9.8,29.4,3.92,
1997-07-05,7.4,29.2,3.57,
1997-07-06,13.3,28.6,3.42,
1997-07-07,7.8,28.4,3.29,
1997-07-08,3.1,28.5,3.91,
1997-07-09,7.5,29.0,3.71,
1997-07-10,16.4,27.7,3.11,
1997-07-11,13.9,26.6,2.31,
1997-07-12,8.1,28.1,2.36,
1997-07-13,16.6,28.0,3.1,
1997-07-14,12.4,26.9,2.38,
1997-07-15,8.8,27.7,2.46,
1997-07-16,13.3,27.6,1.86,
1997-07-17,8.8,28.7,2.38,
1997-07-18,11.1,29.7,3.69,
1997-07-19,3.1,29.3,3.37,
1997-07-20,8.9,28.9,3.52,
1997-07-21,7.4,27.9,2.71,
1997-07-22,11.6,27.0,2.24,
1997-07-23,27.9,25.9,1.26,
1997-07-24,2.9,28.8,3.2,
1997-07-25,7.0,28.5,3.03,
1997-07-26,17.3,28.0,3.05,
1997-07-27,5.1,28.8,3.69,
1997-07-28,3.5,29.3,3.58,
1997-07-29,2.5,28.5,2.41,
1997-07-30,3.8,29.1,3.19,
1997-07-31,7.3,28.0,2.55,
1997-08-01,18.7,26.9,1.95,
1997-08-02,6.7,28.5,2.97,
1997-08-03,10.2,28.0,2.39,
1997-08-04,13.3,28.2,2.61,
1997-08-05,9.2,28.0,2.08,
1997-08-06,10.0,28.2,2.95,
1997-08-07,12.9,27.8,2.95,
1997-08-08,7.1,28.7,3.9,
1997-08-09,1.0,30.3,4.54,
1997-08-10,0.0,30.4,4.6,
1997-08-11,2.6,30.0,4.54,
1997-08-12,0.4,29.8,4.79,
1997-08-13,4.8,29.9,4.5,
1997-08-14,3.4,29.7,4.33,
1997-08-15,5.4,29.1,4.07,
1997-08-16,4.4,28.9,3.99,
1997-08-17,6.2,28.9,3.62,
1997-08-18,4.1,28.7,3.58,
1997-08-19,9.8,28.5,3.06,
1997-08-20,12.5,28.6,3.47,
1997-08-21,16.5,26.4,1.77,
1997-08-22,14.9,27.6,2.31,
1997-08-23,13.0,28.7,3.22,
1997-08-24,23.9,27.1,2.2,
1997-08-25,6.8,27.7,3.0,
1997-08-26,6.5,29.9,3.8,
1997-08-27,0.7,30.4,4.65,
1997-08-28,1.0,29.9,4.6,
1997-08-29,4.6,27.8,2.95,
1997-08-30,6.6,29.2,3.25,
1997-08-31,3.2,29.9,4.3,
1997-09-01,2.7,29.5,3.98,
1997-09-02,1.8,29.9,4.04,
1997-09-03,1.1,30.4,4.34,
1997-09-04,1.1,30.4,4.35,
1997-09-05,1.8,30.2,4.31,
1997-09-06,2.9,30.9,4.77,
1997-09-07,1.0,30.8,4.36,
1997-09-08,6.4,29.7,4.04,
1997-09-09,8.7,31.2,4.43,
1997-09-10,5.1,30.8,4.27,
1997-09-11,10.1,30.2,3.71,
1997-09-12,9.4,30.4,4.1,
1997-09-13,7.5,31.0,4.35,
1997-09-14,12.5,29.0,3.56,
1997-09-15,11.6,28.5,2.94,
1997-09-16,20.6,29.0,2.09,
1997-09-17,5.3,28.4,2.42,
1997-09-18,16.9,27.7,1.97,
1997-09-19,22.1,26.7,1.9,
1997-09-20,24.4,25.7,1.49,
1997-09-21,22.5,26.6,1.62,
1997-09-22,11.2,27.8,2.61,
1997-09-23,4.4,28.6,2.79,
1997-09-24,5.4,29.3,3.53,
1997-09-25,7.1,28.8,3.27,
1997-09-26,11.4,28.9,2.82,
1997-09-27,6.4,29.5,3.27,
1997-09-28,10.1,30.0,3.97,
1997-09-29,2.9,30.5,4.57,
1997-09-30,7.5,30.2,3.91,
1997-10-01,3.7,30.3,4.07,
1997-10-02,2.1,29.9,3.78,
1997-10-03,3.3,29.3,2.99,
1997-10-04,16.7,28.7,2.55,
1997-10-05,13.6,26.1,1.35,
1997-10-06,9.7,29.5,3.41,
1997-10-07,0.7,31.2,4.44,
1997-10-08,4.7,31.5,4.05,
1997-10-09,15.6,29.3,3.03,
1997-10-10,5.9,29.8,3.06,
1997-10-11,5.0,31.3,3.98,
1997-10-12,5.5,31.2,4.04,
1997-10-13,3.4,31.2,4.1,
1997-10-14,8.8,30.8,3.97,
1997-10-15,7.6,31.1,3.62,
1997-10-16,6.7,31.0,3.65,
1997-10-17,8.0,30.8,3.46,
1997-10-18,9.5,30.7,3.34,
1997-10-19,6.7,30.7,3.59,
1997-10-20,9.5,30.7,3.71,
1997-10-21,9.0,30.9,3.82,
1997-10-22,12.0,30.9,4.0,
1997-10-23,12.5,30.9,4.02,
1997-10-24,23.4,31.0,3.77,
1997-10-25,1.0,30.9,4.13,
1997-10-26,4.6,30.9,3.88,
1997-10-27,6.0,29.3,3.1,
1997-10-28,9.3,30.9,4.03,
1997-10-29,10.2,30.8,3.99,
1997-10-30,19.3,30.4,3.43,
1997-10-31,1.8,30.2,3.79,
1997-11-01,0.0,30.1,4.44,
1997-11-02,26.5,26.5,1.75,
1997-11-03,15.8,27.5,2.11,
1997-11-04,6.0,30.9,3.71,
1997-11-05,0.3,30.3,4.41,
1997-11-06,0.0,29.9,4.59,
1997-11-07,2.9,30.3,3.76,
1997-11-08,0.8,29.4,3.44,
1997-11-09,0.8,30.1,3.91,
1997-11-10,1.0,30.8,3.95,
1997-11-11,0.0,30.7,4.55,
1997-11-12,5.0,31.1,4.0,
1997-11-13,2.3,29.9,3.57,
1997-11-14,4.1,30.9,3.71,
1997-11-15,0.0,30.8,4.24,
1997-11-16,2.6,30.5,3.72,
1997-11-17,3.4,31.1,3.85,
1997-11-18,0.0,30.7,4.22,
1997-11-19,0.2,30.6,4.37,
1997-11-20,0.0,31.3,4.36,
1997-11-21,0.0,30.7,4.03,
1997-11-22,9.1,30.4,3.0,
1997-11-23,0.3,30.7,3.63,
1997-11-24,0.1,30.7,4.08,
1997-11-25,6.3,30.4,3.49,
1997-11-26,3.2,30.9,3.67,
1997-11-27,1.5,30.9,3.64,
1997-11-28,0.0,30.9,4.24,
1997-11-29,0.0,31.7,4.59,
1997-11-30,0.8,31.1,4.25,
1997-12-01,0.0,31.3,4.97,
1997-12-02,0.0,31.2,4.79,
1997-12-03,0.0,31.0,4.98,
1997-12-04,0.0,31.1,4.7,
1997-12-05,0.5,30.1,3.62,
1997-12-06,0.2,31.4,4.15,
1997-12-07,0.4,31.0,3.88,
1997-12-08,4.7,31.4,3.91,
1997-12-09,0.3,30.7,3.9,
1997-12-10,0.1,30.4,4.23,
1997-12-11,0.0,31.5,4.45,
1997-12-12,0.0,30.8,3.88,
1997-12-13,0.0,31.1,4.18,
1997-12-14,0.0,31.5,4.45,
1997-12-15,0.0,32.6,5.17,
1997-12-16,0.0,32.8,5.51,
1997-12-17,0.0,32.5,5.29,
1997-12-18,0.0,32.8,5.22,
1997-12-19,0.0,31.9,4.79,
1997-12-20,0.0,31.4,4.29,
1997-12-21,0.0,30.9,3.76,
1997-12-22,0.0,30.9,3.83,
1997-12-23,0.0,31.7,4.27,
1997-12-24,0.0,31.5,4.36,
1997-12-25,0.0,30.8,4.09,
1997-12-26,0.0,31.8,5.04,
1997-12-27,0.0,31.8,5.21,
1997-12-28,0.0,31.2,3.97,
1997-12-29,0.0,32.3,4.8,
1997-12-30,0.0,31.9,4.62,
1997-12-31,0.0,32.0,4.86,
1998-01-01,0.0,31.7,4.79,
1998-01-02,0.0,31.2,4.68,
1998-01-03,0.0,31.9,4.92,
1998-01-04,0.0,32.0,4.55,
1998-01-05,0.0,31.4,4.52,
1998-01-06,0.0,32.0,5.05,
1998-01-07,0.0,32.7,5.7,
1998-01-08,0.0,32.4,4.85,
1998-01-09,0.0,33.1,4.92,
1998-01-10,0.0,32.0,4.69,
1998-01-11,0.0,32.4,4.61,
1998-01-12,1.2,31.5,3.88,
1998-01-13,0.0,32.0,4.55,
1998-01-14,0.0,32.5,4.2,
1998-01-15,0.0,31.6,4.12,
1998-01-16,0.0,31.6,4.54,
1998-01-17,0.0,32.7,4.91,
1998-01-18,0.0,32.2,4.8,
1998-01-19,0.0,32.6,4.67,
1998-01-20,0.0,32.4,4.82,
1998-01-21,0.0,32.8,5.77,
1998-01-22,0.0,33.4,5.89,
1998-01-23,0.0,33.2,5.23,
1998-01-24,0.0,32.8,5.39,
1998-01-25,0.0,32.6,5.97,
1998-01-26,0.0,32.3,5.52,
1998-01-27,0.0,32.8,5.86,
1998-01-28,0.0,33.8,6.01,
1998-01-29,0.0,32.7,5.3,
1998-01-30,0.0,33.0,6.25,
1998-01-31,0.0,33.3,6.03,
1998-02-01,0.2,31.7,5.08,
1998-02-02,0.0,32.9,5.78,
1998-02-03,0.0,33.1,5.85,
1998-02-04,0.0,33.2,5.39,
1998-02-05,0.0,33.1,5.88,
1998-02-06,0.0,32.3,5.36,
1998-02-07,0.0,31.9,4.78,
1998-02-08,0.0,32.2,5.04,
1998-02-09,0.0,32.6,5.45,
1998-02-10,0.0,32.7,5.14,
1998-02-11,0.0,31.4,4.45,
1998-02-12,0.0,32.6,5.21,
1998-02-13,0.0,33.6,5.44,
1998-02-14,0.0,33.7,5.17,
1998-02-15,0.0,33.4,5.2,
1998-02-16,0.0,33.7,5.06,
1998-02-17,0.0,32.8,4.47,
1998-02-18,0.0,33.3,4.83,
1998-02-19,0.0,32.9,4.79,
1998-02-20,0.0,33.3,4.7,
1998-02-21,0.0,33.7,4.59,
1998-02-22,0.0,33.8,5.18,
1998-02-23,0.0,34.5,6.3,
1998-02-24,0.0,34.2,5.33,
1998-02-25,0.0,32.9,4.56,
1998-02-26,0.0,34.0,5.73,
1998-02-27,0.0,33.4,4.51,
1998-02-28,0.0,34.3,6.31,
1998-03-01,0.0,34.6,6.39,
1998-03-02,0.0,34.8,6.77,
1998-03-03,0.0,34.7,6.55,
1998-03-04,0.0,34.7,5.95,
1998-03-05,0.0,33.7,5.43,
1998-03-06,0.0,34.5,6.22,
1998-03-07,0.0,34.4,5.37,
1998-03-08,0.0,34.8,5.68,
1998-03-09,0.0,33.7,5.52,
1998-03-10,0.0,34.0,5.85,
1998-03-11,0.0,33.9,5.56,
1998-03-12,0.0,34.8,5.73,
1998-03-13,0.0,34.2,5.11,
1998-03-14,0.0,35.3,6.12,
1998-03-15,0.0,34.8,5.65,
1998-03-16,0.0,35.2,6.0,
1998-03-17,0.0,35.7,6.57,
1998-03-18,0.0,35.1,6.47,
1998-03-19,0.0,35.7,6.24,
1998-03-20,0.0,34.9,6.23,
1998-03-21,0.0,35.2,6.47,
1998-03-22,0.0,36.4,7.31,
1998-03-23,0.0,35.3,7.09,
1998-03-24,0.2,35.5,6.62,
1998-03-25,0.0,35.4,7.08,
1998-03-26,0.0,35.0,6.82,
1998-03-27,0.0,34.9,6.44,
1998-03-28,0.0,35.7,7.39,
1998-03-29,0.0,36.1,7.26,
1998-03-30,0.0,35.7,7.19,
1998-03-31,0.0,35.2,6.9,
1998-04-01,0.0,35.2,5.97,
1998-04-02,0.0,35.5,6.42,
1998-04-03,0.0,35.3,6.76,
1998-04-04,0.0,35.7,6.86,
1998-04-05,0.0,35.5,6.62,
1998-04-06,0.0,34.8,6.22,
1998-04-07,0.0,35.1,5.92,
1998-04-08,0.0,34.8,5.76,
1998-04-09,0.0,34.7,5.57,
1998-04-10,0.0,35.1,6.01,
1998-04-11,0.0,35.2,5.62,
1998-04-12,0.2,34.9,5.38,
1998-04-13,0.1,36.1,6.13,
1998-04-14,0.7,36.3,6.14,
1998-04-15,0.2,34.6,4.47,
1998-04-16,0.6,35.8,5.61,
1998-04-17,0.2,36.0,5.65,
1998-04-18,3.8,34.3,4.6,
1998-04-19,9.3,32.0,3.77,
1998-04-20,3.1,33.0,4.55,
1998-04-21,0.0,34.7,5.94,
1998-04-22,4.2,34.4,5.24,
1998-04-23,0.4,35.0,5.6,
1998-04-24,0.1,34.3,5.11,
1998-04-25,18.3,34.4,4.89,
1998-04-26,2.7,33.0,4.7,
1998-04-27,0.0,34.3,5.94,
1998-04-28,0.0,34.3,5.44,
1998-04-29,0.3,34.1,5.53,
1998-04-30,3.3,34.2,5.1,
1998-05-01,0.6,34.3,4.91,
1998-05-02,0.0,34.4,5.64,
1998-05-03,0.0,34.3,5.54,
1998-05-04,0.0,35.3,5.76,
1998-05-05,0.0,35.9,6.22,
1998-05-06,0.0,37.0,7.04,
1998-05-07,0.0,36.4,6.92,
1998-05-08,0.0,36.2,6.62,
1998-05-09,0.2,36.8,6.5,
1998-05-10,0.5,34.7,5.22,
1998-05-11,0.0,36.7,6.24,
1998-05-12,0.9,35.8,5.21,
1998-05-13,2.7,34.8,4.78,
1998-05-14,2.2,34.0,4.62,
1998-05-15,5.1,33.4,4.39,
1998-05-16,7.0,32.9,4.3,
1998-05-17,9.2,33.2,4.12,
1998-05-18,3.7,33.8,4.85,
1998-05-19,5.4,33.6,4.73,
1998-05-20,0.9,33.8,4.5,
1998-05-21,2.4,33.2,5.1,
1998-05-22,1.1,33.1,4.87,
1998-05-23,0.5,33.1,4.97,
1998-05-24,4.3,31.8,4.42,
1998-05-25,7.0,31.3,3.64,
1998-05-26,9.1,30.6,3.61,
1998-05-27,3.4,31.6,4.13,
1998-05-28,11.5,30.1,3.53,
1998-05-29,18.0,29.5,3.21,
1998-05-30,31.2,27.7,1.25,
1998-05-31,20.1,28.9,2.04,
1998-06-01,1.2,31.2,4.0,
1998-06-02,5.5,30.9,3.55,
1998-06-03,5.9,30.9,3.85,
1998-06-04,1.9,31.1,4.37,
1998-06-05,5.5,30.8,4.15,
1998-06-06,5.8,30.9,3.72,
1998-06-07,3.9,30.4,4.22,
1998-06-08,0.9,30.6,4.15,
1998-06-09,12.6,29.6,3.91,
1998-06-10,6.9,30.5,3.63,
1998-06-11,1.6,30.8,4.27,
1998-06-12,12.1,29.8,3.01,
1998-06-13,12.8,28.2,2.01,
1998-06-14,12.1,29.5,3.14,
1998-06-15,2.4,30.6,3.94,
1998-06-16,10.7,29.2,3.3,
1998-06-17,19.5,29.2,2.95,
1998-06-18,8.4,30.6,3.41,
1998-06-19,4.4,29.8,3.08,
1998-06-20,3.8,29.7,3.45,
1998-06-21,5.0,30.7,3.78,
1998-06-22,13.1,29.2,3.61,
1998-06-23,10.8,29.7,3.7,
1998-06-24,6.3,29.6,3.79,
1998-06-25,13.4,29.4,2.89,
1998-06-26,17.5,28.6,2.66,
1998-06-27,27.2,27.4,1.76,
1998-06-28,2.4,30.4,3.93,
1998-06-29,18.9,27.5,1.94,
1998-06-30,25.1,29.1,1.87,
1998-07-01,16.9,29.4,2.61,
1998-07-02,10.6,30.4,3.48,
1998-07-03,4.0,31.4,4.28,
1998-07-04,12.9,30.9,4.02,
1998-07-05,1.9,30.6,3.55,
1998-07-06,8.0,28.9,3.29,
1998-07-07,7.5,30.3,3.63,
1998-07-08,1.9,30.4,3.99,
1998-07-09,4.7,29.8,4.13,
1998-07-10,4.1,30.3,4.13,
1998-07-11,3.4,29.7,4.0,
1998-07-12,7.0,30.2,4.22,
1998-07-13,14.4,29.8,3.7,
1998-07-14,5.3,29.8,3.88,
1998-07-15,3.1,31.1,4.46,
1998-07-16,3.5,31.3,4.38,
1998-07-17,1.8,31.7,4.68,
1998-07-18,1.2,31.7,4.82,
1998-07-19,1.0,31.2,4.87,
1998-07-20,1.5,31.0,4.6,
1998-07-21,7.8,30.5,3.96,
1998-07-22,16.1,29.6,3.41,
1998-07-23,16.0,29.6,3.69,
1998-07-24,8.4,30.3,4.08,
1998-07-25,7.9,29.8,4.05,
1998-07-26,18.6,29.4,3.32,
1998-07-27,13.3,29.6,3.81,
1998-07-28,13.3,27.3,1.8,
1998-07-29,11.1,27.7,2.37,
1998-07-30,8.8,28.5,2.6,
1998-07-31,10.3,29.0,2.96,
1998-08-01,9.7,28.8,3.39,
1998-08-02,4.8,30.6,3.88,
1998-08-03,1.0,30.1,3.78,
1998-08-04,11.9,29.2,3.59,
1998-08-05,3.8,29.3,3.54,
1998-08-06,8.5,28.3,3.11,
1998-08-07,17.2,28.1,2.64,
1998-08-08,15.0,28.2,2.32,
1998-08-09,6.1,29.1,3.49,
1998-08-10,3.6,29.8,3.87,
1998-08-11,5.4,29.6,3.21,
1998-08-12,6.3,29.6,3.5,
1998-08-13,6.1,30.4,4.34,
1998-08-14,11.1,30.5,3.64,
1998-08-15,3.1,31.5,4.33,
1998-08-16,13.4,31.2,4.34,
1998-08-17,11.2,29.7,3.61,
1998-08-18,9.7,30.4,3.55,
1998-08-19,23.9,30.6,3.61,
1998-08-20,5.2,28.6,2.62,
1998-08-21,12.5,29.1,2.85,
1998-08-22,2.0,29.4,2.77,
1998-08-23,1.4,31.1,4.66,
1998-08-24,9.6,30.5,4.52,
1998-08-25,10.4,31.2,4.41,
1998-08-26,0.9,30.7,4.56,
1998-08-27,1.6,30.9,4.72,
1998-08-28,0.9,30.5,4.64,
1998-08-29,1.7,30.1,4.31,
1998-08-30,8.1,29.5,3.85,
1998-08-31,20.5,28.5,2.93,
1998-09-01,7.2,29.0,3.12,
1998-09-02,7.0,28.2,2.51,
1998-09-03,5.3,30.8,4.17,
1998-09-04,11.3,29.7,4.0,
1998-09-05,8.2,29.6,3.61,
1998-09-06,10.3,28.8,3.08,
1998-09-07,2.6,30.1,4.06,
1998-09-08,0.5,30.6,4.58,
1998-09-09,1.5,30.2,4.75,
1998-09-10,1.6,29.4,4.2,
1998-09-11,3.2,28.8,3.3,
1998-09-12,9.7,28.6,2.79,
1998-09-13,19.5,26.3,1.81,
1998-09-14,26.5,26.5,1.75,
1998-09-15,17.4,27.6,2.46,
1998-09-16,10.9,27.5,2.26,
1998-09-17,14.2,29.2,3.33,
1998-09-18,8.7,29.0,2.95,
1998-09-19,6.8,29.0,2.92,
1998-09-20,7.0,27.8,2.07,
1998-09-21,15.3,28.5,2.45,
1998-09-22,5.9,29.6,2.78,
1998-09-23,8.5,29.0,3.11,
1998-09-24,18.4,29.6,2.96,
1998-09-25,41.2,27.1,1.32,
1998-09-26,26.1,27.7,1.66,
1998-09-27,24.7,28.1,1.96,
1998-09-28,10.1,29.5,3.03,
1998-09-29,7.5,27.7,2.11,
1998-09-30,15.2,26.9,1.73,
1998-10-01,0.2,29.1,2.82,
1998-10-02,6.3,29.4,3.67,
1998-10-03,20.1,28.2,2.26,
1998-10-04,10.1,27.8,2.09,
1998-10-05,6.1,30.0,2.94,
1998-10-06,27.3,29.3,2.71,
1998-10-07,18.6,29.5,2.51,
1998-10-08,7.7,27.6,1.91,
1998-10-09,14.9,29.2,2.42,
1998-10-10,10.4,29.5,3.18,
1998-10-11,8.3,30.5,3.37,
1998-10-12,11.6,30.7,3.92,
1998-10-13,16.5,31.2,3.9,
1998-10-14,6.5,29.9,3.35,
1998-10-15,11.0,29.8,3.54,
1998-10-16,9.1,29.6,3.43,
1998-10-17,7.2,29.6,3.44,
1998-10-18,7.9,28.6,3.06,
1998-10-19,13.5,29.0,2.67,
1998-10-20,5.2,31.8,4.25,
1998-10-21,3.7,29.8,2.66,
1998-10-22,10.4,28.9,2.56,
1998-10-23,6.9,27.6,1.63,
1998-10-24,26.2,30.3,3.06,
1998-10-25,11.2,28.9,2.16,
1998-10-26,6.6,28.8,2.21,
1998-10-27,6.4,30.0,3.11,
1998-10-28,2.9,29.9,3.12,
1998-10-29,7.7,29.2,2.21,
1998-10-30,3.6,29.1,2.51,
1998-10-31,5.3,30.1,3.04,
1998-11-01,11.8,29.2,2.56,
1998-11-02,7.8,30.8,3.15,
1998-11-03,10.0,30.6,3.48,
1998-11-04,7.7,30.3,3.11,
1998-11-05,6.3,30.3,3.14,
1998-11-06,5.2,29.1,2.67,
1998-11-07,24.5,30.3,3.09,
1998-11-08,11.9,30.0,2.51,
1998-11-09,5.0,29.8,2.81,
1998-11-10,11.9,29.9,2.89,
1998-11-11,0.0,30.7,4.67,
1998-11-12,0.0,29.1,3.93,
1998-11-13,0.1,29.2,3.65,
1998-11-14,24.0,26.9,2.15,
1998-11-15,40.5,26.5,1.29,
1998-11-16,11.6,27.2,1.72,
1998-11-17,22.0,30.2,3.31,
1998-11-18,3.3,30.2,3.25,
1998-11-19,0.7,29.8,3.48,
1998-11-20,3.9,29.7,2.98,
1998-11-21,0.1,29.0,3.73,
1998-11-22,0.1,29.6,3.62,
1998-11-23,10.0,29.7,2.8,
1998-11-24,0.2,29.9,3.71,
1998-11-25,0.4,29.4,3.17,
1998-11-26,0.0,28.3,2.64,
1998-11-27,0.0,28.8,3.13,
1998-11-28,4.0,29.6,2.95,
1998-11-29,5.7,30.0,3.43,
1998-11-30,0.6,29.9,3.57,
1998-12-01,8.8,29.4,3.23,
1998-12-02,8.3,29.8,3.15,
1998-12-03,3.8,29.6,3.11,
1998-12-04,8.1,30.4,3.38,
1998-12-05,0.7,30.3,3.48,
1998-12-06,0.6,30.5,3.95,
1998-12-07,0.0,30.5,4.18,
1998-12-08,0.0,29.7,4.77,
1998-12-09,1.4,27.2,3.81,
1998-12-10,21.7,23.0,1.79,
1998-12-11,27.7,24.2,0.87,
1998-12-12,5.0,25.9,2.02,
1998-12-13,2.8,24.9,3.15,
1998-12-14,11.3,20.9,1.31,
1998-12-15,0.0,24.3,3.3,
1998-12-16,0.0,26.0,3.35,
1998-12-17,0.0,28.0,4.08,
1998-12-18,0.0,28.8,4.14,
1998-12-19,0.0,29.3,3.83,
1998-12-20,0.4,28.9,3.5,
1998-12-21,1.7,29.4,3.3,
1998-12-22,5.0,28.8,2.84,
1998-12-23,7.3,29.2,2.87,
1998-12-24,3.9,29.7,3.49,
1998-12-25,4.4,29.1,3.31,
1998-12-26,0.6,28.6,2.95,
1998-12-27,3.5,29.0,3.4,
1998-12-28,0.0,28.4,3.55,
1998-12-29,0.0,28.6,3.9,
1998-12-30,0.1,28.8,4.1,
1998-12-31,0.0,29.1,3.86,
1999-01-01,2.4,28.6,3.24,
1999-01-02,0.2,29.1,3.71,
1999-01-03,0.0,28.5,3.6,
1999-01-04,0.0,28.5,4.63,
1999-01-05,0.0,27.9,4.43,
1999-01-06,0.0,27.6,4.17,
1999-01-07,0.1,27.2,3.45,
1999-01-08,0.0,27.9,3.85,
1999-01-09,0.0,28.7,3.74,
1999-01-10,0.0,29.4,3.99,
1999-01-11,1.3,29.2,3.55,
1999-01-12,7.8,27.7,2.15,
1999-01-13,4.1,28.4,3.25,
1999-01-14,5.8,28.6,3.01,
1999-01-15,3.4,29.4,3.58,
1999-01-16,0.0,28.3,3.59,
1999-01-17,0.0,28.3,3.51,
1999-01-18,0.1,29.2,3.9,
1999-01-19,1.1,29.6,3.72,
1999-01-20,0.3,29.9,3.74,
1999-01-21,0.7,30.2,4.09,
1999-01-22,0.1,29.4,3.51,
1999-01-23,0.2,30.2,4.08,
1999-01-24,0.0,31.2,4.78,
1999-01-25,0.3,30.7,4.18,
1999-01-26,0.0,30.0,4.1,
1999-01-27,7.1,27.0,2.14,
1999-01-28,9.5,28.5,1.72,
1999-01-29,18.9,29.2,3.06,
1999-01-30,0.0,28.9,3.4,
1999-01-31,0.0,29.6,4.37,
1999-02-01,0.0,29.8,4.03,
1999-02-02,0.8,30.0,4.08,
1999-02-03,1.3,29.6,4.1,
1999-02-04,0.1,28.5,4.53,
1999-02-05,0.0,27.6,4.58,
1999-02-06,0.0,28.5,3.99,
1999-02-07,0.0,28.7,3.95,
1999-02-08,0.0,28.8,3.59,
1999-02-09,0.1,29.0,3.79,
1999-02-10,10.7,29.9,3.83,
1999-02-11,6.6,29.2,3.33,
1999-02-12,0.4,30.1,4.61,
1999-02-13,1.7,29.6,4.0,
1999-02-14,2.9,29.3,3.9,
1999-02-15,0.2,29.4,4.24,
1999-02-16,0.4,29.5,4.2,
1999-02-17,0.0,29.0,4.26,
1999-02-18,0.0,30.1,4.58,
1999-02-19,0.2,29.7,4.6,
1999-02-20,0.0,30.0,5.35,
1999-02-21,0.2,29.2,4.41,
1999-02-22,0.0,29.6,4.47,
1999-02-23,0.0,31.2,5.0,
1999-02-24,6.0,31.4,4.39,
1999-02-25,0.0,31.5,5.15,
1999-02-26,0.0,32.4,5.46,
1999-02-27,0.0,32.2,5.57,
1999-02-28,0.0,31.6,5.06,
1999-03-01,0.1,32.2,5.35,
1999-03-02,0.3,31.6,5.13,
1999-03-03,0.4,31.1,4.3,
1999-03-04,0.1,31.2,4.8,
1999-03-05,0.2,30.9,4.55,
1999-03-06,0.4,31.0,4.54,
1999-03-07,0.3,31.2,5.02,
1999-03-08,4.7,31.2,4.53,
1999-03-09,0.0,32.2,4.98,
1999-03-10,0.1,31.8,4.6,
1999-03-11,0.0,33.0,5.0,
1999-03-12,4.9,32.1,4.25,
1999-03-13,1.6,32.4,4.85,
1999-03-14,0.5,32.0,4.81,
1999-03-15,0.0,32.9,5.33,
1999-03-16,0.0,33.5,5.25,
1999-03-17,0.1,33.2,5.16,
1999-03-18,0.0,33.5,5.24,
1999-03-19,4.9,33.1,4.67,
1999-03-20,14.8,31.4,3.76,
1999-03-21,4.0,31.6,4.11,
1999-03-22,12.3,30.4,3.84,
1999-03-23,0.7,31.5,4.82,
1999-03-24,0.9,31.1,4.86,
1999-03-25,2.6,31.7,4.44,
1999-03-26,2.7,31.5,4.41,
1999-03-27,0.0,31.6,4.65,
1999-03-28,1.7,32.8,5.0,
1999-03-29,3.6,31.7,4.72,
1999-03-30,26.8,31.3,3.86,
1999-03-31,5.0,32.0,4.33,
1999-04-01,1.7,31.5,4.29,
1999-04-02,14.5,30.8,3.7,
1999-04-03,10.4,31.6,4.24,
1999-04-04,10.5,28.5,2.41,
1999-04-05,8.3,30.3,3.64,
1999-04-06,9.0,30.4,3.87,
1999-04-07,10.3,31.0,4.12,
1999-04-08,2.5,31.1,4.29,
1999-04-09,18.2,29.5,2.98,
1999-04-10,6.7,30.1,3.57,
1999-04-11,14.7,30.6,3.7,
1999-04-12,10.2,30.0,3.67,
1999-04-13,1.9,30.5,3.41,
1999-04-14,9.3,29.1,3.24,
1999-04-15,8.9,30.0,3.3,
1999-04-16,7.3,29.8,3.56,
1999-04-17,9.6,30.7,4.21,
1999-04-18,3.0,30.4,4.35,
1999-04-19,1.8,30.5,4.2,
1999-04-20,1.6,30.2,4.11,
1999-04-21,9.6,31.4,3.92,
1999-04-22,14.3,28.8,2.51,
1999-04-23,23.9,26.9,1.75,
1999-04-24,9.9,29.2,3.24,
1999-04-25,6.9,29.8,3.99,
1999-04-26,11.4,30.1,4.02,
1999-04-27,14.5,27.6,2.8,
1999-04-28,11.5,28.0,3.03,
1999-04-29,4.1,29.4,4.22,
1999-04-30,1.5,29.6,3.68,
1999-05-01,3.7,29.7,4.18,
1999-05-02,21.1,29.8,3.6,
1999-05-03,11.5,29.5,3.54,
1999-05-04,5.7,30.5,4.15,
1999-05-05,6.2,29.7,3.92,
1999-05-06,6.3,30.5,4.22,
1999-05-07,2.4,30.6,4.16,
1999-05-08,1.2,30.9,4.68,
1999-05-09,2.2,30.2,4.12,
1999-05-10,5.8,30.4,4.23,
1999-05-11,16.9,30.4,3.8,
1999-05-12,6.9,31.0,4.21,
1999-05-13,4.8,30.3,4.11,
1999-05-14,12.2,30.3,3.71,
1999-05-15,22.9,28.6,2.39,
1999-05-16,9.5,28.7,2.81,
1999-05-17,5.1,30.1,3.76,
1999-05-18,6.4,30.1,3.81,
1999-05-19,8.1,28.5,2.96,
1999-05-20,16.1,28.1,2.4,
1999-05-21,6.9,29.3,3.04,
1999-05-22,15.8,29.8,3.47,
1999-05-23,3.3,30.3,4.37,
1999-05-24,18.1,29.9,3.47,
1999-05-25,13.1,29.3,3.62,
1999-05-26,10.2,27.9,2.6,
1999-05-27,1.2,30.0,4.54,
1999-05-28,6.5,29.5,3.82,
1999-05-29,14.1,28.2,3.2,
1999-05-30,0.4,29.1,2.81,
1999-05-31,5.0,29.8,4.53,
1999-06-01,7.5,28.1,2.24,
1999-06-02,11.6,29.0,2.64,
1999-06-03,19.7,27.1,2.1,
1999-06-04,37.0,27.1,1.85,
1999-06-05,36.6,26.6,2.34,
1999-06-06,19.9,26.9,1.75,
1999-06-07,4.3,29.1,4.33,
1999-06-08,6.3,28.3,3.43,
1999-06-09,8.1,28.7,3.01,
1999-06-10,2.9,29.6,4.01,
1999-06-11,11.3,28.3,3.23,
1999-06-12,13.4,27.8,3.22,
1999-06-13,11.9,27.8,2.96,
1999-06-14,8.9,28.2,3.13,
1999-06-15,13.2,28.3,3.02,
1999-06-16,18.0,26.3,1.72,
1999-06-17,8.5,28.6,2.76,
1999-06-18,4.5,28.8,3.49,
1999-06-19,9.9,27.6,2.79,
1999-06-20,3.5,28.7,3.24,
1999-06-21,0.0,30.0,5.0,
1999-06-22,0.0,29.9,5.24,
1999-06-23,0.0,29.9,5.18,
1999-06-24,0.0,29.9,4.96,
1999-06-25,3.7,29.7,4.61,
1999-06-26,6.1,28.7,3.4,
1999-06-27,9.4,27.8,2.8,
1999-06-28,5.1,30.0,3.83,
1999-06-29,9.7,28.9,3.6,
1999-06-30,8.5,28.1,2.89,
1999-07-01,20.9,27.3,2.52,
1999-07-02,9.5,26.9,2.73,
1999-07-03,10.2,27.1,2.17,
1999-07-04,2.6,29.3,3.88,
1999-07-05,5.1,29.5,3.99,
1999-07-06,7.1,28.5,3.65,
1999-07-07,2.5,29.5,4.03,
1999-07-08,1.2,29.8,4.45,
1999-07-09,4.4,29.1,3.99,
1999-07-10,7.7,28.6,3.57,
1999-07-11,1.8,28.5,4.09,
1999-07-12,18.4,28.2,3.53,
1999-07-13,16.5,26.6,1.88,
1999-07-14,16.4,27.6,2.9,
1999-07-15,7.6,27.9,3.16,
1999-07-16,6.0,28.3,3.39,
1999-07-17,1.7,29.5,4.06,
1999-07-18,7.7,28.0,3.26,
1999-07-19,0.7,29.4,4.52,
1999-07-20,1.2,29.8,4.36,
1999-07-21,9.7,28.4,3.44,
1999-07-22,11.1,28.9,3.37,
1999-07-23,17.2,28.0,2.9,
1999-07-24,16.4,28.2,2.63,
1999-07-25,7.4,26.5,1.73,
1999-07-26,3.9,28.6,3.71,
1999-07-27,6.8,28.5,3.78,
1999-07-28,8.7,28.5,3.08,
1999-07-29,14.3,28.2,2.73,
1999-07-30,18.7,27.4,2.09,
1999-07-31,8.8,28.5,3.2,
1999-08-01,7.7,28.1,3.34,
1999-08-02,5.4,28.6,3.36,
1999-08-03,22.9,26.6,2.49,
1999-08-04,8.4,28.3,3.25,
1999-08-05,6.2,27.5,2.5,
1999-08-06,8.1,26.9,2.66,
1999-08-07,0.6,29.5,4.51,
1999-08-08,0.1,29.7,5.1,
1999-08-09,0.5,29.6,4.57,
1999-08-10,0.9,29.8,4.69,
1999-08-11,2.7,28.7,4.02,
1999-08-12,1.6,29.5,4.28,
1999-08-13,3.1,29.4,4.33,
1999-08-14,2.1,29.5,4.67,
1999-08-15,0.4,30.1,4.72,
1999-08-16,0.1,30.3,4.84,
1999-08-17,2.0,29.7,3.9,
1999-08-18,7.6,29.4,3.9,
1999-08-19,9.3,29.9,3.86,
1999-08-20,6.1,29.0,3.83,
1999-08-21,6.8,28.2,3.37,
1999-08-22,13.5,28.8,3.23,
1999-08-23,13.6,27.8,2.73,
1999-08-24,12.6,29.1,2.99,
1999-08-25,4.7,29.3,3.83,
1999-08-26,9.6,28.2,3.05,
1999-08-27,15.4,28.1,3.2,
1999-08-28,6.6,28.7,3.36,
1999-08-29,9.7,28.3,3.39,
1999-08-30,14.3,27.5,2.74,
1999-08-31,9.7,28.0,3.03,
1999-09-01,9.5,26.9,2.4,
1999-09-02,11.8,27.6,2.86,
1999-09-03,10.3,27.9,3.39,
1999-09-04,9.9,28.6,3.45,
1999-09-05,11.0,27.8,3.2,
1999-09-06,12.1,27.3,3.14,
1999-09-07,4.8,27.6,3.26,
1999-09-08,1.4,29.4,4.19,
1999-09-09,2.6,29.2,4.28,
1999-09-10,2.7,29.3,4.34,
1999-09-11,1.2,29.3,4.44,
1999-09-12,1.4,29.4,4.34,
1999-09-13,5.2,29.1,4.12,
1999-09-14,2.6,29.2,4.22,
1999-09-15,7.6,28.3,2.91,
1999-09-16,4.5,29.3,3.35,
1999-09-17,1.4,29.4,4.14,
1999-09-18,0.6,29.6,4.25,
1999-09-19,1.1,29.5,4.39,
1999-09-20,1.1,29.5,4.35,
1999-09-21,1.6,29.3,3.62,
1999-09-22,0.8,30.2,4.26,
1999-09-23,2.1,30.0,4.12,
1999-09-24,4.4,30.3,4.03,
1999-09-25,8.3,30.7,4.32,
1999-09-26,11.2,30.8,4.14,
1999-09-27,5.3,30.8,4.05,
1999-09-28,3.7,30.6,3.99,
1999-09-29,4.4,30.3,3.57,
1999-09-30,7.8,29.8,2.76,
1999-10-01,6.2,30.6,3.72,
1999-10-02,5.2,31.3,4.23,
1999-10-03,15.2,29.8,3.17,
1999-10-04,2.4,30.8,4.13,
1999-10-05,0.5,31.2,4.47,
1999-10-06,8.9,31.0,4.22,
1999-10-07,17.2,29.2,2.9,
1999-10-08,4.9,29.8,3.05,
1999-10-09,13.7,30.3,3.6,
1999-10-10,5.0,30.3,4.15,
1999-10-11,1.5,31.2,4.34,
1999-10-12,12.5,30.8,3.89,
1999-10-13,33.9,27.5,1.9,
1999-10-14,6.1,30.1,3.47,
1999-10-15,11.9,30.8,3.78,
1999-10-16,17.5,30.5,3.63,
1999-10-17,14.4,29.3,3.16,
1999-10-18,10.2,26.9,1.84,
1999-10-19,1.5,29.4,3.09,
1999-10-20,0.0,29.2,3.26,
1999-10-21,7.9,29.7,3.35,
1999-10-22,7.6,31.2,3.95,
1999-10-23,31.8,30.3,3.04,
1999-10-24,36.1,25.6,0.84,
1999-10-25,20.3,29.0,2.6,
1999-10-26,11.7,30.4,3.62,
1999-10-27,9.4,30.3,3.73,
1999-10-28,11.3,29.0,2.14,
1999-10-29,12.0,28.8,3.11,
1999-10-30,10.2,29.2,2.94,
1999-10-31,37.6,28.4,2.0,
1999-11-01,46.6,25.3,0.84,
1999-11-02,17.4,27.0,1.6,
1999-11-03,1.6,28.3,2.47,
1999-11-04,24.4,28.0,1.69,
1999-11-05,6.3,26.8,1.61,
1999-11-06,6.3,27.9,2.73,
1999-11-07,4.4,28.8,3.0,
1999-11-08,10.7,28.3,2.57,
1999-11-09,7.7,29.6,3.24,
1999-11-10,7.7,29.8,2.89,
1999-11-11,0.8,30.8,3.87,
1999-11-12,11.2,30.4,3.51,
1999-11-13,12.9,30.2,3.61,
1999-11-14,10.6,29.8,3.31,
1999-11-15,5.3,30.2,3.47,
1999-11-16,15.4,29.4,3.07,
1999-11-17,0.0,30.2,4.59,
1999-11-18,1.0,29.3,3.75,
1999-11-19,1.0,29.6,3.89,
1999-11-20,2.6,29.8,3.58,
1999-11-21,8.4,29.7,3.39,
1999-11-22,7.6,28.9,2.85,
1999-11-23,3.0,30.1,3.39,
1999-11-24,3.2,30.3,3.17,
1999-11-25,0.7,30.8,3.88,
1999-11-26,3.3,30.3,3.48,
1999-11-27,2.4,30.2,3.47,
1999-11-28,6.6,30.2,3.48,
1999-11-29,6.0,29.6,2.86,
1999-11-30,0.0,29.6,4.83,
1999-12-01,0.0,29.6,4.74,
1999-12-02,5.5,27.3,2.98,
1999-12-03,17.6,26.0,1.22,
1999-12-04,10.6,29.3,2.45,
1999-12-05,3.1,28.6,2.44,
1999-12-06,5.4,29.3,2.99,
1999-12-07,0.3,29.2,3.34,
1999-12-08,0.0,29.4,4.34,
1999-12-09,0.0,27.4,4.8,
1999-12-10,36.7,24.3,2.16,
1999-12-11,9.1,25.0,2.09,
1999-12-12,0.1,28.9,3.72,
1999-12-13,0.9,28.8,2.78,
1999-12-14,14.0,29.5,3.32,
1999-12-15,0.0,29.0,4.31,
1999-12-16,0.0,29.0,4.06,
1999-12-17,0.0,29.1,3.58,
1999-12-18,0.9,28.4,3.41,
1999-12-19,0.0,28.3,4.42,
1999-12-20,0.0,27.7,4.86,
1999-12-21,0.0,28.0,4.88,
1999-12-22,0.0,26.5,4.77,
1999-12-23,0.0,24.8,4.91,
1999-12-24,0.0,23.7,4.7,
1999-12-25,0.0,24.5,4.52,
1999-12-26,0.0,25.1,4.25,
1999-12-27,0.0,26.1,4.24,
1999-12-28,0.0,28.3,4.03,
1999-12-29,0.0,29.0,4.07,
1999-12-30,0.5,28.8,3.48,
1999-12-31,0.0,29.0,3.76,
2000-01-01,0.8,29.6,3.71,
2000-01-02,1.1,29.5,3.65,
2000-01-03,0.6,29.5,3.72,
2000-01-04,0.9,30.3,3.92,
2000-01-05,0.3,30.7,3.8,
2000-01-06,0.3,30.1,3.84,
2000-01-07,2.5,29.7,3.59,
2000-01-08,0.1,29.5,3.49,
2000-01-09,0.0,30.0,4.2,
2000-01-10,0.0,30.3,4.18,
2000-01-11,0.4,30.3,3.95,
2000-01-12,0.0,30.7,4.3,
2000-01-13,0.5,30.4,4.07,
2000-01-14,0.3,29.6,3.78,
2000-01-15,0.2,29.8,3.51,
2000-01-16,0.0,30.5,4.05,
2000-01-17,0.0,30.7,4.15,
2000-01-18,1.2,29.9,3.48,
2000-01-19,1.8,29.6,3.27,
2000-01-20,0.0,28.9,3.85,
2000-01-21,0.0,29.6,4.6,
2000-01-22,0.0,29.4,4.24,
2000-01-23,0.0,30.3,4.24,
2000-01-24,0.9,30.7,3.97,
2000-01-25,0.0,31.1,4.82,
2000-01-26,0.0,31.2,4.97,
2000-01-27,0.0,29.6,4.56,
2000-01-28,0.0,29.6,5.04,
2000-01-29,0.0,29.0,4.31,
2000-01-30,0.0,29.8,4.35,
2000-01-31,0.1,28.2,3.39,
2000-02-01,0.0,29.4,4.55,
2000-02-02,0.0,29.0,4.41,
2000-02-03,0.0,30.1,4.81,
2000-02-04,0.0,30.7,4.67,
2000-02-05,0.0,31.0,4.16,
2000-02-06,0.0,31.3,4.54,
2000-02-07,0.9,29.1,2.88,
2000-02-08,0.3,27.4,2.08,
2000-02-09,0.0,29.6,4.04,
2000-02-10,0.4,28.6,3.41,
2000-02-11,0.2,30.3,3.92,
2000-02-12,0.0,30.7,4.63,
2000-02-13,11.1,30.6,4.1,
2000-02-14,4.1,30.6,3.58,
2000-02-15,0.8,30.6,4.23,
2000-02-16,0.0,31.0,5.83,
2000-02-17,0.9,31.1,4.32,
2000-02-18,1.8,31.4,4.67,
2000-02-19,0.2,30.7,3.99,
2000-02-20,0.0,31.4,4.62,
2000-02-21,0.3,31.7,4.72,
2000-02-22,0.8,32.1,4.38,
2000-02-23,4.9,31.5,4.08,
2000-02-24,4.5,31.5,3.92,
2000-02-25,0.2,32.2,4.55,
2000-02-26,0.6,31.2,4.44,
2000-02-27,0.2,31.7,5.32,
2000-02-28,2.8,29.7,3.41,
2000-02-29,0.6,31.1,5.01,
2000-03-01,0.2,31.9,5.31,
2000-03-02,1.6,31.9,4.82,
2000-03-03,0.1,31.8,5.03,
2000-03-04,0.2,31.5,4.71,
2000-03-05,6.7,30.5,4.02,
2000-03-06,10.7,30.6,3.64,
2000-03-07,9.2,30.5,3.58,
2000-03-08,0.8,30.7,4.13,
2000-03-09,0.0,31.0,4.62,
2000-03-10,0.6,31.4,4.86,
2000-03-11,0.6,31.8,4.1,
2000-03-12,1.9,30.9,4.23,
2000-03-13,0.9,32.4,4.92,
2000-03-14,5.2,31.1,4.36,
2000-03-15,0.0,31.5,4.56,
2000-03-16,12.4,30.9,3.78,
2000-03-17,0.3,30.7,4.43,
2000-03-18,0.0,31.6,4.74,
2000-03-19,0.0,31.6,5.06,
2000-03-20,0.0,32.4,5.7,
2000-03-21,0.0,33.0,5.5,
2000-03-22,0.0,31.9,4.74,
2000-03-23,0.2,33.3,5.53,
2000-03-24,0.0,32.7,5.21,
2000-03-25,0.0,34.3,6.57,
2000-03-26,0.8,32.6,5.61,
2000-03-27,0.2,33.4,5.75,
2000-03-28,0.3,34.0,6.02,
2000-03-29,1.4,34.1,5.57,
2000-03-30,2.8,33.2,5.49,
2000-03-31,0.0,32.4,5.12,
2000-04-01,0.5,32.2,4.81,
2000-04-02,0.3,32.8,5.38,
2000-04-03,1.4,32.1,5.14,
2000-04-04,0.6,33.5,5.09,
2000-04-05,2.1,32.6,4.66,
2000-04-06,0.0,34.1,6.17,
2000-04-07,0.0,32.8,5.07,
2000-04-08,13.4,32.1,4.47,
2000-04-09,10.5,30.5,3.34,
2000-04-10,14.3,30.7,4.04,
2000-04-11,8.1,30.2,3.89,
2000-04-12,6.1,29.7,3.36,
2000-04-13,15.6,30.6,4.1,
2000-04-14,8.0,30.1,3.78,
2000-04-15,6.3,31.3,4.15,
2000-04-16,10.8,30.5,3.92,
2000-04-17,7.9,30.7,3.8,
2000-04-18,15.5,30.6,3.9,
2000-04-19,11.3,30.7,3.34,
2000-04-20,7.8,30.2,3.77,
2000-04-21,3.1,31.4,4.31,
2000-04-22,10.4,31.0,4.28,
2000-04-23,7.0,31.4,4.39,
2000-04-24,2.5,31.0,4.37,
2000-04-25,9.1,30.7,3.77,
2000-04-26,2.1,30.6,4.45,
2000-04-27,4.0,31.3,4.53,
2000-04-28,3.6,30.7,4.07,
2000-04-29,0.6,31.7,4.87,
2000-04-30,1.5,31.8,4.73,
2000-05-01,1.3,31.2,4.55,
2000-05-02,7.9,30.3,4.25,
2000-05-03,8.7,30.6,4.12,
2000-05-04,8.3,31.1,4.54,
2000-05-05,5.9,31.3,4.38,
2000-05-06,3.3,31.2,4.21,
2000-05-07,7.2,30.4,3.92,
2000-05-08,2.1,31.1,4.6,
2000-05-09,3.8,31.1,4.59,
2000-05-10,9.1,30.1,3.65,
2000-05-11,14.8,29.4,3.36,
2000-05-12,9.8,29.3,3.53,
2000-05-13,7.9,28.0,2.64,
2000-05-14,13.5,28.9,3.42,
2000-05-15,4.2,30.4,4.04,
2000-05-16,13.3,30.3,3.87,
2000-05-17,13.0,29.7,3.57,
2000-05-18,5.2,28.9,2.97,
2000-05-19,8.9,30.4,3.81,
2000-05-20,9.1,29.9,3.87,
2000-05-21,8.0,29.5,3.01,
2000-05-22,4.7,30.7,4.13,
2000-05-23,2.3,30.4,4.21,
2000-05-24,7.4,29.9,3.85,
2000-05-25,5.1,31.1,4.33,
2000-05-26,9.2,29.7,3.48,
2000-05-27,7.5,31.0,4.26,
2000-05-28,4.9,30.6,4.12,
2000-05-29,3.4,29.6,3.92,
2000-05-30,9.7,29.5,2.89,
2000-05-31,17.6,28.1,1.97,
2000-06-01,16.7,27.7,1.92,
2000-06-02,42.6,25.8,1.25,
2000-06-03,27.6,25.9,1.35,
2000-06-04,12.2,28.2,2.11,
2000-06-05,3.0,30.8,4.12,
2000-06-06,7.6,30.7,3.86,
2000-06-07,10.2,30.4,3.51,
2000-06-08,10.1,29.0,3.17,
2000-06-09,16.8,28.4,2.74,
2000-06-10,0.8,29.7,3.4,
2000-06-11,1.4,29.7,4.13,
2000-06-12,3.6,29.3,4.21,
2000-06-13,2.0,29.8,3.98,
2000-06-14,6.8,28.8,3.8,
2000-06-15,9.6,28.6,3.1,
2000-06-16,15.7,27.7,2.26,
2000-06-17,18.0,27.2,1.75,
2000-06-18,7.4,27.2,2.38,
2000-06-19,7.9,27.6,2.89,
2000-06-20,4.9,29.2,4.04,
2000-06-21,7.4,28.7,3.34,
2000-06-22,7.4,29.4,3.86,
2000-06-23,5.1,29.3,3.73,
2000-06-24,2.6,29.9,4.15,
2000-06-25,0.3,29.8,4.1,
2000-06-26,5.6,29.5,3.77,
2000-06-27,0.8,30.1,4.03,
2000-06-28,3.7,30.2,4.4,
2000-06-29,15.6,27.9,3.07,
2000-06-30,11.3,27.8,2.75,
2000-07-01,18.3,28.9,3.15,
2000-07-02,3.8,28.6,2.77,
2000-07-03,11.8,28.4,2.9,
2000-07-04,11.3,28.1,2.73,
2000-07-05,14.3,27.9,2.45,
2000-07-06,5.7,29.6,4.12,
2000-07-07,2.5,29.7,4.37,
2000-07-08,0.8,29.0,3.51,
2000-07-09,3.1,29.7,4.04,
2000-07-10,13.2,27.2,2.16,
2000-07-11,21.2,27.2,1.79,
2000-07-12,2.3,27.9,2.86,
2000-07-13,2.9,28.7,3.76,
2000-07-14,0.6,29.0,3.64,
2000-07-15,15.9,27.3,2.05,
2000-07-16,19.1,27.9,2.5,
2000-07-17,8.9,28.4,2.74,
2000-07-18,1.9,28.6,3.06,
2000-07-19,0.9,29.1,4.09,
2000-07-20,0.3,28.7,4.11,
2000-07-21,1.2,28.8,4.24,
2000-07-22,0.7,29.5,4.68,
2000-07-23,0.5,29.5,4.38,
2000-07-24,2.9,29.7,4.42,
2000-07-25,7.4,28.1,3.53,
2000-07-26,6.7,28.1,3.42,
2000-07-27,2.8,28.3,3.65,
2000-07-28,7.1,28.9,3.03,
2000-07-29,5.7,29.1,3.81,
2000-07-30,5.4,29.4,4.1,
2000-07-31,1.5,29.7,4.14,
2000-08-01,7.2,28.8,3.92,
2000-08-02,6.9,29.3,4.25,
2000-08-03,6.3,29.1,3.92,
2000-08-04,10.9,28.1,3.44,
2000-08-05,15.6,27.7,3.13,
2000-08-06,14.9,27.9,3.29,
2000-08-07,5.7,28.5,3.33,
2000-08-08,6.5,29.1,3.6,
2000-08-09,4.9,29.3,3.86,
2000-08-10,2.9,30.6,4.41,
2000-08-11,4.5,30.7,4.66,
2000-08-12,5.1,29.7,4.14,
2000-08-13,5.6,30.6,4.5,
2000-08-14,1.9,29.8,4.03,
2000-08-15,4.6,29.8,4.01,
2000-08-16,12.5,28.5,3.45,
2000-08-17,12.4,26.6,2.49,
2000-08-18,19.4,25.9,1.92,
2000-08-19,10.4,28.3,3.19,
2000-08-20,11.4,27.7,3.14,
2000-08-21,21.6,27.0,2.37,
2000-08-22,24.9,26.9,2.68,
2000-08-23,6.7,27.0,2.17,
2000-08-24,15.6,26.1,1.73,
2000-08-25,12.9,28.1,3.0,
2000-08-26,10.0,28.1,3.28,
2000-08-27,7.2,28.9,3.81,
2000-08-28,6.3,28.2,3.68,
2000-08-29,11.0,27.8,3.0,
2000-08-30,3.3,28.4,2.99,
2000-08-31,7.2,27.8,2.87,
2000-09-01,11.4,29.1,3.61,
2000-09-02,0.0,29.5,4.58,
2000-09-03,0.1,29.6,4.49,
2000-09-04,0.0,29.8,4.83,
2000-09-05,2.7,29.0,3.81,
2000-09-06,1.6,29.2,4.1,
2000-09-07,0.1,28.9,3.74,
2000-09-08,5.7,29.0,4.17,
2000-09-09,3.1,28.5,3.71,
2000-09-10,13.2,27.9,3.4,
2000-09-11,8.7,29.1,3.84,
2000-09-12,2.9,29.5,3.5,
2000-09-13,0.4,29.7,4.07,
2000-09-14,2.3,30.0,3.75,
2000-09-15,15.7,28.3,2.55,
2000-09-16,13.5,27.7,2.56,
2000-09-17,2.1,30.1,4.21,
2000-09-18,7.7,30.3,4.02,
2000-09-19,5.1,29.8,3.37,
2000-09-20,4.8,30.2,3.63,
2000-09-21,10.1,30.3,3.72,
2000-09-22,3.4,26.8,1.8,
2000-09-23,5.5,30.5,3.43,
2000-09-24,12.0,30.7,4.32,
2000-09-25,2.8,30.9,4.29,
2000-09-26,4.2,31.0,4.18,
2000-09-27,6.2,30.2,3.98,
2000-09-28,4.9,30.1,3.67,
2000-09-29,5.1,30.2,3.89,
2000-09-30,15.3,30.4,3.75,
2000-10-01,2.7,30.1,3.73,
2000-10-02,7.4,30.1,3.47,
2000-10-03,8.5,30.3,3.3,
2000-10-04,1.8,30.3,3.21,
2000-10-05,10.9,29.6,3.41,
2000-10-06,18.9,29.0,2.94,
2000-10-07,8.9,27.4,1.94,
2000-10-08,2.7,30.0,3.75,
2000-10-09,5.7,27.8,2.58,
2000-10-10,12.6,26.7,2.09,
2000-10-11,2.6,28.3,3.56,
2000-10-12,16.8,27.4,1.9,
2000-10-13,20.1,27.7,2.27,
2000-10-14,21.4,26.6,1.78,
2000-10-15,13.3,28.4,2.34,
2000-10-16,5.6,29.8,3.3,
2000-10-17,12.8,29.9,2.88,
2000-10-18,10.6,29.6,3.43,
2000-10-19,3.5,29.0,3.1,
2000-10-20,10.5,28.7,2.63,
2000-10-21,5.6,29.7,3.5,
2000-10-22,5.5,29.3,2.94,
2000-10-23,19.1,29.3,2.77,
2000-10-24,1.1,30.3,3.62,
2000-10-25,5.1,30.9,3.71,
2000-10-26,8.8,30.5,3.76,
2000-10-27,11.7,30.8,3.63,
2000-10-28,16.0,29.6,2.74,
2000-10-29,22.6,29.6,2.84,
2000-10-30,17.7,29.2,2.25,
2000-10-31,30.6,26.9,1.5,
2000-11-01,40.6,28.7,2.33,
2000-11-02,0.2,28.2,3.31,
2000-11-03,0.0,29.5,4.61,
2000-11-04,0.0,29.9,4.5,
2000-11-05,0.0,30.0,4.16,
2000-11-06,0.1,29.4,3.82,
2000-11-07,0.0,30.3,4.48,
2000-11-08,0.0,30.5,4.29,
2000-11-09,0.0,30.1,3.98,
2000-11-10,0.0,31.0,4.28,
2000-11-11,0.1,30.9,4.03,
2000-11-12,2.6,30.9,3.84,
2000-11-13,3.6,31.5,3.79,
2000-11-14,0.2,30.9,3.93,
2000-11-15,2.2,31.8,4.12,
2000-11-16,49.7,27.9,1.89,
2000-11-17,18.0,29.9,2.87,
2000-11-18,0.1,29.6,2.58,
2000-11-19,4.4,30.3,3.69,
2000-11-20,0.2,29.5,2.58,
2000-11-21,4.7,29.6,3.4,
2000-11-22,0.0,29.9,4.5,
2000-11-23,15.9,28.2,2.11,
2000-11-24,6.7,27.2,1.88,
2000-11-25,8.0,28.7,2.7,
2000-11-26,8.7,29.5,3.23,
2000-11-27,10.5,29.4,2.82,
2000-11-28,0.0,30.0,3.87,
2000-11-29,8.4,30.1,3.33,
2000-11-30,5.6,30.0,3.47,
2000-12-01,0.5,29.9,3.27,
2000-12-02,1.0,30.0,3.61,
2000-12-03,0.0,30.4,4.56,
2000-12-04,0.0,30.0,4.4,
2000-12-05,0.0,29.8,4.1,
2000-12-06,1.4,28.5,3.35,
2000-12-07,51.8,25.9,1.43,
2000-12-08,13.5,27.6,1.95,
2000-12-09,0.6,28.5,3.34,
2000-12-10,1.5,29.7,3.5,
2000-12-11,3.3,29.2,3.44,
2000-12-12,5.5,29.7,3.27,
2000-12-13,2.5,29.7,3.31,
2000-12-14,1.3,29.2,3.31,
2000-12-15,2.3,29.0,3.26,
2000-12-16,0.9,29.5,3.57,
2000-12-17,3.2,29.6,3.57,
2000-12-18,0.7,29.7,3.72,
2000-12-19,1.3,29.1,3.19,
2000-12-20,10.4,29.5,3.01,
2000-12-21,1.3,29.8,3.52,
2000-12-22,0.0,29.5,3.7,
2000-12-23,0.0,28.5,3.82,
2000-12-24,0.0,27.2,4.08,
2000-12-25,0.0,28.1,3.93,
2000-12-26,6.5,26.1,2.1,
2000-12-27,0.8,26.5,1.8,
2000-12-28,1.4,29.1,3.08,
2000-12-29,8.6,29.0,2.87,
2000-12-30,3.4,29.6,3.6,
2000-12-31,6.4,28.7,3.55,
2001-01-01,0.6,27.5,3.19,
2001-01-02,0.0,27.2,3.52,
2001-01-03,0.0,27.3,3.55,
2001-01-04,0.4,28.0,3.39,
2001-01-05,0.5,27.4,2.59,
2001-01-06,0.1,28.7,3.75,
2001-01-07,0.1,28.9,3.72,
2001-01-08,0.0,28.9,3.57,
2001-01-09,0.8,28.8,3.61,
2001-01-10,1.8,29.1,3.39,
2001-01-11,0.5,28.7,2.81,
2001-01-12,0.0,28.9,3.11,
2001-01-13,6.4,29.3,2.95,
2001-01-14,0.1,28.9,3.95,
2001-01-15,0.3,29.0,3.93,
2001-01-16,0.0,29.0,3.84,
2001-01-17,9.0,25.5,2.1,
2001-01-18,0.6,26.8,2.72,
2001-01-19,4.1,28.3,3.23,
2001-01-20,0.7,29.0,3.84,
2001-01-21,0.0,29.3,3.93,
2001-01-22,0.1,29.8,4.16,
2001-01-23,0.0,29.8,4.17,
2001-01-24,0.1,29.7,4.21,
2001-01-25,0.8,29.7,3.51,
2001-01-26,0.0,30.0,3.31,
2001-01-27,0.0,29.9,3.82,
2001-01-28,0.9,30.5,4.03,
2001-01-29,1.8,29.7,3.59,
2001-01-30,0.2,29.8,4.02,
2001-01-31,0.8,29.0,3.8,
2001-02-01,5.9,28.1,2.69,
2001-02-02,0.0,30.1,4.52,
2001-02-03,0.0,29.9,4.22,
2001-02-04,0.0,30.7,4.79,
2001-02-05,0.0,30.2,4.75,
2001-02-06,0.1,30.4,4.42,
2001-02-07,0.4,30.2,4.02,
2001-02-08,0.0,30.8,3.95,
2001-02-09,0.4,30.6,3.93,
2001-02-10,0.0,30.4,3.45,
2001-02-11,1.4,30.0,3.55,
2001-02-12,3.6,30.2,3.83,
2001-02-13,2.5,28.9,2.25,
2001-02-14,1.4,30.4,3.85,
2001-02-15,0.0,30.6,4.87,
2001-02-16,0.0,30.1,5.14,
2001-02-17,0.0,29.6,4.7,
2001-02-18,0.0,29.8,4.66,
2001-02-19,0.5,29.2,3.81,
2001-02-20,0.5,29.5,4.09,
2001-02-21,0.6,29.7,4.31,
2001-02-22,0.0,30.9,4.74,
2001-02-23,0.6,31.0,4.52,
2001-02-24,0.0,31.5,4.86,
2001-02-25,0.0,31.7,4.5,
2001-02-26,0.1,31.7,5.01,
2001-02-27,0.0,32.5,5.51,
2001-02-28,0.0,32.1,4.82,
2001-03-01,0.0,33.1,5.37,
2001-03-02,0.0,32.7,5.19,
2001-03-03,0.0,32.5,5.4,
2001-03-04,0.0,33.0,4.53,
2001-03-05,0.0,33.0,5.11,
2001-03-06,0.0,32.2,4.37,
2001-03-07,10.0,31.1,3.58,
2001-03-08,0.3,32.4,5.26,
2001-03-09,0.2,32.2,5.16,
2001-03-10,0.4,32.3,5.72,
2001-03-11,0.3,32.7,5.6,
2001-03-12,1.4,32.1,5.2,
2001-03-13,6.8,31.1,4.36,
2001-03-14,1.4,32.1,4.75,
2001-03-15,1.5,33.2,4.99,
2001-03-16,2.3,31.9,4.65,
2001-03-17,8.6,30.2,3.39,
2001-03-18,29.0,29.1,2.51,
2001-03-19,12.1,27.6,2.9,
2001-03-20,9.6,29.4,3.49,
2001-03-21,4.5,29.9,3.78,
2001-03-22,2.5,29.9,3.93,
2001-03-23,10.4,29.7,3.49,
2001-03-24,1.8,30.8,4.36,
2001-03-25,12.3,29.5,3.81,
2001-03-26,1.7,30.5,4.57,
2001-03-27,3.4,29.3,3.9,
2001-03-28,5.0,28.4,3.12,
2001-03-29,0.8,30.5,4.18,
2001-03-30,4.2,31.1,3.99,
2001-03-31,10.7,29.9,3.42,
2001-04-01,4.8,30.4,3.91,
2001-04-02,5.8,30.2,3.92,
2001-04-03,3.7,31.3,4.02,
2001-04-04,1.0,31.3,4.32,
2001-04-05,1.6,31.8,4.59,
2001-04-06,4.0,31.4,4.13,
2001-04-07,0.0,32.1,4.9,
2001-04-08,0.0,31.3,4.76,
2001-04-09,0.0,32.2,5.28,
2001-04-10,0.0,32.4,5.44,
2001-04-11,0.3,32.4,5.08,
2001-04-12,0.2,32.8,5.63,
2001-04-13,1.8,32.4,4.92,
2001-04-14,4.3,32.3,4.61,
2001-04-15,3.4,32.7,4.76,
2001-04-16,1.5,33.0,4.88,
2001-04-17,2.8,31.9,4.57,
2001-04-18,0.0,32.3,5.06,
2001-04-19,0.7,32.3,5.25,
2001-04-20,0.0,32.6,5.63,
2001-04-21,0.0,33.3,5.77,
2001-04-22,1.0,32.6,5.03,
2001-04-23,4.4,32.6,4.61,
2001-04-24,9.7,31.0,3.64,
2001-04-25,13.0,32.0,4.5,
2001-04-26,0.0,33.1,5.55,
2001-04-27,8.8,31.3,4.29,
2001-04-28,20.2,29.2,2.21,
2001-04-29,16.4,28.1,1.89,
2001-04-30,7.0,29.5,3.32,
2001-05-01,1.3,32.2,4.58,
2001-05-02,2.8,30.9,4.35,
2001-05-03,0.1,32.0,5.08,
2001-05-04,4.0,32.1,4.73,
2001-05-05,1.0,32.6,4.73,
2001-05-06,0.4,32.5,4.74,
2001-05-07,0.4,32.3,4.99,
2001-05-08,1.1,31.8,5.15,
2001-05-09,0.3,33.3,6.06,
2001-05-10,3.2,32.4,5.36,
2001-05-11,8.9,30.0,4.09,
2001-05-12,11.9,30.6,4.05,
2001-05-13,11.9,28.5,2.86,
2001-05-14,5.9,29.4,3.61,
2001-05-15,11.7,29.0,3.05,
2001-05-16,19.5,28.0,1.57,
2001-05-17,6.9,29.7,3.31,
2001-05-18,2.2,30.2,4.08,
2001-05-19,5.0,30.2,4.11,
2001-05-20,6.3,30.1,4.08,
2001-05-21,3.7,30.6,4.41,
2001-05-22,5.3,30.6,4.48,
2001-05-23,11.7,29.5,3.56,
2001-05-24,6.1,30.4,4.23,
2001-05-25,9.9,28.8,3.62,
2001-05-26,4.8,30.7,4.02,
2001-05-27,7.3,30.9,3.95,
2001-05-28,4.2,28.4,2.76,
2001-05-29,8.4,29.9,3.88,
2001-05-30,5.5,31.2,4.62,
2001-05-31,2.1,30.7,4.59,
2001-06-01,5.8,31.2,4.52,
2001-06-02,4.7,31.2,4.08,
2001-06-03,2.8,30.9,3.97,
2001-06-04,2.6,30.0,4.05,
2001-06-05,3.0,30.4,4.45,
2001-06-06,12.6,28.9,3.58,
2001-06-07,9.1,29.2,3.65,
2001-06-08,9.7,29.1,3.34,
2001-06-09,4.0,31.0,4.32,
2001-06-10,8.0,30.5,4.35,
2001-06-11,12.9,30.3,4.43,
2001-06-12,4.3,30.3,4.24,
2001-06-13,5.7,30.4,4.46,
2001-06-14,9.0,28.7,3.5,
2001-06-15,6.9,28.9,3.15,
2001-06-16,5.6,30.1,4.41,
2001-06-17,9.1,27.6,3.06,
2001-06-18,17.4,28.7,3.58,
2001-06-19,8.8,28.7,4.16,
2001-06-20,17.6,29.5,3.75,
2001-06-21,11.7,28.6,3.39,
2001-06-22,9.2,28.8,3.25,
2001-06-23,35.5,26.8,1.68,
2001-06-24,18.0,27.0,1.8,
2001-06-25,9.8,26.1,1.63,
2001-06-26,39.9,25.8,1.35,
2001-06-27,11.0,27.2,2.76,
2001-06-28,9.3,28.4,3.31,
2001-06-29,7.1,28.1,2.98,
2001-06-30,14.5,29.0,3.33,
2001-07-01,6.2,28.8,3.71,
2001-07-02,5.0,28.5,3.48,
2001-07-03,26.5,26.3,1.66,
2001-07-04,26.4,26.7,1.85,
2001-07-05,27.7,26.9,1.73,
2001-07-06,10.6,27.4,1.88,
2001-07-07,21.0,26.7,2.0,
2001-07-08,2.7,29.2,3.35,
2001-07-09,5.7,29.5,3.64,
2001-07-10,0.7,30.2,4.76,
2001-07-11,0.9,29.4,4.16,
2001-07-12,1.4,29.5,4.42,
2001-07-13,0.9,29.4,4.46,
2001-07-14,5.6,29.2,3.83,
2001-07-15,14.6,28.9,3.4,
2001-07-16,1.9,29.9,4.19,
2001-07-17,3.8,29.9,4.58,
2001-07-18,2.7,29.6,4.49,
2001-07-19,4.5,29.5,4.39,
2001-07-20,1.2,29.5,4.01,
2001-07-21,8.8,28.7,2.76,
2001-07-22,5.6,28.9,3.13,
2001-07-23,1.2,29.9,4.37,
2001-07-24,0.0,30.3,4.8,
2001-07-25,3.4,29.8,4.15,
2001-07-26,5.2,29.9,4.44,
2001-07-27,3.2,29.3,3.93,
2001-07-28,5.5,29.3,4.02,
2001-07-29,8.5,29.3,3.76,
2001-07-30,8.8,29.4,3.94,
2001-07-31,4.8,29.1,4.06,
2001-08-01,5.1,30.1,4.74,
2001-08-02,12.8,28.4,3.54,
2001-08-03,5.0,30.4,4.85,
2001-08-04,12.9,29.3,3.02,
2001-08-05,23.9,27.5,2.32,
2001-08-06,12.7,27.1,2.29,
2001-08-07,4.9,29.5,3.76,
2001-08-08,6.7,28.6,3.49,
2001-08-09,14.5,27.8,2.84,
2001-08-10,5.7,28.7,2.86,
2001-08-11,5.0,28.4,3.48,
2001-08-12,2.0,30.1,4.44,
2001-08-13,10.1,28.5,2.95,
2001-08-14,6.8,28.9,3.71,
2001-08-15,4.5,28.6,3.53,
2001-08-16,27.6,27.7,2.46,
2001-08-17,23.6,26.5,2.02,
2001-08-18,10.7,28.6,3.17,
2001-08-19,10.0,28.2,2.5,
2001-08-20,14.0,29.0,2.74,
2001-08-21,12.2,28.9,3.21,
2001-08-22,9.3,27.9,3.19,
2001-08-23,10.5,27.8,3.22,
2001-08-24,5.3,29.1,4.01,
2001-08-25,2.4,30.1,4.42,
2001-08-26,4.9,29.1,3.73,
2001-08-27,5.7,29.2,3.75,
2001-08-28,3.2,28.7,3.45,
2001-08-29,6.9,28.1,2.74,
2001-08-30,10.2,28.0,3.06,
2001-08-31,8.0,29.0,4.09,
2001-09-01,1.8,29.6,4.33,
2001-09-02,3.4,29.0,3.98,
2001-09-03,14.6,28.6,3.56,
2001-09-04,7.7,29.5,3.65,
2001-09-05,3.9,29.6,3.77,
2001-09-06,2.1,30.3,4.31,
2001-09-07,4.3,30.3,4.02,
2001-09-08,2.0,29.9,4.32,
2001-09-09,3.1,28.6,3.36,
2001-09-10,0.4,27.7,2.92,
2001-09-11,3.7,29.4,3.86,
2001-09-12,1.1,30.2,4.43,
2001-09-13,0.4,30.6,4.69,
2001-09-14,0.9,30.9,4.7,
2001-09-15,4.6,30.9,4.56,
2001-09-16,15.2,28.5,2.87,
2001-09-17,13.4,29.7,3.4,
2001-09-18,3.1,29.9,3.72,
2001-09-19,2.5,29.9,4.15,
2001-09-20,9.4,29.9,3.99,
2001-09-21,7.2,30.2,3.86,
2001-09-22,6.5,30.1,3.57,
2001-09-23,7.3,28.4,2.71,
2001-09-24,21.6,28.5,2.73,
2001-09-25,15.0,28.1,2.7,
2001-09-26,8.2,29.8,3.62,
2001-09-27,14.9,26.7,1.86,
2001-09-28,14.1,28.7,2.43,
2001-09-29,15.6,29.2,1.75,
2001-09-30,10.8,30.0,2.61,
2001-10-01,20.2,28.9,2.58,
2001-10-02,8.6,29.3,2.68,
2001-10-03,26.5,30.0,2.89,
2001-10-04,11.9,31.1,3.59,
2001-10-05,19.6,29.4,3.03,
2001-10-06,7.8,29.4,3.37,
2001-10-07,10.5,29.8,3.59,
2001-10-08,15.5,29.4,3.19,
2001-10-09,2.4,29.4,2.97,
2001-10-10,8.8,30.0,3.31,
2001-10-11,22.1,29.9,3.03,
2001-10-12,8.3,30.9,4.28,
2001-10-13,9.8,30.3,3.07,
2001-10-14,15.1,30.3,3.21,
2001-10-15,5.1,29.6,2.72,
2001-10-16,13.2,30.2,2.79,
2001-10-17,24.7,28.2,1.86,
2001-10-18,6.6,29.8,2.9,
2001-10-19,18.9,29.7,3.04,
2001-10-20,9.0,31.3,4.09,
2001-10-21,16.8,30.6,3.09,
2001-10-22,14.8,28.0,1.87,
2001-10-23,2.9,29.9,2.98,
2001-10-24,10.2,30.3,3.07,
2001-10-25,10.4,30.2,3.26,
2001-10-26,9.9,30.8,3.62,
2001-10-27,10.2,30.1,2.78,
2001-10-28,3.4,30.2,2.86,
2001-10-29,11.6,30.8,3.04,
2001-10-30,12.1,28.8,2.78,
2001-10-31,10.6,29.8,3.23,
2001-11-01,14.6,27.2,1.59,
2001-11-02,7.3,29.0,2.39,
2001-11-03,11.2,29.2,2.7,
2001-11-04,9.0,30.0,3.11,
2001-11-05,3.6,30.4,3.4,
2001-11-06,4.3,30.9,3.87,
2001-11-07,6.4,31.1,3.68,
2001-11-08,3.3,30.4,3.53,
2001-11-09,0.0,31.7,4.91,
2001-11-10,0.0,30.8,4.52,
2001-11-11,0.0,29.6,4.18,
2001-11-12,0.0,27.5,2.92,
2001-11-13,0.0,29.6,3.96,
2001-11-14,0.0,29.7,3.67,
2001-11-15,0.0,30.3,4.4,
2001-11-16,0.0,30.2,5.11,
2001-11-17,0.0,30.3,5.13,
2001-11-18,0.0,29.9,5.11,
2001-11-19,0.0,29.5,4.81,
2001-11-20,0.3,27.6,4.1,
2001-11-21,0.0,29.3,5.26,
2001-11-22,0.0,30.1,5.12,
2001-11-23,0.0,30.3,4.65,
2001-11-24,0.0,30.1,4.11,
2001-11-25,0.0,29.9,4.29,
2001-11-26,0.9,29.4,3.68,
2001-11-27,0.0,30.1,4.48,
2001-11-28,0.0,30.7,4.39,
2001-11-29,0.2,30.5,3.76,
2001-11-30,5.4,30.9,3.38,
2001-12-01,0.8,31.2,3.85,
2001-12-02,0.3,30.2,3.93,
2001-12-03,0.7,29.0,2.6,
2001-12-04,0.0,30.0,3.72,
2001-12-05,2.9,29.8,3.41,
2001-12-06,4.8,28.3,2.32,
2001-12-07,0.0,31.3,4.11,
2001-12-08,0.0,31.4,4.74,
2001-12-09,0.0,31.6,4.9,
2001-12-10,0.0,30.7,4.74,
2001-12-11,0.0,30.8,4.36,
2001-12-12,8.5,30.5,3.23,
2001-12-13,2.1,30.4,3.27,
2001-12-14,0.8,31.4,3.3,
2001-12-15,4.9,27.9,2.41,
2001-12-16,0.8,29.1,3.46,
2001-12-17,0.4,30.0,3.84,
2001-12-18,0.0,31.3,4.61,
2001-12-19,0.0,31.7,4.71,
2001-12-20,0.0,31.2,4.53,
2001-12-21,0.0,31.5,4.36,
2001-12-22,0.0,30.6,4.71,
2001-12-23,0.0,29.7,4.89,
2001-12-24,0.0,29.0,4.6,
2001-12-25,0.0,29.5,4.44,
2001-12-26,0.0,30.0,3.69,
2001-12-27,2.4,29.7,3.19,
2001-12-28,2.5,28.3,1.96,
2001-12-29,0.0,29.8,4.55,
2001-12-30,0.0,28.8,4.39,
2001-12-31,0.0,28.8,4.2,
2002-01-01,0.0,29.3,4.28,
2002-01-02,0.0,29.0,3.95,
2002-01-03,0.0,28.6,4.33,
2002-01-04,0.0,29.5,4.48,
2002-01-05,0.0,29.3,3.25,
2002-01-06,0.0,29.6,4.23,
2002-01-07,0.0,29.8,4.62,
2002-01-08,0.0,29.4,4.34,
2002-01-09,0.0,29.6,4.61,
2002-01-10,0.0,29.8,4.58,
2002-01-11,0.0,29.6,4.05,
2002-01-12,0.0,30.0,4.21,
2002-01-13,0.0,31.2,4.96,
2002-01-14,0.0,30.9,4.78,
2002-01-15,0.0,31.1,4.24,
2002-01-16,0.3,30.2,4.01,
2002-01-17,0.0,31.1,4.12,
2002-01-18,0.0,29.1,2.15,
2002-01-19,0.0,31.6,4.44,
2002-01-20,0.3,31.1,4.31,
2002-01-21,0.4,30.8,4.13,
2002-01-22,0.0,31.2,4.83,
2002-01-23,0.0,31.5,5.42,
2002-01-24,0.0,30.7,5.02,
2002-01-25,0.0,31.9,4.73,
2002-01-26,0.0,31.9,4.48,
2002-01-27,0.0,31.9,4.9,
2002-01-28,0.0,32.7,5.54,
2002-01-29,0.0,32.5,5.66,
2002-01-30,0.0,31.7,5.76,
2002-01-31,0.0,31.6,5.56,
2002-02-01,0.0,31.8,5.31,
2002-02-02,0.0,31.8,5.22,
2002-02-03,0.0,31.3,4.91,
2002-02-04,0.0,31.9,5.24,
2002-02-05,0.0,32.0,5.41,
2002-02-06,0.0,31.9,5.74,
2002-02-07,0.0,31.7,5.22,
2002-02-08,0.0,31.3,5.01,
2002-02-09,0.0,31.1,4.21,
2002-02-10,0.0,31.9,4.97,
2002-02-11,0.0,32.1,5.65,
2002-02-12,0.0,32.1,5.74,
2002-02-13,0.0,31.6,5.13,
2002-02-14,0.0,32.5,6.0,
2002-02-15,0.0,32.4,5.32,
2002-02-16,0.0,32.0,5.7,
2002-02-17,0.1,31.9,4.95,
2002-02-18,0.0,32.5,5.4,
2002-02-19,0.0,31.7,4.67,
2002-02-20,0.0,32.1,5.1,
2002-02-21,0.0,32.3,5.18,
2002-02-22,0.1,32.2,5.33,
2002-02-23,0.0,33.3,5.83,
2002-02-24,0.0,32.6,5.55,
2002-02-25,0.0,34.3,6.78,
2002-02-26,0.0,34.0,6.25,
2002-02-27,0.0,32.9,5.37,
2002-02-28,0.0,33.3,5.0,
2002-03-01,0.0,32.8,5.02,
2002-03-02,0.0,32.9,5.13,
2002-03-03,0.0,33.2,5.34,
2002-03-04,0.0,33.1,6.14,
2002-03-05,0.0,32.9,5.14,
2002-03-06,0.0,33.4,5.8,
2002-03-07,0.0,32.2,5.31,
2002-03-08,0.0,33.1,5.94,
2002-03-09,0.0,34.0,6.3,
2002-03-10,0.0,33.8,5.72,
2002-03-11,0.3,33.0,5.52,
2002-03-12,0.0,33.8,5.9,
2002-03-13,0.0,32.9,5.01,
2002-03-14,0.0,33.9,5.72,
2002-03-15,0.0,32.8,5.58,
2002-03-16,0.0,33.4,5.29,
2002-03-17,0.0,35.5,6.66,
2002-03-18,0.0,35.1,6.92,
2002-03-19,0.0,35.0,7.14,
2002-03-20,0.0,34.6,6.85,
2002-03-21,0.1,34.9,6.41,
2002-03-22,0.1,33.6,4.88,
2002-03-23,0.0,34.2,5.59,
2002-03-24,0.2,33.1,5.1,
2002-03-25,0.0,34.2,5.56,
2002-03-26,0.0,35.3,5.77,
2002-03-27,0.0,35.0,5.81,
2002-03-28,0.3,35.1,5.7,
2002-03-29,0.0,35.2,5.67,
2002-03-30,0.0,35.2,6.03,
2002-03-31,0.0,35.3,6.16,
2002-04-01,0.0,34.9,6.34,
2002-04-02,0.0,35.0,6.09,
2002-04-03,0.0,34.4,5.61,
2002-04-04,0.0,35.0,5.96,
2002-04-05,0.0,35.3,6.16,
2002-04-06,0.9,35.7,5.86,
2002-04-07,0.0,35.5,5.89,
2002-04-08,1.1,34.7,5.69,
2002-04-09,0.0,34.0,5.79,
2002-04-10,0.6,34.8,5.5,
2002-04-11,0.3,35.3,6.01,
2002-04-12,0.0,34.9,6.66,
2002-04-13,0.0,36.0,6.99,
2002-04-14,1.1,35.6,5.86,
2002-04-15,0.0,35.0,5.05,
2002-04-16,1.4,34.6,5.16,
2002-04-17,4.4,34.7,5.18,
2002-04-18,0.3,34.7,5.17,
2002-04-19,2.1,33.6,4.89,
2002-04-20,0.0,36.4,6.17,
2002-04-21,3.4,33.5,4.75,
2002-04-22,4.4,34.2,4.88,
2002-04-23,0.4,34.6,5.29,
2002-04-24,4.6,34.2,4.83,
2002-04-25,11.7,30.6,3.88,
2002-04-26,4.1,32.5,4.34,
2002-04-27,0.0,34.6,6.4,
2002-04-28,0.0,34.6,5.83,
2002-04-29,0.3,34.9,5.94,
2002-04-30,0.0,36.0,6.29,
2002-05-01,0.0,34.3,5.23,
2002-05-02,0.0,36.1,6.38,
2002-05-03,0.1,36.3,6.42,
2002-05-04,0.0,35.9,5.92,
2002-05-05,0.0,36.7,6.22,
2002-05-06,0.0,37.5,6.8,
2002-05-07,0.1,36.6,5.98,
2002-05-08,0.1,37.0,6.47,
2002-05-09,0.0,34.9,6.05,
2002-05-10,22.1,34.1,4.15,
2002-05-11,10.8,31.1,3.47,
2002-05-12,8.5,31.8,4.16,
2002-05-13,8.6,31.5,4.15,
2002-05-14,2.0,31.9,4.74,
2002-05-15,0.6,31.6,4.85,
2002-05-16,0.0,32.3,5.41,
2002-05-17,3.0,33.2,5.02,
2002-05-18,1.8,31.1,4.6,
2002-05-19,0.3,33.0,5.41,
2002-05-20,0.7,33.0,5.44,
2002-05-21,7.6,31.0,4.56,
2002-05-22,6.5,30.1,4.3,
2002-05-23,7.2,30.2,3.98,
2002-05-24,4.4,29.2,3.57,
2002-05-25,10.9,30.2,3.67,
2002-05-26,10.7,28.8,2.61,
2002-05-27,10.7,29.4,3.35,
2002-05-28,3.7,28.9,3.03,
2002-05-29,0.6,31.3,4.57,
2002-05-30,1.1,31.3,4.84,
2002-05-31,0.0,31.5,5.31,
2002-06-01,1.3,30.9,4.94,
2002-06-02,3.2,30.1,4.42,
2002-06-03,16.2,30.0,3.81,
2002-06-04,16.6,29.7,3.44,
2002-06-05,5.9,30.4,3.87,
2002-06-06,7.7,30.6,4.16,
2002-06-07,8.3,29.8,3.81,
2002-06-08,5.9,29.9,4.05,
2002-06-09,5.3,30.7,3.89,
2002-06-10,2.2,30.6,4.3,
2002-06-11,3.6,30.7,4.13,
2002-06-12,4.9,30.7,4.03,
2002-06-13,4.3,31.1,4.48,
2002-06-14,8.1,29.8,3.93,
2002-06-15,4.7,29.7,2.7,
2002-06-16,12.0,29.3,2.44,
2002-06-17,3.2,29.9,3.93,
2002-06-18,6.1,29.2,2.71,
2002-06-19,7.5,28.8,2.44,
2002-06-20,7.4,28.0,2.59,
2002-06-21,2.1,29.2,2.89,
2002-06-22,13.9,27.2,2.35,
2002-06-23,13.1,28.1,2.64,
2002-06-24,5.2,30.3,3.83,
2002-06-25,2.5,28.9,2.96,
2002-06-26,8.0,29.0,3.65,
2002-06-27,13.7,28.4,3.3,
2002-06-28,7.5,29.7,3.77,
2002-06-29,1.6,30.0,4.32,
2002-06-30,5.3,29.5,4.05,
2002-07-01,1.3,30.4,4.47,
2002-07-02,3.7,29.8,4.67,
2002-07-03,0.5,30.6,4.95,
2002-07-04,8.3,29.3,3.81,
2002-07-05,5.8,29.1,3.72,
2002-07-06,9.4,28.4,3.59,
2002-07-07,14.0,28.5,2.74,
2002-07-08,3.3,30.5,4.24,
2002-07-09,1.3,30.3,4.47,
2002-07-10,2.8,29.8,3.61,
2002-07-11,1.3,29.7,4.02,
2002-07-12,4.5,29.9,4.02,
2002-07-13,2.3,30.2,4.43,
2002-07-14,1.8,29.6,4.01,
2002-07-15,13.1,28.4,3.14,
2002-07-16,17.3,29.4,2.62,
2002-07-17,3.5,30.0,3.88,
2002-07-18,4.0,29.1,4.12,
2002-07-19,2.1,30.5,4.5,
2002-07-20,0.1,30.5,5.13,
2002-07-21,1.8,30.4,4.84,
2002-07-22,0.0,30.6,5.17,
2002-07-23,2.3,30.2,4.86,
2002-07-24,2.0,30.0,4.54,
2002-07-25,2.4,29.7,4.44,
2002-07-26,3.9,30.2,4.43,
2002-07-27,3.8,29.1,3.95,
2002-07-28,5.0,28.5,2.95,
2002-07-29,8.4,28.6,2.89,
2002-07-30,2.6,29.4,3.89,
2002-07-31,1.5,30.4,4.39,
2002-08-01,0.2,30.8,4.72,
2002-08-02,5.1,29.5,4.03,
2002-08-03,5.8,29.3,3.54,
2002-08-04,10.1,29.1,3.95,
2002-08-05,7.5,29.9,4.03,
2002-08-06,8.2,27.3,2.72,
2002-08-07,9.7,27.9,2.23,
2002-08-08,7.5,27.9,3.28,
2002-08-09,9.5,29.0,3.88,
2002-08-10,3.3,29.5,4.34,
2002-08-11,5.4,28.2,3.39,
2002-08-12,14.4,27.1,2.11,
2002-08-13,7.7,27.6,2.13,
2002-08-14,1.9,27.7,1.88,
2002-08-15,8.1,27.4,1.79,
2002-08-16,9.1,27.8,2.32,
2002-08-17,8.6,29.8,4.19,
2002-08-18,4.2,28.6,3.07,
2002-08-19,22.3,26.8,1.99,
2002-08-20,51.4,26.4,1.7,
2002-08-21,14.1,27.3,2.28,
2002-08-22,2.1,29.7,4.32,
2002-08-23,7.0,29.9,4.31,
2002-08-24,4.2,28.9,3.14,
2002-08-25,7.4,30.0,4.11,
2002-08-26,6.3,29.3,3.89,
2002-08-27,6.2,28.7,3.45,
2002-08-28,10.4,28.7,3.37,
2002-08-29,1.8,30.8,4.71,
2002-08-30,11.6,29.4,3.68,
2002-08-31,25.2,28.2,2.96,
2002-09-01,13.0,29.3,3.83,
2002-09-02,6.9,29.5,4.18,
2002-09-03,8.6,28.6,3.68,
2002-09-04,8.2,28.6,3.36,
2002-09-05,5.7,29.2,3.92,
2002-09-06,1.7,29.6,4.32,
2002-09-07,1.0,29.3,3.77,
2002-09-08,3.8,29.3,3.7,
2002-09-09,16.1,28.9,2.67,
2002-09-10,21.5,26.3,1.72,
2002-09-11,20.4,25.7,1.34,
2002-09-12,8.1,28.8,3.55,
2002-09-13,11.7,28.1,3.75,
2002-09-14,1.1,29.9,4.57,
2002-09-15,3.9,30.0,4.21,
2002-09-16,7.2,29.1,3.82,
2002-09-17,12.3,28.6,3.57,
2002-09-18,10.8,26.2,2.0,
2002-09-19,11.7,27.9,2.47,
2002-09-20,6.5,27.8,2.98,
2002-09-21,7.9,28.7,3.3,
2002-09-22,12.3,28.3,3.15,
2002-09-23,11.6,28.1,2.83,
2002-09-24,14.5,27.1,2.45,
2002-09-25,8.5,29.3,3.28,
2002-09-26,2.3,30.7,4.48,
2002-09-27,0.4,31.2,4.5,
2002-09-28,9.7,30.7,4.39,
2002-09-29,23.6,30.2,3.78,
2002-09-30,17.7,29.9,3.67,
2002-10-01,4.2,31.0,4.28,
2002-10-02,11.2,30.6,3.86,
2002-10-03,9.6,30.4,3.13,
2002-10-04,9.7,30.5,3.6,
2002-10-05,4.5,30.8,3.69,
2002-10-06,12.2,31.1,3.96,
2002-10-07,21.5,30.6,3.6,
2002-10-08,30.1,30.3,3.41,
2002-10-09,0.0,31.4,4.82,
2002-10-10,0.0,30.8,3.78,
2002-10-11,10.9,30.8,3.99,
2002-10-12,11.9,29.0,2.78,
2002-10-13,5.8,29.6,3.55,
2002-10-14,0.0,31.0,4.71,
2002-10-15,0.0,31.2,4.82,
2002-10-16,0.0,31.3,5.05,
2002-10-17,6.8,29.9,3.83,
2002-10-18,8.4,30.0,3.57,
2002-10-19,5.8,29.6,3.37,
2002-10-20,3.1,30.5,3.98,
2002-10-21,0.8,30.0,3.18,
2002-10-22,6.8,30.7,3.71,
2002-10-23,9.4,30.3,3.64,
2002-10-24,12.7,29.4,2.73,
2002-10-25,20.8,28.1,2.12,
2002-10-26,17.1,30.1,3.29,
2002-10-27,0.1,31.3,4.06,
2002-10-28,7.7,31.0,3.9,
2002-10-29,4.1,30.6,3.29,
2002-10-30,22.9,30.5,3.41,
2002-10-31,7.3,28.5,2.28,
2002-11-01,5.5,30.0,3.5,
2002-11-02,3.7,30.8,3.68,
2002-11-03,16.4,30.7,3.62,
2002-11-04,0.2,29.5,4.55,
2002-11-05,0.0,29.6,4.89,
2002-11-06,9.8,29.2,4.21,
2002-11-07,6.8,28.4,2.36,
2002-11-08,4.4,30.7,3.6,
2002-11-09,22.9,29.3,2.66,
2002-11-10,0.3,30.8,4.09,
2002-11-11,10.3,30.0,2.74,
2002-11-12,4.9,30.9,3.38,
2002-11-13,1.1,30.8,3.92,
2002-11-14,8.7,30.4,3.08,
2002-11-15,3.9,30.9,3.45,
2002-11-16,8.4,30.2,3.17,
2002-11-17,2.7,30.2,3.59,
2002-11-18,5.7,30.9,3.3,
2002-11-19,2.0,30.7,3.45,
2002-11-20,6.6,29.8,3.14,
2002-11-21,9.2,28.1,2.0,
2002-11-22,5.9,29.6,2.87,
2002-11-23,11.5,29.6,2.94,
2002-11-24,0.7,30.9,3.72,
2002-11-25,1.9,29.7,3.45,
2002-11-26,1.1,29.7,3.63,
2002-11-27,0.0,29.8,4.07,
2002-11-28,3.4,29.9,3.62,
2002-11-29,1.5,28.1,1.92,
2002-11-30,13.6,28.0,2.38,
2002-12-01,8.7,29.9,2.99,
2002-12-02,0.5,30.1,3.66,
2002-12-03,0.0,30.6,3.71,
2002-12-04,14.3,29.8,2.76,
2002-12-05,4.0,30.2,3.43,
2002-12-06,4.2,29.8,3.37,
2002-12-07,1.6,30.5,3.5,
2002-12-08,0.6,30.8,3.84,
2002-12-09,0.4,29.9,3.78,
2002-12-10,0.2,29.8,3.88,
2002-12-11,0.3,29.6,3.84,
2002-12-12,5.8,30.2,3.82,
2002-12-13,0.0,29.1,3.61,
2002-12-14,0.0,29.9,4.16,
2002-12-15,0.4,29.7,3.89,
2002-12-16,0.6,30.5,4.03,
2002-12-17,0.3,30.5,4.19,
2002-12-18,0.8,30.7,4.01,
2002-12-19,0.6,30.7,3.85,
2002-12-20,1.1,30.3,3.46,
2002-12-21,1.0,30.7,3.6,
2002-12-22,0.3,30.4,3.79,
2002-12-23,0.3,30.5,3.93,
2002-12-24,0.4,30.4,3.59,
2002-12-25,0.1,30.5,3.55,
2002-12-26,21.8,30.3,3.05,
2002-12-27,8.0,28.2,2.33,
2002-12-28,5.0,28.2,2.44,
2002-12-29,14.7,28.4,2.0,
2002-12-30,1.3,29.4,3.52,
2002-12-31,0.9,29.7,3.32,
2003-01-01,0.0,29.3,4.07,
2003-01-02,0.0,29.7,4.52,
2003-01-03,0.0,29.6,4.15,
2003-01-04,0.0,29.1,3.83,
2003-01-05,0.0,29.4,4.21,
2003-01-06,0.0,29.8,4.04,
2003-01-07,0.0,29.5,3.81,
2003-01-08,0.3,28.6,3.5,
2003-01-09,0.0,28.9,4.19,
2003-01-10,0.0,28.7,3.96,
2003-01-11,0.0,28.7,3.6,
2003-01-12,0.0,29.0,4.31,
2003-01-13,0.0,27.9,3.94,
2003-01-14,0.0,29.3,4.45,
2003-01-15,0.0,29.8,3.48,
2003-01-16,0.0,30.3,4.25,
2003-01-17,0.0,30.6,4.71,
2003-01-18,0.0,30.2,4.52,
2003-01-19,0.0,30.2,4.49,
2003-01-20,0.0,29.2,3.73,
2003-01-21,0.0,29.5,4.05,
2003-01-22,0.0,29.2,3.37,
2003-01-23,0.0,29.4,3.91,
2003-01-24,0.0,30.5,4.76,
2003-01-25,0.0,30.4,4.71,
2003-01-26,0.0,30.3,4.6,
2003-01-27,0.0,30.9,4.75,
2003-01-28,0.0,31.3,5.32,
2003-01-29,0.0,30.9,5.08,
2003-01-30,0.0,31.0,5.01,
2003-01-31,0.0,32.0,5.19,
2003-02-01,0.3,31.0,4.66,
2003-02-02,0.5,30.6,4.27,
2003-02-03,0.0,31.0,4.65,
2003-02-04,0.0,30.4,5.14,
2003-02-05,0.0,30.0,5.14,
2003-02-06,0.0,30.0,5.31,
2003-02-07,0.0,30.1,4.73,
2003-02-08,0.0,31.4,4.63,
2003-02-09,0.1,31.4,4.57,
2003-02-10,0.1,31.6,4.97,
2003-02-11,0.0,32.3,5.26,
2003-02-12,0.0,32.7,5.89,
2003-02-13,0.0,32.9,6.26,
2003-02-14,0.0,32.1,5.65,
2003-02-15,0.0,32.3,5.55,
2003-02-16,0.7,31.8,4.17,
2003-02-17,0.0,31.7,4.38,
2003-02-18,0.1,31.7,4.73,
2003-02-19,0.0,31.7,4.56,
2003-02-20,0.0,31.9,5.03,
2003-02-21,0.0,32.8,5.99,
2003-02-22,0.0,32.4,4.62,
2003-02-23,0.0,32.3,4.77,
2003-02-24,0.0,32.4,4.88,
2003-02-25,0.0,32.8,5.12,
2003-02-26,0.0,31.9,5.21,
2003-02-27,0.0,33.3,5.45,
2003-02-28,0.0,32.4,5.01,
2003-03-01,0.0,32.5,4.87,
2003-03-02,0.0,31.8,4.35,
2003-03-03,0.0,32.8,5.02,
2003-03-04,0.0,33.0,4.98,
2003-03-05,0.0,33.1,5.27,
2003-03-06,0.0,34.0,5.57,
2003-03-07,0.3,34.2,5.4,
2003-03-08,0.0,34.1,5.98,
2003-03-09,0.0,33.7,5.8,
2003-03-10,0.2,34.3,6.16,
2003-03-11,0.0,33.4,6.27,
2003-03-12,0.3,34.2,6.82,
2003-03-13,0.0,34.6,6.9,
2003-03-14,0.0,33.3,6.32,
2003-03-15,0.0,32.6,5.43,
2003-03-16,0.0,33.0,5.72,
2003-03-17,0.0,34.1,5.58,
2003-03-18,2.2,33.4,5.04,
2003-03-19,0.0,33.2,5.07,
2003-03-20,0.0,32.9,5.38,
2003-03-21,0.0,34.2,5.83,
2003-03-22,0.3,33.5,5.99,
2003-03-23,0.2,34.1,6.26,
2003-03-24,3.3,33.3,5.35,
2003-03-25,0.2,33.5,5.73,
2003-03-26,0.0,34.7,6.44,
2003-03-27,0.0,35.0,6.11,
2003-03-28,0.2,34.8,6.01,
2003-03-29,0.0,34.2,5.44,
2003-03-30,8.4,32.1,4.18,
2003-03-31,1.1,32.5,4.36,
2003-04-01,8.1,31.9,4.31,
2003-04-02,0.9,32.3,4.72,
2003-04-03,0.0,32.1,5.1,
2003-04-04,0.1,32.9,5.82,
2003-04-05,0.0,33.7,5.67,
2003-04-06,0.0,34.7,5.86,
2003-04-07,0.0,35.2,5.72,
2003-04-08,0.2,35.1,5.73,
2003-04-09,0.0,36.0,6.57,
2003-04-10,0.0,35.9,6.27,
2003-04-11,0.0,35.8,6.26,
2003-04-12,0.0,35.0,5.77,
2003-04-13,0.0,34.9,5.92,
2003-04-14,0.0,34.9,5.73,
2003-04-15,0.3,35.8,6.39,
2003-04-16,0.0,36.2,6.65,
2003-04-17,0.0,35.0,5.28,
2003-04-18,0.0,35.2,5.68,
2003-04-19,1.8,33.6,5.01,
2003-04-20,0.0,35.1,5.96,
2003-04-21,4.3,34.8,5.11,
2003-04-22,0.1,34.7,5.57,
2003-04-23,0.0,36.0,6.1,
2003-04-24,0.1,35.4,5.92,
2003-04-25,0.0,36.0,6.3,
2003-04-26,0.0,36.1,6.33,
2003-04-27,0.2,36.5,6.09,
2003-04-28,0.4,36.3,6.32,
2003-04-29,0.0,37.3,6.58,
2003-04-30,1.0,35.8,4.76,
2003-05-01,3.3,34.6,5.26,
2003-05-02,3.1,33.8,4.46,
2003-05-03,14.5,32.9,3.74,
2003-05-04,5.7,31.3,3.27,
2003-05-05,0.2,32.4,4.75,
2003-05-06,2.2,32.5,5.05,
2003-05-07,9.9,32.6,4.72,
2003-05-08,1.7,32.8,4.31,
2003-05-09,8.7,31.4,3.47,
2003-05-10,5.2,30.2,3.22,
2003-05-11,11.3,31.5,2.89,
2003-05-12,29.9,26.7,1.26,
2003-05-13,17.9,29.2,2.67,
2003-05-14,10.3,29.2,2.55,
2003-05-15,12.8,29.1,2.49,
2003-05-16,4.3,28.9,2.39,
2003-05-17,5.3,28.9,2.36,
2003-05-18,9.4,30.1,4.15,
2003-05-19,0.2,31.5,4.5,
2003-05-20,6.1,30.3,3.59,
2003-05-21,9.6,28.9,2.78,
2003-05-22,3.1,30.6,3.67,
2003-05-23,5.6,29.4,3.59,
2003-05-24,9.2,28.8,3.23,
2003-05-25,10.9,28.7,3.06,
2003-05-26,8.3,28.4,3.06,
2003-05-27,8.7,28.4,3.24,
2003-05-28,8.2,28.4,3.17,
2003-05-29,17.2,28.1,2.92,
2003-05-30,7.7,28.3,2.9,
2003-05-31,11.6,28.3,2.9,
2003-06-01,10.9,27.9,2.44,
2003-06-02,9.9,28.8,3.03,
2003-06-03,8.7,28.8,3.28,
2003-06-04,2.2,30.2,3.85,
2003-06-05,3.8,30.7,4.23,
2003-06-06,1.4,30.9,4.44,
2003-06-07,0.0,30.9,5.08,
2003-06-08,0.3,30.7,4.38,
2003-06-09,0.2,31.0,4.84,
2003-06-10,1.5,30.4,4.58,
2003-06-11,7.4,29.5,4.19,
2003-06-12,0.8,29.6,4.38,
2003-06-13,3.7,29.3,4.01,
2003-06-14,2.6,29.8,4.3,
2003-06-15,1.4,29.1,4.09,
2003-06-16,2.2,29.2,3.76,
2003-06-17,8.2,28.8,3.47,
2003-06-18,4.0,29.8,4.21,
2003-06-19,9.5,28.1,2.98,
2003-06-20,11.2,28.4,2.2,
2003-06-21,6.1,28.2,3.06,
2003-06-22,22.0,27.9,2.28,
2003-06-23,0.3,30.6,4.27,
2003-06-24,1.1,30.1,4.33,
2003-06-25,8.6,30.7,4.47,
2003-06-26,15.4,28.9,3.2,
2003-06-27,2.3,30.4,4.29,
2003-06-28,2.5,30.3,4.16,
2003-06-29,4.9,28.6,3.38,
2003-06-30,6.2,29.5,3.45,
2003-07-01,12.6,27.9,2.22,
2003-07-02,8.0,29.0,3.28,
2003-07-03,5.8,30.3,4.0,
2003-07-04,23.1,28.4,3.02,
2003-07-05,9.4,28.4,2.07,
2003-07-06,5.8,28.8,2.66,
2003-07-07,6.2,29.8,3.57,
2003-07-08,3.8,29.7,3.54,
2003-07-09,8.4,29.1,3.62,
2003-07-10,5.8,30.2,4.16,
2003-07-11,10.2,29.1,3.43,
2003-07-12,10.8,27.7,2.64,
2003-07-13,7.3,29.1,3.27,
2003-07-14,3.0,30.1,3.83,
2003-07-15,2.3,30.5,4.33,
2003-07-16,11.0,30.3,4.21,
2003-07-17,13.4,29.6,4.05,
2003-07-18,10.2,29.5,3.63,
2003-07-19,9.3,29.6,3.69,
2003-07-20,15.1,27.8,2.72,
2003-07-21,25.5,26.8,1.9,
2003-07-22,31.8,27.4,2.53,
2003-07-23,29.0,26.6,1.58,
2003-07-24,13.7,26.1,1.49,
2003-07-25,7.9,27.7,2.21,
2003-07-26,2.1,29.5,3.9,
2003-07-27,5.4,29.7,3.75,
2003-07-28,5.8,29.2,3.81,
2003-07-29,9.1,29.3,3.46,
2003-07-30,4.0,29.8,3.61,
2003-07-31,0.8,30.1,4.77,
2003-08-01,0.9,30.2,5.01,
2003-08-02,13.4,28.9,3.42,
2003-08-03,26.4,27.8,2.83,
2003-08-04,32.5,27.7,2.38,
2003-08-05,7.5,27.7,3.43,
2003-08-06,7.0,27.7,3.07,
2003-08-07,5.9,28.7,3.13,
2003-08-08,4.9,29.1,3.66,
2003-08-09,1.7,29.9,4.09,
2003-08-10,1.6,30.0,4.23,
2003-08-11,4.5,28.8,3.56,
2003-08-12,7.7,29.3,3.73,
2003-08-13,1.8,29.7,4.29,
2003-08-14,7.0,30.2,4.26,
2003-08-15,6.3,28.8,3.54,
2003-08-16,10.3,28.2,3.12,
2003-08-17,20.4,28.7,3.26,
2003-08-18,14.6,27.8,2.16,
2003-08-19,17.2,27.0,2.27,
2003-08-20,17.4,27.1,1.67,
2003-08-21,0.5,29.7,3.84,
2003-08-22,0.3,30.6,4.43,
2003-08-23,0.8,30.0,4.14,
2003-08-24,0.9,30.0,4.55,
2003-08-25,0.8,30.4,4.73,
2003-08-26,0.8,30.3,4.33,
2003-08-27,1.3,30.6,4.97,
2003-08-28,10.2,30.3,4.25,
2003-08-29,33.5,27.4,2.23,
2003-08-30,17.1,27.0,2.3,
2003-08-31,2.7,28.5,3.36,
2003-09-01,5.1,28.7,4.07,
2003-09-02,5.9,29.0,4.24,
2003-09-03,8.8,27.9,3.27,
2003-09-04,6.5,28.6,3.6,
2003-09-05,2.8,29.1,4.13,
2003-09-06,2.8,29.6,4.09,
2003-09-07,1.9,29.9,4.41,
2003-09-08,6.8,28.0,2.8,
2003-09-09,8.9,27.9,3.36,
2003-09-10,9.9,27.4,2.31,
2003-09-11,20.3,28.4,2.85,
2003-09-12,29.6,26.9,2.17,
2003-09-13,9.6,27.6,2.41,
2003-09-14,5.5,28.1,2.38,
2003-09-15,5.5,28.4,3.39,
2003-09-16,6.4,28.8,3.5,
2003-09-17,0.8,30.2,4.5,
2003-09-18,11.6,28.4,2.51,
2003-09-19,11.2,28.6,2.46,
2003-09-20,12.9,28.8,2.74,
2003-09-21,17.7,27.7,2.13,
2003-09-22,3.3,29.4,3.48,
2003-09-23,3.9,29.3,3.61,
2003-09-24,9.4,30.3,4.17,
2003-09-25,26.5,29.1,2.4,
2003-09-26,8.7,27.8,2.11,
2003-09-27,7.2,29.0,2.91,
2003-09-28,6.3,29.7,3.41,
2003-09-29,11.3,29.5,3.34,
2003-09-30,12.4,28.9,2.52,
2003-10-01,8.5,30.2,3.14,
2003-10-02,18.8,30.5,3.37,
2003-10-03,16.6,30.0,3.1,
2003-10-04,12.0,27.6,1.58,
2003-10-05,15.8,29.4,2.4,
2003-10-06,15.2,30.7,3.47,
2003-10-07,13.2,30.2,3.18,
2003-10-08,8.4,29.6,3.15,
2003-10-09,13.5,30.7,3.61,
2003-10-10,10.9,30.6,3.72,
2003-10-11,4.9,29.8,3.71,
2003-10-12,3.2,28.9,2.86,
2003-10-13,31.0,28.1,2.4,
2003-10-14,21.2,28.6,2.31,
2003-10-15,28.6,28.6,2.51,
2003-10-16,18.8,28.8,2.63,
2003-10-17,21.7,29.7,2.93,
2003-10-18,19.3,28.5,2.18,
2003-10-19,13.8,28.7,2.27,
2003-10-20,3.7,29.1,2.96,
2003-10-21,22.6,26.7,1.33,
2003-10-22,13.4,27.7,2.25,
2003-10-23,22.4,29.0,2.33,
2003-10-24,21.2,29.2,2.76,
2003-10-25,16.0,27.8,1.52,
2003-10-26,10.7,29.3,3.31,
2003-10-27,0.0,30.4,4.52,
2003-10-28,0.0,30.6,4.5,
2003-10-29,0.2,30.5,4.15,
2003-10-30,0.3,30.9,4.37,
2003-10-31,6.5,30.7,3.84,
2003-11-01,23.2,30.7,3.67,
2003-11-02,0.1,30.5,4.24,
2003-11-03,0.1,30.8,4.24,
2003-11-04,1.3,30.7,3.99,
2003-11-05,0.2,31.4,4.66,
2003-11-06,0.0,30.6,4.04,
2003-11-07,0.0,30.6,4.04,
2003-11-08,1.3,30.3,3.31,
2003-11-09,1.7,30.3,3.8,
2003-11-10,7.4,30.1,3.52,
2003-11-11,8.4,31.2,3.61,
2003-11-12,12.3,29.3,2.49,
2003-11-13,29.0,24.5,0.75,
2003-11-14,0.5,30.0,3.48,
2003-11-15,0.0,31.3,4.24,
2003-11-16,0.1,30.3,3.96,
2003-11-17,0.5,29.9,3.65,
2003-11-18,0.0,30.6,4.0,
2003-11-19,0.0,30.4,3.89,
2003-11-20,0.0,30.5,3.83,
2003-11-21,5.6,30.7,3.8,
2003-11-22,3.0,30.6,3.77,
2003-11-23,6.7,30.6,3.68,
2003-11-24,3.9,30.9,3.62,
2003-11-25,0.4,31.0,3.88,
2003-11-26,3.6,30.8,3.81,
2003-11-27,0.0,30.6,3.87,
2003-11-28,0.0,29.9,4.29,
2003-11-29,0.0,30.3,4.54,
2003-11-30,0.0,29.3,3.79,
2003-12-01,0.0,30.3,4.29,
2003-12-02,0.0,29.8,4.41,
2003-12-03,0.0,29.9,4.2,
2003-12-04,0.0,30.0,4.18,
2003-12-05,0.0,30.0,3.91,
2003-12-06,0.0,30.9,4.58,
2003-12-07,0.0,30.8,4.56,
2003-12-08,0.0,31.0,4.54,
2003-12-09,5.5,28.9,2.68,
2003-12-10,0.4,29.6,3.46,
2003-12-11,0.0,31.0,3.92,
2003-12-12,0.0,30.6,4.06,
2003-12-13,0.0,30.9,4.64,
2003-12-14,0.0,29.7,4.14,
2003-12-15,0.0,30.2,4.88,
2003-12-16,0.0,28.2,2.83,
2003-12-17,0.0,27.7,2.7,
2003-12-18,3.2,28.3,2.47,
2003-12-19,3.6,28.8,3.4,
2003-12-20,0.0,26.9,3.64,
2003-12-21,0.0,28.3,4.86,
2003-12-22,0.0,28.9,4.51,
2003-12-23,0.0,29.3,3.96,
2003-12-24,0.0,29.9,4.02,
2003-12-25,0.0,29.4,3.56,
2003-12-26,0.5,28.5,3.48,
2003-12-27,0.0,29.1,4.06,
2003-12-28,0.0,29.5,4.2,
2003-12-29,0.6,28.7,3.45,
2003-12-30,0.0,31.1,4.49,
2003-12-31,0.0,29.1,3.52,
2004-01-01,0.0,30.5,3.96,
2004-01-02,0.0,29.5,3.73,
2004-01-03,0.0,29.9,3.79,
2004-01-04,0.1,29.4,3.73,
2004-01-05,0.0,30.4,3.86,
2004-01-06,0.1,30.9,4.26,
2004-01-07,0.0,30.2,3.9,
2004-01-08,0.2,30.2,4.22,
2004-01-09,0.2,30.6,4.72,
2004-01-10,0.1,30.3,4.57,
2004-01-11,0.0,31.2,4.83,
2004-01-12,0.0,31.0,5.08,
2004-01-13,0.0,29.7,3.43,
2004-01-14,0.0,30.2,4.47,
2004-01-15,0.0,31.1,4.68,
2004-01-16,0.0,31.5,4.69,
2004-01-17,0.0,31.0,4.39,
2004-01-18,0.0,31.4,4.63,
2004-01-19,0.0,30.5,3.75,
2004-01-20,0.0,30.9,4.46,
2004-01-21,0.0,30.9,4.61,
2004-01-22,0.0,30.8,4.87,
2004-01-23,0.0,30.7,5.12,
2004-01-24,0.0,30.3,4.69,
2004-01-25,0.0,29.5,4.79,
2004-01-26,0.0,30.0,4.4,
2004-01-27,0.0,30.6,4.17,
2004-01-28,0.0,30.7,4.26,
2004-01-29,0.0,31.2,4.49,
2004-01-30,0.0,31.1,4.35,
2004-01-31,0.0,31.8,5.13,
2004-02-01,0.0,31.6,4.9,
2004-02-02,0.0,32.1,4.54,
2004-02-03,0.0,31.5,4.41,
2004-02-04,0.0,30.9,4.1,
2004-02-05,0.0,31.2,4.18,
2004-02-06,0.0,31.7,5.2,
2004-02-07,0.0,31.2,4.83,
2004-02-08,0.9,30.3,4.27,
2004-02-09,0.3,29.9,3.85,
2004-02-10,0.0,30.4,4.38,
2004-02-11,0.0,30.1,4.23,
2004-02-12,0.0,31.4,4.84,
2004-02-13,0.0,30.6,5.05,
2004-02-14,0.0,29.9,4.9,
2004-02-15,0.0,30.0,5.02,
2004-02-16,0.0,31.0,5.38,
2004-02-17,0.0,30.7,4.82,
2004-02-18,0.0,30.8,4.87,
2004-02-19,0.0,30.5,4.97,
2004-02-20,0.0,31.1,4.85,
2004-02-21,0.0,31.3,4.62,
2004-02-22,0.0,31.4,4.72,
2004-02-23,0.0,32.0,5.35,
2004-02-24,0.0,31.1,4.29,
2004-02-25,0.0,31.0,4.05,
2004-02-26,0.0,32.0,4.95,
2004-02-27,0.0,32.2,5.61,
2004-02-28,0.0,32.8,5.74,
2004-02-29,0.0,32.4,4.5,
2004-03-01,0.0,31.5,4.05,
2004-03-02,0.3,32.4,4.98,
2004-03-03,0.2,32.8,4.77,
2004-03-04,0.1,33.3,5.48,
2004-03-05,0.0,33.1,5.9,
2004-03-06,0.3,31.8,5.24,
2004-03-07,0.0,32.9,5.98,
2004-03-08,0.0,33.6,6.01,
2004-03-09,0.0,33.3,6.64,
2004-03-10,0.0,33.7,6.02,
2004-03-11,0.0,32.6,4.78,
2004-03-12,0.0,32.0,4.21,
2004-03-13,0.0,33.7,5.18,
2004-03-14,0.0,34.1,5.84,
2004-03-15,0.0,33.4,6.63,
2004-03-16,0.0,33.6,5.85,
2004-03-17,0.0,33.5,5.59,
2004-03-18,0.0,34.0,5.79,
2004-03-19,0.0,32.6,4.54,
2004-03-20,0.1,32.9,5.29,
2004-03-21,0.0,31.6,4.15,
2004-03-22,0.0,31.7,3.86,
2004-03-23,0.1,32.2,4.34,
2004-03-24,0.3,32.6,4.73,
2004-03-25,0.4,33.2,5.38,
2004-03-26,0.7,34.2,5.56,
2004-03-27,1.0,34.3,4.88,
2004-03-28,0.0,34.4,5.16,
2004-03-29,0.0,35.0,5.78,
2004-03-30,0.0,34.5,5.63,
2004-03-31,0.0,35.3,6.22,
2004-04-01,0.0,34.0,5.41,
2004-04-02,0.0,35.1,5.91,
2004-04-03,0.0,35.5,6.55,
2004-04-04,0.0,33.3,5.28,
2004-04-05,0.0,33.6,5.18,
2004-04-06,0.0,34.5,5.76,
2004-04-07,0.0,34.9,6.22,
2004-04-08,0.2,35.0,6.02,
2004-04-09,2.3,34.2,5.37,
2004-04-10,0.0,35.3,6.13,
2004-04-11,0.0,34.0,5.04,
2004-04-12,0.0,35.0,5.75,
2004-04-13,1.3,34.2,5.28,
2004-04-14,0.4,34.7,5.66,
2004-04-15,0.6,34.9,5.44,
2004-04-16,0.3,34.8,5.99,
2004-04-17,1.2,34.5,5.87,
2004-04-18,0.4,34.5,5.74,
2004-04-19,2.3,35.2,5.61,
2004-04-20,0.6,35.0,5.45,
2004-04-21,0.0,36.3,6.55,
2004-04-22,0.3,35.6,5.49,
2004-04-23,3.8,35.4,5.31,
2004-04-24,1.0,35.4,5.44,
2004-04-25,5.1,34.8,4.65,
2004-04-26,0.1,34.9,5.17,
2004-04-27,1.2,35.1,5.3,
2004-04-28,7.3,33.9,4.7,
2004-04-29,1.7,34.1,4.32,
2004-04-30,7.6,33.3,4.42,
2004-05-01,15.2,32.3,4.22,
2004-05-02,2.3,32.9,4.39,
2004-05-03,4.2,31.9,3.58,
2004-05-04,8.8,31.8,3.98,
2004-05-05,5.7,32.2,4.43,
2004-05-06,0.2,33.1,4.92,
2004-05-07,9.8,30.0,3.61,
2004-05-08,1.9,31.7,4.1,
2004-05-09,0.4,32.4,4.71,
2004-05-10,2.9,32.0,4.16,
2004-05-11,4.6,30.5,3.15,
2004-05-12,9.1,30.3,4.06,
2004-05-13,10.6,31.0,3.89,
2004-05-14,7.6,30.6,3.42,
2004-05-15,5.4,30.5,3.46,
2004-05-16,8.3,28.3,1.74,
2004-05-17,8.0,29.6,2.54,
2004-05-18,12.7,30.8,3.3,
2004-05-19,0.0,31.6,5.3,
2004-05-20,0.0,31.6,5.27,
2004-05-21,4.2,30.8,4.31,
2004-05-22,1.3,30.7,3.78,
2004-05-23,9.8,29.7,3.23,
2004-05-24,21.2,27.1,2.04,
2004-05-25,11.5,27.5,2.59,
2004-05-26,3.4,30.0,4.49,
2004-05-27,0.8,31.1,4.78,
2004-05-28,2.4,30.5,4.63,
2004-05-29,1.4,31.6,4.73,
2004-05-30,0.5,31.3,4.76,
2004-05-31,8.2,29.7,4.11,
2004-06-01,8.8,31.5,4.3,
2004-06-02,3.0,29.9,3.84,
2004-06-03,19.4,27.9,1.92,
2004-06-04,11.0,29.9,3.02,
2004-06-05,11.6,28.9,2.87,
2004-06-06,13.8,29.3,3.45,
2004-06-07,14.1,27.4,2.25,
2004-06-08,12.6,27.8,2.1,
2004-06-09,20.6,28.0,2.04,
2004-06-10,12.4,28.0,2.47,
2004-06-11,12.8,27.6,2.21,
2004-06-12,15.1,28.0,2.51,
2004-06-13,25.6,26.0,1.37,
2004-06-14,9.0,29.5,3.15,
2004-06-15,5.1,28.4,2.85,
2004-06-16,10.9,27.9,3.05,
2004-06-17,9.0,28.7,2.89,
2004-06-18,2.0,30.3,4.84,
2004-06-19,5.5,29.5,4.09,
2004-06-20,10.5,29.4,3.57,
2004-06-21,4.5,29.6,3.76,
2004-06-22,6.0,29.1,4.0,
2004-06-23,7.3,28.8,3.66,
2004-06-24,0.8,29.3,4.32,
2004-06-25,2.2,29.8,5.22,
2004-06-26,3.2,29.7,4.54,
2004-06-27,5.1,29.0,3.82,
2004-06-28,3.4,28.6,3.47,
2004-06-29,0.3,29.5,4.55,
2004-06-30,10.2,29.4,3.69,
2004-07-01,9.6,28.0,3.38,
2004-07-02,15.3,28.3,3.17,
2004-07-03,6.8,28.2,3.34,
2004-07-04,9.4,28.6,3.68,
2004-07-05,3.9,30.3,4.24,
2004-07-06,2.8,29.8,4.03,
2004-07-07,1.4,30.2,4.36,
2004-07-08,8.8,29.4,3.93,
2004-07-09,5.2,30.1,4.13,
2004-07-10,4.1,29.5,4.17,
2004-07-11,5.6,29.2,3.18,
2004-07-12,5.2,29.2,3.34,
2004-07-13,3.4,30.4,4.22,
2004-07-14,8.6,30.6,4.46,
2004-07-15,5.9,29.9,3.97,
2004-07-16,4.1,30.1,4.02,
2004-07-17,9.9,28.8,3.5,
2004-07-18,6.0,29.2,3.63,
2004-07-19,11.3,29.5,3.73,
2004-07-20,15.1,27.6,2.81,
2004-07-21,18.0,25.9,1.37,
2004-07-22,10.0,27.9,2.75,
2004-07-23,5.5,29.4,3.82,
2004-07-24,0.7,29.6,4.22,
2004-07-25,14.3,27.9,2.95,
2004-07-26,15.8,26.6,1.68,
2004-07-27,6.0,28.5,3.08,
2004-07-28,12.8,27.9,2.95,
2004-07-29,9.7,27.3,2.13,
2004-07-30,11.2,26.6,2.21,
2004-07-31,10.5,27.6,2.71,
2004-08-01,40.9,25.9,1.74,
2004-08-02,13.8,27.9,2.59,
2004-08-03,7.9,28.9,3.29,
2004-08-04,2.8,29.4,3.71,
2004-08-05,0.2,29.7,4.21,
2004-08-06,2.2,28.4,3.14,
2004-08-07,3.9,27.7,2.58,
2004-08-08,6.0,28.2,3.47,
2004-08-09,6.8,28.6,2.99,
2004-08-10,7.3,28.2,3.03,
2004-08-11,20.2,26.1,1.9,
2004-08-12,0.0,28.2,2.57,
2004-08-13,2.5,28.3,2.99,
2004-08-14,2.5,29.8,4.97,
2004-08-15,6.6,29.5,4.64,
2004-08-16,4.5,28.8,3.96,
2004-08-17,6.5,28.9,3.29,
2004-08-18,6.3,28.1,2.45,
2004-08-19,18.8,26.2,1.51,
2004-08-20,10.8,27.0,1.83,
2004-08-21,3.4,28.4,3.48,
2004-08-22,2.5,29.0,3.87,
2004-08-23,3.1,29.4,3.73,
2004-08-24,1.4,29.8,4.27,
2004-08-25,3.9,28.4,3.69,
2004-08-26,4.8,29.6,4.05,
2004-08-27,9.2,28.6,3.87,
2004-08-28,6.0,29.4,3.97,
2004-08-29,11.4,28.7,3.32,
2004-08-30,1.4,30.1,4.09,
2004-08-31,1.4,30.0,4.43,
2004-09-01,4.5,30.1,4.16,
2004-09-02,8.8,30.5,4.22,
2004-09-03,3.2,30.4,3.99,
2004-09-04,2.7,29.7,4.13,
2004-09-05,2.9,30.7,4.59,
2004-09-06,3.9,30.1,4.3,
2004-09-07,1.2,29.3,3.24,
2004-09-08,2.0,29.5,3.64,
2004-09-09,3.7,29.9,3.74,
2004-09-10,1.5,30.6,4.34,
2004-09-11,5.6,28.7,3.3,
2004-09-12,13.2,28.8,2.75,
2004-09-13,13.3,28.8,2.84,
2004-09-14,13.9,27.4,2.14,
2004-09-15,7.8,28.5,3.74,
2004-09-16,5.0,28.3,3.41,
2004-09-17,7.2,29.1,3.57,
2004-09-18,10.6,28.6,3.15,
2004-09-19,18.5,29.1,2.82,
2004-09-20,6.0,29.9,3.5,
2004-09-21,1.4,31.3,4.67,
2004-09-22,3.2,31.1,4.15,
2004-09-23,10.5,29.8,3.2,
2004-09-24,4.9,30.7,3.68,
2004-09-25,5.5,29.9,3.07,
2004-09-26,12.4,30.6,3.83,
2004-09-27,10.3,30.6,3.56,
2004-09-28,13.8,29.8,2.94,
2004-09-29,7.7,27.9,2.33,
2004-09-30,10.9,28.7,2.34,
2004-10-01,26.0,28.7,2.29,
2004-10-02,7.7,29.2,2.52,
2004-10-03,7.5,29.4,2.73,
2004-10-04,19.1,28.9,2.4,
2004-10-05,29.1,28.6,1.97,
2004-10-06,20.7,28.4,2.09,
2004-10-07,6.4,29.5,3.31,
2004-10-08,4.9,29.3,3.45,
2004-10-09,11.1,29.8,3.2,
2004-10-10,7.4,30.6,3.82,
2004-10-11,12.1,30.8,4.07,
2004-10-12,7.4,29.3,3.33,
2004-10-13,1.0,30.2,4.14,
2004-10-14,1.0,29.8,4.09,
2004-10-15,1.9,30.3,4.23,
2004-10-16,1.9,30.5,4.25,
2004-10-17,1.9,30.2,3.65,
2004-10-18,1.3,29.6,3.16,
2004-10-19,1.3,29.6,3.9,
2004-10-20,0.0,30.8,4.54,
2004-10-21,0.0,31.4,4.79,
2004-10-22,0.9,31.2,4.5,
2004-10-23,0.3,31.5,4.32,
2004-10-24,3.2,31.2,4.17,
2004-10-25,0.6,30.9,4.24,
2004-10-26,0.0,31.6,4.66,
2004-10-27,0.0,31.6,4.9,
2004-10-28,0.0,32.3,4.66,
2004-10-29,6.4,31.7,4.21,
2004-10-30,5.3,31.3,3.75,
2004-10-31,4.9,30.2,3.05,
2004-11-01,1.6,31.3,4.15,
2004-11-02,0.7,30.3,3.37,
2004-11-03,1.7,31.3,4.12,
2004-11-04,1.5,31.2,4.13,
2004-11-05,6.3,31.4,4.17,
2004-11-06,18.8,30.5,3.25,
2004-11-07,6.6,30.6,3.53,
2004-11-08,0.3,30.7,4.05,
2004-11-09,3.6,30.9,3.73,
2004-11-10,0.2,30.4,3.67,
2004-11-11,0.5,31.1,3.95,
2004-11-12,1.4,31.4,4.09,
2004-11-13,0.2,31.0,4.02,
2004-11-14,1.9,31.0,3.41,
2004-11-15,0.5,31.7,3.79,
2004-11-16,1.6,30.9,3.82,
2004-11-17,1.2,30.5,3.78,
2004-11-18,1.0,30.6,3.86,
2004-11-19,0.5,30.0,3.75,
2004-11-20,0.0,30.6,4.33,
2004-11-21,0.0,30.6,4.67,
2004-11-22,0.0,31.0,4.59,
2004-11-23,0.0,31.6,4.76,
2004-11-24,8.0,32.2,4.26,
2004-11-25,6.0,28.4,2.56,
2004-11-26,0.0,30.8,3.85,
2004-11-27,0.4,31.0,4.21,
2004-11-28,0.2,30.8,4.09,
2004-11-29,0.0,30.8,4.22,
2004-11-30,0.0,31.3,4.6,
2004-12-01,0.0,31.9,4.87,
2004-12-02,4.2,30.7,4.04,
2004-12-03,0.1,31.1,3.88,
2004-12-04,0.7,30.9,3.7,
2004-12-05,0.0,30.9,4.27,
2004-12-06,0.0,30.9,4.21,
2004-12-07,0.0,30.1,3.53,
2004-12-08,0.0,30.1,3.7,
2004-12-09,0.0,30.3,4.2,
2004-12-10,0.5,30.6,3.62,
2004-12-11,0.0,31.1,4.68,
2004-12-12,0.0,31.3,4.45,
2004-12-13,0.0,30.9,4.61,
2004-12-14,0.0,30.6,4.47,
2004-12-15,0.0,31.4,4.75,
2004-12-16,0.0,30.1,3.41,
2004-12-17,0.0,30.9,4.05,
2004-12-18,0.0,30.9,4.15,
2004-12-19,0.0,31.1,4.21,
2004-12-20,0.0,30.0,4.07,
2004-12-21,0.0,30.3,4.23,
2004-12-22,0.0,30.6,4.67,
2004-12-23,0.0,30.1,4.55,
2004-12-24,0.0,30.9,4.69,
2004-12-25,0.0,30.5,4.5,
2004-12-26,0.0,30.0,4.54,
2004-12-27,0.0,30.0,4.27,
2004-12-28,0.0,30.0,3.93,
2004-12-29,0.0,30.0,3.99,
2004-12-30,0.0,30.9,4.07,
2004-12-31,0.0,30.2,4.04,
2005-01-01,0.0,29.6,4.54,
2005-01-02,0.0,29.3,4.7,
2005-01-03,0.0,29.3,4.13,
2005-01-04,0.0,29.8,4.3,
2005-01-05,0.0,30.0,4.54,
2005-01-06,0.0,28.4,3.44,
2005-01-07,0.1,30.3,4.09,
2005-01-08,0.4,30.0,4.1,
2005-01-09,0.0,30.5,4.56,
2005-01-10,0.0,30.4,4.48,
2005-01-11,0.0,31.1,4.71,
2005-01-12,0.0,30.9,4.49,
2005-01-13,0.0,31.0,4.96,
2005-01-14,0.0,30.0,4.5,
2005-01-15,0.0,29.8,4.43,
2005-01-16,0.1,28.8,3.83,
2005-01-17,0.0,29.0,3.76,
2005-01-18,0.0,30.0,4.48,
2005-01-19,0.0,30.3,5.09,
2005-01-20,0.0,30.7,4.87,
2005-01-21,0.0,31.2,5.29,
2005-01-22,0.0,31.3,5.22,
2005-01-23,0.0,31.4,5.18,
2005-01-24,0.0,30.8,4.73,
2005-01-25,0.0,30.1,4.26,
2005-01-26,0.0,30.4,3.85,
2005-01-27,0.0,30.0,3.43,
2005-01-28,0.0,30.0,3.94,
2005-01-29,0.0,31.2,4.3,
2005-01-30,1.4,29.4,3.5,
2005-01-31,0.0,29.8,3.48,
2005-02-01,0.0,31.0,4.82,
2005-02-02,0.0,31.6,4.85,
2005-02-03,0.0,31.3,4.93,
2005-02-04,0.0,31.3,4.48,
2005-02-05,0.0,31.6,5.06,
2005-02-06,0.0,31.3,4.19,
2005-02-07,0.0,31.8,5.0,
2005-02-08,0.0,32.2,5.08,
2005-02-09,0.0,32.1,5.15,
2005-02-10,0.0,32.9,5.28,
2005-02-11,0.0,32.7,6.25,
2005-02-12,0.0,32.2,5.49,
2005-02-13,0.0,31.6,4.8,
2005-02-14,0.0,32.0,5.03,
2005-02-15,0.0,31.8,4.15,
2005-02-16,0.0,32.8,4.76,
2005-02-17,0.0,32.2,4.63,
2005-02-18,0.0,32.9,4.88,
2005-02-19,0.0,33.2,5.02,
2005-02-20,0.0,31.7,4.75,
2005-02-21,0.0,33.5,6.11,
2005-02-22,0.0,32.3,5.35,
2005-02-23,0.0,32.3,5.32,
2005-02-24,0.0,32.4,5.24,
2005-02-25,0.0,32.7,5.01,
2005-02-26,0.0,33.5,5.27,
2005-02-27,0.0,33.8,5.2,
2005-02-28,0.0,33.5,5.57,
2005-03-01,0.0,33.5,6.36,
2005-03-02,0.0,33.5,5.46,
2005-03-03,0.0,32.6,5.49,
2005-03-04,0.6,32.5,5.44,
2005-03-05,2.0,31.1,5.38,
2005-03-06,0.0,29.9,5.59,
2005-03-07,0.0,31.2,5.73,
2005-03-08,0.0,32.5,6.05,
2005-03-09,0.0,32.8,5.57,
2005-03-10,0.0,32.6,5.51,
2005-03-11,0.0,32.6,5.37,
2005-03-12,0.0,33.8,5.62,
2005-03-13,0.0,34.3,5.85,
2005-03-14,0.1,33.2,6.2,
2005-03-15,0.0,33.5,6.53,
2005-03-16,0.0,33.6,6.12,
2005-03-17,0.0,33.8,5.93,
2005-03-18,0.0,34.1,6.4,
2005-03-19,0.0,34.0,5.92,
2005-03-20,8.2,32.5,4.26,
2005-03-21,0.0,33.3,5.79,
2005-03-22,0.0,33.1,5.3,
2005-03-23,1.1,33.2,4.89,
2005-03-24,0.0,34.1,5.87,
2005-03-25,0.0,33.6,6.75,
2005-03-26,0.0,34.3,6.63,
2005-03-27,0.0,33.2,5.25,
2005-03-28,1.6,33.4,4.84,
2005-03-29,0.0,33.4,5.34,
2005-03-30,14.4,33.0,4.7,
2005-03-31,0.1,32.8,5.15,
2005-04-01,0.2,32.8,5.16,
2005-04-02,0.0,34.6,6.04,
2005-04-03,0.0,34.6,6.2,
2005-04-04,0.0,33.7,6.19,
2005-04-05,0.0,34.0,5.9,
2005-04-06,0.2,33.6,5.23,
2005-04-07,0.0,34.2,5.71,
2005-04-08,0.0,34.0,5.15,
2005-04-09,0.1,33.7,5.31,
2005-04-10,0.0,34.5,5.3,
2005-04-11,0.0,34.9,6.26,
2005-04-12,0.0,35.7,6.28,
2005-04-13,0.0,34.9,5.97,
2005-04-14,0.2,35.4,6.27,
2005-04-15,0.0,34.8,5.76,
2005-04-16,0.0,35.2,6.57,
2005-04-17,0.0,34.8,6.08,
2005-04-18,0.0,34.1,5.49,
2005-04-19,0.0,34.9,5.88,
2005-04-20,0.0,35.9,6.66,
2005-04-21,1.8,35.0,5.41,
2005-04-22,2.6,34.3,5.06,
2005-04-23,0.5,34.0,5.44,
2005-04-24,0.4,34.6,5.6,
2005-04-25,3.2,33.0,4.31,
2005-04-26,3.9,33.0,4.35,
2005-04-27,3.1,34.4,4.97,
2005-04-28,4.3,33.1,4.44,
2005-04-29,3.0,33.6,4.84,
2005-04-30,0.0,34.7,5.9,
2005-05-01,0.2,34.8,5.65,
2005-05-02,0.2,35.5,5.62,
2005-05-03,0.6,35.8,5.76,
2005-05-04,0.0,35.3,6.01,
2005-05-05,0.5,34.4,5.33,
2005-05-06,6.5,34.6,5.34,
2005-05-07,1.6,35.5,5.72,
2005-05-08,29.7,33.9,4.2,
2005-05-09,6.2,32.0,3.85,
2005-05-10,19.2,29.2,2.3,
2005-05-11,11.5,29.4,2.98,
2005-05-12,10.3,30.1,3.43,
2005-05-13,13.5,29.5,3.64,
2005-05-14,9.0,29.4,3.48,
2005-05-15,6.2,30.2,3.54,
2005-05-16,12.7,30.0,3.38,
2005-05-17,9.4,29.4,3.58,
2005-05-18,23.1,29.9,3.3,
2005-05-19,8.9,30.6,3.64,
2005-05-20,6.4,30.1,3.97,
2005-05-21,5.7,29.5,3.72,
2005-05-22,7.3,29.9,3.16,
2005-05-23,5.4,31.5,4.16,
2005-05-24,2.6,30.9,4.54,
2005-05-25,1.7,30.6,4.34,
2005-05-26,0.8,30.5,4.55,
2005-05-27,4.0,30.8,4.23,
2005-05-28,4.9,29.4,3.56,
2005-05-29,11.9,30.8,4.24,
2005-05-30,8.3,30.8,3.94,
2005-05-31,9.4,28.4,2.91,
2005-06-01,4.5,29.9,3.83,
2005-06-02,8.9,30.1,3.54,
2005-06-03,11.9,29.7,3.49,
2005-06-04,26.0,28.1,2.68,
2005-06-05,5.3,30.1,3.91,
2005-06-06,3.0,30.9,4.74,
2005-06-07,13.4,28.3,3.0,
2005-06-08,15.6,28.9,2.89,
2005-06-09,8.0,28.7,2.81,
2005-06-10,4.6,29.5,2.45,
2005-06-11,0.0,31.8,5.07,
2005-06-12,0.9,31.3,4.62,
2005-06-13,0.0,31.0,4.75,
2005-06-14,2.0,30.7,4.67,
2005-06-15,4.2,30.2,4.28,
2005-06-16,7.5,29.5,3.85,
2005-06-17,6.7,29.2,3.22,
2005-06-18,2.7,30.5,4.08,
2005-06-19,3.4,30.5,3.81,
2005-06-20,12.0,30.8,3.94,
2005-06-21,7.0,30.2,4.06,
2005-06-22,8.5,29.9,4.15,
2005-06-23,13.9,27.9,2.64,
2005-06-24,9.3,29.5,3.24,
2005-06-25,1.7,30.2,3.97,
2005-06-26,0.7,30.0,4.16,
2005-06-27,7.1,29.2,3.95,
2005-06-28,10.5,28.7,3.07,
2005-06-29,7.1,28.4,3.53,
2005-06-30,7.4,28.5,2.5,
2005-07-01,9.8,27.7,2.74,
2005-07-02,7.7,28.0,3.0,
2005-07-03,11.1,27.9,2.28,
2005-07-04,17.4,26.8,2.18,
2005-07-05,23.6,27.5,2.48,
2005-07-06,7.3,28.6,3.25,
2005-07-07,7.5,27.5,2.85,
2005-07-08,4.5,28.9,3.95,
2005-07-09,7.6,29.2,3.75,
2005-07-10,0.9,30.2,4.01,
2005-07-11,5.3,30.0,3.63,
2005-07-12,11.5,28.4,3.03,
2005-07-13,9.1,30.5,3.88,
2005-07-14,0.5,30.8,4.44,
2005-07-15,3.3,30.0,4.19,
2005-07-16,16.3,29.3,3.32,
2005-07-17,3.2,30.9,4.65,
2005-07-18,13.2,28.7,3.28,
2005-07-19,19.4,29.7,3.68,
2005-07-20,13.1,27.2,2.54,
2005-07-21,8.5,27.9,2.15,
2005-07-22,8.8,28.2,3.1,
2005-07-23,11.3,27.5,2.6,
2005-07-24,3.9,28.1,2.06,
2005-07-25,5.3,28.7,3.29,
2005-07-26,3.3,28.4,2.63,
2005-07-27,12.2,27.4,1.93,
2005-07-28,10.2,28.7,2.68,
2005-07-29,11.9,28.2,2.66,
2005-07-30,15.8,27.4,1.91,
2005-07-31,28.4,26.2,1.46,
2005-08-01,5.0,28.0,2.77,
2005-08-02,1.5,28.9,4.25,
2005-08-03,7.5,28.9,3.14,
2005-08-04,3.4,28.9,3.73,
2005-08-05,7.1,29.0,4.03,
2005-08-06,4.5,28.3,3.67,
2005-08-07,0.7,29.9,4.61,
2005-08-08,8.0,28.6,3.71,
2005-08-09,3.5,28.7,3.11,
2005-08-10,1.7,29.2,3.92,
2005-08-11,1.9,30.1,4.44,
2005-08-12,12.9,28.7,3.22,
2005-08-13,2.4,28.3,2.82,
2005-08-14,5.1,28.6,3.3,
2005-08-15,0.9,30.2,4.2,
2005-08-16,6.6,29.1,3.79,
2005-08-17,3.8,29.8,3.8,
2005-08-18,3.0,29.6,3.93,
2005-08-19,5.1,29.7,3.49,
2005-08-20,3.2,30.1,4.29,
2005-08-21,6.2,29.7,3.94,
2005-08-22,5.2,29.1,3.4,
2005-08-23,6.1,28.8,3.41,
2005-08-24,1.8,30.8,4.65,
2005-08-25,1.1,30.6,4.52,
2005-08-26,1.6,30.1,4.38,
2005-08-27,6.8,28.9,3.98,
2005-08-28,7.6,28.7,2.72,
2005-08-29,6.4,28.4,3.09,
2005-08-30,9.0,28.4,3.35,
2005-08-31,7.5,28.6,3.45,
2005-09-01,3.1,29.3,3.78,
2005-09-02,5.9,30.4,4.1,
2005-09-03,4.6,30.0,3.28,
2005-09-04,2.8,29.8,3.72,
2005-09-05,1.0,30.0,3.94,
2005-09-06,2.6,31.2,4.4,
2005-09-07,10.1,29.8,2.88,
2005-09-08,5.9,29.5,2.62,
2005-09-09,21.8,26.3,1.55,
2005-09-10,5.6,30.2,3.05,
2005-09-11,6.4,28.6,2.91,
2005-09-12,24.1,27.1,1.66,
2005-09-13,16.2,26.4,1.88,
2005-09-14,4.8,29.3,3.58,
2005-09-15,0.4,30.7,4.99,
2005-09-16,17.4,28.7,2.92,
2005-09-17,14.0,29.3,3.32,
2005-09-18,5.4,28.7,3.28,
2005-09-19,8.6,28.0,2.72,
2005-09-20,5.0,28.7,2.76,
2005-09-21,1.8,30.2,4.22,
2005-09-22,0.3,29.9,4.37,
2005-09-23,0.2,30.0,4.48,
2005-09-24,2.8,30.0,4.52,
2005-09-25,12.0,28.4,3.26,
2005-09-26,12.7,27.4,2.65,
2005-09-27,6.2,28.6,3.27,
2005-09-28,5.8,30.5,3.88,
2005-09-29,5.1,31.3,4.51,
2005-09-30,9.5,30.2,3.16,
2005-10-01,8.6,30.8,3.96,
2005-10-02,1.5,30.7,4.05,
2005-10-03,6.4,30.0,3.49,
2005-10-04,19.4,29.8,3.45,
2005-10-05,14.7,29.0,2.95,
2005-10-06,2.2,29.5,3.15,
2005-10-07,5.6,30.6,3.94,
2005-10-08,9.0,28.8,3.28,
2005-10-09,8.6,29.5,3.12,
2005-10-10,10.3,29.9,3.03,
2005-10-11,4.2,30.7,3.36,
2005-10-12,4.3,30.7,4.08,
2005-10-13,11.3,30.8,3.85,
2005-10-14,23.8,29.9,2.96,
2005-10-15,3.4,30.2,2.94,
2005-10-16,9.9,28.0,2.46,
2005-10-17,6.3,30.3,3.44,
2005-10-18,2.9,30.8,4.08,
2005-10-19,17.8,31.0,2.98,
2005-10-20,14.0,29.6,2.32,
2005-10-21,9.4,28.7,2.28,
2005-10-22,16.3,29.4,2.61,
2005-10-23,10.4,28.7,2.25,
2005-10-24,6.6,28.4,2.5,
2005-10-25,16.6,29.8,2.97,
2005-10-26,5.3,30.7,2.86,
2005-10-27,5.3,31.1,4.11,
2005-10-28,6.9,30.0,3.26,
2005-10-29,0.1,31.3,4.16,
2005-10-30,4.9,31.2,3.63,
2005-10-31,5.3,30.8,3.42,
2005-11-01,1.2,30.5,3.98,
2005-11-02,0.0,30.7,4.23,
2005-11-03,7.2,30.4,3.56,
2005-11-04,4.4,28.8,2.29,
2005-11-05,11.1,28.0,1.87,
2005-11-06,6.8,29.4,2.62,
2005-11-07,17.0,29.9,2.83,
2005-11-08,12.6,29.1,2.39,
2005-11-09,7.1,29.9,3.3,
2005-11-10,0.8,30.4,4.14,
2005-11-11,3.5,30.6,3.74,
2005-11-12,0.6,30.6,3.69,
2005-11-13,2.1,30.5,3.59,
2005-11-14,3.5,30.6,3.54,
2005-11-15,1.4,30.2,3.6,
2005-11-16,2.2,30.9,3.86,
2005-11-17,5.5,29.7,3.02,
2005-11-18,0.5,30.7,4.02,
2005-11-19,0.0,29.9,3.91,
2005-11-20,0.0,29.7,4.83,
2005-11-21,0.0,29.2,5.36,
2005-11-22,0.0,29.1,5.02,
2005-11-23,2.0,29.4,3.25,
2005-11-24,1.7,29.8,3.29,
2005-11-25,4.6,29.9,3.54,
2005-11-26,11.5,30.0,3.23,
2005-11-27,6.0,29.5,2.77,
2005-11-28,13.0,29.8,3.07,
2005-11-29,2.5,29.9,3.01,
2005-11-30,19.4,29.0,2.26,
2005-12-01,14.9,28.4,2.08,
2005-12-02,7.0,29.3,2.97,
2005-12-03,12.9,27.8,2.5,
2005-12-04,2.6,30.0,3.48,
2005-12-05,12.5,28.5,2.53,
2005-12-06,8.4,28.6,2.39,
2005-12-07,18.2,26.6,2.2,
2005-12-08,0.0,28.2,3.07,
2005-12-09,0.0,29.6,3.76,
2005-12-10,2.9,26.0,1.71,
2005-12-11,11.4,27.9,1.77,
2005-12-12,9.8,29.4,2.95,
2005-12-13,4.4,28.5,3.64,
2005-12-14,35.4,24.7,1.26,
2005-12-15,7.9,25.2,1.54,
2005-12-16,0.0,28.1,3.84,
2005-12-17,0.1,28.6,4.07,
2005-12-18,0.0,26.9,4.83,
2005-12-19,0.0,25.8,3.74,
2005-12-20,1.7,27.1,3.35,
2005-12-21,1.5,26.2,3.36,
2005-12-22,0.0,25.4,3.98,
2005-12-23,0.0,26.1,3.64,
2005-12-24,0.3,27.0,2.85,
2005-12-25,4.7,27.8,2.29,
2005-12-26,7.7,29.2,3.06,
2005-12-27,3.8,28.4,3.07,
2005-12-28,0.0,29.0,3.45,
2005-12-29,0.2,29.1,3.86,
2005-12-30,0.0,29.0,3.76,
2005-12-31,8.3,29.4,3.32,
2006-01-01,3.9,29.5,3.13,
2006-01-02,7.6,26.6,1.26,
2006-01-03,1.3,28.6,2.92,
2006-01-04,0.1,29.4,3.83,
2006-01-05,0.2,29.3,3.77,
2006-01-06,0.1,29.5,4.13,
2006-01-07,0.0,27.9,3.0,
2006-01-08,0.0,27.8,3.41,
2006-01-09,0.0,28.1,3.91,
2006-01-10,0.0,27.2,3.6,
2006-01-11,0.0,28.0,2.87,
2006-01-12,0.3,29.4,3.7,
2006-01-13,0.0,29.1,3.43,
2006-01-14,0.0,29.6,3.9,
2006-01-15,0.0,28.9,3.58,
2006-01-16,0.2,29.2,3.51,
2006-01-17,0.0,29.2,3.92,
2006-01-18,1.1,29.4,3.7,
2006-01-19,0.1,29.1,3.36,
2006-01-20,0.4,29.6,3.85,
2006-01-21,0.1,30.3,4.19,
2006-01-22,0.5,29.0,3.72,
2006-01-23,0.3,29.1,3.48,
2006-01-24,0.1,29.4,4.6,
2006-01-25,0.0,29.0,4.71,
2006-01-26,0.0,29.5,4.51,
2006-01-27,0.0,30.2,5.18,
2006-01-28,0.0,30.5,5.1,
2006-01-29,0.2,29.2,3.52,
2006-01-30,1.2,29.8,3.97,
2006-01-31,0.3,30.7,4.24,
2006-02-01,3.6,31.2,3.8,
2006-02-02,0.0,30.9,4.92,
2006-02-03,0.0,31.1,4.93,
2006-02-04,0.6,30.5,4.42,
2006-02-05,0.0,30.6,4.87,
2006-02-06,0.0,30.2,4.54,
2006-02-07,0.0,30.5,4.64,
2006-02-08,0.0,30.3,4.31,
2006-02-09,0.3,31.1,4.47,
2006-02-10,0.5,30.4,4.09,
2006-02-11,0.0,30.4,4.2,
2006-02-12,0.1,30.1,4.9,
2006-02-13,0.0,31.7,5.9,
2006-02-14,0.0,31.1,4.76,
2006-02-15,0.0,31.8,4.86,
2006-02-16,0.1,31.9,4.61,
2006-02-17,0.0,32.0,5.01,
2006-02-18,0.0,31.7,4.73,
2006-02-19,0.2,31.3,4.47,
2006-02-20,0.3,31.6,4.6,
2006-02-21,0.0,32.4,5.21,
2006-02-22,0.3,31.6,4.64,
2006-02-23,0.1,32.2,5.36,
2006-02-24,0.0,32.6,5.37,
2006-02-25,0.2,32.6,5.04,
2006-02-26,0.4,31.3,4.51,
2006-02-27,0.1,31.9,5.1,
2006-02-28,0.9,31.8,4.52,
2006-03-01,0.1,31.9,4.61,
2006-03-02,0.0,31.8,4.5,
2006-03-03,0.4,31.7,4.68,
2006-03-04,0.0,32.8,5.7,
2006-03-05,0.0,31.2,4.75,
2006-03-06,0.0,32.2,4.84,
2006-03-07,0.0,32.2,4.6,
2006-03-08,0.0,32.4,5.09,
2006-03-09,1.0,31.8,4.29,
2006-03-10,0.0,32.8,5.44,
2006-03-11,0.0,32.9,5.34,
2006-03-12,0.8,32.5,4.81,
2006-03-13,1.5,33.1,4.73,
2006-03-14,1.2,32.4,4.22,
2006-03-15,0.7,29.9,2.85,
2006-03-16,0.0,32.6,4.98,
2006-03-17,0.4,33.3,5.36,
2006-03-18,0.0,33.4,5.24,
2006-03-19,0.0,34.1,5.78,
2006-03-20,0.0,34.0,5.84,
2006-03-21,0.0,34.6,6.47,
2006-03-22,0.0,33.5,5.16,
2006-03-23,2.3,33.1,5.02,
2006-03-24,4.1,33.4,4.84,
2006-03-25,0.1,32.7,5.12,
2006-03-26,1.3,33.6,5.06,
2006-03-27,2.9,33.6,4.91,
2006-03-28,1.4,33.6,4.95,
2006-03-29,0.8,33.8,5.57,
2006-03-30,0.0,33.5,5.16,
2006-03-31,6.7,33.3,4.68,
2006-04-01,3.9,32.2,4.48,
2006-04-02,0.2,31.8,4.39,
2006-04-03,6.6,32.7,4.25,
2006-04-04,6.6,30.8,3.39,
2006-04-05,0.1,31.9,4.94,
2006-04-06,0.9,32.1,4.53,
2006-04-07,10.3,32.4,3.84,
2006-04-08,1.7,32.0,4.38,
2006-04-09,9.5,30.6,3.44,
2006-04-10,5.9,31.7,4.23,
2006-04-11,4.1,31.9,4.32,
2006-04-12,2.5,31.7,4.7,
2006-04-13,1.8,32.8,4.83,
2006-04-14,0.6,32.4,5.07,
2006-04-15,2.5,32.5,4.7,
2006-04-16,1.1,32.0,4.66,
2006-04-17,7.3,32.3,4.38,
2006-04-18,4.9,30.9,4.01,
2006-04-19,6.9,32.4,4.49,
2006-04-20,0.0,33.0,5.83,
2006-04-21,3.9,31.9,4.56,
2006-04-22,6.6,32.0,4.61,
2006-04-23,2.8,32.0,4.56,
2006-04-24,0.2,31.9,4.9,
2006-04-25,0.2,32.4,5.02,
2006-04-26,0.0,33.1,5.51,
2006-04-27,4.7,32.9,4.87,
2006-04-28,3.7,33.0,4.45,
2006-04-29,23.3,33.0,4.52,
2006-04-30,16.3,30.0,2.93,
2006-05-01,10.7,30.7,3.79,
2006-05-02,3.4,31.2,4.45,
2006-05-03,8.6,31.7,4.51,
2006-05-04,6.2,31.6,4.52,
2006-05-05,8.4,31.4,4.26,
2006-05-06,8.2,31.6,4.35,
2006-05-07,9.5,29.5,3.7,
2006-05-08,7.5,30.6,3.97,
2006-05-09,4.8,31.9,4.63,
2006-05-10,2.9,31.5,4.37,
2006-05-11,1.7,32.0,4.65,
2006-05-12,0.7,32.1,4.77,
2006-05-13,6.2,31.5,4.34,
2006-05-14,14.1,28.6,1.97,
2006-05-15,0.6,31.0,4.34,
2006-05-16,2.1,30.5,4.12,
2006-05-17,4.3,29.5,3.63,
2006-05-18,20.8,28.2,2.53,
2006-05-19,40.0,26.0,1.4,
2006-05-20,18.0,27.8,1.98,
2006-05-21,18.0,29.3,2.53,
2006-05-22,14.8,28.9,2.68,
2006-05-23,8.2,30.2,4.03,
2006-05-24,7.9,30.9,4.43,
2006-05-25,8.4,29.1,3.88,
2006-05-26,7.5,31.0,4.46,
2006-05-27,9.0,30.2,3.48,
2006-05-28,2.3,30.3,4.46,
2006-05-29,9.4,30.5,4.17,
2006-05-30,9.8,29.7,3.4,
2006-05-31,6.0,30.5,4.13,
2006-06-01,1.1,30.4,4.41,
2006-06-02,10.5,29.5,3.72,
2006-06-03,9.1,30.0,3.41,
2006-06-04,7.3,30.4,4.0,
2006-06-05,6.5,30.0,3.88,
2006-06-06,9.0,29.1,3.02,
2006-06-07,7.5,29.4,4.06,
2006-06-08,5.1,30.2,4.35,
2006-06-09,1.3,29.9,4.18,
2006-06-10,9.9,28.9,3.2,
2006-06-11,7.8,29.7,3.85,
2006-06-12,3.7,29.1,3.64,
2006-06-13,3.6,29.1,3.33,
2006-06-14,7.3,28.8,2.99,
2006-06-15,2.1,29.5,3.86,
2006-06-16,9.7,29.0,3.27,
2006-06-17,12.1,28.7,2.96,
2006-06-18,13.3,29.1,2.72,
2006-06-19,15.5,28.1,2.34,
2006-06-20,8.8,29.1,3.47,
2006-06-21,17.6,30.6,3.83,
2006-06-22,17.8,30.0,3.13,
2006-06-23,4.2,29.3,3.22,
2006-06-24,14.8,29.8,3.12,
2006-06-25,8.6,28.8,2.23,
2006-06-26,10.7,27.0,2.01,
2006-06-27,9.4,28.1,2.38,
2006-06-28,17.8,28.3,2.69,
2006-06-29,16.3,27.7,2.17,
2006-06-30,0.8,28.9,2.4,
2006-07-01,25.3,26.2,1.42,
2006-07-02,29.5,27.3,1.7,
2006-07-03,26.9,27.4,1.78,
2006-07-04,14.7,27.7,2.09,
2006-07-05,8.0,27.8,2.42,
2006-07-06,9.8,28.3,3.26,
2006-07-07,1.2,29.8,4.02,
2006-07-08,2.4,28.7,3.64,
2006-07-09,1.8,29.6,4.16,
2006-07-10,4.8,28.2,3.24,
2006-07-11,3.8,28.3,3.29,
2006-07-12,11.9,27.4,2.69,
2006-07-13,5.2,28.9,3.76,
2006-07-14,11.6,27.8,3.11,
2006-07-15,12.8,27.9,2.59,
2006-07-16,3.7,29.3,3.78,
2006-07-17,4.6,29.1,2.89,
2006-07-18,4.0,29.8,3.78,
2006-07-19,1.5,30.0,4.19,
2006-07-20,5.8,29.4,3.87,
2006-07-21,9.7,28.0,2.7,
2006-07-22,11.2,28.0,2.06,
2006-07-23,1.9,28.7,3.3,
2006-07-24,4.0,28.5,3.57,
2006-07-25,1.6,29.7,4.32,
2006-07-26,0.4,29.6,4.33,
2006-07-27,3.7,28.4,3.64,
2006-07-28,1.4,28.5,3.41,
2006-07-29,2.6,29.2,4.14,
2006-07-30,9.5,27.2,2.91,
2006-07-31,25.6,26.4,1.56,
2006-08-01,12.5,28.8,3.19,
2006-08-02,3.9,28.1,2.88,
2006-08-03,8.5,28.1,3.35,
2006-08-04,4.5,27.6,3.23,
2006-08-05,2.4,28.8,3.41,
2006-08-06,2.5,28.4,3.48,
2006-08-07,12.5,28.0,3.23,
2006-08-08,18.1,27.7,3.06,
2006-08-09,12.4,27.5,3.01,
2006-08-10,9.0,28.6,3.52,
2006-08-11,9.0,28.1,2.8,
2006-08-12,3.3,29.4,3.96,
2006-08-13,14.6,28.0,3.19,
2006-08-14,26.1,26.3,2.09,
2006-08-15,46.1,25.7,1.35,
2006-08-16,6.3,28.3,3.3,
2006-08-17,8.6,29.2,3.94,
2006-08-18,11.6,28.8,3.42,
2006-08-19,11.5,28.5,3.42,
2006-08-20,1.3,30.3,4.34,
2006-08-21,0.5,30.0,4.65,
2006-08-22,7.9,29.6,3.71,
2006-08-23,2.0,30.1,4.3,
2006-08-24,1.9,29.1,4.02,
2006-08-25,8.9,28.5,3.68,
2006-08-26,4.8,28.7,3.55,
2006-08-27,12.6,28.7,3.32,
2006-08-28,9.3,27.6,2.74,
2006-08-29,14.1,27.5,1.96,
2006-08-30,10.8,28.6,2.42,
2006-08-31,20.2,27.7,2.35,
2006-09-01,1.7,29.9,4.26,
2006-09-02,2.2,29.5,4.42,
2006-09-03,6.7,29.8,4.4,
2006-09-04,3.8,30.0,4.08,
2006-09-05,5.5,29.4,3.77,
2006-09-06,4.0,29.9,3.93,
2006-09-07,1.9,30.4,4.33,
2006-09-08,1.2,30.9,4.49,
2006-09-09,7.4,30.1,4.08,
2006-09-10,7.2,29.7,3.97,
2006-09-11,8.5,29.5,2.96,
2006-09-12,18.9,28.3,2.04,
2006-09-13,8.6,28.8,3.13,
2006-09-14,4.8,28.7,3.1,
2006-09-15,7.0,29.5,4.08,
2006-09-16,6.2,29.2,3.81,
2006-09-17,14.8,29.2,3.13,
2006-09-18,26.4,27.0,1.9,
2006-09-19,10.0,28.5,3.0,
2006-09-20,7.7,29.0,3.4,
2006-09-21,1.1,30.1,4.66,
2006-09-22,14.1,26.4,1.86,
2006-09-23,1.7,29.8,3.9,
2006-09-24,17.9,28.3,2.66,
2006-09-25,7.2,28.0,3.1,
2006-09-26,14.1,27.1,2.34,
2006-09-27,16.5,26.9,2.08,
2006-09-28,26.0,28.1,2.11,
2006-09-29,14.1,26.9,2.06,
2006-09-30,18.4,27.9,2.94,
2006-10-01,5.8,27.8,2.89,
2006-10-02,8.1,27.8,2.83,
2006-10-03,14.7,27.3,2.61,
2006-10-04,23.1,26.9,2.36,
2006-10-05,16.9,27.5,2.26,
2006-10-06,8.8,28.6,2.79,
2006-10-07,6.6,28.0,2.67,
2006-10-08,0.9,30.0,3.99,
2006-10-09,11.2,29.8,3.27,
2006-10-10,24.1,27.3,1.47,
2006-10-11,31.6,27.3,2.03,
2006-10-12,5.6,28.9,3.25,
2006-10-13,0.3,30.2,4.04,
2006-10-14,3.2,30.2,3.63,
2006-10-15,9.8,29.9,3.48,
2006-10-16,10.9,31.0,3.93,
2006-10-17,8.0,30.4,3.4,
2006-10-18,28.5,29.4,2.83,
2006-10-19,4.1,30.9,3.64,
2006-10-20,4.3,31.4,3.8,
2006-10-21,5.5,30.7,3.85,
2006-10-22,4.3,30.3,3.14,
2006-10-23,14.3,30.3,3.38,
2006-10-24,0.0,30.9,4.04,
2006-10-25,0.6,31.5,4.32,
2006-10-26,2.4,31.0,4.17,
2006-10-27,7.6,30.3,3.47,
2006-10-28,10.4,30.4,3.3,
2006-10-29,0.1,31.4,4.18,
2006-10-30,0.0,31.6,4.45,
2006-10-31,0.0,30.4,3.57,
2006-11-01,6.0,31.3,3.85,
2006-11-02,0.4,30.2,3.86,
2006-11-03,4.5,30.6,3.85,
2006-11-04,3.1,29.8,3.36,
2006-11-05,1.2,29.5,3.33,
2006-11-06,0.5,31.3,4.2,
2006-11-07,3.7,30.0,3.28,
2006-11-08,6.0,29.9,3.19,
2006-11-09,8.2,30.7,3.49,
2006-11-10,0.4,31.0,4.21,
2006-11-11,1.2,31.1,3.98,
2006-11-12,0.1,30.3,4.14,
2006-11-13,0.0,30.7,3.96,
2006-11-14,0.7,31.1,4.08,
2006-11-15,5.2,31.1,3.74,
2006-11-16,0.3,31.0,3.84,
2006-11-17,0.5,31.5,4.32,
2006-11-18,0.0,31.6,4.65,
2006-11-19,7.9,30.9,3.74,
2006-11-20,2.2,31.4,3.82,
2006-11-21,9.0,30.7,3.63,
2006-11-22,0.7,31.1,3.76,
2006-11-23,0.0,31.2,4.15,
2006-11-24,0.6,31.4,4.05,
2006-11-25,0.0,31.4,4.07,
2006-11-26,1.7,31.3,3.75,
2006-11-27,0.0,31.6,4.27,
2006-11-28,0.0,30.9,3.98,
2006-11-29,2.1,31.6,3.84,
2006-11-30,0.0,32.1,4.44,
2006-12-01,0.1,31.2,3.88,
2006-12-02,0.0,31.3,4.05,
2006-12-03,0.6,31.0,3.88,
2006-12-04,0.0,33.0,5.41,
2006-12-05,19.3,28.1,1.8,
2006-12-06,0.0,30.4,3.76,
2006-12-07,3.2,31.2,3.9,
2006-12-08,0.5,31.4,3.84,
2006-12-09,0.1,30.7,3.75,
2006-12-10,0.9,31.1,3.77,
2006-12-11,0.1,30.8,3.76,
2006-12-12,0.0,31.0,3.83,
2006-12-13,0.0,30.9,3.67,
2006-12-14,1.9,30.3,3.65,
2006-12-15,1.1,30.6,3.61,
2006-12-16,0.3,30.7,3.7,
2006-12-17,0.0,31.3,4.47,
2006-12-18,0.0,30.7,4.99,
2006-12-19,0.0,31.5,5.05,
2006-12-20,0.1,31.1,4.32,
2006-12-21,0.0,30.4,5.58,
2006-12-22,0.0,29.3,5.04,
2006-12-23,0.0,29.2,4.4,
2006-12-24,0.0,30.6,5.01,
2006-12-25,0.0,31.1,4.68,
2006-12-26,0.0,30.7,3.84,
2006-12-27,0.0,30.5,3.9,
2006-12-28,0.0,30.4,3.93,
2006-12-29,0.0,29.1,3.71,
2006-12-30,0.0,29.8,3.42,
2006-12-31,0.7,31.5,4.15,
2007-01-01,0.8,31.4,3.61,
2007-01-02,0.0,31.1,3.86,
2007-01-03,0.3,31.7,3.19,
2007-01-04,5.8,30.5,3.4,
2007-01-05,16.4,29.3,2.34,
2007-01-06,13.5,25.5,0.91,
2007-01-07,19.2,24.4,1.78,
2007-01-08,4.3,27.5,2.85,
2007-01-09,0.7,28.6,3.4,
2007-01-10,0.0,27.8,3.22,
2007-01-11,1.2,29.9,3.94,
2007-01-12,0.1,29.8,3.9,
2007-01-13,0.0,30.0,3.76,
2007-01-14,0.2,28.6,2.61,
2007-01-15,1.5,29.3,3.73,
2007-01-16,0.6,29.3,3.26,
2007-01-17,2.0,30.1,3.3,
2007-01-18,0.4,28.0,2.62,
2007-01-19,0.0,29.8,4.48,
2007-01-20,0.0,30.3,4.71,
2007-01-21,0.0,30.6,4.62,
2007-01-22,0.0,30.7,4.67,
2007-01-23,0.0,29.8,4.14,
2007-01-24,0.2,30.1,3.82,
2007-01-25,0.0,30.3,4.29,
2007-01-26,0.0,30.3,4.38,
2007-01-27,0.0,30.3,4.68,
2007-01-28,0.0,29.5,4.87,
2007-01-29,0.0,27.7,4.8,
2007-01-30,0.0,27.7,4.77,
2007-01-31,0.0,28.2,4.72,
2007-02-01,0.0,28.6,4.96,
2007-02-02,0.0,28.6,4.77,
2007-02-03,0.0,28.2,4.39,
2007-02-04,0.0,29.4,4.5,
2007-02-05,0.1,29.5,4.53,
2007-02-06,0.0,31.0,5.89,
2007-02-07,0.0,30.6,5.57,
2007-02-08,0.0,32.1,5.67,
2007-02-09,0.0,31.5,5.07,
2007-02-10,0.0,32.0,5.1,
2007-02-11,0.0,31.2,4.96,
2007-02-12,0.1,31.4,5.21,
2007-02-13,0.0,31.9,5.5,
2007-02-14,0.0,31.8,5.35,
2007-02-15,0.0,31.9,4.9,
2007-02-16,0.0,31.1,4.6,
2007-02-17,0.0,31.6,4.48,
2007-02-18,0.0,31.5,4.93,
2007-02-19,0.0,31.5,4.66,
2007-02-20,0.0,31.7,4.4,
2007-02-21,2.7,31.2,4.0,
2007-02-22,2.7,31.2,3.89,
2007-02-23,0.0,32.0,4.97,
2007-02-24,0.0,32.8,4.97,
2007-02-25,0.0,32.1,4.79,
2007-02-26,0.0,31.7,4.56,
2007-02-27,0.0,33.7,5.61,
2007-02-28,0.0,31.7,4.9,
2007-03-01,0.0,32.9,5.16,
2007-03-02,0.0,31.9,4.93,
2007-03-03,0.0,33.0,5.03,
2007-03-04,0.0,31.6,4.24,
2007-03-05,0.0,32.4,4.66,
2007-03-06,0.0,33.2,5.45,
2007-03-07,1.0,33.0,5.27,
2007-03-08,3.5,31.5,3.74,
2007-03-09,0.1,32.5,4.91,
2007-03-10,0.0,33.3,5.97,
2007-03-11,0.0,33.6,5.86,
2007-03-12,0.0,34.6,6.5,
2007-03-13,0.2,34.5,6.28,
2007-03-14,0.0,34.1,5.46,
2007-03-15,0.0,32.5,5.01,
2007-03-16,0.0,33.6,5.51,
2007-03-17,1.2,32.8,4.97,
2007-03-18,0.0,33.2,5.48,
2007-03-19,3.8,33.4,5.22,
2007-03-20,23.7,29.1,2.87,
2007-03-21,2.0,31.0,3.86,
2007-03-22,2.5,31.1,3.91,
2007-03-23,7.1,29.3,2.88,
2007-03-24,9.8,30.3,3.02,
2007-03-25,4.4,29.8,3.52,
2007-03-26,5.2,31.0,3.97,
2007-03-27,4.7,30.9,4.27,
2007-03-28,1.3,31.2,4.17,
2007-03-29,0.0,32.5,5.32,
2007-03-30,0.0,32.8,5.84,
2007-03-31,0.6,32.2,4.78,
2007-04-01,0.0,32.4,5.09,
2007-04-02,0.0,33.2,5.69,
2007-04-03,0.0,33.4,5.68,
2007-04-04,0.0,33.5,6.21,
2007-04-05,0.0,33.9,6.42,
2007-04-06,0.0,34.1,6.64,
2007-04-07,1.2,34.6,6.03,
2007-04-08,2.7,34.0,5.07,
2007-04-09,1.1,33.6,5.2,
2007-04-10,1.8,34.0,4.95,
2007-04-11,1.4,32.7,4.56,
2007-04-12,0.4,33.3,5.52,
2007-04-13,0.0,33.3,5.58,
2007-04-14,0.0,33.7,5.23,
2007-04-15,0.3,32.9,4.86,
2007-04-16,1.7,32.3,4.73,
2007-04-17,0.0,33.9,5.49,
2007-04-18,6.1,31.7,4.25,
2007-04-19,20.2,34.0,4.46,
2007-04-20,0.3,33.9,5.34,
2007-04-21,4.2,33.1,4.55,
2007-04-22,2.5,32.9,4.72,
2007-04-23,3.4,33.3,5.0,
2007-04-24,1.4,32.8,5.02,
2007-04-25,1.6,32.9,4.82,
2007-04-26,2.2,32.1,4.5,
2007-04-27,1.1,34.0,4.78,
2007-04-28,17.8,27.5,1.54,
2007-04-29,35.5,29.4,2.85,
2007-04-30,11.9,29.8,3.49,
2007-05-01,6.0,29.2,2.98,
2007-05-02,3.7,30.9,4.12,
2007-05-03,9.0,31.6,4.41,
2007-05-04,23.6,31.5,4.26,
2007-05-05,2.5,31.5,4.48,
2007-05-06,6.2,30.0,3.84,
2007-05-07,10.6,28.6,2.74,
2007-05-08,2.2,30.0,3.86,
2007-05-09,12.8,29.4,3.02,
2007-05-10,16.5,27.5,2.01,
2007-05-11,12.8,30.1,3.18,
2007-05-12,16.7,29.4,2.86,
2007-05-13,8.3,28.3,2.18,
2007-05-14,13.8,30.3,2.87,
2007-05-15,13.8,28.1,2.24,
2007-05-16,18.8,30.5,3.92,
2007-05-17,7.4,29.7,3.43,
2007-05-18,6.8,30.5,3.81,
2007-05-19,3.4,30.9,4.32,
2007-05-20,3.8,30.8,4.26,
2007-05-21,4.9,30.1,3.76,
2007-05-22,2.2,31.1,4.4,
2007-05-23,0.0,31.3,4.94,
2007-05-24,4.4,30.8,4.5,
2007-05-25,6.7,29.9,3.72,
2007-05-26,8.4,30.0,3.76,
2007-05-27,8.8,29.3,3.38,
2007-05-28,9.0,30.0,3.51,
2007-05-29,8.1,29.2,2.94,
2007-05-30,3.4,30.4,4.03,
2007-05-31,4.6,29.6,3.57,
2007-06-01,6.6,30.7,4.14,
2007-06-02,4.0,30.5,4.36,
2007-06-03,9.4,30.2,3.24,
2007-06-04,5.8,29.9,3.94,
2007-06-05,0.8,30.3,4.11,
2007-06-06,3.9,31.4,4.49,
2007-06-07,11.6,30.2,3.48,
2007-06-08,5.6,31.4,4.61,
2007-06-09,11.6,29.6,3.98,
2007-06-10,10.5,30.5,3.87,
2007-06-11,4.4,29.6,3.91,
2007-06-12,2.7,30.0,4.22,
2007-06-13,1.5,31.0,4.39,
2007-06-14,6.5,30.9,3.98,
2007-06-15,11.2,30.0,3.78,
2007-06-16,16.4,29.7,3.15,
2007-06-17,8.3,29.4,3.18,
2007-06-18,7.5,29.1,3.1,
2007-06-19,4.6,29.9,2.94,
2007-06-20,23.7,30.7,3.94,
2007-06-21,8.8,30.2,3.34,
2007-06-22,20.6,27.1,1.37,
2007-06-23,10.8,28.9,2.08,
2007-06-24,13.4,28.5,3.0,
2007-06-25,15.2,28.8,2.54,
2007-06-26,12.9,29.6,2.68,
2007-06-27,9.4,28.7,3.22,
2007-06-28,0.9,29.3,2.63,
2007-06-29,2.7,29.7,2.87,
2007-06-30,8.2,28.4,2.37,
2007-07-01,11.8,28.3,2.56,
2007-07-02,18.9,28.4,2.29,
2007-07-03,8.3,29.6,3.05,
2007-07-04,6.2,28.5,2.66,
2007-07-05,6.0,27.9,2.28,
2007-07-06,23.2,28.0,2.38,
2007-07-07,14.7,27.0,2.27,
2007-07-08,12.7,28.7,2.82,
2007-07-09,25.0,27.0,2.32,
2007-07-10,17.3,28.4,2.62,
2007-07-11,14.5,27.6,2.63,
2007-07-12,19.9,28.7,2.31,
2007-07-13,16.3,28.1,3.3,
2007-07-14,10.1,28.8,2.55,
2007-07-15,9.4,28.0,2.54,
2007-07-16,7.3,27.8,2.89,
2007-07-17,3.9,29.2,3.53,
2007-07-18,8.9,29.0,3.59,
2007-07-19,9.7,29.8,3.77,
2007-07-20,1.5,30.5,4.67,
2007-07-21,4.4,31.1,4.4,
2007-07-22,5.6,31.2,3.98,
2007-07-23,3.9,30.5,3.41,
2007-07-24,5.2,30.1,3.45,
2007-07-25,4.7,30.8,4.18,
2007-07-26,2.8,30.7,4.38,
2007-07-27,14.6,29.7,3.36,
2007-07-28,1.9,29.2,3.14,
2007-07-29,10.5,28.5,2.55,
2007-07-30,18.2,28.0,2.78,
2007-07-31,16.4,26.8,1.91,
2007-08-01,5.2,28.6,2.97,
2007-08-02,7.6,27.1,2.05,
2007-08-03,1.3,28.4,3.0,
2007-08-04,8.9,28.3,2.52,
2007-08-05,16.2,26.8,1.77,
2007-08-06,4.8,29.1,3.59,
2007-08-07,13.3,27.9,3.45,
2007-08-08,11.2,27.5,3.43,
2007-08-09,13.4,28.4,2.22,
2007-08-10,6.8,29.0,3.31,
2007-08-11,4.6,29.6,3.84,
2007-08-12,2.2,29.4,3.83,
2007-08-13,2.5,29.7,3.99,
2007-08-14,6.1,29.4,3.97,
2007-08-15,7.5,29.3,3.87,
2007-08-16,12.4,28.6,3.24,
2007-08-17,9.9,27.4,2.23,
2007-08-18,7.1,29.1,3.74,
2007-08-19,6.1,28.5,3.36,
2007-08-20,6.1,28.7,3.19,
2007-08-21,11.9,28.2,3.11,
2007-08-22,5.7,29.3,3.24,
2007-08-23,2.0,29.7,4.05,
2007-08-24,4.7,29.5,3.8,
2007-08-25,14.5,29.5,3.78,
2007-08-26,6.7,29.8,3.55,
2007-08-27,14.2,27.9,2.48,
2007-08-28,12.9,27.5,2.08,
2007-08-29,19.2,28.3,2.9,
2007-08-30,7.7,28.6,3.28,
2007-08-31,6.8,29.0,3.71,
2007-09-01,3.9,30.1,4.2,
2007-09-02,9.6,29.7,3.65,
2007-09-03,10.2,29.1,3.08,
2007-09-04,1.9,29.7,3.74,
2007-09-05,1.0,30.8,4.72,
2007-09-06,0.6,30.6,4.57,
2007-09-07,0.3,31.0,4.79,
2007-09-08,1.0,31.1,4.88,
2007-09-09,1.5,30.8,4.63,
2007-09-10,3.6,30.5,4.35,
2007-09-11,2.3,30.1,3.98,
2007-09-12,11.4,29.4,3.4,
2007-09-13,4.8,29.4,3.79,
2007-09-14,8.1,29.8,3.46,
2007-09-15,7.9,29.0,2.91,
2007-09-16,12.0,28.2,2.76,
2007-09-17,24.5,26.5,2.05,
2007-09-18,22.5,27.6,2.19,
2007-09-19,25.3,27.3,2.25,
2007-09-20,24.9,26.8,1.85,
2007-09-21,33.8,25.6,1.42,
2007-09-22,5.0,29.0,3.47,
2007-09-23,1.9,30.0,4.46,
2007-09-24,1.9,28.8,4.06,
2007-09-25,7.4,29.2,3.21,
2007-09-26,8.1,29.2,2.99,
2007-09-27,7.3,28.9,3.47,
2007-09-28,12.0,28.8,2.78,
2007-09-29,3.5,28.6,2.98,
2007-09-30,9.7,27.4,2.14,
2007-10-01,22.9,27.2,2.2,
2007-10-02,14.0,27.4,2.54,
2007-10-03,10.2,28.4,3.12,
2007-10-04,13.6,28.1,2.83,
2007-10-05,8.2,28.8,3.34,
2007-10-06,4.5,29.0,3.22,
2007-10-07,5.6,29.2,3.54,
2007-10-08,1.6,30.2,4.03,
2007-10-09,5.5,30.5,4.17,
2007-10-10,12.4,29.6,2.99,
2007-10-11,23.1,28.6,2.37,
2007-10-12,13.0,30.3,2.77,
2007-10-13,9.4,30.3,3.06,
2007-10-14,16.1,29.5,3.0,
2007-10-15,7.5,29.9,3.11,
2007-10-16,17.8,30.3,3.48,
2007-10-17,23.6,30.1,3.46,
2007-10-18,11.7,30.8,3.28,
2007-10-19,10.5,30.5,3.17,
2007-10-20,2.0,30.8,4.34,
2007-10-21,5.5,30.3,3.31,
2007-10-22,21.2,29.3,2.56,
2007-10-23,13.6,28.7,2.6,
2007-10-24,4.7,30.5,3.76,
2007-10-25,9.7,29.5,2.58,
2007-10-26,14.5,28.5,2.02,
2007-10-27,8.0,28.9,2.31,
2007-10-28,10.9,29.5,2.92,
2007-10-29,1.9,30.1,3.54,
2007-10-30,1.0,28.7,2.36,
2007-10-31,0.0,29.9,4.28,
2007-11-01,0.0,30.2,3.4,
2007-11-02,30.7,29.7,2.62,
2007-11-03,11.5,29.1,2.94,
2007-11-04,2.9,27.9,3.18,
2007-11-05,12.6,26.6,1.64,
2007-11-06,1.0,27.6,2.61,
2007-11-07,0.0,30.3,4.2,
2007-11-08,0.0,30.1,4.05,
2007-11-09,0.0,30.3,4.37,
2007-11-10,1.0,29.6,3.59,
2007-11-11,17.3,28.1,2.3,
2007-11-12,18.3,29.2,2.56,
2007-11-13,0.0,30.2,4.07,
2007-11-14,3.5,29.9,3.16,
2007-11-15,10.9,29.7,2.85,
2007-11-16,0.3,29.5,3.53,
2007-11-17,0.3,29.7,4.04,
2007-11-18,2.5,28.9,3.37,
2007-11-19,15.7,28.3,2.33,
2007-11-20,0.8,29.8,4.16,
2007-11-21,0.0,29.4,4.28,
2007-11-22,0.0,28.0,3.61,
2007-11-23,0.0,27.9,3.88,
2007-11-24,0.0,29.1,4.89,
2007-11-25,0.0,29.6,4.43,
2007-11-26,0.0,29.9,4.37,
2007-11-27,0.1,29.1,4.28,
2007-11-28,0.0,28.4,4.74,
2007-11-29,0.1,28.0,3.85,
2007-11-30,0.0,27.7,4.28,
2007-12-01,0.0,28.2,3.9,
2007-12-02,0.0,29.1,4.08,
2007-12-03,0.0,29.6,4.61,
2007-12-04,0.0,29.7,4.23,
2007-12-05,0.2,30.6,4.21,
2007-12-06,0.3,30.8,4.35,
2007-12-07,0.2,30.0,3.77,
2007-12-08,1.2,30.1,3.78,
2007-12-09,0.0,30.6,3.68,
2007-12-10,0.0,31.2,4.27,
2007-12-11,0.0,30.2,3.15,
2007-12-12,0.1,30.7,3.84,
2007-12-13,0.1,31.2,4.3,
2007-12-14,0.5,31.3,3.97,
2007-12-15,0.0,31.7,4.78,
2007-12-16,0.0,31.6,3.66,
2007-12-17,3.7,31.5,3.87,
2007-12-18,0.9,31.0,3.6,
2007-12-19,0.0,31.8,4.49,
2007-12-20,0.7,29.9,3.32,
2007-12-21,0.0,31.0,4.07,
2007-12-22,1.2,29.7,3.38,
2007-12-23,0.2,29.7,3.61,
2007-12-24,0.0,30.3,3.79,
2007-12-25,0.0,30.4,3.87,
2007-12-26,0.0,31.6,4.28,
2007-12-27,0.2,29.9,3.08,
2007-12-28,0.0,30.0,3.0,
2007-12-29,0.9,29.2,2.5,
2007-12-30,0.6,28.3,2.86,
2007-12-31,0.1,30.0,3.66,
2008-01-01,0.0,28.7,3.51,
2008-01-02,1.0,26.4,3.77,
2008-01-03,3.2,25.6,3.02,
2008-01-04,1.1,27.0,2.27,
2008-01-05,0.0,29.0,2.91,
2008-01-06,0.0,29.8,3.35,
2008-01-07,0.0,29.8,3.92,
2008-01-08,0.0,30.9,4.33,
2008-01-09,0.1,30.1,3.64,
2008-01-10,0.0,30.1,3.84,
2008-01-11,0.0,30.0,3.4,
2008-01-12,0.4,30.2,3.53,
2008-01-13,1.2,30.2,3.72,
2008-01-14,0.6,30.1,3.74,
2008-01-15,0.5,32.0,5.01,
2008-01-16,2.3,30.5,4.0,
2008-01-17,0.3,29.4,3.3,
2008-01-18,0.0,31.1,4.75,
2008-01-19,0.0,30.7,4.35,
2008-01-20,0.0,30.5,4.16,
2008-01-21,0.0,30.9,4.24,
2008-01-22,0.0,30.8,3.91,
2008-01-23,0.0,30.8,4.1,
2008-01-24,0.6,28.9,3.29,
2008-01-25,4.9,30.0,3.28,
2008-01-26,0.0,31.5,4.8,
2008-01-27,0.0,31.8,5.2,
2008-01-28,0.0,32.5,5.63,
2008-01-29,0.0,32.1,4.79,
2008-01-30,0.0,31.9,5.33,
2008-01-31,0.0,31.7,5.25,
2008-02-01,0.0,32.7,5.59,
2008-02-02,0.0,32.1,5.2,
2008-02-03,0.0,31.4,5.15,
2008-02-04,0.0,30.5,4.6,
2008-02-05,0.0,32.5,5.21,
2008-02-06,0.0,32.1,4.9,
2008-02-07,0.0,32.1,4.87,
2008-02-08,0.0,31.5,4.82,
2008-02-09,0.0,31.6,5.14,
2008-02-10,0.0,31.1,4.87,
2008-02-11,0.0,30.7,4.42,
2008-02-12,0.0,30.6,4.13,
2008-02-13,0.1,30.6,4.66,
2008-02-14,0.0,31.3,4.76,
2008-02-15,0.0,31.7,5.24,
2008-02-16,0.0,30.5,4.38,
2008-02-17,0.0,31.3,4.97,
2008-02-18,0.0,31.9,5.18,
2008-02-19,0.0,31.1,5.28,
2008-02-20,0.0,30.9,5.38,
2008-02-21,0.0,30.4,4.44,
2008-02-22,0.1,31.5,4.39,
2008-02-23,3.9,28.7,2.5,
2008-02-24,1.1,30.1,3.74,
2008-02-25,1.2,31.1,4.48,
2008-02-26,8.5,31.5,3.92,
2008-02-27,2.4,31.3,4.28,
2008-02-28,2.7,29.9,3.5,
2008-02-29,0.0,29.9,3.68,
2008-03-01,0.0,29.9,4.27,
2008-03-02,0.0,30.8,4.49,
2008-03-03,0.0,31.1,4.78,
2008-03-04,0.0,30.5,4.67,
2008-03-05,0.0,30.7,4.1,
2008-03-06,0.1,31.7,5.12,
2008-03-07,5.0,31.6,4.44,
2008-03-08,11.7,30.6,3.67,
2008-03-09,0.0,31.2,5.0,
2008-03-10,6.9,31.1,4.84,
2008-03-11,0.1,31.6,4.98,
2008-03-12,0.0,31.6,5.23,
2008-03-13,0.1,32.5,5.77,
2008-03-14,0.1,32.1,5.12,
2008-03-15,0.0,32.4,5.4,
2008-03-16,0.0,32.9,5.52,
2008-03-17,0.0,32.7,5.33,
2008-03-18,0.0,32.4,4.78,
2008-03-19,10.3,31.9,4.04,
2008-03-20,5.5,31.4,4.29,
2008-03-21,4.1,31.6,4.25,
2008-03-22,0.0,31.8,4.9,
2008-03-23,1.4,31.5,4.51,
2008-03-24,0.0,33.4,6.02,
2008-03-25,0.0,33.4,5.81,
2008-03-26,4.7,32.7,4.98,
2008-03-27,0.9,32.7,5.05,
2008-03-28,0.0,33.5,5.08,
2008-03-29,0.0,33.9,5.56,
2008-03-30,0.0,33.6,5.75,
2008-03-31,0.2,33.2,5.04,
2008-04-01,3.2,34.5,4.97,
2008-04-02,1.6,33.3,4.75,
2008-04-03,0.8,34.2,5.3,
2008-04-04,1.6,33.0,4.98,
2008-04-05,29.8,30.5,3.11,
2008-04-06,6.1,30.5,3.79,
2008-04-07,0.1,32.0,4.87,
2008-04-08,0.0,33.1,5.23,
2008-04-09,0.0,32.6,5.37,
2008-04-10,2.1,32.9,5.31,
2008-04-11,0.0,33.1,5.34,
2008-04-12,0.0,33.5,5.51,
2008-04-13,0.0,33.2,5.35,
2008-04-14,0.4,33.5,4.81,
2008-04-15,12.4,32.8,4.58,
2008-04-16,7.1,30.8,4.05,
2008-04-17,4.5,30.8,4.19,
2008-04-18,19.9,31.6,3.91,
2008-04-19,0.0,32.6,5.05,
2008-04-20,0.0,31.8,4.99,
2008-04-21,0.0,32.2,5.16,
2008-04-22,0.0,33.5,5.99,
2008-04-23,0.2,33.0,5.12,
2008-04-24,0.2,33.4,6.07,
2008-04-25,3.9,32.9,4.95,
2008-04-26,14.8,29.0,2.44,
2008-04-27,7.9,32.0,3.98,
2008-04-28,8.3,30.0,3.29,
2008-04-29,15.6,28.9,2.46,
2008-04-30,19.1,29.7,3.08,
2008-05-01,6.6,31.1,4.19,
2008-05-02,7.8,29.5,2.8,
2008-05-03,11.1,30.2,3.64,
2008-05-04,7.7,29.4,3.25,
2008-05-05,15.2,28.7,3.04,
2008-05-06,12.8,29.1,3.16,
2008-05-07,6.4,28.7,2.78,
2008-05-08,10.4,29.0,2.9,
2008-05-09,6.6,29.8,3.95,
2008-05-10,11.1,28.1,3.3,
2008-05-11,27.5,27.1,2.45,
2008-05-12,59.3,26.1,1.4,
2008-05-13,39.7,26.9,1.87,
2008-05-14,21.0,28.8,2.7,
2008-05-15,10.7,29.2,3.65,
2008-05-16,13.8,27.6,2.61,
2008-05-17,15.5,28.5,2.64,
2008-05-18,12.2,27.8,2.8,
2008-05-19,5.8,28.3,3.36,
2008-05-20,9.0,29.0,3.44,
2008-05-21,8.5,28.4,3.28,
2008-05-22,8.6,29.3,3.7,
2008-05-23,5.4,29.9,3.8,
2008-05-24,4.3,30.1,4.14,
2008-05-25,13.1,29.1,3.79,
2008-05-26,5.3,30.1,4.08,
2008-05-27,2.6,30.5,4.42,
2008-05-28,4.8,29.4,3.85,
2008-05-29,13.6,29.8,3.72,
2008-05-30,2.7,29.4,4.2,
2008-05-31,2.3,30.0,4.35,
2008-06-01,1.3,30.8,4.61,
2008-06-02,6.4,28.4,3.4,
2008-06-03,2.2,30.3,4.49,
2008-06-04,4.1,30.6,4.4,
2008-06-05,1.0,31.1,4.62,
2008-06-06,2.6,30.7,4.56,
2008-06-07,7.7,31.0,4.57,
2008-06-08,15.5,29.7,3.47,
2008-06-09,12.3,28.0,2.25,
2008-06-10,9.2,29.5,3.06,
2008-06-11,12.4,28.8,2.28,
2008-06-12,11.2,27.5,2.31,
2008-06-13,10.0,27.9,1.96,
2008-06-14,8.0,28.3,2.77,
2008-06-15,6.0,29.9,3.74,
2008-06-16,2.5,29.8,3.96,
2008-06-17,4.8,29.5,3.73,
2008-06-18,1.5,28.9,2.57,
2008-06-19,5.9,29.2,3.93,
2008-06-20,1.6,29.7,4.46,
2008-06-21,5.6,29.1,4.05,
2008-06-22,12.0,29.6,3.89,
2008-06-23,5.8,29.9,4.33,
2008-06-24,11.8,28.2,2.68,
2008-06-25,7.9,27.7,2.39,
2008-06-26,11.7,27.3,2.91,
2008-06-27,2.7,29.5,4.05,
2008-06-28,7.1,28.1,3.3,
2008-06-29,2.7,29.7,3.99,
2008-06-30,3.6,29.7,4.23,
2008-07-01,19.8,29.0,2.83,
2008-07-02,0.0,28.9,2.72,
2008-07-03,2.3,29.1,3.92,
2008-07-04,9.1,27.7,3.06,
2008-07-05,10.5,27.9,2.89,
2008-07-06,7.2,28.5,3.25,
2008-07-07,15.0,27.9,3.25,
2008-07-08,16.2,26.9,2.18,
2008-07-09,14.5,29.2,3.26,
2008-07-10,7.1,28.9,4.06,
2008-07-11,5.6,29.2,4.07,
2008-07-12,0.4,29.9,4.55,
2008-07-13,6.6,28.5,3.42,
2008-07-14,8.4,29.8,4.28,
2008-07-15,0.9,29.8,4.65,
2008-07-16,9.6,28.8,3.78,
2008-07-17,6.5,27.9,3.12,
2008-07-18,5.4,29.8,4.08,
2008-07-19,8.6,29.6,3.73,
2008-07-20,8.9,29.5,3.9,
2008-07-21,3.0,30.1,4.36,
2008-07-22,5.4,30.2,4.65,
2008-07-23,5.0,29.4,3.81,
2008-07-24,8.3,29.1,4.01,
2008-07-25,11.9,29.1,3.69,
2008-07-26,18.6,27.8,2.93,
2008-07-27,17.6,26.5,2.09,
2008-07-28,5.9,27.3,1.97,
2008-07-29,0.0,29.2,3.96,
2008-07-30,0.6,28.8,3.53,
2008-07-31,6.1,29.4,3.48,
2008-08-01,8.5,28.9,3.13,
2008-08-02,4.9,28.3,3.29,
2008-08-03,9.4,28.3,3.18,
2008-08-04,9.8,27.4,2.25,
2008-08-05,17.4,27.5,2.83,
2008-08-06,6.8,28.0,2.82,
2008-08-07,16.8,26.6,1.86,
2008-08-08,3.4,29.1,3.23,
2008-08-09,1.1,29.4,4.08,
2008-08-10,5.0,29.2,3.95,
2008-08-11,8.3,28.3,3.13,
2008-08-12,13.6,27.6,2.6,
2008-08-13,2.1,29.7,3.99,
2008-08-14,0.9,29.0,3.68,
2008-08-15,0.9,29.6,3.85,
2008-08-16,0.7,29.6,4.27,
2008-08-17,1.0,29.0,3.9,
2008-08-18,15.7,28.0,2.41,
2008-08-19,6.1,28.4,3.1,
2008-08-20,9.1,29.1,3.51,
2008-08-21,7.1,28.0,3.17,
2008-08-22,5.3,29.7,4.03,
2008-08-23,3.3,29.9,4.08,
2008-08-24,2.4,29.9,3.77,
2008-08-25,1.9,30.1,4.38,
2008-08-26,10.2,30.7,4.47,
2008-08-27,20.2,30.6,3.7,
2008-08-28,7.8,31.0,3.89,
2008-08-29,2.5,31.4,4.8,
2008-08-30,4.0,30.7,4.43,
2008-08-31,6.5,30.9,4.52,
2008-09-01,5.0,30.2,3.68,
2008-09-02,6.0,31.2,4.35,
2008-09-03,5.8,31.3,4.38,
2008-09-04,8.3,31.2,4.46,
2008-09-05,11.4,29.8,3.25,
2008-09-06,15.9,29.9,3.09,
2008-09-07,5.0,29.3,3.08,
2008-09-08,25.5,29.3,2.49,
2008-09-09,25.1,28.0,1.94,
2008-09-10,17.9,27.2,1.56,
2008-09-11,11.4,27.1,2.44,
2008-09-12,3.3,29.6,4.01,
2008-09-13,5.2,29.1,3.25,
2008-09-14,5.7,29.4,3.43,
2008-09-15,24.0,28.7,2.66,
2008-09-16,28.0,26.3,1.64,
2008-09-17,3.0,28.6,3.38,
2008-09-18,9.9,28.1,3.1,
2008-09-19,6.0,28.5,3.03,
2008-09-20,9.1,28.9,3.26,
2008-09-21,2.5,29.6,3.96,
2008-09-22,2.2,29.8,4.42,
2008-09-23,3.2,29.6,4.41,
2008-09-24,4.8,28.9,3.46,
2008-09-25,12.1,28.7,2.67,
2008-09-26,1.1,29.6,4.36,
2008-09-27,7.6,28.2,3.24,
2008-09-28,10.8,29.1,2.89,
2008-09-29,15.2,26.3,1.69,
2008-09-30,12.2,28.6,2.6,
2008-10-01,5.3,28.8,3.85,
2008-10-02,3.3,30.3,4.18,
2008-10-03,4.3,30.4,3.98,
2008-10-04,0.0,30.9,4.83,
2008-10-05,1.7,30.6,4.26,
2008-10-06,7.0,30.1,3.62,
2008-10-07,7.7,30.6,3.77,
2008-10-08,9.5,30.5,3.53,
2008-10-09,4.6,30.9,3.96,
2008-10-10,7.3,30.4,3.57,
2008-10-11,4.5,30.9,3.89,
2008-10-12,14.7,29.4,2.76,
2008-10-13,8.0,30.1,3.28,
2008-10-14,5.8,30.8,3.86,
2008-10-15,5.4,31.5,3.82,
2008-10-16,5.2,31.0,3.26,
2008-10-17,17.8,28.6,2.4,
2008-10-18,8.9,31.0,3.53,
2008-10-19,1.0,31.5,3.93,
2008-10-20,12.9,30.9,3.71,
2008-10-21,9.1,29.6,2.94,
2008-10-22,11.0,29.6,2.75,
2008-10-23,13.6,29.0,2.22,
2008-10-24,21.5,28.5,2.01,
2008-10-25,8.6,29.0,2.36,
2008-10-26,6.5,28.6,2.15,
2008-10-27,11.4,30.1,2.94,
2008-10-28,11.6,29.1,2.45,
2008-10-29,5.9,28.1,2.06,
2008-10-30,10.3,28.0,1.92,
2008-10-31,17.2,28.2,2.23,
2008-11-01,4.5,28.7,2.59,
2008-11-02,5.6,30.1,3.28,
2008-11-03,3.4,30.0,3.04,
2008-11-04,17.7,28.5,2.19,
2008-11-05,6.3,30.3,3.01,
2008-11-06,11.3,28.3,2.45,
2008-11-07,7.9,27.5,1.71,
2008-11-08,8.3,29.0,2.77,
2008-11-09,15.9,29.7,2.94,
2008-11-10,18.6,29.5,2.93,
2008-11-11,0.3,29.3,3.47,
2008-11-12,0.0,29.4,4.68,
2008-11-13,0.0,29.1,4.8,
2008-11-14,0.0,28.4,4.49,
2008-11-15,3.9,27.0,1.71,
2008-11-16,0.6,28.9,2.83,
2008-11-17,0.9,30.4,3.25,
2008-11-18,1.7,29.9,3.2,
2008-11-19,4.0,30.8,3.79,
2008-11-20,1.8,30.0,3.71,
2008-11-21,1.4,29.2,3.3,
2008-11-22,10.5,29.6,2.64,
2008-11-23,17.1,30.6,3.35,
2008-11-24,11.6,28.7,2.34,
2008-11-25,3.2,30.0,3.32,
2008-11-26,4.9,30.7,3.55,
2008-11-27,3.3,30.0,4.64,
2008-11-28,2.1,26.3,3.63,
2008-11-29,1.5,25.6,2.62,
2008-11-30,0.0,27.2,4.04,
2008-12-01,0.0,27.6,4.24,
2008-12-02,0.0,28.5,4.12,
2008-12-03,0.0,29.2,4.56,
2008-12-04,0.0,29.9,4.22,
2008-12-05,0.0,28.8,3.16,
2008-12-06,0.9,29.2,3.6,
2008-12-07,0.0,29.5,3.83,
2008-12-08,0.0,29.7,4.83,
2008-12-09,0.0,28.4,3.9,
2008-12-10,0.0,29.0,4.45,
2008-12-11,0.0,29.4,4.04,
2008-12-12,0.0,30.5,4.26,
2008-12-13,0.0,30.9,4.03,
2008-12-14,0.2,30.7,3.61,
2008-12-15,0.0,29.4,3.3,
2008-12-16,0.0,29.0,3.77,
2008-12-17,0.0,29.1,4.14,
2008-12-18,0.0,29.3,4.01,
2008-12-19,0.3,29.1,3.46,
2008-12-20,0.0,30.0,4.61,
2008-12-21,0.0,30.2,4.07,
2008-12-22,0.0,30.7,4.11,
2008-12-23,0.0,30.7,4.12,
2008-12-24,3.0,30.3,4.09,
2008-12-25,0.8,30.7,4.12,
2008-12-26,16.8,27.9,2.03,
2008-12-27,4.7,27.2,1.88,
2008-12-28,9.3,28.7,2.8,
2008-12-29,13.8,28.2,2.36,
2008-12-30,21.8,27.7,1.96,
2008-12-31,28.2,27.0,1.66,
2009-01-01,5.9,27.2,2.53,
2009-01-02,0.1,27.9,3.37,
2009-01-03,1.6,26.3,2.07,
2009-01-04,0.0,27.7,3.84,
2009-01-05,0.0,28.8,3.89,
2009-01-06,0.1,28.8,3.72,
2009-01-07,0.0,29.1,3.84,
2009-01-08,0.0,28.1,3.8,
2009-01-09,0.0,26.6,4.17,
2009-01-10,0.0,25.4,4.4,
2009-01-11,0.0,25.2,4.23,
2009-01-12,0.0,25.7,3.75,
2009-01-13,0.0,26.4,3.61,
2009-01-14,0.0,26.2,4.47,
2009-01-15,0.0,26.6,4.32,
2009-01-16,0.0,26.8,3.95,
2009-01-17,0.0,27.7,4.03,
2009-01-18,0.0,28.3,3.88,
2009-01-19,0.0,28.5,3.91,
2009-01-20,0.0,28.5,3.92,
2009-01-21,0.0,29.1,4.18,
2009-01-22,0.0,29.0,3.8,
2009-01-23,0.0,29.9,3.73,
2009-01-24,3.3,29.6,3.78,
2009-01-25,0.8,28.4,3.38,
2009-01-26,0.0,29.0,3.46,
2009-01-27,0.1,29.0,3.93,
2009-01-28,0.0,29.4,3.94,
2009-01-29,0.0,29.1,3.8,
2009-01-30,0.0,29.3,3.78,
2009-01-31,0.0,29.2,4.02,
2009-02-01,0.0,29.4,4.1,
2009-02-02,0.0,29.9,4.46,
2009-02-03,0.0,29.3,4.08,
2009-02-04,1.0,28.4,3.8,
2009-02-05,0.9,28.6,3.63,
2009-02-06,0.0,29.5,4.26,
2009-02-07,0.0,29.5,4.24,
2009-02-08,0.0,30.1,4.3,
2009-02-09,0.0,30.3,4.59,
2009-02-10,0.4,29.2,3.94,
2009-02-11,38.0,25.9,1.16,
2009-02-12,6.8,27.9,2.57,
2009-02-13,1.4,28.7,3.8,
2009-02-14,0.0,29.2,3.98,
2009-02-15,0.1,29.7,4.33,
2009-02-16,0.2,30.2,4.18,
2009-02-17,0.3,30.0,4.3,
2009-02-18,0.8,30.1,4.26,
2009-02-19,0.0,31.6,5.12,
2009-02-20,3.1,31.6,4.5,
2009-02-21,0.0,32.1,5.24,
2009-02-22,0.0,31.1,4.31,
2009-02-23,0.0,31.4,4.62,
2009-02-24,1.1,31.0,4.03,
2009-02-25,0.0,31.3,4.47,
2009-02-26,0.0,31.5,4.81,
2009-02-27,3.8,31.3,4.04,
2009-02-28,3.6,30.6,3.33,
2009-03-01,0.5,30.5,4.61,
2009-03-02,0.0,32.2,5.77,
2009-03-03,0.7,31.6,4.9,
2009-03-04,4.2,31.9,4.24,
2009-03-05,6.2,31.1,3.98,
2009-03-06,1.1,31.3,4.38,
2009-03-07,7.1,31.5,3.82,
2009-03-08,7.9,31.1,4.28,
2009-03-09,9.2,30.7,4.0,
2009-03-10,0.0,32.0,5.01,
2009-03-11,0.2,30.9,4.54,
2009-03-12,0.0,31.3,4.73,
2009-03-13,0.0,31.4,4.51,
2009-03-14,0.7,31.6,4.46,
2009-03-15,0.0,32.2,5.54,
2009-03-16,1.7,31.4,4.24,
2009-03-17,5.2,30.8,3.57,
2009-03-18,7.0,30.9,4.08,
2009-03-19,3.1,31.7,4.39,
2009-03-20,0.7,31.8,4.57,
2009-03-21,0.8,31.7,4.7,
2009-03-22,0.2,31.9,4.96,
2009-03-23,0.0,32.9,5.3,
2009-03-24,1.5,32.7,5.19,
2009-03-25,0.7,32.4,5.11,
2009-03-26,0.5,32.8,5.12,
2009-03-27,0.0,32.7,5.39,
2009-03-28,2.4,33.9,5.31,
2009-03-29,1.2,33.1,4.99,
2009-03-30,0.3,34.2,5.81,
2009-03-31,3.1,33.6,4.91,
2009-04-01,4.9,31.2,4.3,
2009-04-02,9.7,30.4,3.72,
2009-04-03,0.2,32.6,5.14,
2009-04-04,0.6,34.1,5.74,
2009-04-05,1.6,33.1,4.73,
2009-04-06,10.9,29.8,3.21,
2009-04-07,6.2,29.5,3.12,
2009-04-08,5.8,29.4,2.64,
2009-04-09,0.7,31.9,5.05,
2009-04-10,0.7,32.3,5.07,
2009-04-11,5.0,32.0,3.99,
2009-04-12,0.6,31.6,4.55,
2009-04-13,1.6,32.5,4.53,
2009-04-14,0.0,32.7,5.19,
2009-04-15,0.6,32.8,5.0,
2009-04-16,0.0,32.5,5.33,
2009-04-17,0.0,32.6,5.65,
2009-04-18,0.6,33.0,5.51,
2009-04-19,4.1,31.9,5.18,
2009-04-20,5.0,33.0,5.31,
2009-04-21,4.8,29.6,3.77,
2009-04-22,1.8,31.8,5.02,
2009-04-23,1.2,31.3,4.95,
2009-04-24,2.6,30.3,4.29,
2009-04-25,5.7,29.6,3.68,
2009-04-26,14.9,28.8,2.96,
2009-04-27,4.9,30.6,4.11,
2009-04-28,2.7,30.8,4.49,
2009-04-29,6.2,29.6,3.54,
2009-04-30,1.2,31.0,4.4,
2009-05-01,9.5,30.4,3.53,
2009-05-02,16.7,29.4,2.72,
2009-05-03,19.5,30.3,2.92,
2009-05-04,8.2,30.2,2.74,
2009-05-05,8.4,28.2,2.37,
2009-05-06,6.0,30.7,3.87,
2009-05-07,3.4,29.8,3.54,
2009-05-08,15.8,29.5,3.35,
2009-05-09,7.1,28.5,3.1,
2009-05-10,16.4,29.7,3.09,
2009-05-11,15.5,29.2,2.93,
2009-05-12,10.9,31.0,3.9,
2009-05-13,11.3,30.9,3.74,
2009-05-14,7.2,31.2,3.66,
2009-05-15,2.2,31.2,3.99,
2009-05-16,12.1,29.5,2.59,
2009-05-17,7.4,30.0,3.58,
2009-05-18,6.4,30.6,3.52,
2009-05-19,0.5,30.6,4.11,
2009-05-20,2.5,30.0,3.8,
2009-05-21,1.1,30.1,4.04,
2009-05-22,1.7,30.6,4.31,
2009-05-23,6.2,29.6,2.81,
2009-05-24,3.4,30.9,4.48,
2009-05-25,8.0,29.4,2.51,
2009-05-26,14.9,29.6,3.4,
2009-05-27,15.2,28.5,2.36,
2009-05-28,9.0,29.4,3.34,
2009-05-29,1.4,30.6,4.22,
2009-05-30,1.0,30.4,3.95,
2009-05-31,0.5,31.0,4.37,
2009-06-01,3.7,30.3,4.0,
2009-06-02,5.0,29.8,3.53,
2009-06-03,20.8,28.0,2.72,
2009-06-04,5.6,28.1,2.39,
2009-06-05,6.0,29.4,3.93,
2009-06-06,0.7,30.5,4.63,
2009-06-07,0.0,30.7,5.05,
2009-06-08,0.0,30.7,5.12,
2009-06-09,5.3,30.2,3.84,
2009-06-10,4.0,28.5,3.43,
2009-06-11,4.2,29.3,3.71,
2009-06-12,0.1,30.7,5.08,
2009-06-13,0.0,30.6,5.25,
2009-06-14,3.0,29.4,4.21,
2009-06-15,10.5,28.6,3.3,
2009-06-16,19.0,28.0,2.15,
2009-06-17,5.4,30.0,3.86,
2009-06-18,7.3,29.3,3.32,
2009-06-19,8.4,29.9,3.56,
2009-06-20,7.0,29.2,3.37,
2009-06-21,9.1,29.3,3.49,
2009-06-22,10.9,28.5,3.2,
2009-06-23,0.7,30.1,4.14,
2009-06-24,0.4,30.2,4.8,
2009-06-25,0.4,29.9,4.03,
2009-06-26,6.7,29.5,3.25,
2009-06-27,1.9,30.3,4.0,
2009-06-28,10.0,28.9,3.39,
2009-06-29,11.8,28.7,3.35,
2009-06-30,2.8,30.1,3.99,
2009-07-01,6.1,29.6,3.3,
2009-07-02,0.5,30.5,4.88,
2009-07-03,2.6,30.1,4.34,
2009-07-04,0.1,30.8,4.85,
2009-07-05,8.8,30.1,3.23,
2009-07-06,14.5,29.2,3.47,
2009-07-07,0.0,30.8,4.51,
2009-07-08,2.0,30.4,4.34,
2009-07-09,1.7,30.6,4.81,
2009-07-10,1.6,30.1,4.43,
2009-07-11,10.3,28.4,3.19,
2009-07-12,12.5,28.0,3.16,
2009-07-13,23.7,27.9,2.64,
2009-07-14,9.1,29.0,3.51,
2009-07-15,19.3,28.5,2.37,
2009-07-16,26.5,27.2,1.66,
2009-07-17,18.2,27.6,1.82,
2009-07-18,5.0,28.2,2.27,
2009-07-19,7.1,28.7,3.55,
2009-07-20,9.0,29.8,3.16,
2009-07-21,11.5,27.7,2.04,
2009-07-22,11.2,27.2,2.18,
2009-07-23,3.9,29.6,3.96,
2009-07-24,5.1,29.1,3.78,
2009-07-25,3.7,29.7,4.38,
2009-07-26,7.8,29.3,4.29,
2009-07-27,0.7,30.2,4.73,
2009-07-28,4.1,28.5,2.99,
2009-07-29,2.5,29.8,4.38,
2009-07-30,3.4,29.9,4.41,
2009-07-31,8.2,27.9,2.9,
2009-08-01,4.4,29.8,3.87,
2009-08-02,10.2,27.6,2.33,
2009-08-03,5.7,27.7,2.74,
2009-08-04,7.8,28.4,3.19,
2009-08-05,5.8,28.9,3.76,
2009-08-06,0.5,29.5,4.48,
2009-08-07,2.1,29.6,3.81,
2009-08-08,1.7,28.6,2.99,
2009-08-09,2.8,28.9,3.89,
2009-08-10,2.8,28.7,3.97,
2009-08-11,1.0,29.6,4.31,
2009-08-12,2.1,29.7,3.94,
2009-08-13,1.4,30.6,4.28,
2009-08-14,1.7,31.1,4.55,
2009-08-15,1.1,31.2,4.65,
2009-08-16,11.3,31.2,4.5,
2009-08-17,8.1,30.9,4.46,
2009-08-18,17.0,30.7,4.04,
2009-08-19,10.1,30.8,4.48,
2009-08-20,9.7,30.0,3.58,
2009-08-21,4.0,30.1,3.99,
2009-08-22,6.7,29.5,3.67,
2009-08-23,9.3,29.8,3.73,
2009-08-24,7.6,29.3,3.43,
2009-08-25,3.6,30.0,4.0,
2009-08-26,11.8,29.5,3.36,
2009-08-27,16.3,29.7,3.34,
2009-08-28,4.7,30.0,3.68,
2009-08-29,18.8,29.6,3.45,
2009-08-30,5.5,29.8,3.7,
2009-08-31,13.0,27.6,2.22,
2009-09-01,17.7,26.7,1.7,
2009-09-02,4.9,28.5,3.27,
2009-09-03,11.5,28.1,2.49,
2009-09-04,6.7,29.1,3.18,
2009-09-05,23.8,27.1,2.25,
2009-09-06,22.5,25.8,1.73,
2009-09-07,29.2,26.8,1.61,
2009-09-08,23.2,27.6,2.17,
2009-09-09,14.7,27.3,2.25,
2009-09-10,14.8,27.9,2.34,
2009-09-11,7.8,29.0,3.38,
2009-09-12,4.9,29.1,3.59,
2009-09-13,11.4,28.9,3.25,
2009-09-14,14.7,28.6,2.59,
2009-09-15,12.9,28.4,2.89,
2009-09-16,12.5,29.2,3.51,
2009-09-17,2.0,30.7,3.47,
2009-09-18,0.8,30.6,4.51,
2009-09-19,10.0,30.5,4.1,
2009-09-20,5.0,29.7,3.84,
2009-09-21,1.9,30.7,4.54,
2009-09-22,8.8,29.4,3.53,
2009-09-23,3.9,29.8,3.85,
2009-09-24,10.2,28.3,2.97,
2009-09-25,10.8,27.8,2.93,
2009-09-26,14.0,27.4,2.29,
2009-09-27,12.7,28.0,2.07,
2009-09-28,1.3,28.0,3.34,
2009-09-29,2.3,28.2,3.42,
2009-09-30,5.3,28.5,3.21,
2009-10-01,5.4,28.0,3.38,
2009-10-02,10.2,29.1,3.48,
2009-10-03,8.4,29.7,3.38,
2009-10-04,25.8,30.0,2.89,
2009-10-05,27.3,29.6,2.66,
2009-10-06,17.5,28.1,2.12,
2009-10-07,9.3,27.9,2.07,
2009-10-08,10.8,27.1,2.18,
2009-10-09,14.6,27.2,2.11,
2009-10-10,20.7,26.3,1.55,
2009-10-11,13.3,26.3,1.62,
2009-10-12,2.9,28.7,3.24,
2009-10-13,1.4,30.1,4.16,
2009-10-14,2.9,30.6,4.37,
2009-10-15,9.2,30.4,3.14,
2009-10-16,5.5,29.3,2.92,
2009-10-17,5.9,29.7,2.55,
2009-10-18,4.1,28.7,3.06,
2009-10-19,4.8,28.5,3.08,
2009-10-20,3.2,29.3,3.51,
2009-10-21,1.7,30.1,4.22,
2009-10-22,1.8,30.0,3.88,
2009-10-23,3.7,29.6,3.49,
2009-10-24,4.4,29.6,3.02,
2009-10-25,18.6,28.2,2.0,
2009-10-26,12.0,29.0,2.52,
2009-10-27,1.1,31.0,4.18,
2009-10-28,0.8,30.8,4.06,
2009-10-29,0.0,31.0,4.48,
2009-10-30,2.0,31.0,4.11,
2009-10-31,0.0,30.8,4.51,
2009-11-01,1.4,30.6,3.94,
2009-11-02,2.1,31.2,3.89,
2009-11-03,8.0,29.0,3.2,
2009-11-04,0.0,31.4,4.77,
2009-11-05,0.7,30.5,4.35,
2009-11-06,2.1,31.4,4.28,
2009-11-07,9.7,26.9,1.33,
2009-11-08,0.0,31.8,4.27,
2009-11-09,1.6,30.9,4.0,
2009-11-10,3.5,30.6,3.68,
2009-11-11,4.2,30.9,3.65,
2009-11-12,6.2,31.2,3.74,
2009-11-13,1.2,31.2,3.79,
2009-11-14,0.8,30.7,4.0,
2009-11-15,0.3,30.2,3.68,
2009-11-16,5.0,29.7,2.89,
2009-11-17,1.5,30.5,3.45,
2009-11-18,0.7,30.6,4.44,
2009-11-19,0.1,30.2,4.65,
2009-11-20,0.0,30.6,4.94,
2009-11-21,0.0,31.0,5.82,
2009-11-22,0.0,27.4,3.33,
2009-11-23,4.1,26.8,1.87,
2009-11-24,6.0,27.1,2.54,
2009-11-25,1.2,27.4,1.56,
2009-11-26,1.1,28.4,1.56,
2009-11-27,0.8,31.2,3.09,
2009-11-28,1.0,30.1,3.58,
2009-11-29,0.3,30.6,3.66,
2009-11-30,5.3,30.1,3.24,
2009-12-01,0.7,29.2,3.38,
2009-12-02,0.4,29.8,3.87,
2009-12-03,0.1,29.5,3.83,
2009-12-04,0.7,29.7,3.79,
2009-12-05,0.0,30.1,4.18,
2009-12-06,0.0,29.7,3.95,
2009-12-07,0.0,30.2,3.92,
2009-12-08,0.0,30.2,3.93,
2009-12-09,0.0,30.8,4.51,
2009-12-10,0.0,30.5,4.38,
2009-12-11,0.0,30.8,4.3,
2009-12-12,0.0,31.6,4.44,
2009-12-13,0.2,31.0,4.09,
2009-12-14,0.2,30.0,3.56,
2009-12-15,1.4,30.3,3.19,
2009-12-16,9.8,29.3,2.97,
2009-12-17,0.0,30.9,4.41,
2009-12-18,0.1,31.0,4.57,
2009-12-19,0.1,30.5,4.45,
2009-12-20,0.1,29.1,3.07,
2009-12-21,0.0,29.9,4.0,
2009-12-22,0.0,30.5,4.51,
2009-12-23,0.0,31.3,4.43,
2009-12-24,0.0,31.7,4.33,
2009-12-25,0.1,31.2,3.76,
2009-12-26,0.0,31.3,4.03,
2009-12-27,0.3,30.6,3.85,
2009-12-28,0.4,29.8,3.77,
2009-12-29,0.0,30.8,4.34,
2009-12-30,0.0,31.0,4.34,
2009-12-31,0.0,30.9,4.21,
2010-01-01,0.0,31.1,4.08,0.22766666666666668
2010-01-02,0.0,30.6,4.09,0.22454166666666667
2010-01-03,0.3,29.9,3.53,0.2235
2010-01-04,0.0,31.0,4.45,0.22345833333333334
2010-01-05,0.2,30.9,4.15,0.222625
2010-01-06,0.0,31.4,4.49,0.22120833333333334
2010-01-07,0.0,31.7,5.01,0.21883333333333332
2010-01-08,0.0,30.5,4.2,0.21716666666666665
2010-01-09,0.2,30.0,3.6,0.230375
2010-01-10,0.6,29.7,3.4,0.23629166666666665
2010-01-11,0.2,29.8,3.71,0.23975
2010-01-12,0.0,30.5,4.29,0.23741666666666664
2010-01-13,0.0,29.9,4.21,0.232625
2010-01-14,0.0,29.6,4.22,0.22916666666666666
2010-01-15,0.0,29.4,3.89,0.22516666666666665
2010-01-16,0.1,30.0,3.93,0.22241666666666668
2010-01-17,0.0,30.2,4.51,0.219625
2010-01-18,0.0,29.9,4.23,0.21725000000000003
2010-01-19,22.8,24.4,1.45,0.2654166666666667
2010-01-20,10.2,24.8,1.17,0.4282916666666667
2010-01-21,1.2,28.7,3.19,0.38879166666666665
2010-01-22,1.1,29.4,3.34,0.3647916666666666
2010-01-23,0.0,29.9,4.19,0.341875
2010-01-24,0.0,29.9,4.42,0.318625
2010-01-25,1.0,29.5,3.87,0.304375
2010-01-26,1.6,29.7,3.74,0.29920833333333335
2010-01-27,0.4,28.8,3.62,0.29716666666666663
2010-01-28,0.7,29.5,3.85,0.289
2010-01-29,0.0,30.5,4.54,0.27820833333333334
2010-01-30,0.3,30.1,4.59,0.26625000000000004
2010-01-31,0.0,31.2,4.71,0.25708333333333333
2010-02-01,0.1,30.6,4.13,0.248375
2010-02-02,0.3,30.9,4.08,0.24333333333333332
2010-02-03,0.4,31.4,4.35,0.24045833333333333
2010-02-04,0.0,31.1,4.53,0.23675
2010-02-05,0.0,32.0,4.72,0.2317916666666667
2010-02-06,0.0,32.1,5.05,0.22729166666666667
2010-02-07,0.0,32.9,5.13,0.22316666666666665
2010-02-08,0.0,32.4,5.11,0.21966666666666668
2010-02-09,0.0,32.5,5.26,0.21662499999999998
2010-02-10,0.0,32.7,5.42,0.21391666666666667
2010-02-11,0.0,33.0,5.0,0.21191666666666667
2010-02-12,0.0,33.2,5.29,0.21
2010-02-13,0.0,32.2,4.89,0.2087083333333333
2010-02-14,0.0,32.4,5.43,0.20758333333333331
2010-02-15,0.0,32.8,5.37,0.2065
2010-02-16,0.0,33.4,5.5,0.20545833333333333
2010-02-17,0.0,33.4,5.66,0.20445833333333333
2010-02-18,0.0,33.3,5.6,0.20350000000000001
2010-02-19,0.2,32.2,5.18,0.20358333333333334
2010-02-20,0.0,32.7,5.66,0.204
2010-02-21,0.6,31.3,4.79,0.20595833333333333
2010-02-22,0.0,32.4,4.88,0.20979166666666668
2010-02-23,0.1,32.5,5.05,0.21054166666666665
2010-02-24,0.0,33.3,5.36,0.20958333333333332
2010-02-25,0.0,33.2,5.46,0.20795833333333333
2010-02-26,0.0,33.0,5.21,0.20604166666666665
2010-02-27,0.0,34.2,5.59,0.20454166666666665
2010-02-28,0.0,35.1,5.4,0.20362499999999997
2010-03-01,0.0,33.9,5.39,0.20283333333333334
2010-03-02,0.0,33.5,5.39,0.2024166666666667
2010-03-03,0.0,34.7,5.52,0.20175
2010-03-04,0.0,33.7,5.29,0.20200000000000004
2010-03-05,0.0,33.6,5.31,0.2015416666666667
2010-03-06,0.0,33.8,5.34,0.20158333333333334
2010-03-07,0.0,33.5,4.54,0.20170833333333335
2010-03-08,0.0,34.4,5.47,0.2025
2010-03-09,0.3,34.7,5.88,0.20225
2010-03-10,1.3,32.6,5.62,0.2135
2010-03-11,0.0,34.2,6.29,0.21362499999999998
2010-03-12,0.0,34.5,6.07,0.21058333333333334
2010-03-13,0.0,33.6,5.38,0.20858333333333334
2010-03-14,0.0,34.2,5.61,0.20704166666666665
2010-03-15,0.0,33.8,5.32,0.20554166666666665
2010-03-16,0.0,34.8,6.46,0.20445833333333333
2010-03-17,0.0,34.6,7.09,0.20329166666666668
2010-03-18,0.0,34.8,7.3,0.20225
2010-03-19,0.0,34.9,7.08,0.2015
2010-03-20,0.1,33.8,5.57,0.201375
2010-03-21,0.0,33.4,5.13,0.20266666666666666
2010-03-22,0.0,33.3,5.18,0.204875
2010-03-23,0.1,34.4,5.09,0.20533333333333334
2010-03-24,0.0,33.9,5.03,0.20637499999999998
2010-03-25,7.2,34.7,5.43,0.21079166666666663
2010-03-26,8.0,32.4,3.5,0.39520833333333333
2010-03-27,0.3,32.5,5.11,0.3521666666666667
2010-03-28,0.0,33.4,5.54,0.3197083333333333
2010-03-29,0.0,33.3,5.79,0.29462499999999997
2010-03-30,0.2,33.9,5.38,0.275125
2010-03-31,0.8,33.3,4.46,0.26566666666666666
2010-04-01,3.9,33.6,4.63,0.2743333333333333
2010-04-02,0.0,33.7,5.25,0.2910833333333333
2010-04-03,0.0,34.5,5.72,0.2735416666666667
2010-04-04,0.7,34.2,5.41,0.26025000000000004
2010-04-05,0.0,34.3,5.23,0.25345833333333334
2010-04-06,0.0,35.6,5.72,0.24175
2010-04-07,0.0,35.6,5.7,0.23245833333333332
2010-04-08,0.0,35.9,5.85,0.225625
2010-04-09,0.0,35.4,5.94,0.22054166666666666
2010-04-10,0.2,35.4,6.09,0.2157083333333333
2010-04-11,0.0,36.1,6.46,0.21283333333333332
2010-04-12,0.2,35.1,5.63,0.21037499999999998
2010-04-13,1.1,34.5,4.93,0.21554166666666666
2010-04-14,0.0,35.5,5.53,0.22308333333333333
2010-04-15,0.0,36.6,6.19,0.21887500000000001
2010-04-16,0.3,35.4,6.02,0.21683333333333332
2010-04-17,0.9,35.2,5.56,0.22045833333333334
2010-04-18,0.2,36.4,5.97,0.22754166666666667
2010-04-19,6.2,34.7,4.66,0.25945833333333335
2010-04-20,19.6,33.9,4.61,0.3424583333333333
2010-04-21,0.8,34.0,5.48,0.37879166666666664
2010-04-22,9.5,33.0,4.7,0.3738333333333333
2010-04-23,3.5,34.3,5.15,0.3854166666666667
2010-04-24,0.0,34.8,6.1,0.35870833333333335
2010-04-25,0.0,34.9,6.32,0.31908333333333333
2010-04-26,0.0,34.8,5.89,0.290875
2010-04-27,0.1,34.2,4.87,0.2717916666666667
2010-04-28,1.3,33.4,4.93,0.2691666666666667
2010-04-29,13.4,34.8,4.99,0.29941666666666666
2010-04-30,12.0,33.9,4.56,0.3915
2010-05-01,2.8,33.4,4.23,0.39358333333333334
2010-05-02,0.7,33.4,4.64,0.382875
2010-05-03,2.8,34.3,4.46,0.36024999999999996
2010-05-04,11.0,32.3,3.88,0.39045833333333335
2010-05-05,3.5,32.7,4.57,0.3881666666666667
2010-05-06,0.3,33.8,5.45,0.3760833333333333
2010-05-07,0.3,33.7,5.47,0.3445833333333333
2010-05-08,0.4,34.8,5.75,0.32066666666666666
2010-05-09,3.0,33.9,5.07,0.30879166666666663
2010-05-10,0.4,33.8,5.02,0.302375
2010-05-11,0.3,35.1,5.5,0.28754166666666664
2010-05-12,3.5,35.0,4.95,0.2939583333333333
2010-05-13,5.8,34.4,4.49,0.32975
2010-05-14,8.4,33.5,4.28,0.37766666666666665
2010-05-15,4.0,32.4,4.22,0.39775
2010-05-16,1.2,34.6,5.38,0.3717916666666667
2010-05-17,7.6,34.0,5.25,0.38125000000000003
2010-05-18,20.9,34.4,4.67,0.41008333333333336
2010-05-19,11.4,31.3,3.68,0.4205833333333333
2010-05-20,4.5,33.1,5.12,0.39929166666666666
2010-05-21,13.3,32.4,3.99,0.41720833333333335
2010-05-22,13.4,29.7,3.1,0.447125
2010-05-23,0.7,32.0,5.23,0.4240833333333333
2010-05-24,1.1,31.8,4.95,0.407125
2010-05-25,6.8,31.7,4.58,0.42408333333333337
2010-05-26,19.1,31.1,3.82,0.45275
2010-05-27,14.1,29.7,3.24,0.4574583333333333
2010-05-28,5.1,31.0,3.47,0.46308333333333335
2010-05-29,6.5,31.2,4.28,0.45708333333333334
2010-05-30,3.2,31.5,4.41,0.448375
2010-05-31,5.7,31.7,4.42,0.441875
2010-06-01,2.1,31.6,4.38,0.43054166666666666
2010-06-02,8.9,30.2,3.91,0.42570833333333336
2010-06-03,5.8,30.7,3.82,0.437125
2010-06-04,7.1,29.8,3.51,0.4449166666666667
2010-06-05,2.2,30.5,3.71,0.44533333333333336
2010-06-06,8.6,30.0,3.58,0.44025000000000003
2010-06-07,11.8,29.1,2.92,0.4506666666666667
2010-06-08,5.3,30.5,3.69,0.4499166666666667
2010-06-09,1.5,29.9,3.49,0.4347083333333333
2010-06-10,8.5,29.7,3.09,0.44545833333333335
2010-06-11,1.4,31.7,4.66,0.4323333333333333
2010-06-12,10.5,31.6,4.42,0.431
2010-06-13,9.7,31.9,4.84,0.4310833333333333
2010-06-14,1.2,32.0,4.83,0.4095
2010-06-15,10.6,29.7,3.49,0.4402916666666667
2010-06-16,7.6,30.4,3.77,0.442
2010-06-17,7.7,29.5,3.56,0.4518333333333333
2010-06-18,14.3,29.0,2.77,0.45416666666666666
2010-06-19,14.5,28.6,2.7,0.4622916666666667
2010-06-20,10.2,28.5,2.61,0.44425
2010-06-21,25.8,27.7,2.01,0.45879166666666665
2010-06-22,14.0,29.3,2.98,0.4602916666666666
2010-06-23,8.5,29.4,2.98,0.453
2010-06-24,11.1,30.2,3.67,0.44216666666666665
2010-06-25,6.3,29.8,3.92,0.44354166666666667
2010-06-26,10.0,29.8,2.95,0.44375000000000003
2010-06-27,4.4,29.7,3.51,0.42595833333333327
2010-06-28,7.7,29.7,3.41,0.448
2010-06-29,5.3,29.2,3.54,0.46175000000000005
2010-06-30,1.5,30.4,4.15,0.44566666666666666
2010-07-01,11.8,29.3,2.89,0.4519583333333333
2010-07-02,25.7,27.6,2.26,0.4452083333333334
2010-07-03,21.3,28.9,2.99,0.44683333333333336
2010-07-04,12.0,29.4,3.07,0.4660416666666667
2010-07-05,1.4,30.7,4.25,0.4566666666666667
2010-07-06,0.7,31.2,4.62,0.4419166666666667
2010-07-07,3.5,31.3,4.72,0.44258333333333333
2010-07-08,3.4,30.6,4.42,0.4382916666666667
2010-07-09,9.4,28.7,3.2,0.44545833333333335
2010-07-10,7.0,29.8,3.76,0.45733333333333337
2010-07-11,7.0,30.1,3.57,0.4580416666666667
2010-07-12,3.4,29.8,3.93,0.45858333333333334
2010-07-13,5.8,28.4,2.73,0.4515
2010-07-14,5.3,28.9,3.4,0.46508333333333335
2010-07-15,13.3,28.7,2.72,0.456625
2010-07-16,17.6,29.0,2.75,0.45279166666666665
2010-07-17,2.2,29.6,3.27,0.4464166666666667
2010-07-18,5.0,30.4,3.49,0.45425000000000004
2010-07-19,0.6,30.5,4.41,0.44283333333333336
2010-07-20,1.0,30.7,4.46,0.42695833333333333
2010-07-21,5.8,30.6,3.98,0.43545833333333334
2010-07-22,9.3,29.1,3.26,0.4478333333333333
2010-07-23,7.4,28.4,3.12,0.46879166666666666
2010-07-24,6.1,28.7,2.72,0.4715833333333333
2010-07-25,15.0,27.3,2.18,0.45525
2010-07-26,9.3,27.3,2.32,0.4762916666666666
2010-07-27,8.1,28.4,2.96,0.4586666666666666
2010-07-28,13.2,29.9,3.21,0.46025
2010-07-29,9.6,29.8,3.47,0.4602916666666667
2010-07-30,0.8,29.8,4.2,0.4489166666666667
2010-07-31,11.0,29.3,3.24,0.46279166666666666
2010-08-01,18.3,28.4,2.27,0.45366666666666666
2010-08-02,5.5,27.4,1.95,0.4709583333333333
2010-08-03,2.2,30.0,4.19,0.46104166666666674
2010-08-04,0.0,29.7,4.72,0.443125
2010-08-05,0.8,30.0,4.74,0.4266666666666667
2010-08-06,5.9,28.9,3.29,0.43845833333333334
2010-08-07,11.4,27.6,3.07,0.4671666666666667
2010-08-08,3.4,28.4,3.71,0.465625
2010-08-09,9.8,28.5,3.41,0.449
2010-08-10,22.2,27.8,2.15,0.4625416666666667
2010-08-11,5.7,29.3,3.04,0.4552083333333334
2010-08-12,2.5,30.3,4.23,0.4503333333333333
2010-08-13,7.6,30.6,3.66,0.44275
2010-08-14,3.9,28.9,3.33,0.4442083333333333
2010-08-15,8.9,30.1,3.75,0.45375000000000004
2010-08-16,5.2,30.2,3.79,0.4543333333333333
2010-08-17,7.3,30.5,3.77,0.4575833333333333
2010-08-18,6.8,30.9,4.16,0.45212500000000005
2010-08-19,13.0,29.9,3.18,0.44845833333333335
2010-08-20,15.8,29.6,2.55,0.45216666666666666
2010-08-21,11.6,29.2,3.4,0.45787500000000003
2010-08-22,8.6,28.3,3.02,0.46316666666666667
2010-08-23,26.1,27.7,1.91,0.4701666666666667
2010-08-24,10.1,29.7,3.39,0.45779166666666665
2010-08-25,3.9,31.5,4.42,0.4538333333333333
2010-08-26,3.5,30.7,4.47,0.45295833333333335
2010-08-27,3.5,30.3,4.06,0.45108333333333334
2010-08-28,5.8,29.3,3.05,0.45608333333333334
2010-08-29,3.8,30.1,3.97,0.4600416666666667
2010-08-30,6.2,30.0,3.92,0.4590416666666666
2010-08-31,10.6,29.1,3.5,0.4640416666666667
2010-09-01,9.4,29.1,3.41,0.4558333333333333
2010-09-02,7.9,29.6,3.48,0.46508333333333335
2010-09-03,12.3,29.2,2.94,0.45675
2010-09-04,9.8,28.1,2.58,0.46337500000000004
2010-09-05,1.3,28.7,3.66,0.45366666666666666
2010-09-06,4.9,29.4,3.72,0.4569166666666667
2010-09-07,5.7,29.3,3.44,0.4656666666666667
2010-09-08,15.6,29.1,3.12,0.46537500000000004
2010-09-09,3.6,29.8,3.89,0.4663333333333333
2010-09-10,15.2,29.2,3.31,0.45683333333333337
2010-09-11,5.6,30.1,3.76,0.4539166666666667
2010-09-12,13.1,28.4,2.71,0.4543333333333333
2010-09-13,6.8,30.8,4.23,0.458875
2010-09-14,7.4,29.4,3.7,0.45141666666666663
2010-09-15,6.9,30.2,3.81,0.449375
2010-09-16,12.2,30.6,4.05,0.45416666666666666
2010-09-17,23.1,28.0,2.09,0.4688333333333334
2010-09-18,10.7,30.0,3.53,0.45125
2010-09-19,2.0,31.0,4.49,0.41850000000000004
2010-09-20,2.4,31.0,4.41,0.4143333333333333
2010-09-21,0.2,31.1,4.48,0.40625
2010-09-22,10.9,31.2,4.04,0.41333333333333333
2010-09-23,3.7,31.6,4.63,0.424375
2010-09-24,4.9,31.4,4.06,0.441375
2010-09-25,8.0,31.7,3.97,0.45908333333333334
2010-09-26,11.3,30.7,3.45,0.45970833333333333
2010-09-27,31.8,30.3,3.21,0.44854166666666667
2010-09-28,8.4,31.1,4.17,0.4331666666666667
2010-09-29,14.4,30.5,2.91,0.44516666666666665
2010-09-30,18.0,30.9,3.21,0.4467083333333333
2010-10-01,25.4,27.9,1.7,0.45525
2010-10-02,7.0,30.0,3.41,0.47212499999999996
2010-10-03,12.3,28.7,2.66,0.45325
2010-10-04,17.3,29.3,2.44,0.4575
2010-10-05,7.8,30.9,3.2,0.4300833333333333
2010-10-06,7.6,31.4,3.41,0.4645416666666667
2010-10-07,5.7,30.4,3.66,0.46599999999999997
2010-10-08,0.0,31.2,4.4,0.44695833333333335
2010-10-09,6.4,29.8,3.41,0.45225000000000004
2010-10-10,19.0,29.3,2.38,0.4595416666666667
2010-10-11,48.3,26.0,1.26,0.4650833333333333
2010-10-12,4.3,28.9,3.28,0.42558333333333337
2010-10-13,4.8,30.0,3.22,0.42425
2010-10-14,24.0,26.3,1.32,0.4563333333333333
2010-10-15,18.3,26.2,1.56,0.45579166666666665
2010-10-16,3.0,28.7,3.22,0.4635416666666667
2010-10-17,16.8,27.9,2.27,0.45875
2010-10-18,15.8,26.9,2.09,0.45895833333333336
2010-10-19,1.7,30.3,3.64,0.4543333333333333
2010-10-20,2.3,29.4,3.38,0.4475833333333334
2010-10-21,21.3,29.4,2.8,0.44933333333333336
2010-10-22,6.8,27.9,2.23,0.444
2010-10-23,3.5,30.3,2.86,0.46245833333333336
2010-10-24,12.1,29.2,2.94,0.46025
2010-10-25,27.6,29.8,3.07,0.45741666666666664
2010-10-26,3.6,28.6,2.33,0.44412500000000005
2010-10-27,33.7,30.1,3.37,0.45775000000000005
2010-10-28,117.5,27.7,1.58,0.45425
2010-10-29,0.0,29.9,4.26,0.4075416666666667
2010-10-30,21.6,26.4,2.77,0.4287916666666667
2010-10-31,13.8,26.4,2.4,0.466625
2010-11-01,26.5,25.5,1.48,0.4640416666666667
2010-11-02,25.7,28.2,2.03,0.4542083333333333
2010-11-03,6.5,29.1,2.53,0.44012499999999993
2010-11-04,0.0,29.9,4.01,0.427
2010-11-05,0.3,29.8,4.49,0.41479166666666667
2010-11-06,0.4,29.2,3.64,0.40487500000000004
2010-11-07,12.6,29.7,3.5,0.41641666666666666
2010-11-08,16.0,29.2,2.47,0.4660416666666667
2010-11-09,7.6,29.6,2.53,0.467625
2010-11-10,1.7,29.4,2.62,0.46245833333333336
2010-11-11,0.3,30.3,3.78,0.4447083333333333
2010-11-12,0.9,30.3,3.99,0.43004166666666666
2010-11-13,8.2,30.3,3.43,0.42812500000000003
2010-11-14,21.8,29.8,2.72,0.43487499999999996
2010-11-15,10.5,30.2,3.13,0.449375
2010-11-16,12.4,30.4,3.52,0.46075
2010-11-17,18.1,29.6,2.68,0.46341666666666664
2010-11-18,13.3,29.1,2.61,0.44816666666666666
2010-11-19,26.1,28.6,2.03,0.456875
2010-11-20,11.1,28.4,2.28,0.452625
2010-11-21,6.6,29.4,3.35,0.43274999999999997
2010-11-22,22.4,29.9,3.03,0.45537500000000003
2010-11-23,13.6,28.9,2.59,0.4579583333333333
2010-11-24,3.3,30.3,3.5,0.4512083333333334
2010-11-25,0.0,30.7,4.27,0.439125
2010-11-26,22.0,28.1,2.87,0.436625
2010-11-27,4.7,29.9,3.37,0.4378333333333333
2010-11-28,15.4,30.3,3.31,0.4575
2010-11-29,22.8,29.3,2.57,0.46091666666666664
2010-11-30,3.4,28.3,2.16,0.45695833333333336
2010-12-01,0.6,29.5,3.24,0.4466666666666667
2010-12-02,0.0,29.5,3.3,0.43474999999999997
2010-12-03,0.3,29.7,3.48,0.4226666666666667
2010-12-04,0.9,30.0,4.16,0.4114583333333333
2010-12-05,10.1,28.8,2.36,0.43612500000000004
2010-12-06,11.3,29.8,2.85,0.436625
2010-12-07,3.1,30.1,3.5,0.45858333333333334
2010-12-08,0.0,29.3,4.05,0.4477083333333334
2010-12-09,0.0,28.7,3.64,0.43025
2010-12-10,0.0,28.8,3.37,0.4180833333333333
2010-12-11,2.0,28.4,3.3,0.41583333333333333
2010-12-12,1.1,28.4,3.17,0.4163333333333333
2010-12-13,0.0,29.3,3.28,0.4076666666666667
2010-12-14,8.7,28.9,2.32,0.4226666666666667
2010-12-15,12.7,28.6,2.68,0.45108333333333334
2010-12-16,2.7,29.9,3.5,0.447375
2010-12-17,1.2,26.9,3.44,0.4447916666666667
2010-12-18,6.9,25.6,2.69,0.4497083333333334
2010-12-19,2.9,27.6,3.18,0.4419166666666667
2010-12-20,1.3,28.9,3.26,0.44508333333333333
2010-12-21,3.6,29.1,3.31,0.4394166666666666
2010-12-22,3.3,28.6,2.67,0.4386666666666667
2010-12-23,2.7,28.8,3.27,0.4347083333333333
2010-12-24,0.2,28.8,3.39,0.42816666666666664
2010-12-25,0.4,29.0,3.5,0.41533333333333333
2010-12-26,0.1,29.0,3.8,0.40254166666666663
2010-12-27,0.0,27.0,2.41,0.3907083333333334
2010-12-28,3.2,24.8,1.41,0.397125
2010-12-29,0.9,26.9,2.33,0.40129166666666666
2010-12-30,0.9,28.9,2.73,0.39479166666666665
2010-12-31,0.7,28.3,2.62,0.38758333333333334
2011-01-01,0.1,28.8,3.38,0.37904166666666667
2011-01-02,0.0,29.1,3.76,0.36633333333333334
2011-01-03,0.0,28.5,2.79,0.3557083333333333
2011-01-04,13.2,26.7,1.46,0.39658333333333334
2011-01-05,1.1,27.5,2.75,0.42954166666666665
2011-01-06,15.7,29.2,3.37,0.421375
2011-01-07,0.0,27.7,3.48,0.42533333333333334
2011-01-08,0.0,27.1,2.78,0.4087083333333333
2011-01-09,0.0,28.4,3.88,0.394625
2011-01-10,0.0,27.9,3.95,0.3797083333333333
2011-01-11,0.0,27.6,3.62,0.3662916666666667
2011-01-12,0.0,29.1,4.08,0.35504166666666664
2011-01-13,0.0,27.5,2.4,0.34720833333333334
2011-01-14,0.0,28.6,3.58,0.34354166666666663
2011-01-15,0.0,28.8,3.67,0.33433333333333337
2011-01-16,0.0,27.3,3.4,0.32595833333333335
2011-01-17,0.7,27.3,3.99,0.32425
2011-01-18,0.0,27.8,4.21,0.31445833333333334
2011-01-19,0.0,28.6,4.32,0.30316666666666664
2011-01-20,0.0,29.7,4.38,0.29212499999999997
2011-01-21,0.0,29.5,3.89,0.28329166666666666
2011-01-22,1.1,28.7,3.42,0.28229166666666666
2011-01-23,3.8,29.6,3.21,0.29875
2011-01-24,0.0,28.5,2.88,0.30741666666666667
2011-01-25,0.0,29.0,3.74,0.2969583333333333
2011-01-26,0.2,29.8,4.48,0.2860833333333333
2011-01-27,0.0,30.0,4.54,0.2765
2011-01-28,0.0,30.4,4.57,0.267
2011-01-29,0.0,29.7,4.19,0.2588333333333333
2011-01-30,0.0,29.8,4.88,0.25183333333333335
2011-01-31,0.0,29.5,4.8,0.24545833333333333
2011-02-01,0.0,29.7,4.4,0.2409583333333333
2011-02-02,0.0,29.6,4.21,0.23754166666666665
2011-02-03,0.0,29.4,3.99,0.23450000000000001
2011-02-04,0.0,29.5,4.06,0.23116666666666666
2011-02-05,0.1,29.6,3.97,0.23016666666666666
2011-02-06,0.0,29.0,3.93,0.227625
2011-02-07,0.0,29.3,3.9,0.224625
2011-02-08,0.0,29.4,3.93,0.22212500000000002
2011-02-09,0.0,30.5,4.44,0.21975
2011-02-10,0.0,31.0,4.98,0.21741666666666667
2011-02-11,0.0,31.1,5.21,0.21462499999999998
2011-02-12,0.0,30.9,4.67,0.212875
2011-02-13,0.1,30.6,4.68,0.213125
2011-02-14,0.0,31.4,5.58,0.213
2011-02-15,0.0,31.3,5.42,0.21091666666666664
2011-02-16,0.1,31.4,4.74,0.20991666666666667
2011-02-17,0.0,31.3,4.44,0.20966666666666667
2011-02-18,0.1,31.1,4.48,0.21
2011-02-19,0.0,31.9,4.79,0.21054166666666665
2011-02-20,0.2,31.0,4.56,0.21091666666666664
2011-02-21,0.3,31.7,4.55,0.216
2011-02-22,0.0,32.1,5.24,0.214875
2011-02-23,0.0,32.6,5.95,0.212125
2011-02-24,0.0,32.1,5.28,0.21016666666666664
2011-02-25,0.0,31.2,4.35,0.209
2011-02-26,0.0,31.2,4.88,0.20854166666666665
2011-02-27,0.0,32.2,5.26,0.2075
2011-02-28,0.1,30.9,4.37,0.20762499999999998
2011-03-01,0.3,30.3,4.23,0.21054166666666665
2011-03-02,0.0,31.3,3.46,0.2115
2011-03-03,0.1,30.8,3.76,0.211125
2011-03-04,1.4,30.3,4.23,0.21654166666666666
2011-03-05,10.5,31.6,3.63,0.25225000000000003
2011-03-06,8.6,31.0,3.78,0.3626666666666667
2011-03-07,4.6,31.5,4.35,0.38529166666666664
2011-03-08,3.3,31.1,4.42,0.38095833333333334
2011-03-09,0.0,31.9,5.72,0.35991666666666666
2011-03-10,0.0,32.0,5.69,0.32433333333333336
2011-03-11,0.2,32.1,5.94,0.3007083333333333
2011-03-12,0.0,32.7,6.15,0.28250000000000003
2011-03-13,0.0,31.1,4.88,0.2664166666666667
2011-03-14,0.0,32.2,5.27,0.25545833333333334
2011-03-15,0.8,32.4,4.88,0.249
2011-03-16,5.9,32.5,4.23,0.26908333333333334
2011-03-17,14.6,28.1,2.0,0.359875
2011-03-18,3.9,29.5,3.64,0.399875
2011-03-19,0.6,31.3,4.59,0.37645833333333334
2011-03-20,7.8,31.5,4.23,0.37625
2011-03-21,16.3,30.5,3.42,0.4054583333333333
2011-03-22,9.0,30.4,3.86,0.40575
2011-03-23,17.0,27.4,1.87,0.4564166666666667
2011-03-24,10.0,26.9,1.46,0.46537500000000004
2011-03-25,18.3,28.1,2.65,0.455625
2011-03-26,10.3,25.3,1.52,0.461625
2011-03-27,4.4,28.1,3.22,0.45845833333333336
2011-03-28,0.0,29.2,3.86,0.43887499999999996
2011-03-29,2.9,29.6,4.11,0.42049999999999993
2011-03-30,0.5,28.6,4.19,0.42074999999999996
2011-03-31,0.0,30.3,5.13,0.3954583333333333
2011-04-01,3.4,29.1,3.42,0.39795833333333336
2011-04-02,11.9,29.7,3.32,0.43124999999999997
2011-04-03,8.7,29.2,3.44,0.438625
2011-04-04,16.6,29.8,3.5,0.4455833333333334
2011-04-05,0.7,30.4,4.31,0.443125
2011-04-06,0.4,30.2,4.49,0.42366666666666664
2011-04-07,0.0,30.5,5.11,0.4059166666666667
2011-04-08,0.0,30.4,4.77,0.38833333333333336
2011-04-09,0.0,30.9,5.11,0.3734583333333333
2011-04-10,0.1,30.7,5.12,0.35799999999999993
2011-04-11,0.1,30.7,5.02,0.345
2011-04-12,0.2,30.4,4.66,0.3357916666666667
2011-04-13,0.0,31.2,5.46,0.3240416666666667
2011-04-14,0.0,31.8,5.45,0.30895833333333333
2011-04-15,7.4,31.3,4.24,0.328625
2011-04-16,0.0,31.7,4.86,0.35920833333333335
2011-04-17,0.3,31.3,4.46,0.3392916666666667
2011-04-18,0.2,31.2,4.9,0.32483333333333336
2011-04-19,6.1,32.3,4.85,0.3185
2011-04-20,20.1,28.6,2.33,0.42312500000000003
2011-04-21,18.0,29.5,3.07,0.42420833333333335
2011-04-22,0.1,30.6,4.64,0.433125
2011-04-23,1.5,30.6,4.46,0.41654166666666664
2011-04-24,4.3,31.2,4.49,0.4250416666666667
2011-04-25,4.5,30.4,3.98,0.43916666666666665
2011-04-26,0.4,31.0,4.7,0.4245833333333333
2011-04-27,0.7,31.7,4.93,0.403875
2011-04-28,1.2,31.5,4.38,0.39679166666666665
2011-04-29,11.8,29.6,3.66,0.442
2011-04-30,2.4,31.6,4.28,0.43412500000000004
2011-05-01,3.1,31.0,3.83,0.4291666666666667
2011-05-02,5.9,30.8,3.88,0.43529166666666663
2011-05-03,3.6,31.7,4.67,0.43849999999999995
2011-05-04,5.2,30.8,3.71,0.4343333333333333
2011-05-05,3.7,30.4,3.82,0.4403333333333333
2011-05-06,4.7,30.3,3.63,0.44329166666666664
2011-05-07,5.7,30.9,4.48,0.443125
2011-05-08,2.7,31.3,4.95,0.43354166666666666
2011-05-09,0.9,31.5,4.89,0.41970833333333335
2011-05-10,12.3,29.9,3.85,0.44754166666666667
2011-05-11,4.4,30.2,3.74,0.451875
2011-05-12,8.9,29.9,3.42,0.4619166666666667
2011-05-13,4.9,29.5,3.47,0.4632083333333334
2011-05-14,11.1,29.5,3.19,0.45016666666666666
2011-05-15,25.3,30.0,3.27,0.44412500000000005
2011-05-16,8.6,31.2,4.15,0.430375
2011-05-17,8.0,31.5,4.16,0.45545833333333335
2011-05-18,13.2,30.5,3.84,0.45870833333333333
2011-05-19,3.8,30.4,3.73,0.45345833333333335
2011-05-20,1.9,30.7,4.29,0.44329166666666664
2011-05-21,4.6,30.5,4.21,0.4452083333333334
2011-05-22,2.0,30.8,4.39,0.44145833333333334
2011-05-23,1.0,31.0,4.65,0.42954166666666665
2011-05-24,4.2,30.2,4.08,0.42412500000000003
2011-05-25,3.8,30.2,3.73,0.44250000000000006
2011-05-26,6.7,29.9,3.35,0.4590416666666666
2011-05-27,5.2,29.5,3.38,0.4542916666666667
2011-05-28,11.8,29.4,3.13,0.47137500000000004
2011-05-29,10.6,28.0,1.77,0.44975000000000004
2011-05-30,9.6,28.4,2.0,0.4580416666666667
2011-05-31,9.6,29.1,2.87,0.4533333333333333
2011-06-01,11.0,29.2,3.43,0.4523333333333333
2011-06-02,10.0,30.2,3.71,0.46412499999999995
2011-06-03,3.2,29.9,3.42,0.45933333333333337
2011-06-04,9.4,30.3,3.71,0.46058333333333334
2011-06-05,10.3,31.3,4.3,0.45816666666666667
2011-06-06,17.5,28.8,2.48,0.45237499999999997
2011-06-07,9.3,29.6,2.81,0.44941666666666663
2011-06-08,3.1,30.1,4.2,0.44612500000000005
2011-06-09,0.5,30.4,4.24,0.43945833333333334
2011-06-10,1.8,29.2,4.23,0.4364166666666667
2011-06-11,8.2,29.6,3.36,0.4535
2011-06-12,7.0,29.2,3.24,0.47045833333333337
2011-06-13,8.0,29.2,3.54,0.45979166666666665
2011-06-14,12.0,27.7,1.62,0.45541666666666664
2011-06-15,5.4,29.7,4.03,0.4620416666666667
2011-06-16,6.1,28.8,3.59,0.46270833333333333
2011-06-17,12.3,28.7,2.65,0.4509166666666667
2011-06-18,19.2,26.7,2.12,0.46608333333333335
2011-06-19,32.7,26.6,1.74,0.47025
2011-06-20,3.1,29.7,3.35,0.4672083333333334
2011-06-21,6.8,28.5,2.92,0.4608333333333334
2011-06-22,2.2,28.8,3.77,0.4557083333333334
2011-06-23,1.6,28.3,3.69,0.4506666666666667
2011-06-24,1.2,29.8,4.92,0.44204166666666667
2011-06-25,0.3,30.2,4.91,0.422625
2011-06-26,2.7,29.5,3.57,0.42
2011-06-27,5.1,29.2,3.63,0.432375
2011-06-28,2.3,29.9,3.99,0.4402083333333333
2011-06-29,7.3,29.6,3.73,0.445375
2011-06-30,9.9,28.3,2.76,0.4462916666666667
2011-07-01,12.1,28.8,2.61,0.44883333333333336
2011-07-02,5.5,28.7,3.54,0.45083333333333336
2011-07-03,4.7,28.1,3.55,0.4567083333333333
2011-07-04,1.0,30.7,4.66,0.448
2011-07-05,0.0,29.9,4.17,0.43225
2011-07-06,1.7,29.3,2.6,0.425375
2011-07-07,11.7,29.9,4.18,0.4364166666666667
2011-07-08,0.5,30.5,4.8,0.43804166666666666
2011-07-09,0.7,29.6,4.53,0.4243333333333333
2011-07-10,14.8,28.3,3.11,0.4515416666666667
2011-07-11,2.0,29.6,3.8,0.46045833333333336
2011-07-12,5.3,29.2,3.64,0.46779166666666666
2011-07-13,3.9,29.0,3.04,0.4648333333333334
2011-07-14,15.7,27.7,2.67,0.4527083333333333
2011-07-15,4.6,29.5,3.9,0.4495
2011-07-16,2.6,29.3,4.02,0.461125
2011-07-17,8.3,28.9,3.81,0.4539166666666667
2011-07-18,0.1,30.4,4.73,0.4409166666666667
2011-07-19,1.7,29.8,4.66,0.4323333333333333
2011-07-20,0.4,30.3,4.58,0.4270416666666667
2011-07-21,0.9,30.1,4.65,0.4126666666666667
2011-07-22,12.3,29.5,4.31,0.4187916666666667
2011-07-23,16.0,27.3,2.81,0.4543333333333333
2011-07-24,13.9,28.1,2.88,0.44916666666666666
2011-07-25,12.1,27.8,2.36,0.4562083333333333
2011-07-26,10.2,28.1,2.88,0.447
2011-07-27,11.6,27.8,2.61,0.454375
2011-07-28,15.1,27.8,2.5,0.4668333333333334
2011-07-29,8.7,27.6,3.03,0.449
2011-07-30,16.3,27.2,2.06,0.4699166666666667
2011-07-31,5.0,28.8,3.22,0.4706666666666666
2011-08-01,2.1,30.6,4.15,0.45895833333333336
2011-08-02,1.7,30.7,4.28,0.44933333333333336
2011-08-03,3.7,28.9,3.95,0.44645833333333335
2011-08-04,0.9,30.0,4.64,0.4355833333333334
2011-08-05,0.1,29.9,4.64,0.42112499999999997
2011-08-06,2.8,29.4,4.11,0.4150416666666667
2011-08-07,4.2,28.6,3.35,0.42783333333333334
2011-08-08,7.8,29.6,3.7,0.44612500000000005
2011-08-09,2.7,29.3,4.05,0.4434166666666666
2011-08-10,7.4,28.0,2.79,0.45925
2011-08-11,4.6,28.9,3.89,0.4638333333333333
2011-08-12,11.0,28.3,2.58,0.47241666666666665
2011-08-13,0.7,29.9,4.67,0.45325
2011-08-14,3.2,29.7,4.13,0.44333333333333336
2011-08-15,20.1,28.1,2.36,0.4502083333333333
2011-08-16,9.9,29.6,3.8,0.44608333333333333
2011-08-17,3.4,29.9,4.4,0.45529166666666665
2011-08-18,1.4,30.2,4.47,0.4462916666666667
2011-08-19,2.7,30.1,3.99,0.4378333333333333
2011-08-20,3.2,31.2,4.35,0.4399583333333333
2011-08-21,1.7,30.2,4.3,0.43345833333333333
2011-08-22,13.0,29.7,3.49,0.4342916666666667
2011-08-23,10.8,29.2,3.05,0.44979166666666665
2011-08-24,7.7,28.1,3.05,0.467
2011-08-25,7.1,29.0,3.22,0.46366666666666667
2011-08-26,17.4,29.4,2.68,0.4639583333333333
2011-08-27,20.5,27.0,2.05,0.47083333333333327
2011-08-28,35.5,25.8,1.18,0.4652083333333333
2011-08-29,7.1,27.9,2.94,0.474625
2011-08-30,0.4,29.7,4.4,0.4572083333333334
2011-08-31,2.6,29.4,4.24,0.451375
2011-09-01,0.4,29.4,3.92,0.4410416666666667
2011-09-02,1.8,29.6,4.3,0.43495833333333334
2011-09-03,3.3,28.9,4.06,0.4387083333333333
2011-09-04,13.0,28.4,3.44,0.45616666666666666
2011-09-05,10.7,29.2,3.45,0.4422083333333333
2011-09-06,5.4,29.6,3.81,0.46045833333333336
2011-09-07,6.1,28.9,3.46,0.46704166666666663
2011-09-08,15.4,28.6,2.9,0.4598333333333333
2011-09-09,17.4,28.8,2.98,0.4658333333333333
2011-09-10,37.4,25.4,1.1,0.4691666666666667
2011-09-11,37.7,25.6,1.19,0.461125
2011-09-12,11.6,28.7,3.07,0.44654166666666667
2011-09-13,0.0,30.5,4.47,0.45
2011-09-14,1.8,29.8,4.22,0.4366666666666667
2011-09-15,1.6,29.8,4.37,0.432
2011-09-16,4.4,30.3,4.56,0.433125
2011-09-17,2.1,29.5,4.47,0.4362083333333333
2011-09-18,18.0,29.3,3.53,0.45091666666666663
2011-09-19,17.5,27.8,2.4,0.4603333333333333
2011-09-20,30.9,26.1,1.35,0.4492083333333334
2011-09-21,15.5,28.3,2.62,0.46225
2011-09-22,28.4,27.4,1.96,0.45508333333333334
2011-09-23,16.0,26.2,1.99,0.45412499999999995
2011-09-24,4.5,27.7,2.46,0.45645833333333335
2011-09-25,4.4,28.2,3.4,0.4586666666666667
2011-09-26,0.8,29.0,3.99,0.44658333333333333
2011-09-27,14.8,27.6,2.35,0.46645833333333336
2011-09-28,19.4,27.4,1.96,0.4374166666666666
2011-09-29,4.4,29.0,3.59,0.44308333333333333
2011-09-30,9.3,28.7,3.2,0.4563333333333333
2011-10-01,5.2,29.0,3.76,0.4310416666666666
2011-10-02,0.9,29.2,4.07,0.42695833333333333
2011-10-03,15.4,28.2,2.59,0.45245833333333335
2011-10-04,7.8,28.1,2.55,0.47008333333333335
2011-10-05,11.8,29.1,3.02,0.4566666666666666
2011-10-06,3.9,28.9,3.13,0.4575833333333334
2011-10-07,3.6,29.0,3.51,0.4635416666666667
2011-10-08,4.7,29.0,3.35,0.4620416666666667
2011-10-09,6.0,28.8,3.06,0.467625
2011-10-10,7.1,28.7,3.08,0.4382083333333333
2011-10-11,9.1,29.3,3.25,0.450625
2011-10-12,12.8,27.9,2.65,0.4640416666666667
2011-10-13,4.8,29.6,3.19,0.44416666666666665
2011-10-14,5.0,29.3,3.28,0.45975000000000005
2011-10-15,0.6,29.8,3.31,0.4538333333333333
2011-10-16,0.2,30.6,4.41,0.43645833333333334
2011-10-17,1.5,31.0,4.14,0.425375
2011-10-18,2.5,31.0,4.11,0.4282083333333333
2011-10-19,6.2,31.6,3.78,0.44966666666666666
2011-10-20,1.2,31.1,3.76,0.452
2011-10-21,0.5,30.4,3.94,0.439375
2011-10-22,12.5,30.0,2.84,0.45375000000000004
2011-10-23,3.5,30.9,3.89,0.44683333333333336
2011-10-24,0.3,31.3,4.31,0.441125
2011-10-25,7.8,30.0,3.2,0.44120833333333337
2011-10-26,8.5,30.3,3.4,0.44212500000000005
2011-10-27,0.6,31.5,4.39,0.4400833333333333
2011-10-28,1.7,31.3,4.1,0.43291666666666667
2011-10-29,1.2,30.8,4.33,0.42770833333333336
2011-10-30,0.0,31.6,4.78,0.4130416666666667
2011-10-31,0.5,31.1,4.08,0.40058333333333335
2011-11-01,0.0,31.4,4.67,0.3885
2011-11-02,1.8,31.3,3.89,0.38237499999999996
2011-11-03,0.0,31.7,4.59,0.3774166666666667
2011-11-04,0.3,31.4,4.53,0.36237499999999995
2011-11-05,9.1,30.5,3.34,0.3689166666666666
2011-11-06,19.5,29.8,2.73,0.45845833333333336
2011-11-07,1.4,29.3,2.75,0.4479166666666667
2011-11-08,4.1,27.9,2.65,0.4504166666666667
2011-11-09,10.0,29.0,2.71,0.4552083333333334
2011-11-10,0.0,30.6,4.05,0.433875
2011-11-11,9.2,29.0,2.94,0.4342916666666667
2011-11-12,7.1,28.6,2.79,0.44683333333333336
2011-11-13,0.2,30.2,3.87,0.4375
2011-11-14,19.3,30.3,3.31,0.44004166666666666
2011-11-15,0.0,30.8,4.13,0.41916666666666663
2011-11-16,0.7,30.8,4.24,0.41225
2011-11-17,2.0,30.8,3.52,0.41274999999999995
2011-11-18,15.4,28.8,2.3,0.43812500000000004
2011-11-19,15.1,29.6,2.94,0.44887499999999997
2011-11-20,0.0,29.4,3.21,0.44895833333333335
2011-11-21,1.0,30.4,3.68,0.434
2011-11-22,0.0,30.8,4.14,0.42604166666666665
2011-11-23,1.5,30.9,4.2,0.41479166666666667
2011-11-24,0.2,29.7,4.07,0.41087500000000005
2011-11-25,1.6,29.0,2.59,0.404625
2011-11-26,5.2,30.2,3.77,0.40562499999999996
2011-11-27,6.0,30.1,3.26,0.4419583333333333
2011-11-28,2.5,30.3,3.5,0.432
2011-11-29,1.3,30.2,3.72,0.42366666666666664
2011-11-30,0.0,30.5,3.71,0.41391666666666665
2011-12-01,0.0,31.3,4.35,0.39695833333333336
2011-12-02,0.0,30.9,4.41,0.37916666666666665
2011-12-03,1.5,29.3,3.33,0.37266666666666665
2011-12-04,0.1,28.8,3.1,0.36720833333333336
2011-12-05,0.0,28.3,3.04,0.35754166666666665
2011-12-06,0.0,30.2,3.8,0.34741666666666665
2011-12-07,5.3,27.9,2.07,0.36766666666666664
2011-12-08,15.8,28.5,2.19,0.42158333333333337
2011-12-09,11.3,28.0,2.17,0.4549166666666667
2011-12-10,0.0,29.5,4.17,0.4384166666666667
2011-12-11,0.0,28.5,4.88,0.41287500000000005
2011-12-12,0.0,28.3,4.67,0.39333333333333337
2011-12-13,1.2,26.8,2.92,0.38329166666666664
2011-12-14,4.5,28.7,2.83,0.3905
2011-12-15,7.7,30.1,3.76,0.43320833333333336
2011-12-16,2.6,29.7,3.6,0.427625
2011-12-17,0.0,29.6,3.69,0.4175
2011-12-18,0.0,30.0,4.19,0.394125
2011-12-19,0.0,29.8,4.69,0.3745833333333333
2011-12-20,1.7,27.6,2.85,0.36599999999999994
2011-12-21,0.1,28.9,3.22,0.36754166666666666
2011-12-22,0.1,29.6,3.15,0.3582916666666667
2011-12-23,0.5,29.7,3.41,0.3535833333333333
2011-12-24,0.0,28.9,3.27,0.34349999999999997
2011-12-25,0.0,27.8,4.46,0.329625
2011-12-26,0.0,27.8,3.53,0.31666666666666665
2011-12-27,0.8,27.7,2.75,0.3107083333333333
2011-12-28,0.0,30.2,3.84,0.30754166666666666
2011-12-29,4.3,28.5,3.41,0.303625
2011-12-30,0.5,29.6,3.1,0.335
2011-12-31,3.8,29.0,2.68,0.35141666666666665
2012-01-01,0.0,29.5,3.43,0.3464583333333333
2012-01-02,0.0,30.0,4.24,0.32837500000000003
2012-01-03,0.4,29.6,3.99,0.31404166666666666
2012-01-04,0.3,29.1,3.77,0.3045
2012-01-05,0.0,30.3,3.98,0.2944583333333333
2012-01-06,0.2,30.3,3.84,0.28562499999999996
2012-01-07,0.0,30.2,3.26,0.279625
2012-01-08,0.0,29.9,4.01,0.272125
2012-01-09,0.1,28.2,3.07,0.26729166666666665
2012-01-10,1.1,28.8,3.06,0.2725416666666667
2012-01-11,2.2,26.6,3.08,0.272625
2012-01-12,0.3,28.3,2.98,0.2765416666666667
2012-01-13,0.7,29.6,3.26,0.27458333333333335
2012-01-14,0.0,30.4,4.42,0.27045833333333336
2012-01-15,14.4,29.3,3.11,0.32716666666666666
2012-01-16,0.5,29.5,2.98,0.38683333333333336
2012-01-17,8.9,29.1,2.7,0.39329166666666665
2012-01-18,7.3,28.5,2.67,0.4167083333333333
2012-01-19,12.5,29.1,2.78,0.4094166666666667
2012-01-20,7.0,28.8,2.9,0.41500000000000004
2012-01-21,0.0,29.8,4.1,0.40929166666666666
2012-01-22,0.0,29.6,4.36,0.38158333333333333
2012-01-23,1.3,29.5,3.94,0.3657916666666667
2012-01-24,3.2,28.5,3.36,0.3670833333333334
2012-01-25,7.1,28.6,3.17,0.422
2012-01-26,1.0,29.0,3.54,0.41841666666666666
2012-01-27,0.4,28.6,3.24,0.3942083333333333
2012-01-28,7.4,28.0,1.87,0.39325000000000004
2012-01-29,2.4,28.7,3.23,0.432375
2012-01-30,2.3,29.5,3.86,0.41083333333333333
2012-01-31,3.7,29.7,3.43,0.4056666666666667
2012-02-01,0.1,29.5,4.06,0.398625
2012-02-02,0.7,30.0,4.34,0.3775
2012-02-03,0.7,29.5,3.75,0.3660833333333333
2012-02-04,0.3,29.8,4.02,0.35516666666666663
2012-02-05,0.1,30.5,4.54,0.34112499999999996
2012-02-06,0.0,29.9,4.07,0.326
2012-02-07,0.4,29.8,3.98,0.315875
2012-02-08,0.1,30.3,4.5,0.30775
2012-02-09,0.0,31.2,5.27,0.2952916666666667
2012-02-10,0.0,30.5,4.64,0.28258333333333335
2012-02-11,0.0,32.3,5.48,0.2715416666666667
2012-02-12,0.0,31.6,5.01,0.26095833333333335
2012-02-13,0.0,31.6,4.56,0.2528333333333333
2012-02-14,0.0,30.7,4.23,0.24708333333333332
2012-02-15,0.0,30.7,4.17,0.24320833333333333
2012-02-16,2.8,31.3,4.11,0.251375
2012-02-17,37.5,29.8,3.03,0.3973333333333333
2012-02-18,2.1,29.4,3.57,0.42370833333333335
2012-02-19,1.4,29.6,4.8,0.405875
2012-02-20,0.0,29.6,4.79,0.3717083333333333
2012-02-21,0.0,30.5,4.52,0.34837500000000005
2012-02-22,4.5,28.6,2.43,0.3825416666666667
2012-02-23,0.1,31.5,4.27,0.37962500000000005
2012-02-24,0.0,31.9,5.01,0.353375
2012-02-25,0.0,32.3,4.64,0.33083333333333337
2012-02-26,0.0,31.9,4.63,0.31383333333333335
2012-02-27,0.0,32.0,5.3,0.299
2012-02-28,0.0,32.4,5.17,0.284125
2012-02-29,0.0,32.3,5.17,0.2719166666666667
2012-03-01,0.2,31.8,4.42,0.26383333333333336
2012-03-02,0.1,33.3,5.62,0.2591666666666667
2012-03-03,0.3,34.2,5.58,0.25233333333333335
2012-03-04,0.0,32.7,5.05,0.2469583333333333
2012-03-05,2.1,32.5,4.36,0.2514166666666667
2012-03-06,0.0,32.5,4.74,0.2657083333333334
2012-03-07,2.3,33.8,4.63,0.26633333333333337
2012-03-08,7.6,32.2,4.07,0.30820833333333336
2012-03-09,2.9,31.8,4.46,0.357625
2012-03-10,0.0,33.3,5.76,0.3392916666666667
2012-03-11,0.0,34.4,6.4,0.30883333333333335
2012-03-12,0.0,33.6,5.84,0.2854583333333333
2012-03-13,0.0,32.8,4.9,0.270125
2012-03-14,0.7,33.7,4.88,0.26004166666666667
2012-03-15,1.5,33.6,4.9,0.2617083333333334
2012-03-16,1.3,33.1,4.87,0.27245833333333336
2012-03-17,0.0,33.5,4.9,0.2734166666666667
2012-03-18,0.0,34.1,5.46,0.25908333333333333
2012-03-19,1.8,33.6,4.92,0.25475
2012-03-20,5.2,32.2,4.37,0.28583333333333333
2012-03-21,2.6,32.4,4.67,0.30979166666666663
2012-03-22,1.6,32.7,4.71,0.30583333333333335
2012-03-23,3.8,32.4,4.55,0.31045833333333334
2012-03-24,20.3,29.7,2.6,0.3781666666666667
2012-03-25,0.5,30.8,3.95,0.4061666666666666
2012-03-26,5.4,31.3,4.41,0.40970833333333334
2012-03-27,1.6,30.6,4.19,0.392375
2012-03-28,3.7,30.3,4.3,0.40020833333333333
2012-03-29,2.5,31.0,4.67,0.38679166666666664
2012-03-30,1.9,31.5,4.26,0.376625
2012-03-31,38.9,30.9,3.44,0.42775
2012-04-01,1.8,31.6,5.23,0.436
2012-04-02,0.1,30.2,4.74,0.4098333333333333
2012-04-03,10.9,29.9,3.55,0.4250416666666667
2012-04-04,7.2,30.8,4.01,0.4364166666666667
2012-04-05,0.0,31.4,5.07,0.410625
2012-04-06,0.9,32.0,5.01,0.39562500000000006
2012-04-07,0.0,31.7,5.25,0.3858333333333333
2012-04-08,0.5,31.7,4.8,0.36925
2012-04-09,0.9,31.7,4.93,0.36000000000000004
2012-04-10,0.9,32.6,5.2,0.349625
2012-04-11,8.8,32.1,4.24,0.373375
2012-04-12,9.3,32.2,4.64,0.4184583333333333
2012-04-13,13.4,31.4,4.27,0.407875
2012-04-14,12.9,30.5,3.42,0.42383333333333334
2012-04-15,4.1,31.8,4.65,0.43687499999999996
2012-04-16,2.1,31.4,4.57,0.4390833333333333
2012-04-17,0.2,32.0,4.83,0.4222916666666667
2012-04-18,6.0,32.4,4.77,0.41808333333333336
2012-04-19,0.3,31.8,4.88,0.42054166666666665
2012-04-20,0.0,32.3,5.3,0.3940416666666667
2012-04-21,0.8,31.3,4.62,0.37799999999999995
2012-04-22,12.6,31.1,4.07,0.4110833333333333
2012-04-23,12.6,30.5,4.07,0.4167083333333333
2012-04-24,0.6,31.7,4.88,0.41487499999999994
2012-04-25,2.2,31.2,4.42,0.4162083333333333
2012-04-26,3.2,32.0,4.79,0.427125
2012-04-27,5.2,30.5,4.05,0.4371666666666667
2012-04-28,14.2,30.0,3.37,0.4472083333333334
2012-04-29,9.3,30.1,3.4,0.4452083333333334
2012-04-30,10.9,29.7,3.23,0.45495833333333335
2012-05-01,0.7,31.4,4.34,0.444375
2012-05-02,5.4,30.3,3.99,0.4504166666666667
2012-05-03,10.0,30.3,3.76,0.44649999999999995
2012-05-04,4.1,30.4,4.19,0.44454166666666667
2012-05-05,1.1,30.9,4.89,0.4350833333333333
2012-05-06,7.9,29.2,3.21,0.44933333333333336
2012-05-07,13.3,28.3,2.44,0.4522083333333333
2012-05-08,7.8,29.2,2.72,0.45
2012-05-09,7.0,29.2,3.45,0.44854166666666667
2012-05-10,2.1,29.9,4.21,0.4379166666666667
2012-05-11,7.6,30.6,4.05,0.45145833333333335
2012-05-12,4.8,29.3,3.81,0.45616666666666666
2012-05-13,8.2,29.5,3.91,0.45129166666666665
2012-05-14,11.2,29.8,3.51,0.4502083333333333
2012-05-15,6.2,28.1,2.76,0.4518333333333333
2012-05-16,18.4,28.1,1.91,0.4578333333333333
2012-05-17,6.4,28.0,2.7,0.46254166666666663
2012-05-18,1.7,30.7,4.19,0.4502083333333333
2012-05-19,1.1,30.7,4.3,0.44016666666666665
2012-05-20,1.1,30.5,4.61,0.42933333333333334
2012-05-21,2.6,30.4,4.43,0.42162499999999997
2012-05-22,6.2,30.1,4.05,0.43483333333333335
2012-05-23,13.1,29.3,3.29,0.4587916666666667
2012-05-24,12.1,29.7,3.23,0.4415
2012-05-25,12.7,28.8,2.73,0.45933333333333337
2012-05-26,7.1,28.6,2.35,0.45975000000000005
2012-05-27,15.5,29.2,2.94,0.45087499999999997
2012-05-28,35.2,27.0,1.4,0.4472083333333334
2012-05-29,11.4,29.6,3.22,0.4668333333333334
2012-05-30,9.9,29.6,3.52,0.45537500000000003
2012-05-31,6.0,30.1,4.31,0.45341666666666663
2012-06-01,8.8,29.0,3.48,0.45175000000000004
2012-06-02,8.7,29.0,3.66,0.44354166666666667
2012-06-03,5.1,29.5,3.98,0.4379166666666667
2012-06-04,4.9,29.5,3.45,0.44979166666666665
2012-06-05,5.0,28.5,3.5,0.4557083333333334
2012-06-06,17.1,28.9,3.21,0.46399999999999997
2012-06-07,11.1,28.6,2.92,0.449
2012-06-08,9.0,29.0,3.47,0.46220833333333333
2012-06-09,11.1,28.5,2.71,0.4513333333333333
2012-06-10,1.9,30.4,3.99,0.43770833333333337
2012-06-11,3.3,30.1,4.44,0.44454166666666667
2012-06-12,6.9,29.2,3.5,0.4566666666666667
2012-06-13,0.0,30.1,4.47,0.437375
2012-06-14,0.0,30.2,5.09,0.415875
2012-06-15,6.2,28.7,4.02,0.4282083333333333
2012-06-16,0.6,29.8,4.77,0.4257916666666666
2012-06-17,4.9,28.4,2.44,0.4370416666666667
2012-06-18,1.8,29.5,3.51,0.4367916666666667
2012-06-19,2.1,29.8,3.76,0.43045833333333333
2012-06-20,0.9,30.2,4.84,0.4171666666666667
2012-06-21,1.2,29.7,4.31,0.4031666666666667
2012-06-22,2.5,29.9,4.39,0.40549999999999997
2012-06-23,10.4,28.5,3.92,0.41920833333333335
2012-06-24,1.9,29.3,4.35,0.4085833333333333
2012-06-25,1.3,30.3,5.07,0.4017916666666667
2012-06-26,0.0,30.4,5.43,0.3874583333333333
2012-06-27,4.9,29.8,4.48,0.38858333333333334
2012-06-28,16.9,28.3,3.26,0.44129166666666664
2012-06-29,14.1,28.2,2.46,0.46187500000000004
2012-06-30,24.1,28.7,3.28,0.47104166666666664
2012-07-01,11.6,28.2,2.55,0.453
2012-07-02,17.5,27.5,2.55,0.45645833333333335
2012-07-03,6.7,28.4,3.27,0.4660416666666667
2012-07-04,7.8,28.1,3.04,0.4691666666666667
2012-07-05,14.1,28.2,2.93,0.459
2012-07-06,11.3,28.1,2.76,0.44216666666666665
2012-07-07,12.5,28.3,2.67,0.4302916666666667
2012-07-08,10.0,28.6,2.53,0.4635416666666667
2012-07-09,12.1,28.4,3.22,0.46412499999999995
2012-07-10,0.3,29.7,4.44,0.4500416666666667
2012-07-11,13.1,29.0,3.03,0.45695833333333336
2012-07-12,27.4,28.2,2.4,0.4656666666666667
2012-07-13,9.0,27.8,2.99,0.4477499999999999
2012-07-14,8.0,28.6,3.21,0.443125
2012-07-15,1.1,29.7,4.24,0.4389166666666667
2012-07-16,4.0,29.3,4.03,0.4363333333333333
2012-07-17,7.8,29.0,3.48,0.454375
2012-07-18,11.6,29.0,3.43,0.4635
2012-07-19,6.3,28.3,3.43,0.46045833333333336
2012-07-20,1.3,29.3,4.43,0.44729166666666664
2012-07-21,0.0,29.3,3.9,0.43570833333333336
2012-07-22,7.5,28.6,3.35,0.44487499999999996
2012-07-23,1.1,29.5,4.52,0.44129166666666664
2012-07-24,6.5,28.0,3.77,0.4467916666666667
2012-07-25,2.1,29.8,4.3,0.454
2012-07-26,0.3,30.1,4.38,0.43412500000000004
2012-07-27,0.3,29.9,4.49,0.4224583333333333
2012-07-28,2.5,29.5,4.09,0.41662499999999997
2012-07-29,4.5,28.2,2.19,0.44408333333333333
2012-07-30,2.6,27.4,2.25,0.43970833333333337
2012-07-31,1.7,29.9,4.38,0.433875
2012-08-01,7.2,27.5,3.15,0.44883333333333336
2012-08-02,18.3,26.4,1.63,0.475875
2012-08-03,3.6,28.5,3.45,0.465625
2012-08-04,1.3,29.7,4.38,0.4459166666666667
2012-08-05,0.8,29.9,4.69,0.432
2012-08-06,1.0,29.4,4.51,0.4222083333333333
2012-08-07,0.8,29.6,4.56,0.41554166666666664
2012-08-08,0.6,30.1,4.76,0.4047083333333333
2012-08-09,1.1,29.7,4.23,0.3997916666666667
2012-08-10,1.8,30.0,4.39,0.41
2012-08-11,1.1,30.6,4.85,0.4000416666666667
2012-08-12,0.0,30.0,4.75,0.38895833333333335
2012-08-13,0.0,30.5,5.38,0.37437499999999996
2012-08-14,4.3,29.8,4.46,0.38966666666666666
2012-08-15,4.0,29.0,4.01,0.41254166666666664
2012-08-16,6.8,28.8,3.3,0.4339583333333333
2012-08-17,17.1,27.4,2.35,0.4580416666666667
2012-08-18,12.9,28.2,2.46,0.44808333333333333
2012-08-19,6.9,29.8,4.19,0.4633333333333333
2012-08-20,1.8,28.8,3.96,0.4455833333333334
2012-08-21,4.0,29.0,3.61,0.44775000000000004
2012-08-22,13.0,27.4,2.84,0.46249999999999997
2012-08-23,8.0,28.6,2.89,0.44649999999999995
2012-08-24,15.1,26.7,2.4,0.45025
2012-08-25,15.4,27.3,2.06,0.4598333333333333
2012-08-26,6.6,29.3,3.31,0.4704166666666667
2012-08-27,7.2,28.9,3.26,0.4360833333333333
2012-08-28,8.5,28.3,3.27,0.46508333333333335
2012-08-29,4.2,28.8,3.75,0.432
2012-08-30,0.0,29.7,4.97,0.41991666666666666
2012-08-31,6.9,29.4,3.94,0.43566666666666665
2012-09-01,1.3,29.1,3.26,0.4452083333333334
2012-09-02,11.2,28.2,3.16,0.445875
2012-09-03,5.2,28.6,3.89,0.4507083333333333
2012-09-04,4.8,29.4,3.7,0.4599166666666667
2012-09-05,12.6,27.6,2.47,0.450625
2012-09-06,18.1,27.0,1.81,0.46316666666666667
2012-09-07,15.2,28.2,2.92,0.45541666666666664
2012-09-08,5.9,30.0,4.35,0.44404166666666667
2012-09-09,5.5,30.8,4.45,0.4502083333333333
2012-09-10,9.6,29.2,2.89,0.4659583333333333
2012-09-11,4.3,28.0,2.78,0.4628333333333334
2012-09-12,17.6,25.9,1.47,0.472625
2012-09-13,26.6,26.0,1.74,0.4559166666666667
2012-09-14,13.6,27.8,2.98,0.47374999999999995
2012-09-15,16.0,27.7,2.71,0.4607916666666667
2012-09-16,18.3,26.8,2.19,0.47562499999999996
2012-09-17,1.5,29.2,3.68,0.4663333333333333
2012-09-18,5.6,28.6,3.52,0.46225
2012-09-19,5.4,28.1,3.19,0.46787500000000004
2012-09-20,13.6,28.7,2.93,0.45445833333333335
2012-09-21,11.0,28.1,2.74,0.44495833333333334
2012-09-22,9.1,28.7,3.27,0.4570416666666666
2012-09-23,6.6,28.5,3.36,0.466375
2012-09-24,12.0,28.3,2.66,0.4594583333333333
2012-09-25,15.5,28.3,2.3,0.46241666666666664
2012-09-26,17.2,26.8,1.6,0.4680416666666667
2012-09-27,28.4,27.2,1.63,0.46325
2012-09-28,29.6,25.4,1.5,0.458
2012-09-29,23.9,27.9,2.21,0.4487083333333333
2012-09-30,10.2,28.1,2.69,0.4615
2012-10-01,15.9,27.3,2.46,0.4499583333333333
2012-10-02,9.8,29.2,2.68,0.45275
2012-10-03,14.2,28.4,2.82,0.44695833333333335
2012-10-04,7.2,29.6,3.48,0.4619166666666667
2012-10-05,10.3,27.8,2.52,0.464
2012-10-06,23.1,29.1,2.75,0.4651666666666667
2012-10-07,21.2,25.8,1.31,0.45125
2012-10-08,6.0,28.9,3.18,0.456875
2012-10-09,16.7,29.9,3.55,0.44533333333333336
2012-10-10,6.1,30.6,4.05,0.44533333333333336
2012-10-11,0.7,31.0,4.08,0.4435833333333334
2012-10-12,1.5,30.8,4.05,0.43745833333333334
2012-10-13,5.6,29.8,3.49,0.44854166666666667
2012-10-14,13.2,29.8,3.27,0.4515416666666667
2012-10-15,5.6,30.9,3.9,0.45037499999999997
2012-10-16,4.6,30.8,3.81,0.457125
2012-10-17,6.6,29.3,3.11,0.45812500000000006
2012-10-18,0.0,30.9,4.47,0.44625000000000004
2012-10-19,0.3,30.9,4.45,0.4310833333333333
2012-10-20,2.6,31.1,4.24,0.425875
2012-10-21,4.9,31.5,4.2,0.4371666666666667
2012-10-22,12.0,29.1,2.58,0.45779166666666665
2012-10-23,19.8,28.1,1.82,0.4598333333333333
2012-10-24,0.2,31.2,4.29,0.446625
2012-10-25,1.1,31.3,4.28,0.43283333333333335
2012-10-26,0.3,30.6,4.38,0.425625
2012-10-27,0.2,30.6,4.01,0.41487499999999994
2012-10-28,0.4,31.3,4.29,0.405875
2012-10-29,6.2,31.7,3.96,0.415125
2012-10-30,10.4,30.1,2.75,0.43425
2012-10-31,4.7,30.4,3.11,0.44975000000000004
2012-11-01,0.1,30.7,3.94,0.4410833333333333
2012-11-02,2.9,30.5,3.95,0.4315
2012-11-03,1.9,30.6,3.66,0.439875
2012-11-04,7.6,30.5,3.44,0.44849999999999995
2012-11-05,10.2,30.9,3.56,0.4506666666666667
2012-11-06,4.8,30.5,3.5,0.45337500000000003
2012-11-07,0.8,30.5,3.72,0.44945833333333335
2012-11-08,0.0,31.1,3.83,0.43583333333333335
2012-11-09,0.0,31.5,4.08,0.4210833333333333
2012-11-10,3.1,31.4,3.8,0.42016666666666663
2012-11-11,3.3,29.3,2.98,0.44045833333333334
2012-11-12,0.4,31.3,3.99,0.43320833333333336
2012-11-13,0.0,31.5,3.99,0.4134583333333333
2012-11-14,3.0,28.1,1.95,0.4089583333333333
2012-11-15,31.2,28.4,2.45,0.4442083333333333
2012-11-16,5.6,28.8,2.48,0.4403333333333333
2012-11-17,11.5,29.6,3.01,0.45295833333333335
2012-11-18,2.2,30.5,3.51,0.45183333333333336
2012-11-19,2.2,28.1,1.99,0.4497083333333334
2012-11-20,9.6,28.0,2.42,0.45695833333333336
2012-11-21,4.9,29.9,2.56,0.4587916666666667
2012-11-22,5.7,30.7,3.24,0.4525416666666667
2012-11-23,10.6,30.1,3.03,0.45045833333333335
2012-11-24,9.0,28.3,2.32,0.447375
2012-11-25,2.3,30.6,3.4,0.43495833333333334
2012-11-26,1.7,30.8,3.73,0.44049999999999995
2012-11-27,8.5,30.1,3.48,0.43883333333333335
2012-11-28,6.2,29.7,2.94,0.43929166666666664
2012-11-29,0.0,30.2,3.97,0.43533333333333335
2012-11-30,6.6,29.7,2.78,0.4457083333333333
2012-12-01,0.0,30.6,4.05,0.44316666666666665
2012-12-02,0.0,29.9,3.71,0.426375
2012-12-03,0.1,30.3,3.73,0.415375
2012-12-04,0.1,29.8,3.58,0.40475
2012-12-05,0.0,30.5,3.96,0.39358333333333334
2012-12-06,0.6,29.9,3.54,0.3854583333333333
2012-12-07,2.2,29.4,3.11,0.388125
2012-12-08,3.2,30.0,3.46,0.419375
2012-12-09,2.8,29.7,3.44,0.42354166666666665
2012-12-10,1.4,29.9,3.43,0.42358333333333337
2012-12-11,1.6,29.8,3.54,0.412125
2012-12-12,0.5,29.6,3.61,0.405875
2012-12-13,0.0,29.9,3.65,0.3921666666666667
2012-12-14,0.7,30.6,3.76,0.3801666666666667
2012-12-15,0.8,30.6,3.82,0.37204166666666666
2012-12-16,0.3,31.2,4.02,0.36199999999999993
2012-12-17,0.1,31.4,4.27,0.3499583333333333
2012-12-18,0.0,32.0,4.51,0.3369166666666667
2012-12-19,0.2,30.9,4.27,0.3254166666666667
2012-12-20,0.0,31.2,4.55,0.31504166666666666
2012-12-21,0.8,31.2,3.98,0.3075
2012-12-22,0.3,31.6,4.41,0.30504166666666666
2012-12-23,0.2,30.2,3.72,0.2987083333333333
2012-12-24,0.0,30.4,4.81,0.29024999999999995
2012-12-25,0.0,29.2,4.07,0.2806666666666667
2012-12-26,0.0,30.8,4.34,0.273125
2012-12-27,0.0,31.0,4.1,0.266625
2012-12-28,0.0,31.3,4.11,0.2615416666666667
2012-12-29,8.3,27.1,1.14,0.3110833333333333
2012-12-30,5.8,30.9,3.75,0.37845833333333334
2012-12-31,0.8,29.5,3.58,0.38695833333333335
2013-01-01,0.0,29.2,3.47,0.35874999999999996
2013-01-02,0.9,30.0,3.71,0.342125
2013-01-03,0.0,30.3,3.85,0.32958333333333334
2013-01-04,0.5,29.0,2.99,0.3189166666666667
2013-01-05,0.0,30.1,3.71,0.31024999999999997
2013-01-06,9.7,26.7,2.38,0.3225
2013-01-07,31.3,24.8,1.01,0.4464166666666667
2013-01-08,2.5,28.5,2.54,0.4367083333333333
2013-01-09,0.7,27.2,2.19,0.42316666666666664
2013-01-10,2.1,28.6,3.03,0.41604166666666664
2013-01-11,0.0,28.2,2.78,0.4094166666666667
2013-01-12,0.6,28.9,3.64,0.39562500000000006
2013-01-13,0.3,28.5,3.66,0.38654166666666673
2013-01-14,0.1,28.3,3.57,0.3760833333333333
2013-01-15,1.0,28.3,3.15,0.367125
2013-01-16,0.0,28.5,3.84,0.3602083333333333
2013-01-17,0.0,28.8,4.16,0.34474999999999995
2013-01-18,0.2,26.4,3.13,0.3322916666666667
2013-01-19,0.0,28.1,4.25,0.32058333333333333
2013-01-20,0.0,29.4,3.81,0.30854166666666666
2013-01-21,0.1,30.1,4.11,0.29820833333333335
2013-01-22,0.7,29.7,4.24,0.2907083333333333
2013-01-23,0.2,29.5,4.0,0.28629166666666667
2013-01-24,0.0,29.2,3.38,0.28020833333333334
2013-01-25,0.0,29.7,4.41,0.27275
2013-01-26,0.0,29.8,4.33,0.2648333333333333
2013-01-27,0.0,29.7,4.44,0.25825000000000004
2013-01-28,0.0,30.4,4.87,0.2522083333333333
2013-01-29,0.0,29.8,4.28,0.24683333333333332
2013-01-30,0.0,31.7,5.54,0.24175
2013-01-31,0.0,31.7,5.37,0.236375
2013-02-01,0.0,31.3,4.87,0.2314166666666667
2013-02-02,0.2,31.7,5.03,0.22758333333333333
2013-02-03,0.0,32.1,5.59,0.22570833333333332
2013-02-04,0.0,33.0,6.11,0.22216666666666665
2013-02-05,0.0,32.6,5.36,0.21866666666666668
2013-02-06,0.0,31.6,4.54,0.21604166666666666
2013-02-07,0.0,30.5,3.93,0.21504166666666666
2013-02-08,0.0,31.8,3.84,0.21424999999999997
2013-02-09,0.0,32.2,5.45,0.21237499999999998
2013-02-10,0.0,32.2,5.79,0.21029166666666665
2013-02-11,0.0,31.9,5.13,0.20862499999999998
2013-02-12,0.0,32.9,5.47,0.20754166666666665
2013-02-13,0.0,32.8,5.99,0.2065
2013-02-14,0.0,33.0,5.25,0.20554166666666665
2013-02-15,0.0,33.5,5.54,0.205
2013-02-16,0.0,33.4,5.84,0.20454166666666665
2013-02-17,0.0,33.6,6.26,0.20366666666666666
2013-02-18,0.0,33.7,6.15,0.20299999999999999
2013-02-19,0.0,32.9,5.16,0.20258333333333334
2013-02-20,0.0,32.4,5.09,0.2021666666666667
2013-02-21,0.4,32.4,4.55,0.2021666666666667
2013-02-22,10.8,26.4,1.52,0.26258333333333334
2013-02-23,0.6,28.5,3.26,0.314125
2013-02-24,0.5,30.0,4.27,0.3032916666666667
2013-02-25,0.0,32.4,5.91,0.286125
2013-02-26,0.0,33.9,6.12,0.2659166666666667
2013-02-27,0.5,32.7,5.51,0.2537916666666667
2013-02-28,0.0,33.5,5.69,0.24533333333333332
2013-03-01,0.3,33.2,5.05,0.23891666666666667
2013-03-02,0.0,34.7,5.72,0.23395833333333335
2013-03-03,0.0,34.3,6.4,0.22766666666666668
2013-03-04,0.4,32.6,5.17,0.2237916666666667
2013-03-05,1.3,31.7,4.87,0.23858333333333334
2013-03-06,0.0,33.7,5.79,0.2343333333333333
2013-03-07,0.0,34.4,5.93,0.22733333333333336
2013-03-08,0.0,33.9,5.69,0.2217083333333333
2013-03-09,0.0,31.9,4.92,0.218
2013-03-10,0.0,33.1,4.97,0.2155
2013-03-11,0.0,34.0,5.71,0.21333333333333335
2013-03-12,0.0,32.9,4.61,0.21216666666666664
2013-03-13,0.0,33.7,5.11,0.21108333333333332
2013-03-14,0.0,33.7,5.36,0.21054166666666665
2013-03-15,0.8,34.2,5.04,0.21404166666666666
2013-03-16,0.0,34.1,5.68,0.22108333333333333
2013-03-17,1.2,33.1,4.82,0.22095833333333334
2013-03-18,0.5,33.3,4.35,0.23
2013-03-19,0.0,34.9,5.91,0.22833333333333336
2013-03-20,0.0,34.6,5.89,0.22229166666666667
2013-03-21,0.0,34.7,5.76,0.21716666666666665
2013-03-22,0.0,34.5,5.24,0.21329166666666666
2013-03-23,0.0,34.4,5.45,0.211125
2013-03-24,0.1,34.2,5.32,0.21016666666666664
2013-03-25,3.4,33.7,5.08,0.22358333333333333
2013-03-26,2.9,34.8,5.1,0.24758333333333335
2013-03-27,0.6,34.5,5.37,0.25670833333333337
2013-03-28,0.0,34.3,5.64,0.24975
2013-03-29,0.1,35.7,5.97,0.239125
2013-03-30,0.2,35.9,5.72,0.23299999999999998
2013-03-31,3.2,35.1,5.01,0.24679166666666666
2013-04-01,1.6,35.2,5.14,0.2733333333333334
2013-04-02,1.1,34.6,4.72,0.2820833333333333
2013-04-03,2.7,34.1,4.15,0.294875
2013-04-04,0.6,33.5,5.06,0.3025833333333333
2013-04-05,0.1,33.8,5.43,0.29229166666666667
2013-04-06,1.5,33.8,5.86,0.28099999999999997
2013-04-07,29.4,34.2,5.23,0.32208333333333333
2013-04-08,15.9,31.6,3.49,0.40575
2013-04-09,2.4,32.6,4.39,0.39008333333333334
2013-04-10,16.1,29.7,2.71,0.4182916666666667
2013-04-11,7.1,31.4,3.62,0.4306666666666667
2013-04-12,14.9,30.8,2.27,0.445
2013-04-13,23.4,28.3,2.72,0.4447083333333333
2013-04-14,10.9,28.0,2.15,0.454625
2013-04-15,1.5,30.6,3.48,0.4459166666666667
2013-04-16,6.4,31.8,4.25,0.44145833333333334
2013-04-17,14.3,31.2,3.98,0.45216666666666666
2013-04-18,0.0,31.0,4.44,0.44579166666666664
2013-04-19,0.0,31.5,5.3,0.41850000000000004
2013-04-20,0.0,31.6,4.9,0.3960416666666667
2013-04-21,0.1,31.6,4.52,0.37883333333333336
2013-04-22,10.4,32.0,4.45,0.39166666666666666
2013-04-23,14.3,29.4,2.65,0.4395
2013-04-24,4.4,31.2,3.83,0.4382083333333333
2013-04-25,3.6,31.8,4.15,0.439875
2013-04-26,0.6,31.7,4.56,0.4244583333333333
2013-04-27,0.3,31.5,4.78,0.40729166666666666
2013-04-28,6.5,32.0,4.62,0.4109583333333333
2013-04-29,0.0,31.9,4.93,0.4150416666666667
2013-04-30,1.6,32.6,4.85,0.39287500000000003
2013-05-01,4.2,31.6,4.71,0.4003333333333334
2013-05-02,2.3,31.9,4.69,0.405125
2013-05-03,9.3,31.1,4.41,0.417875
2013-05-04,7.1,31.5,3.48,0.4422916666666667
2013-05-05,6.6,31.6,4.18,0.4249583333333333
2013-05-06,11.6,31.2,3.36,0.42683333333333334
2013-05-07,7.4,31.2,3.81,0.4370416666666667
2013-05-08,11.6,31.5,3.62,0.45087499999999997
2013-05-09,8.9,30.7,3.28,0.44766666666666666
2013-05-10,1.8,32.2,4.65,0.43004166666666666
2013-05-11,10.9,31.8,4.41,0.4307083333333333
2013-05-12,17.1,31.1,3.29,0.44208333333333333
2013-05-13,6.2,29.4,3.23,0.4626666666666667
2013-05-14,0.6,32.0,4.88,0.44683333333333336
2013-05-15,12.2,31.6,4.1,0.4414166666666666
2013-05-16,5.0,31.9,4.24,0.45116666666666666
2013-05-17,11.4,30.4,3.39,0.451875
2013-05-18,14.1,30.4,3.51,0.46058333333333334
2013-05-19,7.1,29.6,3.27,0.45587500000000003
2013-05-20,9.2,30.0,3.69,0.45508333333333334
2013-05-21,14.2,30.8,3.3,0.447
2013-05-22,7.0,31.3,4.67,0.45545833333333335
2013-05-23,10.5,29.5,3.43,0.4619166666666667
2013-05-24,22.5,29.9,3.14,0.45537500000000003
2013-05-25,11.9,29.6,3.45,0.4525416666666667
2013-05-26,2.9,30.3,3.99,0.4565416666666667
2013-05-27,3.2,30.8,4.51,0.451375
2013-05-28,12.8,30.2,4.06,0.4359583333333334
2013-05-29,9.4,29.9,3.52,0.43970833333333337
2013-05-30,9.8,30.1,3.42,0.4655
2013-05-31,4.6,30.4,3.91,0.4543333333333333
2013-06-01,4.4,30.0,3.61,0.462625
2013-06-02,15.6,29.4,3.16,0.45341666666666663
2013-06-03,5.3,30.2,3.5,0.444375
2013-06-04,9.3,29.6,3.06,0.45625000000000004
2013-06-05,11.8,29.6,3.09,0.44295833333333334
2013-06-06,6.8,30.4,3.3,0.44379166666666664
2013-06-07,2.5,31.2,4.74,0.4506666666666667
2013-06-08,7.5,30.6,4.47,0.43845833333333334
2013-06-09,5.1,30.6,4.13,0.44283333333333336
2013-06-10,9.0,30.6,3.91,0.45612500000000006
2013-06-11,12.8,29.1,2.92,0.45529166666666665
2013-06-12,19.9,28.0,2.15,0.459
2013-06-13,8.9,28.2,2.41,0.4766666666666666
2013-06-14,37.3,27.0,1.43,0.45937500000000003
2013-06-15,25.5,26.6,1.7,0.4614583333333333
2013-06-16,21.7,26.4,1.69,0.47041666666666665
2013-06-17,14.2,27.5,2.41,0.4567083333333333
2013-06-18,6.8,29.5,3.32,0.443625
2013-06-19,11.3,29.5,3.31,0.45366666666666666
2013-06-20,13.9,29.1,2.98,0.4478333333333333
2013-06-21,8.7,29.0,3.36,0.451375
2013-06-22,9.9,27.6,2.24,0.461125
2013-06-23,11.2,28.9,2.65,0.45566666666666666
2013-06-24,5.4,29.4,2.99,0.4582916666666667
2013-06-25,3.3,30.3,4.34,0.4509166666666667
2013-06-26,1.6,29.9,4.46,0.44075
2013-06-27,12.6,30.0,3.91,0.4523333333333333
2013-06-28,3.7,29.5,3.93,0.4558333333333333
2013-06-29,4.9,29.6,4.08,0.4552083333333334
2013-06-30,5.6,29.9,4.18,0.45587500000000003
2013-07-01,10.3,28.8,3.35,0.4562916666666667
2013-07-02,10.8,29.3,3.65,0.45199999999999996
2013-07-03,9.1,28.3,3.12,0.44208333333333333
2013-07-04,13.6,28.0,1.99,0.44916666666666666
2013-07-05,10.1,28.8,2.97,0.45308333333333334
2013-07-06,9.9,29.4,2.92,0.4730833333333333
2013-07-07,10.2,27.9,2.46,0.45058333333333334
2013-07-08,8.5,28.6,2.95,0.46950000000000003
2013-07-09,4.3,28.7,2.49,0.4699166666666667
2013-07-10,4.5,29.0,4.05,0.4619166666666667
2013-07-11,0.5,30.1,4.69,0.4475
2013-07-12,0.5,30.6,5.04,0.43170833333333336
2013-07-13,8.1,30.0,4.69,0.44370833333333337
2013-07-14,5.6,28.1,3.69,0.45883333333333337
2013-07-15,17.8,26.9,2.06,0.46491666666666664
2013-07-16,7.8,27.9,3.29,0.47574999999999995
2013-07-17,3.9,28.5,3.07,0.4699166666666667
2013-07-18,6.1,28.6,3.92,0.4374166666666666
2013-07-19,17.5,26.8,2.36,0.45566666666666666
2013-07-20,11.4,26.9,2.09,0.4565416666666666
2013-07-21,13.3,26.5,1.49,0.45495833333333335
2013-07-22,14.5,26.6,2.16,0.4560416666666667
2013-07-23,34.8,27.2,2.11,0.45691666666666664
2013-07-24,5.7,28.7,3.52,0.45966666666666667
2013-07-25,3.3,28.7,3.84,0.46070833333333333
2013-07-26,0.1,29.4,4.37,0.44525
2013-07-27,4.6,28.9,3.43,0.4467083333333333
2013-07-28,4.7,29.0,3.67,0.45275
2013-07-29,9.9,28.5,2.82,0.46049999999999996
2013-07-30,2.9,29.4,4.07,0.4495416666666667
2013-07-31,11.8,28.2,2.77,0.45337500000000003
2013-08-01,8.8,27.7,2.53,0.467125
2013-08-02,14.7,26.7,1.98,0.4719583333333333
2013-08-03,6.5,28.1,2.57,0.4487916666666667
2013-08-04,1.3,29.8,4.13,0.4546666666666667
2013-08-05,4.0,29.6,4.07,0.44612500000000005
2013-08-06,7.5,27.2,2.31,0.45691666666666664
2013-08-07,10.5,28.2,3.19,0.4559583333333333
2013-08-08,8.0,27.9,2.72,0.44766666666666666
2013-08-09,8.5,28.3,3.16,0.45133333333333336
2013-08-10,8.7,29.2,3.16,0.45683333333333337
2013-08-11,14.3,27.6,1.77,0.45820833333333333
2013-08-12,13.6,28.5,2.55,0.4599583333333333
2013-08-13,18.4,27.6,1.77,0.44849999999999995
2013-08-14,1.8,29.6,3.96,0.43366666666666664
2013-08-15,2.0,30.3,4.3,0.43570833333333336
2013-08-16,0.5,29.9,4.5,0.4303333333333333
2013-08-17,2.7,30.1,4.56,0.425625
2013-08-18,1.5,29.8,4.69,0.4250833333333333
2013-08-19,0.3,30.2,5.19,0.41250000000000003
2013-08-20,0.0,29.9,5.84,0.39333333333333337
2013-08-21,1.0,29.8,5.09,0.38037499999999996
2013-08-22,3.6,29.0,4.26,0.39175000000000004
2013-08-23,5.0,28.6,3.78,0.42454166666666665
2013-08-24,4.2,28.2,2.96,0.44354166666666667
2013-08-25,9.6,27.1,1.83,0.45875
2013-08-26,2.0,28.3,2.73,0.4486666666666667
2013-08-27,4.1,29.2,3.81,0.4457083333333334
2013-08-28,2.0,27.9,3.1,0.448625
2013-08-29,1.2,29.5,4.24,0.44179166666666664
2013-08-30,3.9,29.6,3.79,0.44083333333333335
2013-08-31,4.8,30.1,4.23,0.4484166666666667
2013-09-01,17.4,31.1,4.67,0.45295833333333335
2013-09-02,2.7,31.1,4.51,0.45616666666666666
2013-09-03,7.9,30.8,4.39,0.45049999999999996
2013-09-04,0.6,30.6,4.41,0.43983333333333335
2013-09-05,4.5,30.6,4.04,0.4403333333333333
2013-09-06,6.3,29.1,3.65,0.45929166666666665
2013-09-07,25.2,27.3,2.16,0.461125
2013-09-08,16.9,29.5,3.16,0.44679166666666664
2013-09-09,30.0,29.4,3.61,0.46454166666666663
2013-09-10,71.6,30.1,3.08,0.461125
2013-09-11,8.3,28.2,2.86,0.4718333333333333
2013-09-12,8.1,27.9,2.13,0.44883333333333336
2013-09-13,6.8,28.9,2.48,0.4435833333333334
2013-09-14,6.8,28.8,3.05,0.46449999999999997
2013-09-15,11.0,28.5,3.29,0.46008333333333334
2013-09-16,6.4,29.3,2.97,0.46170833333333333
2013-09-17,13.1,28.8,2.77,0.455625
2013-09-18,8.9,28.1,2.75,0.46420833333333333
2013-09-19,3.5,28.9,3.63,0.4655416666666667
2013-09-20,11.3,28.5,3.44,0.460625
2013-09-21,6.3,29.2,2.85,0.4567083333333333
2013-09-22,9.4,28.2,2.33,0.4625416666666667
2013-09-23,4.5,29.3,3.36,0.46770833333333334
2013-09-24,3.2,28.1,2.97,0.46770833333333334
2013-09-25,2.8,28.9,2.93,0.4633333333333334
2013-09-26,1.9,29.1,3.34,0.4515833333333334
2013-09-27,2.2,29.4,4.09,0.450625
2013-09-28,0.7,30.0,4.7,0.43616666666666665
2013-09-29,7.4,28.5,3.44,0.44125
2013-09-30,10.9,28.5,3.56,0.4407916666666667
2013-10-01,6.6,28.7,3.66,0.44054166666666666
2013-10-02,16.4,28.0,2.45,0.4502083333333333
2013-10-03,2.9,28.9,3.19,0.43454166666666666
2013-10-04,2.9,28.8,3.9,0.44812500000000005
2013-10-05,10.0,27.0,2.28,0.4663333333333333
2013-10-06,26.6,26.7,1.7,0.45875
2013-10-07,11.7,27.2,1.92,0.45716666666666667
2013-10-08,6.5,29.0,3.59,0.4354166666666666
2013-10-09,9.8,28.4,3.36,0.45737500000000003
2013-10-10,1.0,29.8,4.24,0.445375
2013-10-11,3.9,30.2,3.86,0.453
2013-10-12,25.0,30.3,3.35,0.4575416666666667
2013-10-13,8.2,29.4,3.25,0.4572083333333334
2013-10-14,1.9,29.5,2.85,0.454
2013-10-15,1.4,28.5,3.3,0.45341666666666663
2013-10-16,6.5,29.1,2.79,0.4578333333333333
2013-10-17,9.5,31.2,4.1,0.452625
2013-10-18,3.9,31.6,3.95,0.45412500000000006
2013-10-19,10.2,29.6,2.89,0.47150000000000003
2013-10-20,15.7,30.7,3.87,0.4602916666666667
2013-10-21,1.2,29.7,3.37,0.44545833333333335
2013-10-22,3.7,30.6,3.8,0.44849999999999995
2013-10-23,10.3,29.8,3.67,0.458625
2013-10-24,7.3,29.9,3.53,0.459625
2013-10-25,8.9,29.9,3.69,0.47433333333333333
2013-10-26,4.4,28.5,2.41,0.4668333333333334
2013-10-27,13.0,29.6,3.12,0.46091666666666664
2013-10-28,5.8,30.0,3.93,0.42954166666666665
2013-10-29,0.3,30.3,4.05,0.42654166666666665
2013-10-30,2.8,30.3,3.31,0.43354166666666666
2013-10-31,3.2,30.5,3.64,0.4371666666666667
2013-11-01,0.6,29.7,3.61,0.4350833333333333
2013-11-02,0.4,30.1,3.91,0.42112499999999997
2013-11-03,0.0,30.9,4.13,0.4070833333333333
2013-11-04,0.0,30.9,4.38,0.3924166666666667
2013-11-05,0.0,31.3,4.63,0.3781666666666667
2013-11-06,25.9,31.2,4.03,0.3968333333333333
2013-11-07,45.9,26.7,1.16,0.454625
2013-11-08,3.6,29.7,2.82,0.44908333333333333
2013-11-09,0.0,30.7,4.14,0.4402916666666667
2013-11-10,3.7,29.2,3.42,0.4399166666666667
2013-11-11,2.4,30.5,3.82,0.4442916666666667
2013-11-12,5.0,30.7,3.57,0.4495416666666667
2013-11-13,1.7,30.1,3.35,0.44745833333333335
2013-11-14,0.2,30.5,3.54,0.4379166666666667
2013-11-15,10.1,27.1,1.73,0.44254166666666667
2013-11-16,2.7,30.0,3.34,0.44258333333333333
2013-11-17,1.1,29.9,3.3,0.44766666666666666
2013-11-18,2.6,30.2,3.55,0.44383333333333336
2013-11-19,0.0,30.5,3.94,0.436625
2013-11-20,5.6,28.2,2.52,0.4367916666666667
2013-11-21,8.4,26.1,1.4,0.46845833333333337
2013-11-22,7.5,26.9,1.77,0.467125
2013-11-23,2.9,27.4,1.97,0.4648333333333334
2013-11-24,6.1,30.3,3.45,0.4522916666666667
2013-11-25,11.0,30.4,3.65,0.45
2013-11-26,1.7,29.6,3.49,0.45708333333333334
2013-11-27,5.9,29.3,2.41,0.455625
2013-11-28,9.4,29.5,2.7,0.451375
2013-11-29,1.7,29.6,3.72,0.4517083333333334
2013-11-30,0.0,29.4,3.84,0.4394166666666666
2013-12-01,0.0,28.6,3.79,0.4230416666666667
2013-12-02,0.4,27.5,3.82,0.40995833333333337
2013-12-03,0.3,28.1,3.55,0.40325000000000005
2013-12-04,0.1,28.7,3.61,0.39366666666666666
2013-12-05,0.0,29.6,3.27,0.385
2013-12-06,0.0,28.8,3.37,0.37666666666666665
2013-12-07,0.0,28.5,3.41,0.3682083333333333
2013-12-08,0.0,29.3,4.25,0.3575
2013-12-09,0.1,28.9,3.31,0.3485833333333333
2013-12-10,0.0,29.8,4.03,0.3405
2013-12-11,0.0,29.9,3.48,0.33108333333333334
2013-12-12,0.0,30.1,3.79,0.3242916666666667
2013-12-13,0.0,30.3,3.81,0.315875
2013-12-14,17.2,29.7,3.11,0.3446666666666667
2013-12-15,1.9,28.9,3.05,0.39891666666666664
2013-12-16,9.9,28.2,2.03,0.4279583333333334
2013-12-17,15.6,29.1,2.96,0.4429166666666667
2013-12-18,0.4,26.8,2.97,0.4415
2013-12-19,0.0,27.2,3.36,0.425375
2013-12-20,0.0,26.9,3.93,0.408375
2013-12-21,0.0,27.0,3.66,0.39329166666666665
2013-12-22,0.0,27.5,3.42,0.38133333333333336
2013-12-23,0.0,28.3,4.23,0.36920833333333336
2013-12-24,0.0,27.7,3.86,0.3569166666666666
2013-12-25,0.0,27.9,3.61,0.3465833333333333
2013-12-26,0.0,28.4,4.41,0.33558333333333334
2013-12-27,0.0,27.9,4.15,0.323875
2013-12-28,0.0,25.9,3.47,0.314125
2013-12-29,0.0,26.8,3.75,0.305875
2013-12-30,0.5,26.9,3.91,0.299375
2013-12-31,0.0,27.9,3.67,0.293375
2014-01-01,0.0,27.7,3.25,0.28624999999999995
2014-01-02,0.0,28.8,3.39,0.2808333333333333
2014-01-03,0.0,28.9,3.14,0.27566666666666667
2014-01-04,4.6,28.6,3.09,0.2826666666666667
2014-01-05,0.0,28.7,3.17,0.30633333333333335
2014-01-06,0.0,28.6,3.55,0.29741666666666666
2014-01-07,0.0,29.4,3.86,0.2874583333333333
2014-01-08,0.0,27.4,1.63,0.28070833333333334
2014-01-09,1.3,27.6,2.95,0.28075
2014-01-10,0.0,28.5,3.43,0.27508333333333335
2014-01-11,0.0,29.6,4.2,0.26729166666666665
2014-01-12,0.0,28.6,3.22,0.2605
2014-01-13,0.0,29.4,4.15,0.25608333333333333
2014-01-14,0.0,28.7,4.24,0.25075
2014-01-15,0.0,28.2,4.36,0.24558333333333335
2014-01-16,0.0,27.6,4.08,0.24083333333333332
2014-01-17,0.0,27.8,4.12,0.23666666666666666
2014-01-18,0.0,27.6,3.76,0.233625
2014-01-19,0.0,27.5,4.75,0.23266666666666666
2014-01-20,0.0,28.6,4.89,0.22858333333333336
2014-01-21,0.5,28.1,3.97,0.228375
2014-01-22,0.9,27.5,4.98,0.232125
2014-01-23,0.0,26.8,4.58,0.22829166666666667
2014-01-24,0.0,27.3,4.32,0.22483333333333333
2014-01-25,0.0,27.0,3.82,0.22175
2014-01-26,0.0,27.9,3.86,0.21920833333333334
2014-01-27,0.0,29.0,4.25,0.21704166666666666
2014-01-28,0.0,28.7,4.07,0.21508333333333332
2014-01-29,0.0,29.4,4.42,0.21320833333333333
2014-01-30,0.0,29.2,4.21,0.2117083333333333
2014-01-31,0.0,29.2,4.23,0.2105
2014-02-01,0.0,28.6,4.06,0.209125
2014-02-02,0.7,27.6,3.69,0.21191666666666667
2014-02-03,0.2,29.4,3.83,0.21495833333333333
2014-02-04,0.0,28.8,3.42,0.21666666666666667
2014-02-05,0.0,28.4,3.22,0.217
2014-02-06,0.0,29.9,4.54,0.216125
2014-02-07,0.0,29.8,3.93,0.21404166666666666
2014-02-08,0.0,31.1,4.72,0.21204166666666666
2014-02-09,0.0,30.5,4.83,0.21008333333333332
2014-02-10,0.0,31.1,4.83,0.20820833333333333
2014-02-11,0.0,30.9,4.61,0.20754166666666665
2014-02-12,0.0,31.0,4.75,0.20804166666666665
2014-02-13,0.0,31.0,5.28,0.20758333333333331
2014-02-14,0.0,31.1,4.98,0.207
2014-02-15,0.0,31.7,5.5,0.20645833333333333
2014-02-16,0.0,31.4,5.58,0.20545833333333333
2014-02-17,0.0,31.3,5.17,0.2045
2014-02-18,0.0,31.4,5.0,0.20358333333333334
2014-02-19,0.0,31.2,4.59,0.20299999999999999
2014-02-20,0.0,31.6,5.87,0.2026666666666667
2014-02-21,0.0,30.8,4.89,0.20270833333333335
2014-02-22,0.6,30.8,4.72,0.20516666666666664
2014-02-23,0.0,29.9,4.8,0.20837499999999998
2014-02-24,0.0,31.2,5.07,0.20808333333333331
2014-02-25,0.0,31.8,5.38,0.207
2014-02-26,0.0,31.5,5.25,0.20554166666666665
2014-02-27,0.0,31.9,5.96,0.20454166666666665
2014-02-28,0.0,32.3,5.99,0.20354166666666665
2014-03-01,0.0,31.4,4.69,0.20270833333333335
2014-03-02,0.0,32.0,5.12,0.20200000000000004
2014-03-03,0.0,32.3,4.85,0.20204166666666667
2014-03-04,0.0,32.2,5.24,0.20166666666666666
2014-03-05,0.0,33.3,6.12,0.20099999999999998
2014-03-06,0.0,32.8,5.73,0.20145833333333332
2014-03-07,0.0,32.4,4.84,0.20175
2014-03-08,0.0,33.0,5.5,0.20166666666666666
2014-03-09,0.0,33.1,5.61,0.20104166666666667
2014-03-10,0.0,33.3,6.02,0.20099999999999998
2014-03-11,0.0,33.6,6.17,0.20099999999999998
2014-03-12,0.0,34.5,6.35,0.20070833333333335
2014-03-13,0.0,32.9,4.58,0.200375
2014-03-14,0.0,33.6,5.27,0.20091666666666666
2014-03-15,0.0,35.0,7.18,0.20162500000000003
2014-03-16,0.3,35.2,7.0,0.20175
2014-03-17,0.0,34.5,6.34,0.20341666666666666
2014-03-18,0.0,34.8,6.27,0.20375
2014-03-19,0.0,32.6,4.54,0.20445833333333333
2014-03-20,0.0,33.2,5.18,0.20366666666666666
2014-03-21,4.4,31.7,4.35,0.22887500000000002
2014-03-22,0.0,33.8,6.84,0.2619166666666667
2014-03-23,0.3,32.5,6.03,0.24916666666666668
2014-03-24,0.0,32.9,6.12,0.24108333333333332
2014-03-25,0.1,33.0,5.09,0.23375
2014-03-26,0.0,33.8,5.42,0.22866666666666668
2014-03-27,0.1,34.2,5.83,0.22445833333333334
2014-03-28,3.6,33.9,4.57,0.23683333333333334
2014-03-29,4.7,33.6,4.89,0.27579166666666666
2014-03-30,1.8,33.7,5.07,0.304125
2014-03-31,1.9,33.0,4.89,0.307125
2014-04-01,2.7,33.5,5.24,0.31154166666666666
2014-04-02,0.0,33.4,5.22,0.306375
2014-04-03,4.3,32.8,4.48,0.303625
2014-04-04,2.6,32.5,4.66,0.31704166666666667
2014-04-05,7.3,32.3,4.37,0.3449166666666667
2014-04-06,9.7,30.3,3.16,0.4136666666666667
2014-04-07,1.4,30.2,3.84,0.3746666666666667
2014-04-08,13.7,31.1,4.36,0.39958333333333335
2014-04-09,0.4,31.8,4.91,0.39679166666666665
2014-04-10,2.2,32.0,4.56,0.37920833333333337
2014-04-11,5.9,31.9,4.61,0.393
2014-04-12,10.0,30.5,3.8,0.4071666666666667
2014-04-13,1.2,31.4,4.6,0.3794166666666667
2014-04-14,0.2,31.8,4.87,0.3665416666666667
2014-04-15,6.9,31.5,4.52,0.381375
2014-04-16,0.9,31.6,4.7,0.39766666666666667
2014-04-17,2.0,31.9,4.84,0.378625
2014-04-18,0.6,32.4,5.16,0.3662916666666667
2014-04-19,0.2,32.2,5.35,0.3473333333333333
2014-04-20,0.0,32.7,5.41,0.32595833333333335
2014-04-21,2.0,33.0,5.07,0.31325
2014-04-22,5.1,33.8,5.06,0.3489583333333333
2014-04-23,0.8,32.3,5.11,0.35604166666666665
2014-04-24,0.1,33.0,5.07,0.33816666666666667
2014-04-25,0.0,34.1,5.61,0.3145833333333333
2014-04-26,0.0,33.9,5.32,0.2935
2014-04-27,0.1,33.9,5.3,0.27858333333333335
2014-04-28,11.8,33.5,4.77,0.30541666666666667
2014-04-29,5.7,31.4,3.39,0.38995833333333335
2014-04-30,4.4,31.7,4.23,0.40158333333333335
2014-05-01,11.9,31.3,3.82,0.40008333333333335
2014-05-02,4.7,30.9,3.58,0.40529166666666666
2014-05-03,6.0,32.3,4.26,0.41087500000000005
2014-05-04,2.9,32.8,4.87,0.40079166666666666
2014-05-05,2.2,33.5,4.72,0.39529166666666665
2014-05-06,0.7,32.8,4.7,0.3777916666666667
2014-05-07,2.9,33.1,4.72,0.3638333333333333
2014-05-08,5.8,32.5,4.64,0.3837083333333333
2014-05-09,0.2,33.0,4.95,0.3862916666666667
2014-05-10,1.6,32.9,4.91,0.3597916666666667
2014-05-11,0.6,32.4,4.36,0.34708333333333335
2014-05-12,7.5,32.5,4.48,0.357
2014-05-13,3.8,31.4,4.45,0.3809166666666666
2014-05-14,1.9,31.7,4.73,0.37954166666666667
2014-05-15,5.0,30.6,4.16,0.38975000000000004
2014-05-16,8.7,31.5,4.07,0.41100000000000003
2014-05-17,7.7,31.4,3.96,0.42087499999999994
2014-05-18,12.8,31.2,4.26,0.419375
2014-05-19,5.1,31.0,4.24,0.419
2014-05-20,1.8,31.9,4.34,0.40599999999999997
2014-05-21,7.0,31.7,4.44,0.4107083333333333
2014-05-22,5.0,31.7,4.78,0.41816666666666663
2014-05-23,6.8,30.6,4.11,0.43895833333333334
2014-05-24,3.5,30.7,3.44,0.41754166666666664
2014-05-25,8.3,32.0,3.9,0.4252916666666666
2014-05-26,16.7,31.1,3.85,0.43012500000000004
2014-05-27,5.8,31.4,4.2,0.431125
2014-05-28,0.5,31.7,4.58,0.421875
2014-05-29,0.2,31.8,4.67,0.39916666666666667
2014-05-30,4.0,30.4,4.1,0.39254166666666673
2014-05-31,3.7,30.0,3.91,0.4137916666666667
2014-06-01,10.7,30.8,3.86,0.4242083333333333
2014-06-02,12.0,30.5,3.18,0.4379166666666667
2014-06-03,12.6,29.2,2.95,0.453125
2014-06-04,7.1,30.1,3.54,0.46291666666666664
2014-06-05,6.3,29.3,3.74,0.45787500000000003
2014-06-06,10.2,29.9,3.75,0.44741666666666663
2014-06-07,4.7,31.6,4.5,0.44612500000000005
2014-06-08,5.8,31.4,3.93,0.45212500000000005
2014-06-09,2.7,31.4,4.54,0.44458333333333333
2014-06-10,1.1,31.2,4.32,0.425125
2014-06-11,7.8,30.2,3.31,0.43529166666666663
2014-06-12,14.2,29.0,2.45,0.45733333333333337
2014-06-13,15.1,28.2,1.72,0.4477083333333333
2014-06-14,6.4,29.7,2.87,0.4592083333333334
2014-06-15,3.4,30.2,3.09,0.4399583333333333
2014-06-16,12.5,30.1,2.79,0.4595416666666667
2014-06-17,11.3,29.1,2.88,0.45849999999999996
2014-06-18,13.7,30.3,3.28,0.46166666666666667
2014-06-19,0.6,30.2,3.78,0.45258333333333334
2014-06-20,5.0,28.9,3.39,0.4483333333333333
2014-06-21,6.2,28.9,2.43,0.4524166666666667
2014-06-22,22.0,28.4,2.5,0.45625
2014-06-23,6.7,30.2,3.84,0.46529166666666666
2014-06-24,7.1,28.9,3.63,0.4678333333333333
2014-06-25,9.1,29.1,2.88,0.462625
2014-06-26,0.0,30.7,4.65,0.4407083333333333
2014-06-27,13.0,29.0,3.59,0.44154166666666667
2014-06-28,9.8,28.6,3.43,0.449625
2014-06-29,12.0,28.4,3.23,0.44529166666666664
2014-06-30,2.7,28.6,3.71,0.44404166666666667
2014-07-01,4.5,28.9,3.98,0.4558333333333333
2014-07-02,4.6,30.0,4.24,0.451875
2014-07-03,3.7,29.7,4.18,0.44708333333333333
2014-07-04,13.2,28.8,3.35,0.4537083333333333
2014-07-05,15.2,28.9,2.97,0.4387916666666667
2014-07-06,10.1,28.7,2.89,0.44237499999999996
2014-07-07,1.7,30.0,3.9,0.42770833333333336
2014-07-08,11.0,28.5,3.11,0.45095833333333335
2014-07-09,14.6,27.9,2.3,0.4651666666666667
2014-07-10,9.4,28.5,2.7,0.46575000000000005
2014-07-11,2.6,29.9,3.41,0.462
2014-07-12,10.3,29.2,2.98,0.45525
2014-07-13,5.0,28.0,2.79,0.46808333333333335
2014-07-14,14.0,27.3,1.96,0.4567083333333333
2014-07-15,8.8,30.1,3.83,0.45574999999999993
2014-07-16,4.4,30.3,4.6,0.42933333333333334
2014-07-17,6.5,29.2,3.66,0.4475833333333334
2014-07-18,15.6,27.1,2.29,0.45025
2014-07-19,1.4,29.1,3.44,0.42754166666666665
2014-07-20,0.0,30.5,4.64,0.421875
2014-07-21,12.0,28.1,3.12,0.4399166666666667
2014-07-22,24.1,26.8,1.58,0.46295833333333336
2014-07-23,9.2,28.8,2.96,0.4507916666666667
2014-07-24,5.6,28.5,3.34,0.4633333333333334
2014-07-25,4.9,28.5,3.5,0.4466666666666667
2014-07-26,7.1,28.2,2.93,0.46387500000000004
2014-07-27,17.0,28.0,2.91,0.4502083333333333
2014-07-28,6.6,29.5,3.6,0.46075
2014-07-29,8.8,29.2,3.27,0.46275
2014-07-30,10.9,28.7,3.44,0.441875
2014-07-31,8.3,27.8,2.29,0.4673333333333333
2014-08-01,2.0,28.6,3.22,0.4642916666666667
2014-08-02,1.4,29.8,3.98,0.4491666666666667
2014-08-03,1.2,29.2,3.69,0.43816666666666665
2014-08-04,1.9,28.6,2.85,0.43654166666666666
2014-08-05,18.6,26.3,1.25,0.46599999999999997
2014-08-06,1.9,27.9,2.46,0.46854166666666663
2014-08-07,1.0,29.4,4.11,0.45808333333333334
2014-08-08,0.9,29.8,3.56,0.44608333333333333
2014-08-09,0.2,30.5,4.49,0.4349166666666667
2014-08-10,0.2,30.7,4.98,0.418375
2014-08-11,0.7,30.0,4.43,0.4071666666666667
2014-08-12,0.6,30.0,4.66,0.401
2014-08-13,1.4,30.0,4.61,0.39654166666666674
2014-08-14,0.9,30.7,4.65,0.3906666666666667
2014-08-15,9.7,29.3,3.89,0.42300000000000004
2014-08-16,12.4,29.2,3.89,0.43087499999999995
2014-08-17,4.7,30.4,4.23,0.4274166666666666
2014-08-18,3.1,29.4,3.44,0.4342916666666667
2014-08-19,12.1,28.6,3.16,0.4410833333333333
2014-08-20,7.0,29.8,3.98,0.44458333333333333
2014-08-21,7.7,30.0,4.04,0.4410416666666667
2014-08-22,7.5,30.9,4.58,0.4495
2014-08-23,11.6,31.1,4.33,0.4543333333333333
2014-08-24,10.0,30.0,3.29,0.4429166666666667
2014-08-25,21.9,29.7,3.04,0.447
2014-08-26,24.5,27.1,1.99,0.463625
2014-08-27,13.8,28.0,2.76,0.4555416666666667
2014-08-28,13.9,26.6,1.88,0.4749583333333333
2014-08-29,16.9,27.8,2.63,0.4655833333333333
2014-08-30,12.5,28.8,3.29,0.46820833333333334
2014-08-31,0.4,28.8,4.07,0.4532083333333334
2014-09-01,4.0,29.0,3.3,0.4502916666666667
2014-09-02,1.2,29.0,3.74,0.4472083333333334
2014-09-03,0.3,29.7,4.43,0.4335833333333334
2014-09-04,1.6,29.8,4.46,0.4250416666666667
2014-09-05,11.2,28.0,2.64,0.44016666666666665
2014-09-06,6.7,27.8,2.66,0.46304166666666663
2014-09-07,12.7,25.7,1.91,0.4606666666666666
2014-09-08,9.9,27.5,2.61,0.47179166666666666
2014-09-09,8.9,27.4,3.46,0.4530416666666666
2014-09-10,14.9,28.0,2.78,0.44733333333333336
2014-09-11,1.8,29.2,3.13,0.4203333333333333
2014-09-12,6.4,28.6,3.3,0.43450000000000005
2014-09-13,7.7,28.5,3.41,0.46166666666666667
2014-09-14,6.4,28.7,3.65,0.4638333333333333
2014-09-15,16.0,27.5,2.41,0.46441666666666664
2014-09-16,17.9,26.8,2.44,0.4522916666666667
2014-09-17,11.4,28.5,3.02,0.4405833333333333
2014-09-18,0.1,30.5,4.29,0.4185833333333333
2014-09-19,2.5,31.2,4.43,0.41775
2014-09-20,3.1,30.8,4.39,0.42366666666666664
2014-09-21,3.3,29.4,3.79,0.42812500000000003
2014-09-22,2.9,30.4,3.81,0.42854166666666665
2014-09-23,1.8,30.4,4.58,0.4252916666666666
2014-09-24,0.9,30.6,4.34,0.41654166666666664
2014-09-25,2.7,30.3,4.29,0.4114166666666666
2014-09-26,0.0,30.5,4.72,0.40208333333333335
2014-09-27,3.6,31.0,4.17,0.3998333333333333
2014-09-28,20.3,29.9,3.5,0.43616666666666665
2014-09-29,9.4,30.4,3.86,0.4505416666666667
2014-09-30,11.9,29.7,3.32,0.4600416666666667
2014-10-01,13.4,29.8,3.0,0.45379166666666665
2014-10-02,10.8,30.2,3.75,0.438
2014-10-03,9.5,30.1,3.39,0.4552083333333334
2014-10-04,15.2,30.1,3.17,0.4626666666666667
2014-10-05,24.3,26.1,1.15,0.45608333333333334
2014-10-06,13.3,27.1,2.02,0.4604166666666667
2014-10-07,11.6,27.7,1.95,0.470875
2014-10-08,9.3,29.2,2.55,0.45125
2014-10-09,0.4,29.8,3.44,0.44816666666666666
2014-10-10,7.8,31.2,4.65,0.44658333333333333
2014-10-11,17.7,30.2,2.98,0.46587500000000004
2014-10-12,22.0,27.6,2.15,0.4525416666666667
2014-10-13,4.0,30.6,3.71,0.4585416666666667
2014-10-14,0.7,30.8,4.24,0.44887499999999997
2014-10-15,4.6,31.1,4.01,0.445125
2014-10-16,4.7,31.1,3.71,0.45316666666666666
2014-10-17,1.9,30.7,3.62,0.4487083333333333
2014-10-18,34.2,29.0,2.15,0.4585416666666667
2014-10-19,3.9,30.2,3.58,0.4547916666666667
2014-10-20,3.0,30.9,4.17,0.4585416666666667
2014-10-21,4.0,30.4,3.57,0.46008333333333334
2014-10-22,12.4,30.0,2.86,0.44175000000000003
2014-10-23,12.0,29.6,2.37,0.44916666666666666
2014-10-24,5.7,30.2,3.63,0.4679166666666667
2014-10-25,5.2,30.9,3.69,0.4585416666666667
2014-10-26,1.0,31.1,4.18,0.448625
2014-10-27,8.6,31.1,3.68,0.44495833333333334
2014-10-28,10.1,30.6,3.57,0.45008333333333334
2014-10-29,0.7,31.4,4.24,0.4277916666666666
2014-10-30,2.5,29.6,2.37,0.43116666666666664
2014-10-31,4.5,30.5,3.05,0.44525
2014-11-01,6.0,28.7,2.37,0.451
2014-11-02,4.5,30.9,3.83,0.4492083333333334
2014-11-03,16.8,27.1,1.37,0.45295833333333335
2014-11-04,17.8,29.3,2.78,0.439625
2014-11-05,6.8,30.7,3.83,0.45212500000000005
2014-11-06,5.5,31.3,3.55,0.46291666666666664
2014-11-07,1.5,30.0,3.3,0.456
2014-11-08,9.4,31.0,3.71,0.46245833333333336
2014-11-09,0.3,30.8,3.8,0.452625
2014-11-10,1.6,31.1,3.88,0.443125
2014-11-11,0.8,30.7,3.94,0.43916666666666665
2014-11-12,2.2,30.6,3.42,0.43695833333333334
2014-11-13,0.6,30.7,3.77,0.4320833333333333
2014-11-14,1.1,30.3,3.9,0.42804166666666665
2014-11-15,1.6,30.6,3.77,0.42091666666666666
2014-11-16,0.1,30.9,4.12,0.41291666666666665
2014-11-17,0.0,30.7,4.15,0.398375
2014-11-18,0.0,30.5,4.25,0.38437499999999997
2014-11-19,0.0,28.9,2.69,0.3745416666666667
2014-11-20,0.8,30.0,3.44,0.369
2014-11-21,6.3,30.7,3.35,0.38716666666666666
2014-11-22,17.7,29.1,2.67,0.420125
2014-11-23,1.5,30.9,3.66,0.4149583333333333
2014-11-24,5.3,31.0,3.67,0.42204166666666665
2014-11-25,5.8,31.3,3.78,0.44779166666666664
2014-11-26,14.7,30.4,2.77,0.44566666666666666
2014-11-27,2.7,29.7,2.63,0.45025000000000004
2014-11-28,1.1,30.0,3.37,0.4447916666666667
2014-11-29,0.8,30.1,3.42,0.4371666666666667
2014-11-30,1.7,30.2,3.54,0.4306666666666667
2014-12-01,1.9,29.8,2.93,0.4285833333333333
2014-12-02,17.8,29.5,3.15,0.44733333333333336
2014-12-03,10.0,29.1,2.56,0.457125
2014-12-04,4.9,29.5,2.81,0.44325
2014-12-05,4.2,29.2,2.88,0.45837500000000003
2014-12-06,8.4,29.9,2.87,0.458625
2014-12-07,2.1,30.1,3.56,0.4495416666666667
2014-12-08,0.9,29.9,3.66,0.44375000000000003
2014-12-09,0.5,29.4,3.35,0.43412500000000004
2014-12-10,0.0,29.9,4.33,0.41924999999999996
2014-12-11,0.2,30.2,4.56,0.4020416666666667
2014-12-12,0.5,28.0,3.81,0.3897083333333333
2014-12-13,3.6,28.6,3.02,0.40279166666666666
2014-12-14,0.0,29.6,4.2,0.39433333333333337
2014-12-15,0.1,29.4,4.03,0.37729166666666664
2014-12-16,0.0,30.2,4.32,0.364875
2014-12-17,10.1,27.3,3.31,0.4057916666666666
2014-12-18,3.5,27.3,4.45,0.4097916666666666
2014-12-19,0.0,28.0,3.63,0.40208333333333335
2014-12-20,0.0,28.6,3.47,0.38233333333333336
2014-12-21,0.0,29.8,3.84,0.36645833333333333
2014-12-22,3.4,28.9,3.5,0.36325
2014-12-23,0.0,27.9,3.68,0.366875
2014-12-24,2.9,28.8,2.75,0.362125
2014-12-25,2.1,29.3,3.16,0.3682083333333333
2014-12-26,4.6,30.3,3.54,0.388125
2014-12-27,5.2,30.2,3.5,0.4115
2014-12-28,0.0,30.6,4.03,0.40429166666666666
2014-12-29,0.0,28.8,3.23,0.37795833333333334
2014-12-30,0.2,27.9,3.51,0.36141666666666666
2014-12-31,0.0,27.7,3.53,0.34641666666666665
2015-01-01,0.2,28.2,3.55,0.3342083333333334
2015-01-02,0.0,27.6,3.9,0.32208333333333333
2015-01-03,0.0,29.3,3.71,0.31020833333333336
2015-01-04,0.0,28.7,2.77,0.303375
2015-01-05,0.9,28.8,2.64,0.3025833333333333
2015-01-06,8.1,28.9,2.46,0.332
2015-01-07,2.1,29.6,3.59,0.3769166666666666
2015-01-08,1.7,29.1,3.31,0.3717083333333333
2015-01-09,0.0,29.7,4.29,0.3560833333333333
2015-01-10,0.1,29.7,3.77,0.33604166666666674
2015-01-11,0.0,29.2,3.56,0.32208333333333333
2015-01-12,0.0,29.8,3.56,0.31104166666666666
2015-01-13,0.0,30.3,4.14,0.2985833333333333
2015-01-14,0.0,29.3,3.91,0.286875
2015-01-15,0.0,29.2,4.14,0.27658333333333335
2015-01-16,0.0,28.9,4.45,0.2671666666666667
2015-01-17,0.0,28.5,3.77,0.259875
2015-01-18,0.9,27.2,2.95,0.25958333333333333
2015-01-19,0.0,28.8,3.97,0.25816666666666666
2015-01-20,0.0,29.3,3.78,0.252
2015-01-21,0.0,29.9,4.42,0.24662499999999998
2015-01-22,0.0,29.4,3.71,0.24216666666666664
2015-01-23,0.0,29.3,4.26,0.23783333333333334
2015-01-24,0.0,29.6,4.56,0.2334166666666667
2015-01-25,0.0,30.0,4.52,0.22920833333333335
2015-01-26,0.0,30.1,4.43,0.22558333333333333
2015-01-27,0.0,30.4,4.64,0.22216666666666665
2015-01-28,0.0,30.4,4.21,0.21908333333333332
2015-01-29,0.0,31.1,4.6,0.21683333333333332
2015-01-30,0.0,30.3,4.42,0.21495833333333333
2015-01-31,0.0,30.7,5.14,0.21304166666666666
2015-02-01,0.0,30.1,5.22,0.21108333333333332
2015-02-02,0.0,31.0,5.59,0.20925000000000002
2015-02-03,0.0,30.4,4.44,0.20837499999999998
2015-02-04,0.0,30.4,4.33,0.20741666666666667
2015-02-05,0.0,30.8,5.03,0.20704166666666665
2015-02-06,0.0,30.1,5.4,0.20624999999999996
2015-02-07,0.0,29.8,4.93,0.20545833333333333
2015-02-08,0.0,30.4,5.35,0.20462499999999997
2015-02-09,0.0,30.0,5.61,0.204
2015-02-10,0.0,29.5,4.96,0.20362499999999997
2015-02-11,0.0,29.9,4.51,0.20299999999999999
2015-02-12,0.0,30.6,4.89,0.20299999999999999
2015-02-13,0.0,29.6,4.7,0.20299999999999999
2015-02-14,0.0,29.4,4.3,0.20245833333333332
2015-02-15,0.0,30.9,4.67,0.20200000000000004
2015-02-16,0.0,31.1,4.88,0.20200000000000004
2015-02-17,0.0,31.7,5.48,0.20200000000000004
2015-02-18,0.0,31.7,4.77,0.20200000000000004
2015-02-19,0.7,30.9,4.03,0.20491666666666666
2015-02-20,0.0,32.0,4.94,0.21062499999999998
2015-02-21,0.0,31.3,4.52,0.2095
2015-02-22,0.0,31.8,4.98,0.20808333333333331
2015-02-23,0.0,31.3,4.27,0.20666666666666667
2015-02-24,0.0,31.0,3.84,0.20620833333333333
2015-02-25,0.0,30.6,3.64,0.20679166666666668
2015-02-26,0.0,32.4,5.6,0.2060833333333333
2015-02-27,0.5,32.6,4.53,0.20675
2015-02-28,0.6,32.3,4.63,0.210875
2015-03-01,0.0,33.4,5.39,0.21320833333333333
2015-03-02,0.0,33.6,6.3,0.210875
2015-03-03,0.0,32.2,5.18,0.20854166666666665
2015-03-04,0.2,31.7,4.86,0.207875
2015-03-05,0.0,33.8,5.72,0.20716666666666664
2015-03-06,0.0,32.4,4.67,0.20662499999999998
2015-03-07,0.1,32.9,5.25,0.20620833333333333
2015-03-08,0.0,33.1,5.71,0.20554166666666665
2015-03-09,0.0,33.1,4.97,0.205
2015-03-10,0.0,33.7,6.29,0.20454166666666665
2015-03-11,0.0,33.5,6.45,0.20350000000000001
2015-03-12,0.0,33.7,5.96,0.2025
2015-03-13,0.0,33.6,5.46,0.20220833333333335
2015-03-14,0.0,32.4,4.89,0.20320833333333332
2015-03-15,0.0,32.0,4.69,0.20437499999999997
2015-03-16,0.0,32.8,5.61,0.20458333333333334
2015-03-17,0.0,33.7,5.73,0.20350000000000001
2015-03-18,0.0,34.1,6.09,0.20245833333333332
2015-03-19,0.0,34.2,5.77,0.2015
2015-03-20,0.0,33.8,5.4,0.20183333333333334
2015-03-21,0.0,33.5,5.71,0.20391666666666666
2015-03-22,0.0,33.8,6.02,0.20354166666666665
2015-03-23,0.2,32.7,5.31,0.204
2015-03-24,0.0,33.1,5.73,0.206
2015-03-25,0.1,34.9,6.72,0.20562499999999997
2015-03-26,0.0,34.6,6.7,0.2045
2015-03-27,0.0,34.3,6.55,0.20358333333333334
2015-03-28,0.1,33.9,6.51,0.20354166666666665
2015-03-29,0.1,33.8,6.11,0.20458333333333334
2015-03-30,0.0,34.9,6.33,0.20454166666666665
2015-03-31,0.0,34.0,5.33,0.20366666666666666
2015-04-01,0.0,33.5,4.95,0.20358333333333334
2015-04-02,0.1,33.4,5.52,0.20633333333333334
2015-04-03,0.2,33.9,5.62,0.207
2015-04-04,0.8,33.7,5.12,0.21
2015-04-05,0.0,34.6,5.46,0.21462499999999998
2015-04-06,0.0,34.5,5.47,0.21208333333333332
2015-04-07,0.0,35.3,6.33,0.21062499999999998
2015-04-08,0.0,35.8,6.78,0.20824999999999996
2015-04-09,0.0,34.0,5.78,0.20725000000000002
2015-04-10,0.0,34.7,5.89,0.20704166666666665
2015-04-11,1.1,33.1,4.96,0.20954166666666665
2015-04-12,17.4,32.7,3.71,0.2906666666666667
2015-04-13,16.1,30.0,2.93,0.42462500000000003
2015-04-14,0.2,31.1,4.78,0.3879166666666667
2015-04-15,0.0,32.7,6.2,0.345875
2015-04-16,0.5,32.2,5.09,0.31883333333333336
2015-04-17,0.1,32.4,4.88,0.302375
2015-04-18,0.0,32.7,5.18,0.28462499999999996
2015-04-19,0.0,34.1,5.75,0.26725000000000004
2015-04-20,0.5,32.7,5.52,0.25583333333333336
2015-04-21,0.0,33.3,5.89,0.24875
2015-04-22,5.7,34.3,4.85,0.264
2015-04-23,1.8,34.1,5.31,0.31175
2015-04-24,0.3,33.4,4.96,0.3072916666666667
2015-04-25,2.3,33.7,4.72,0.31275000000000003
2015-04-26,0.2,33.3,5.34,0.30579166666666663
2015-04-27,1.3,34.3,5.37,0.28983333333333333
2015-04-28,3.5,32.5,4.41,0.29954166666666665
2015-04-29,6.7,32.4,4.36,0.32558333333333334
2015-04-30,0.3,33.4,5.0,0.33804166666666663
2015-05-01,2.5,32.7,4.82,0.32308333333333333
2015-05-02,4.3,33.0,4.83,0.333625
2015-05-03,6.1,31.9,4.55,0.3618333333333333
2015-05-04,0.7,33.1,5.16,0.3594583333333334
2015-05-05,1.0,32.5,4.95,0.33345833333333336
2015-05-06,0.2,33.7,5.76,0.3130833333333333
2015-05-07,2.5,34.6,5.8,0.2975833333333333
2015-05-08,3.6,34.7,4.84,0.30466666666666664
2015-05-09,1.5,33.6,4.67,0.31833333333333336
2015-05-10,1.3,33.9,5.23,0.30195833333333333
2015-05-11,4.3,33.2,4.52,0.31345833333333334
2015-05-12,8.8,33.6,4.39,0.34575
2015-05-13,0.2,33.2,4.96,0.366875
2015-05-14,0.0,34.7,5.73,0.32587499999999997
2015-05-15,0.0,34.5,5.49,0.29704166666666665
2015-05-16,0.4,33.6,5.33,0.276375
2015-05-17,0.0,34.4,6.11,0.26058333333333333
2015-05-18,0.1,34.0,5.46,0.2490416666666667
2015-05-19,1.8,33.7,5.52,0.25658333333333333
2015-05-20,2.7,33.3,4.76,0.2735416666666666
2015-05-21,2.1,33.4,5.07,0.285125
2015-05-22,1.0,33.3,4.71,0.28525
2015-05-23,3.4,32.2,4.74,0.3247083333333333
2015-05-24,1.2,32.7,4.69,0.3112916666666667
2015-05-25,5.1,30.8,4.09,0.330125
2015-05-26,15.6,30.1,3.63,0.374125
2015-05-27,0.2,31.5,5.29,0.3416666666666666
2015-05-28,4.9,31.2,4.9,0.34450000000000003
2015-05-29,3.9,30.5,3.85,0.37224999999999997
2015-05-30,8.2,30.6,3.8,0.3983333333333334
2015-05-31,0.7,31.9,4.79,0.37875
2015-06-01,1.9,31.9,4.82,0.3555
2015-06-02,4.0,31.4,3.99,0.35804166666666665
2015-06-03,0.3,32.2,4.72,0.36125
2015-06-04,0.0,33.7,5.46,0.331125
2015-06-05,0.3,33.7,5.18,0.30324999999999996
2015-06-06,3.2,33.3,4.62,0.2996666666666667
2015-06-07,8.0,32.4,4.07,0.33616666666666667
2015-06-08,6.4,32.8,4.78,0.375125
2015-06-09,0.4,32.7,5.08,0.36599999999999994
2015-06-10,2.6,32.6,4.69,0.34508333333333335
2015-06-11,8.2,32.5,4.72,0.37987499999999996
2015-06-12,17.1,30.9,4.07,0.422
2015-06-13,4.0,30.9,4.29,0.425375
2015-06-14,22.2,30.0,2.68,0.4330416666666667
2015-06-15,8.5,28.7,2.74,0.4367083333333333
2015-06-16,4.6,29.2,2.71,0.437375
2015-06-17,24.3,26.9,1.59,0.4578333333333333
2015-06-18,10.1,28.8,2.59,0.4254166666666667
2015-06-19,0.5,30.6,4.77,0.3934583333333333
2015-06-20,20.7,27.7,1.81,0.44695833333333335
2015-06-21,10.6,28.4,2.78,0.45725
2015-06-22,10.4,27.8,2.67,0.45016666666666666
2015-06-23,3.9,27.8,2.0,0.4545416666666667
2015-06-24,10.8,26.6,1.68,0.4695833333333333
2015-06-25,4.9,28.1,2.22,0.463625
2015-06-26,5.0,29.1,2.83,0.4615833333333333
2015-06-27,1.0,30.0,4.22,0.4407083333333333
2015-06-28,1.0,30.6,4.32,0.426625
2015-06-29,2.4,29.8,4.41,0.42591666666666667
2015-06-30,2.2,30.3,4.61,0.4170833333333333
2015-07-01,7.7,29.8,4.28,0.4282916666666667
2015-07-02,6.7,29.6,4.2,0.44016666666666665
2015-07-03,16.5,28.9,3.83,0.45325
2015-07-04,10.9,29.8,4.5,0.4438333333333333
2015-07-05,11.5,29.8,4.25,0.45879166666666665
2015-07-06,8.5,28.7,2.9,0.4542916666666667
2015-07-07,4.5,28.5,3.46,0.4542083333333333
2015-07-08,7.0,28.3,3.01,0.4595833333333334
2015-07-09,4.1,28.4,2.34,0.46420833333333333
2015-07-10,4.5,29.7,4.19,0.4578333333333333
2015-07-11,8.0,28.4,3.58,0.47141666666666665
2015-07-12,7.7,29.0,3.28,0.45675
2015-07-13,11.0,27.9,3.04,0.46491666666666664
2015-07-14,9.4,28.1,2.7,0.4427083333333333
2015-07-15,8.1,28.7,3.26,0.455125
2015-07-16,0.2,30.0,3.67,0.43975000000000003
2015-07-17,4.2,29.5,3.24,0.44625000000000004
2015-07-18,4.0,29.4,2.56,0.4532083333333334
2015-07-19,11.2,29.0,2.04,0.4542916666666667
2015-07-20,1.0,30.0,3.28,0.425
2015-07-21,11.6,28.5,2.98,0.46125
2015-07-22,0.0,31.1,4.86,0.44645833333333335
2015-07-23,1.3,30.7,4.74,0.428
2015-07-24,0.8,30.8,5.07,0.41625
2015-07-25,0.0,30.3,4.81,0.40175
2015-07-26,0.3,30.5,4.34,0.38833333333333336
2015-07-27,1.1,30.1,4.15,0.384125
2015-07-28,3.1,29.3,3.72,0.3998333333333333
2015-07-29,1.1,30.9,3.93,0.39895833333333336
2015-07-30,7.2,30.5,4.16,0.40795833333333337
2015-07-31,9.5,29.4,4.0,0.44725
2015-08-01,7.3,29.8,3.87,0.44370833333333337
2015-08-02,7.2,28.8,3.33,0.44845833333333335
2015-08-03,3.5,28.5,3.64,0.4454166666666666
2015-08-04,11.2,28.0,3.07,0.4582916666666667
2015-08-05,12.4,27.4,2.89,0.45516666666666666
2015-08-06,8.6,27.6,3.12,0.4555
2015-08-07,7.4,28.1,3.0,0.47170833333333334
2015-08-08,13.4,28.3,2.94,0.4547083333333333
2015-08-09,7.6,28.2,3.04,0.46175000000000005
2015-08-10,10.0,27.8,2.89,0.47404166666666664
2015-08-11,4.4,29.6,3.24,0.4518333333333333
2015-08-12,6.0,29.0,3.34,0.4409166666666667
2015-08-13,2.9,29.7,4.09,0.44658333333333333
2015-08-14,8.9,30.2,3.77,0.44308333333333333
2015-08-15,3.2,30.3,4.35,0.44287499999999996
2015-08-16,0.0,30.9,4.72,0.43625
2015-08-17,4.1,29.6,3.95,0.4365833333333333
2015-08-18,10.6,29.9,3.94,0.44329166666666664
2015-08-19,11.7,29.9,4.01,0.454625
2015-08-20,5.6,29.0,3.62,0.44133333333333336
2015-08-21,11.2,28.9,3.52,0.45145833333333335
2015-08-22,6.8,29.2,4.03,0.45895833333333336
2015-08-23,0.5,30.1,4.73,0.44329166666666664
2015-08-24,7.1,29.3,3.85,0.45075
2015-08-25,13.5,27.5,2.69,0.4579166666666667
2015-08-26,13.3,26.9,2.2,0.4426666666666667
2015-08-27,0.3,29.3,3.63,0.42849999999999994
2015-08-28,0.0,30.7,4.84,0.41758333333333336
2015-08-29,3.8,29.8,4.21,0.41975
2015-08-30,6.1,30.4,4.43,0.43754166666666666
2015-08-31,5.5,29.6,3.87,0.45012500000000005
2015-09-01,9.8,29.2,3.26,0.44741666666666663
2015-09-02,0.8,30.3,4.6,0.4331666666666667
2015-09-03,3.2,29.7,4.21,0.4410833333333333
2015-09-04,4.5,29.7,3.89,0.4467916666666667
2015-09-05,0.4,30.7,4.69,0.43520833333333336
2015-09-06,3.6,30.2,4.43,0.43291666666666667
2015-09-07,2.2,30.7,4.76,0.4267083333333333
2015-09-08,9.3,28.7,3.06,0.4337083333333333
2015-09-09,11.6,28.1,2.33,0.456375
2015-09-10,17.9,27.3,2.13,0.45845833333333336
2015-09-11,5.5,29.7,4.03,0.4554583333333333
2015-09-12,7.0,29.5,3.84,0.43245833333333333
2015-09-13,5.4,29.1,3.25,0.4595833333333334
2015-09-14,14.0,28.5,3.02,0.4652083333333333
2015-09-15,20.6,27.0,1.98,0.47045833333333337
2015-09-16,23.5,26.5,1.85,0.4643333333333333
2015-09-17,29.5,26.2,1.42,0.4539583333333333
2015-09-18,12.0,30.7,3.53,0.425
2015-09-19,5.2,31.5,4.45,0.4371666666666667
2015-09-20,6.5,32.1,4.65,0.4522083333333333
2015-09-21,12.9,30.1,3.23,0.46325
2015-09-22,12.4,29.2,3.0,0.45008333333333334
2015-09-23,5.6,30.1,3.99,0.458625
2015-09-24,1.6,29.3,4.32,0.4539166666666667
2015-09-25,10.5,28.7,3.55,0.4535
2015-09-26,9.5,28.7,3.48,0.4349166666666667
2015-09-27,19.0,28.6,3.31,0.44679166666666664
2015-09-28,25.7,27.9,2.43,0.4628333333333334
2015-09-29,5.8,28.1,2.99,0.4732083333333333
2015-09-30,3.7,29.3,3.81,0.46366666666666667
2015-10-01,0.9,30.3,4.16,0.45145833333333335
2015-10-02,13.3,29.2,3.29,0.4487083333333333
2015-10-03,7.5,29.0,3.19,0.452
2015-10-04,14.3,28.8,2.43,0.45975000000000005
2015-10-05,2.1,29.0,2.73,0.465125
2015-10-06,2.4,30.7,4.47,0.4559583333333333
2015-10-07,9.7,30.2,3.36,0.45116666666666666
2015-10-08,11.5,30.4,3.58,0.445375
2015-10-09,7.5,30.4,3.58,0.459125
2015-10-10,4.1,29.7,3.13,0.46141666666666664
2015-10-11,6.7,30.5,4.19,0.46016666666666667
2015-10-12,7.3,29.6,2.98,0.463625
2015-10-13,9.6,29.9,3.2,0.4506666666666666
2015-10-14,1.3,30.8,3.48,0.42333333333333334
2015-10-15,2.6,30.6,3.87,0.43804166666666666
2015-10-16,12.6,30.4,3.06,0.44808333333333333
2015-10-17,7.7,30.2,3.35,0.47300000000000003
2015-10-18,19.7,28.4,2.09,0.46741666666666665
2015-10-19,9.7,29.3,2.69,0.447125
2015-10-20,5.2,29.5,2.93,0.45012500000000005
2015-10-21,8.0,29.7,3.07,0.46725
2015-10-22,3.6,30.1,3.53,0.465125
2015-10-23,8.7,29.9,3.06,0.45275
2015-10-24,2.4,30.9,3.79,0.4286666666666667
2015-10-25,0.2,31.6,4.55,0.4292916666666666
2015-10-26,11.8,28.8,1.94,0.45579166666666665
2015-10-27,3.0,31.1,3.98,0.45325
2015-10-28,0.2,31.5,4.11,0.44412500000000005
2015-10-29,0.0,31.9,4.54,0.42520833333333335
2015-10-30,0.4,31.7,4.47,0.41133333333333333
2015-10-31,13.2,31.0,3.92,0.42625
2015-11-01,8.8,30.7,3.28,0.446625
2015-11-02,14.5,30.1,2.87,0.4523333333333333
2015-11-03,7.1,29.8,2.81,0.4537083333333333
2015-11-04,13.8,30.6,3.21,0.4590416666666666
2015-11-05,16.0,28.5,2.02,0.45816666666666667
2015-11-06,14.7,29.6,2.24,0.46845833333333337
2015-11-07,6.6,30.9,3.69,0.44858333333333333
2015-11-08,13.1,28.9,2.33,0.44545833333333335
2015-11-09,6.8,30.7,3.31,0.45525
2015-11-10,2.2,30.8,3.62,0.45737500000000003
2015-11-11,7.5,30.1,3.45,0.4538333333333333
2015-11-12,13.0,30.0,2.83,0.44575000000000004
2015-11-13,6.3,30.2,3.25,0.44779166666666664
2015-11-14,6.3,31.2,3.61,0.44883333333333336
2015-11-15,0.0,31.3,3.91,0.4347916666666667
2015-11-16,0.4,30.9,3.96,0.42674999999999996
2015-11-17,0.3,31.0,4.09,0.41816666666666663
2015-11-18,7.5,30.9,3.68,0.4274166666666666
2015-11-19,0.0,31.4,4.31,0.432375
2015-11-20,0.0,31.4,4.3,0.4129583333333333
2015-11-21,3.1,31.2,3.93,0.4121666666666666
2015-11-22,7.6,29.3,2.66,0.4395
2015-11-23,0.5,30.3,3.26,0.43616666666666665
2015-11-24,7.3,30.7,3.53,0.43645833333333334
2015-11-25,1.8,30.9,3.69,0.44566666666666666
2015-11-26,9.7,30.3,3.42,0.4535416666666667
2015-11-27,0.0,30.4,4.04,0.43745833333333334
2015-11-28,0.0,30.5,3.61,0.4252916666666666
2015-11-29,0.5,30.9,3.71,0.41575
2015-11-30,7.5,30.6,3.1,0.43375
2015-12-01,5.4,30.9,3.67,0.44725
2015-12-02,0.8,31.0,3.74,0.439875
2015-12-03,6.6,30.6,3.61,0.4419583333333333
2015-12-04,0.9,30.4,4.02,0.43724999999999997
2015-12-05,0.5,30.4,3.99,0.4214166666666666
2015-12-06,0.9,30.5,3.37,0.41333333333333333
2015-12-07,7.0,30.4,3.54,0.42474999999999996
2015-12-08,0.2,30.7,3.82,0.4287916666666667
2015-12-09,4.6,30.7,3.33,0.42575
2015-12-10,1.1,31.0,3.3,0.42891666666666667
2015-12-11,0.9,31.0,3.55,0.4162083333333333
2015-12-12,0.7,30.7,3.61,0.414375
2015-12-13,0.2,31.0,4.0,0.39875
2015-12-14,0.3,30.2,3.65,0.38566666666666666
2015-12-15,0.2,30.2,3.75,0.3779166666666667
2015-12-16,3.3,29.6,3.33,0.3834583333333333
2015-12-17,3.1,29.6,3.63,0.4186666666666667
2015-12-18,0.0,28.4,4.18,0.39329166666666665
2015-12-19,0.0,28.6,3.76,0.3735833333333333
2015-12-20,0.1,29.1,3.62,0.35883333333333334
2015-12-21,2.3,28.1,2.0,0.36520833333333336
2015-12-22,7.5,27.7,1.75,0.4095
2015-12-23,0.4,29.4,3.33,0.41625
2015-12-24,0.4,30.3,3.87,0.3950416666666667
2015-12-25,0.0,30.3,3.96,0.37666666666666665
2015-12-26,0.0,30.6,4.57,0.3585833333333333
2015-12-27,0.0,30.9,4.8,0.3411666666666667
2015-12-28,0.0,30.8,5.02,0.3245416666666667
2015-12-29,0.0,30.3,4.55,0.3109166666666667
2015-12-30,0.0,30.4,4.49,0.29924999999999996
2015-12-31,0.0,30.5,4.45,0.2893333333333333
2016-01-01,0.0,30.4,4.61,0.28020833333333334
2016-01-02,0.0,30.5,4.12,0.272125
2016-01-03,0.1,30.6,3.73,0.2670416666666667
2016-01-04,1.0,30.7,3.73,0.2665416666666667
2016-01-05,0.6,30.7,3.78,0.26783333333333337
2016-01-06,0.0,30.3,3.78,0.26558333333333334
2016-01-07,0.0,31.3,4.47,0.2597916666666667
2016-01-08,0.5,30.8,4.2,0.2552083333333333
2016-01-09,0.0,30.9,4.57,0.25225000000000003
2016-01-10,0.0,30.8,4.1,0.24679166666666666
2016-01-11,0.0,30.6,3.9,0.24229166666666666
2016-01-12,0.0,30.6,3.74,0.23875
2016-01-13,0.0,31.7,4.57,0.23591666666666666
2016-01-14,0.0,32.1,4.69,0.23275
2016-01-15,0.0,32.1,4.46,0.2297916666666667
2016-01-16,0.4,31.4,3.9,0.22854166666666667
2016-01-17,0.0,32.0,4.15,0.23024999999999998
2016-01-18,0.0,31.9,4.31,0.22629166666666667
2016-01-19,0.0,32.3,4.75,0.22420833333333334
2016-01-20,0.0,32.6,4.79,0.22166666666666668
2016-01-21,0.0,32.5,5.15,0.21862499999999999
2016-01-22,0.0,32.4,4.78,0.21575
2016-01-23,0.0,32.3,4.76,0.214
2016-01-24,1.1,32.1,4.55,0.215875
2016-01-25,0.0,29.5,5.45,0.22024999999999997
2016-01-26,0.0,29.9,4.75,0.2167916666666667
2016-01-27,0.1,30.9,4.64,0.215125
2016-01-28,0.1,31.5,4.66,0.21404166666666666
2016-01-29,0.2,31.9,4.28,0.21433333333333335
2016-01-30,0.0,32.1,4.65,0.21424999999999997
2016-01-31,0.0,32.3,5.1,0.21262499999999998
2016-02-01,0.0,31.9,4.39,0.21141666666666667
2016-02-02,0.1,31.6,4.17,0.21308333333333332
2016-02-03,0.0,31.7,4.08,0.21320833333333333
2016-02-04,0.0,32.2,4.57,0.21141666666666667
2016-02-05,0.0,32.1,4.29,0.21037499999999998
2016-02-06,0.2,31.7,4.78,0.21033333333333334
2016-02-07,0.0,29.2,6.07,0.20954166666666665
2016-02-08,0.0,27.9,5.32,0.20808333333333331
2016-02-09,0.0,30.1,5.07,0.20658333333333334
2016-02-10,0.0,30.6,4.24,0.2055833333333333
2016-02-11,0.0,31.2,4.2,0.20466666666666666
2016-02-12,0.0,32.6,5.22,0.204
2016-02-13,0.0,32.2,4.61,0.20350000000000001
2016-02-14,0.0,32.9,5.12,0.20299999999999999
2016-02-15,0.0,31.8,4.69,0.20299999999999999
2016-02-16,0.0,31.3,4.93,0.20299999999999999
2016-02-17,0.0,32.3,5.59,0.20258333333333334
2016-02-18,0.0,32.8,5.73,0.20200000000000004
2016-02-19,0.0,33.0,6.01,0.20158333333333334
2016-02-20,0.0,33.0,6.06,0.20099999999999998
2016-02-21,0.0,32.5,6.04,0.20099999999999998
2016-02-22,0.0,32.4,4.85,0.20075
2016-02-23,0.0,32.5,5.19,0.2004166666666667
2016-02-24,0.0,33.1,6.07,0.20000000000000004
2016-02-25,0.0,32.6,6.1,0.20000000000000004
2016-02-26,0.0,32.5,5.95,0.20000000000000004
2016-02-27,0.0,32.5,5.47,0.20000000000000004
2016-02-28,0.0,32.5,5.51,0.20079166666666667
2016-02-29,0.0,31.9,5.08,0.20099999999999998
2016-03-01,0.0,32.1,5.02,0.20099999999999998
2016-03-02,0.0,32.0,4.98,0.2005
2016-03-03,0.0,33.2,5.58,0.20008333333333336
2016-03-04,0.0,33.1,5.24,0.20070833333333335
2016-03-05,0.0,33.6,5.37,0.2015416666666667
2016-03-06,0.0,34.0,5.62,0.20099999999999998
2016-03-07,0.0,33.9,5.83,0.20099999999999998
2016-03-08,0.0,33.8,5.23,0.2005
2016-03-09,0.0,33.6,5.29,0.20000000000000004
2016-03-10,0.0,32.7,4.39,0.20000000000000004
2016-03-11,0.0,33.3,5.06,0.20000000000000004
2016-03-12,0.0,34.3,6.09,0.20000000000000004
2016-03-13,0.0,33.6,5.16,0.20000000000000004
2016-03-14,0.0,34.0,5.22,0.200125
2016-03-15,0.0,34.2,5.65,0.20245833333333332
2016-03-16,0.0,34.4,5.65,0.20191666666666666
2016-03-17,0.0,32.7,4.47,0.20208333333333336
2016-03-18,0.0,34.4,6.01,0.20200000000000004
2016-03-19,0.0,33.6,6.01,0.2014166666666667
2016-03-20,0.0,34.4,4.88,0.20099999999999998
2016-03-21,0.0,34.2,5.65,0.20099999999999998
2016-03-22,0.0,34.2,4.82,0.20099999999999998
2016-03-23,0.4,33.9,5.62,0.20166666666666666
2016-03-24,0.0,33.7,5.01,0.20475
2016-03-25,0.0,34.7,6.76,0.20416666666666664
2016-03-26,0.0,33.5,5.61,0.20325000000000001
2016-03-27,0.0,34.6,6.6,0.20345833333333332
2016-03-28,0.0,33.8,6.45,0.2025416666666667
2016-03-29,0.0,33.9,6.13,0.20200000000000004
2016-03-30,0.0,34.0,6.06,0.20133333333333336
2016-03-31,0.0,33.6,5.34,0.20099999999999998
2016-04-01,0.0,34.5,4.94,0.20075
2016-04-02,0.0,34.3,5.73,0.20099999999999998
2016-04-03,0.0,34.5,5.43,0.20099999999999998
2016-04-04,0.0,34.6,5.75,0.2005416666666667
2016-04-05,0.7,34.6,5.75,0.20204166666666667
2016-04-06,0.0,35.0,6.02,0.20624999999999996
2016-04-07,0.0,35.0,6.32,0.20433333333333334
2016-04-08,0.0,35.1,5.29,0.20308333333333337
2016-04-09,0.0,34.8,5.18,0.20325000000000001
2016-04-10,0.0,34.4,6.01,0.20200000000000004
2016-04-11,0.0,34.1,5.92,0.20145833333333332
2016-04-12,0.0,33.8,5.84,0.20099999999999998
2016-04-13,0.0,33.8,6.1,0.20104166666666667
2016-04-14,0.0,33.5,5.8,0.20099999999999998
2016-04-15,0.0,34.2,5.94,0.20099999999999998
2016-04-16,0.0,35.0,6.05,0.20099999999999998
2016-04-17,0.0,35.2,5.27,0.20099999999999998
2016-04-18,0.0,35.6,5.84,0.20095833333333335
2016-04-19,0.0,36.2,6.64,0.20091666666666666
2016-04-20,0.0,35.8,5.94,0.20070833333333335
2016-04-21,0.0,35.3,5.85,0.2006666666666667
2016-04-22,0.0,34.9,5.63,0.2014166666666667
2016-04-23,0.0,35.5,5.99,0.2015416666666667
2016-04-24,0.0,35.2,5.94,0.20099999999999998
2016-04-25,0.0,35.6,6.06,0.2004166666666667
2016-04-26,0.4,35.7,5.86,0.20183333333333334
2016-04-27,0.2,35.8,6.01,0.20466666666666666
2016-04-28,2.2,35.6,5.45,0.214125
2016-04-29,0.6,36.0,5.78,0.22712500000000002
2016-04-30,0.0,35.5,5.42,0.22691666666666666
2016-05-01,3.0,35.1,5.48,0.23379166666666665
2016-05-02,0.1,35.1,5.67,0.25104166666666666
2016-05-03,1.1,35.4,5.48,0.24183333333333334
2016-05-04,2.7,35.7,5.39,0.24983333333333335
2016-05-05,3.9,35.1,5.07,0.28008333333333335
2016-05-06,6.9,34.0,4.51,0.318375
2016-05-07,0.2,35.0,5.4,0.32608333333333334
2016-05-08,4.4,34.6,4.8,0.3135
2016-05-09,2.9,34.4,4.82,0.32833333333333337
2016-05-10,0.0,35.1,5.71,0.3104166666666667
2016-05-11,2.3,34.5,4.99,0.28979166666666667
2016-05-12,0.0,35.9,5.73,0.28670833333333334
2016-05-13,0.3,36.2,5.78,0.2625416666666667
2016-05-14,2.7,36.0,5.03,0.25808333333333333
2016-05-15,6.2,33.9,4.32,0.296625
2016-05-16,5.3,31.9,3.8,0.37666666666666665
2016-05-17,3.8,32.7,3.86,0.3569166666666666
2016-05-18,5.6,31.4,2.45,0.38266666666666665
2016-05-19,16.1,32.6,4.03,0.37987499999999996
2016-05-20,3.6,31.0,3.95,0.369125
2016-05-21,8.7,31.0,3.66,0.39675
2016-05-22,15.7,30.0,2.03,0.4452083333333334
2016-05-23,4.9,30.0,3.24,0.4390416666666667
2016-05-24,47.7,29.5,2.79,0.44929166666666664
2016-05-25,12.4,29.4,2.99,0.46108333333333335
2016-05-26,4.9,30.1,3.11,0.45675
2016-05-27,7.9,30.5,3.36,0.466375
2016-05-28,12.9,28.7,2.32,0.463
2016-05-29,7.6,29.2,3.04,0.44308333333333333
2016-05-30,4.4,29.3,3.15,0.42158333333333337
2016-05-31,8.5,30.4,3.3,0.447625
2016-06-01,5.0,30.8,4.18,0.45366666666666666
2016-06-02,2.6,31.4,4.26,0.4334166666666666
2016-06-03,4.9,29.9,3.62,0.443375
2016-06-04,1.9,30.7,4.4,0.4330833333333333
2016-06-05,3.9,30.9,4.38,0.4242083333333333
2016-06-06,9.0,30.3,3.8,0.43979166666666664
2016-06-07,7.2,29.7,3.41,0.44816666666666666
2016-06-08,12.0,29.7,3.24,0.4407916666666667
2016-06-09,0.8,30.5,4.42,0.42812500000000003
2016-06-10,1.8,31.3,5.07,0.41087500000000005
2016-06-11,1.6,31.1,4.72,0.4012083333333334
2016-06-12,10.3,30.8,4.19,0.4206666666666667
2016-06-13,2.1,29.7,3.35,0.42975
2016-06-14,1.1,30.0,3.36,0.424
2016-06-15,3.9,29.8,2.89,0.427375
2016-06-16,5.4,29.7,3.25,0.44370833333333337
2016-06-17,10.5,30.3,4.16,0.4479583333333333
2016-06-18,5.7,29.9,3.72,0.4542916666666667
2016-06-19,21.3,30.2,2.85,0.44345833333333334
2016-06-20,84.9,29.7,2.91,0.4418333333333333
2016-06-21,12.3,28.2,3.36,0.44812500000000005
2016-06-22,8.3,28.4,3.13,0.4721666666666666
2016-06-23,12.1,29.4,2.77,0.4525416666666667
2016-06-24,3.2,29.0,3.0,0.4599166666666667
2016-06-25,3.8,30.2,3.47,0.45787500000000003
2016-06-26,7.3,29.3,2.78,0.46679166666666666
2016-06-27,9.5,28.3,2.03,0.451125
2016-06-28,47.5,26.6,1.2,0.45508333333333334
2016-06-29,17.3,27.2,1.8,0.4512083333333334
2016-06-30,6.4,29.8,3.66,0.4547083333333333
2016-07-01,0.8,30.5,4.6,0.4459166666666667
2016-07-02,5.7,30.9,4.17,0.45012500000000005
2016-07-03,0.9,30.9,4.55,0.445
2016-07-04,0.0,30.8,4.59,0.42716666666666664
2016-07-05,1.4,30.6,4.24,0.4149583333333333
2016-07-06,11.4,27.6,1.76,0.4560416666666667
2016-07-07,9.2,29.7,3.14,0.44212500000000005
2016-07-08,12.3,28.7,2.62,0.4615416666666667
2016-07-09,4.9,29.8,3.58,0.46654166666666663
2016-07-10,9.8,28.9,2.77,0.45225
2016-07-11,12.8,28.9,2.59,0.45987500000000003
2016-07-12,3.4,29.0,2.99,0.4644166666666667
2016-07-13,9.1,29.7,3.52,0.4515833333333334
2016-07-14,9.4,30.0,3.93,0.46508333333333335
2016-07-15,5.9,30.1,3.92,0.44945833333333335
2016-07-16,9.7,29.5,3.46,0.44716666666666666
2016-07-17,5.2,30.4,4.15,0.45283333333333337
2016-07-18,26.3,28.4,3.06,0.46166666666666667
2016-07-19,6.4,29.7,3.91,0.458875
2016-07-20,18.9,29.6,3.38,0.45933333333333337
2016-07-21,9.1,30.1,4.07,0.4499583333333333
2016-07-22,10.9,30.2,3.01,0.4310833333333333
2016-07-23,15.3,30.7,4.01,0.44804166666666667
2016-07-24,0.3,30.9,4.7,0.44650000000000006
2016-07-25,10.1,29.7,3.64,0.4479166666666667
2016-07-26,8.0,28.4,2.82,0.45295833333333335
2016-07-27,3.9,29.2,3.38,0.4595
2016-07-28,9.7,28.6,3.03,0.4715833333333333
2016-07-29,6.8,28.1,2.44,0.447
2016-07-30,2.1,29.5,3.31,0.4495833333333334
2016-07-31,0.4,31.0,4.97,0.43545833333333334
2016-08-01,0.8,30.2,5.01,0.4194166666666666
2016-08-02,15.6,28.3,3.19,0.4503333333333333
2016-08-03,17.6,27.7,2.4,0.45525
2016-08-04,27.9,26.1,1.19,0.46858333333333335
2016-08-05,11.1,27.6,2.01,0.47700000000000004
2016-08-06,5.2,28.2,2.96,0.43812500000000004
2016-08-07,12.2,27.7,2.42,0.45366666666666666
2016-08-08,4.7,28.4,3.51,0.46179166666666666
2016-08-09,2.6,29.6,4.1,0.4543333333333333
2016-08-10,14.6,28.7,3.41,0.45437500000000003
2016-08-11,8.5,27.8,2.56,0.4675416666666667
2016-08-12,4.1,29.3,3.94,0.4698333333333333
2016-08-13,13.1,28.2,3.08,0.45691666666666664
2016-08-14,7.9,29.0,3.69,0.46049999999999996
2016-08-15,5.7,28.8,3.82,0.47174999999999995
2016-08-16,4.7,30.1,4.24,0.46929166666666666
2016-08-17,6.1,29.7,3.52,0.4688333333333334
2016-08-18,6.7,29.5,4.03,0.4415833333333334
2016-08-19,4.8,29.5,4.12,0.443625
2016-08-20,2.1,30.4,4.46,0.45012500000000005
2016-08-21,1.2,30.4,4.56,0.43545833333333334
2016-08-22,1.0,29.4,4.42,0.427
2016-08-23,5.7,29.7,3.7,0.43920833333333337
2016-08-24,7.2,29.2,3.72,0.4572083333333334
2016-08-25,3.5,28.9,3.6,0.45249999999999996
2016-08-26,6.9,30.5,4.08,0.4555416666666667
2016-08-27,4.0,29.7,4.14,0.4559166666666667
2016-08-28,9.3,28.6,2.91,0.4504166666666667
2016-08-29,4.3,29.2,3.65,0.459
2016-08-30,10.3,28.9,3.0,0.44612500000000005
2016-08-31,4.1,30.4,3.98,0.4339166666666667
2016-09-01,1.0,30.8,4.71,0.43654166666666666
2016-09-02,14.2,28.9,3.45,0.4462916666666667
2016-09-03,1.4,29.7,4.36,0.4578333333333333
2016-09-04,3.8,30.0,4.51,0.45729166666666665
2016-09-05,9.6,30.0,3.84,0.4598333333333333
2016-09-06,9.3,29.1,3.41,0.45508333333333334
2016-09-07,14.1,28.2,2.57,0.46058333333333334
2016-09-08,12.0,29.2,2.62,0.437125
2016-09-09,6.6,28.2,3.42,0.45933333333333337
2016-09-10,6.3,28.3,3.05,0.46849999999999997
2016-09-11,9.0,28.4,2.87,0.45716666666666667
2016-09-12,4.5,28.5,2.62,0.4671666666666667
2016-09-13,12.1,28.0,2.27,0.4595833333333334
2016-09-14,3.4,28.7,3.98,0.46020833333333333
2016-09-15,1.3,30.3,4.57,0.4467916666666667
2016-09-16,16.8,28.2,2.1,0.45049999999999996
2016-09-17,15.9,28.3,2.45,0.4602916666666667
2016-09-18,8.7,28.9,2.86,0.45212500000000005
2016-09-19,5.6,29.1,3.39,0.45645833333333335
2016-09-20,5.0,29.0,3.5,0.459125
2016-09-21,4.8,29.8,3.3,0.468875
2016-09-22,14.3,28.1,2.37,0.45675
2016-09-23,3.3,28.1,2.82,0.46904166666666663
2016-09-24,1.9,29.4,3.72,0.45704166666666673
2016-09-25,4.1,29.0,3.2,0.46220833333333333
2016-09-26,9.3,28.7,2.87,0.45908333333333334
2016-09-27,17.7,28.3,2.75,0.44895833333333335
2016-09-28,29.8,26.8,1.69,0.45729166666666665
2016-09-29,6.5,29.1,3.32,0.4652083333333334
2016-09-30,0.7,28.6,3.71,0.44883333333333336
2016-10-01,3.4,29.3,3.75,0.4492083333333334
2016-10-02,11.2,29.8,3.18,0.45766666666666667
2016-10-03,27.4,28.9,2.12,0.4579166666666667
2016-10-04,12.9,28.0,2.19,0.45745833333333336
2016-10-05,8.2,29.1,3.18,0.451875
2016-10-06,14.1,28.1,2.21,0.453125
2016-10-07,11.2,28.5,2.7,0.4530833333333333
2016-10-08,10.7,27.6,2.41,0.44966666666666666
2016-10-09,8.5,27.8,2.93,0.46449999999999997
2016-10-10,14.1,28.3,2.59,0.4590416666666666
2016-10-11,13.0,28.7,2.28,0.4632083333333334
2016-10-12,10.9,28.8,1.99,0.4567916666666667
2016-10-13,10.6,30.0,3.38,0.4535416666666667
2016-10-14,8.4,29.7,3.13,0.451125
2016-10-15,4.6,29.5,3.18,0.465625
2016-10-16,18.2,28.4,1.89,0.4579583333333333
2016-10-17,20.1,26.6,1.33,0.46675
2016-10-18,22.4,27.7,1.73,0.4635833333333333
2016-10-19,12.8,28.3,2.33,0.46108333333333335
2016-10-20,13.8,27.9,2.07,0.4592083333333334
2016-10-21,4.6,28.2,2.78,0.4644166666666667
2016-10-22,11.6,28.5,2.7,0.46145833333333336
2016-10-23,10.4,29.2,2.84,0.4745
2016-10-24,11.0,28.5,1.78,0.453125
2016-10-25,21.7,29.2,2.62,0.45408333333333334
2016-10-26,23.6,28.9,2.4,0.4486666666666667
2016-10-27,6.2,30.1,3.01,0.4483333333333333
2016-10-28,17.3,30.4,2.88,0.45133333333333336
2016-10-29,33.7,29.9,2.37,0.447125
2016-10-30,29.5,25.8,0.79,0.4680416666666667
2016-10-31,26.4,29.0,2.15,0.470625
2016-11-01,18.1,29.6,2.87,0.456
2016-11-02,5.1,29.7,2.66,0.44637499999999997
2016-11-03,14.3,30.2,2.99,0.46345833333333336
2016-11-04,7.0,29.8,2.87,0.4632083333333334
2016-11-05,16.1,27.2,1.78,0.4683333333333333
2016-11-06,30.5,27.6,1.61,0.44308333333333333
2016-11-07,16.2,29.0,2.73,0.45733333333333337
2016-11-08,12.8,30.7,3.5,0.44408333333333333
2016-11-09,1.7,31.1,3.73,0.4339166666666667
2016-11-10,12.3,30.3,3.45,0.45533333333333337
2016-11-11,2.3,30.0,3.81,0.44529166666666664
2016-11-12,0.8,30.5,3.74,0.44408333333333333
2016-11-13,2.2,31.2,3.93,0.4385833333333333
2016-11-14,0.3,31.1,3.82,0.4354166666666666
2016-11-15,2.8,30.6,3.8,0.429875
2016-11-16,1.5,30.3,3.68,0.43775000000000003
2016-11-17,9.0,31.0,3.44,0.4337083333333333
2016-11-18,7.5,30.0,2.83,0.44054166666666666
2016-11-19,6.6,30.4,3.38,0.45012500000000005
2016-11-20,21.2,29.9,2.84,0.45037499999999997
2016-11-21,17.1,29.7,1.93,0.46212499999999995
2016-11-22,7.9,29.4,2.79,0.44849999999999995
2016-11-23,3.3,30.5,3.41,0.45566666666666666
2016-11-24,0.9,30.6,3.62,0.45341666666666663
2016-11-25,0.7,30.6,3.62,0.4406666666666667
2016-11-26,1.0,30.9,3.64,0.4345833333333333
2016-11-27,1.6,30.5,3.33,0.43875
2016-11-28,0.3,30.6,3.69,0.43254166666666666
2016-11-29,0.3,30.8,4.22,0.414625
2016-11-30,6.0,29.7,2.86,0.41825
2016-12-01,7.6,30.1,3.39,0.4404166666666667
2016-12-02,14.4,26.7,1.52,0.4689583333333333
2016-12-03,3.9,29.1,2.8,0.467625
2016-12-04,3.8,29.7,3.1,0.4562916666666667
2016-12-05,16.5,29.2,3.01,0.462375
2016-12-06,3.6,29.5,2.9,0.4653333333333334
2016-12-07,9.8,29.5,3.22,0.4565416666666667
2016-12-08,7.7,26.3,1.26,0.4463333333333333
2016-12-09,2.2,29.5,3.94,0.4379166666666667
2016-12-10,2.4,29.6,3.32,0.43812500000000004
2016-12-11,5.7,28.1,1.74,0.45058333333333334
2016-12-12,42.7,25.4,0.91,0.457
2016-12-13,4.6,27.8,1.96,0.459125
2016-12-14,2.1,28.7,2.59,0.45445833333333335
2016-12-15,4.6,28.7,2.49,0.45645833333333335
2016-12-16,11.6,29.3,2.87,0.46170833333333333
2016-12-17,0.0,28.4,3.6,0.44887499999999997
2016-12-18,1.0,27.7,3.06,0.4382083333333333
2016-12-19,8.4,29.2,3.18,0.4447916666666667
2016-12-20,11.4,28.2,2.07,0.4715
2016-12-21,15.9,29.2,2.37,0.4618333333333333
2016-12-22,0.1,30.1,3.71,0.437125
2016-12-23,0.3,29.9,3.21,0.42924999999999996
2016-12-24,0.4,30.1,3.85,0.42120833333333335
2016-12-25,5.2,29.2,2.46,0.4298333333333333
2016-12-26,0.1,29.8,3.09,0.4382083333333333
2016-12-27,0.0,29.4,3.67,0.4200833333333333
2016-12-28,0.0,27.9,3.88,0.40425
2016-12-29,0.0,27.3,3.37,0.39045833333333335
2016-12-30,0.0,27.8,4.04,0.3789166666666666
2016-12-31,0.7,28.3,3.33,0.37095833333333333
2017-01-01,0.2,29.9,4.12,0.379375
2017-01-02,1.3,29.5,3.88,0.37645833333333334
2017-01-03,0.4,29.6,3.19,0.36995833333333333
2017-01-04,1.6,29.0,3.21,0.36762500000000004
2017-01-05,0.7,30.2,4.29,0.36175
2017-01-06,2.1,29.8,4.02,0.3609583333333333
2017-01-07,3.9,29.1,3.27,0.36804166666666666
2017-01-08,9.9,29.8,3.9,0.4183333333333334
2017-01-09,0.0,29.7,4.28,0.38199999999999995
2017-01-10,0.9,29.8,4.1,0.36437499999999995
2017-01-11,0.3,30.1,3.94,0.3529583333333333
2017-01-12,0.9,29.1,3.45,0.3609583333333333
2017-01-13,2.1,28.9,3.93,0.3575833333333333
2017-01-14,2.3,30.6,3.76,0.3642916666666667
2017-01-15,7.2,28.5,2.75,0.39366666666666666
2017-01-16,3.2,27.5,2.59,0.41958333333333336
2017-01-17,0.7,29.2,3.81,0.4439166666666667
2017-01-18,0.3,28.7,3.74,0.4342916666666667
2017-01-19,6.1,28.7,3.42,0.4251666666666667
2017-01-20,8.2,28.7,2.48,0.4495416666666667
2017-01-21,0.6,28.3,2.98,0.46295833333333336
2017-01-22,0.3,28.5,3.69,0.4394166666666666
2017-01-23,0.2,28.8,3.68,0.41775
2017-01-24,0.1,27.9,3.06,0.39575000000000005
2017-01-25,4.8,29.8,3.4,0.41441666666666666
2017-01-26,14.6,29.1,3.25,0.47525
2017-01-27,0.1,28.2,4.27,0.46254166666666663
2017-01-28,0.0,28.3,4.27,0.43450000000000005
2017-01-29,0.0,29.0,4.45,0.4135416666666667
2017-01-30,0.1,29.1,3.88,0.3962916666666667
2017-01-31,1.4,28.8,3.82,0.38575000000000004
2017-02-01,0.0,30.3,4.26,0.3730833333333334
2017-02-02,22.6,27.9,2.34,0.43124999999999997
2017-02-03,3.7,28.7,3.34,0.48291666666666666
2017-02-04,4.8,28.6,3.67,0.47533333333333333
2017-02-05,2.1,28.2,3.83,0.46412499999999995
2017-02-06,1.1,28.4,3.69,0.4515416666666667
2017-02-07,0.0,29.2,4.11,0.43425
2017-02-08,0.0,28.8,4.42,0.4163333333333333
2017-02-09,1.0,29.9,4.56,0.3990833333333334
2017-02-10,3.6,29.2,4.02,0.403875
2017-02-11,0.0,29.4,4.98,0.4154583333333333
2017-02-12,0.0,28.5,5.02,0.3890833333333334
2017-02-13,0.0,29.0,4.9,0.36795833333333333
2017-02-14,0.0,30.0,4.84,0.3498333333333334
2017-02-15,0.0,29.7,4.64,0.3350416666666667
2017-02-16,0.0,29.9,5.44,0.32204166666666667
2017-02-17,1.0,29.2,4.35,0.313625
2017-02-18,0.1,30.8,4.99,0.30683333333333335
2017-02-19,0.3,30.7,4.75,0.2984583333333333
2017-02-20,0.0,29.2,2.66,0.29466666666666663
2017-02-21,0.1,30.9,4.04,0.3010833333333333
2017-02-22,4.2,32.9,4.63,0.36391666666666667
2017-02-23,0.6,32.0,4.34,0.434
2017-02-24,0.0,31.1,4.33,0.43745833333333334
2017-02-25,2.3,30.8,4.53,0.41154166666666664
2017-02-26,11.2,30.0,3.63,0.438375
2017-02-27,1.1,31.0,4.99,0.44325
2017-02-28,0.2,31.2,5.47,0.40620833333333334
2017-03-01,1.6,31.3,5.02,0.3819166666666667
2017-03-02,4.5,29.5,3.99,0.38283333333333336
2017-03-03,0.0,30.6,5.26,0.38895833333333335
2017-03-04,0.0,31.8,5.2,0.3638333333333333
2017-03-05,0.0,31.5,4.67,0.34358333333333335
2017-03-06,0.5,30.8,4.62,0.331
2017-03-07,0.4,30.9,4.98,0.3239166666666667
2017-03-08,0.0,32.2,5.59,0.3127083333333333
2017-03-09,0.0,31.4,4.42,0.30341666666666667
2017-03-10,0.0,32.2,5.16,0.29516666666666663
2017-03-11,0.0,31.9,5.27,0.28833333333333333
2017-03-12,0.0,30.5,5.12,0.2840833333333333
2017-03-13,0.0,31.2,4.9,0.28158333333333335
2017-03-14,0.1,32.3,4.78,0.28195833333333337
2017-03-15,0.0,33.6,5.51,0.28741666666666665
2017-03-16,2.1,32.5,4.33,0.29183333333333333
2017-03-17,16.2,30.8,4.18,0.3320416666666666
2017-03-18,1.4,31.7,4.63,0.30975
2017-03-19,5.5,31.5,3.66,0.35570833333333335
2017-03-20,13.5,31.5,4.09,0.4574583333333333
2017-03-21,4.2,31.0,4.62,0.44804166666666667
2017-03-22,4.1,30.7,4.44,0.44458333333333333
2017-03-23,0.0,32.3,4.79,0.41391666666666665
2017-03-24,0.8,31.9,5.1,0.3880416666666667
2017-03-25,7.6,31.5,4.02,0.402625
2017-03-26,0.0,33.3,6.07,0.39537500000000003
2017-03-27,0.9,31.8,5.27,0.37024999999999997
2017-03-28,0.7,32.8,5.5,0.35525
2017-03-29,8.4,31.9,4.17,0.38295833333333335
2017-03-30,7.0,32.2,4.67,0.45141666666666663
2017-03-31,9.1,32.7,4.37,0.45116666666666666
2017-04-01,34.9,30.2,3.33,0.4791666666666667
2017-04-02,6.1,29.9,3.16,0.4808333333333333
2017-04-03,20.7,28.8,3.02,0.49
2017-04-04,0.9,30.5,4.23,0.480875
2017-04-05,4.8,30.4,4.02,0.48241666666666666
2017-04-06,7.6,29.2,4.0,0.4902916666666666
2017-04-07,2.6,31.6,4.79,0.4815833333333333
2017-04-08,3.3,31.5,4.31,0.4809583333333333
2017-04-09,5.2,31.9,4.59,0.47875
2017-04-10,4.2,31.1,4.45,0.4762916666666666
2017-04-11,0.2,32.2,5.31,0.45741666666666664
2017-04-12,0.4,31.7,5.14,0.42991666666666667
2017-04-13,0.0,32.8,5.45,0.40479166666666666
2017-04-14,0.1,33.0,5.63,0.38316666666666666
2017-04-15,0.1,32.7,5.5,0.36433333333333334
2017-04-16,0.0,33.6,5.77,0.3458333333333334
2017-04-17,2.8,33.2,5.44,0.3339166666666667
2017-04-18,2.7,31.1,4.72,0.34674999999999995
2017-04-19,1.7,31.3,5.09,0.3515
2017-04-20,0.3,31.8,5.55,0.33975
2017-04-21,0.3,32.0,5.48,0.3252083333333334
2017-04-22,2.5,32.4,5.6,0.32254166666666667
2017-04-23,6.2,32.3,4.65,0.34670833333333334
2017-04-24,7.4,32.9,4.5,0.39929166666666666
2017-04-25,5.4,32.0,4.43,0.4502916666666667
2017-04-26,0.7,32.0,4.86,0.4285833333333333
2017-04-27,2.6,31.9,4.8,0.404375
2017-04-28,1.3,32.8,4.97,0.3815
2017-04-29,8.7,32.0,4.86,0.41520833333333335
2017-04-30,3.9,32.8,4.69,0.3890416666666667
2017-05-01,3.4,32.7,4.85,0.387
2017-05-02,0.9,32.9,5.1,0.41291666666666665
2017-05-03,0.1,32.7,4.86,0.42250000000000004
2017-05-04,5.4,31.9,3.77,0.4111666666666667
2017-05-05,9.1,32.1,4.27,0.41962499999999997
2017-05-06,6.6,32.6,4.2,0.42208333333333337
2017-05-07,16.7,29.8,2.91,0.45291666666666663
2017-05-08,5.2,32.6,4.77,0.436625
2017-05-09,3.6,30.8,3.87,0.4466666666666667
2017-05-10,15.2,30.4,3.35,0.4653333333333333
2017-05-11,9.8,30.6,2.74,0.48466666666666663
2017-05-12,7.2,31.4,3.74,0.4799583333333333
2017-05-13,2.7,30.9,4.58,0.4700416666666667
2017-05-14,3.3,31.9,4.2,0.46929166666666666
2017-05-15,8.9,31.6,3.56,0.4796666666666667
2017-05-16,4.5,30.5,3.71,0.4875833333333333
2017-05-17,7.3,31.0,3.74,0.48383333333333334
2017-05-18,8.2,31.0,3.72,0.490375
2017-05-19,8.8,30.5,3.01,0.4980833333333334
2017-05-20,13.5,31.7,4.18,0.49491666666666667
2017-05-21,23.3,29.5,2.98,0.50475
2017-05-22,8.7,30.0,3.4,0.49779166666666663
2017-05-23,5.5,30.7,3.88,0.491125
2017-05-24,12.1,31.1,3.9,0.4892083333333333
2017-05-25,12.5,30.0,3.8,0.50025
2017-05-26,23.1,29.3,2.98,0.4987083333333333
2017-05-27,15.9,28.2,2.27,0.5065000000000001
2017-05-28,10.6,29.1,2.86,0.50125
2017-05-29,11.4,30.1,3.7,0.5011666666666666
2017-05-30,13.2,30.2,3.87,0.49462500000000004
2017-05-31,4.5,30.2,3.75,0.4955416666666667
2017-06-01,2.5,31.0,4.01,0.4910833333333333
2017-06-02,14.0,28.6,3.29,0.498125
2017-06-03,11.0,30.0,3.71,0.491125
2017-06-04,14.1,29.7,2.95,0.4935833333333333
2017-06-05,26.7,28.7,2.66,0.5066666666666667
2017-06-06,24.6,27.9,2.36,0.5054583333333333
2017-06-07,9.0,29.5,2.99,0.5052083333333334
2017-06-08,2.7,28.9,3.22,0.49825
2017-06-09,0.1,31.5,5.0,0.4735416666666667
2017-06-10,11.1,29.9,2.87,0.48504166666666665
2017-06-11,1.7,30.6,4.25,0.485625
2017-06-12,0.0,30.3,4.25,0.46416666666666667
2017-06-13,3.5,30.9,4.73,0.4570416666666666
2017-06-14,5.5,29.7,3.19,0.46416666666666667
2017-06-15,1.9,29.7,4.19,0.4575
2017-06-16,0.0,30.7,5.03,0.439875
2017-06-17,0.6,30.6,4.87,0.4182916666666667
2017-06-18,0.8,30.7,4.81,0.40524999999999994
2017-06-19,11.1,30.6,4.48,0.4605416666666666
2017-06-20,5.3,29.1,3.79,0.4771666666666667
2017-06-21,16.3,29.0,3.04,0.4849583333333333
2017-06-22,17.3,29.1,2.72,0.49995833333333334
2017-06-23,25.9,27.5,2.0,0.5079583333333334
2017-06-24,28.3,28.9,3.26,0.5032916666666667
2017-06-25,32.8,28.1,2.79,0.5025833333333333
2017-06-26,4.3,29.2,4.31,0.493875
2017-06-27,16.5,28.1,3.42,0.49545833333333333
2017-06-28,10.8,28.1,3.19,0.4995833333333333
2017-06-29,11.9,29.7,4.11,0.49595833333333333
2017-06-30,5.6,29.4,3.74,0.4927083333333333
2017-07-01,0.0,30.4,4.61,0.483125
2017-07-02,0.6,30.1,4.74,0.4832083333333333
2017-07-03,7.8,29.4,3.62,0.48574999999999996
2017-07-04,24.1,29.1,3.45,0.50125
2017-07-05,4.2,29.3,3.94,0.4956666666666667
2017-07-06,13.3,28.1,2.79,0.5017916666666666
2017-07-07,2.6,28.7,3.2,0.49466666666666664
2017-07-08,4.8,28.7,3.69,0.4967083333333333
2017-07-09,1.9,29.8,4.46,0.485625
2017-07-10,8.8,29.8,4.04,0.487125
2017-07-11,18.6,28.3,2.67,0.49820833333333336
2017-07-12,36.5,27.8,2.58,0.5051249999999999
2017-07-13,13.5,29.2,3.57,0.49970833333333337
2017-07-14,17.8,29.2,3.68,0.5012083333333334
2017-07-15,29.7,27.9,2.06,0.5090416666666667
2017-07-16,22.5,27.6,2.28,0.5084583333333333
2017-07-17,19.8,27.5,2.12,0.5086666666666667
2017-07-18,11.4,29.2,2.85,0.49783333333333335
2017-07-19,41.2,27.9,2.17,0.5047916666666666
2017-07-20,29.0,26.8,2.18,0.5113333333333333
2017-07-21,18.7,27.6,2.47,0.505875
2017-07-22,5.3,28.7,3.61,0.4965
2017-07-23,1.7,29.4,3.98,0.48862500000000003
2017-07-24,13.4,28.2,3.28,0.49829166666666663
2017-07-25,36.0,27.3,2.24,0.5087083333333333
2017-07-26,17.0,29.1,3.78,0.5062916666666667
2017-07-27,14.6,28.7,3.38,0.501375
2017-07-28,9.1,29.9,4.46,0.49700000000000005
2017-07-29,8.2,29.7,4.46,0.48033333333333333
2017-07-30,3.1,29.5,3.8,0.479125
2017-07-31,13.5,29.1,3.6,0.49524999999999997
2017-08-01,21.2,29.3,3.86,0.5034583333333333
2017-08-02,13.3,29.3,3.61,0.5024583333333333
2017-08-03,28.8,28.4,3.22,0.5055833333333334
2017-08-04,28.0,27.4,2.66,0.5078333333333334
2017-08-05,11.8,29.2,3.31,0.5035833333333334
2017-08-06,14.5,29.1,3.44,0.5031249999999999
2017-08-07,3.1,29.7,4.16,0.492375
2017-08-08,0.6,30.5,4.49,0.4695416666666667
2017-08-09,18.0,29.1,3.47,0.4812083333333333
2017-08-10,1.5,30.1,4.42,0.46679166666666666
2017-08-11,18.5,30.0,3.62,0.4872916666666667
2017-08-12,4.6,30.2,4.35,0.49091666666666667
2017-08-13,4.8,30.0,3.76,0.49545833333333333
2017-08-14,7.6,29.4,3.64,0.5050416666666667
2017-08-15,12.4,29.2,3.31,0.50525
2017-08-16,29.9,27.5,2.02,0.5081666666666667
2017-08-17,16.5,27.6,2.3,0.505
2017-08-18,22.2,27.8,2.83,0.5056666666666666
2017-08-19,6.7,28.6,3.76,0.49995833333333334
2017-08-20,11.1,27.6,3.11,0.503875
2017-08-21,15.4,28.6,3.59,0.49924999999999997
2017-08-22,16.2,28.7,3.35,0.5013333333333333
2017-08-23,19.2,27.5,2.37,0.499625
2017-08-24,10.1,29.8,3.63,0.5026666666666667
2017-08-25,11.6,28.5,3.22,0.50075
2017-08-26,28.3,27.6,2.62,0.5046666666666667
2017-08-27,38.5,27.9,1.97,0.5116666666666667
2017-08-28,9.5,28.3,2.95,0.5014166666666667
2017-08-29,4.3,29.1,3.62,0.49433333333333335
2017-08-30,1.0,30.2,4.21,0.47808333333333336
2017-08-31,0.0,30.1,4.36,0.4639166666666667
2017-09-01,3.6,30.4,3.83,0.4644166666666667
2017-09-02,17.8,29.6,3.46,0.48866666666666664
2017-09-03,3.2,30.6,4.7,0.47275
2017-09-04,7.3,30.2,4.11,0.4876666666666667
2017-09-05,1.9,31.1,4.64,0.47529166666666667
2017-09-06,1.6,30.5,4.29,0.46016666666666667
2017-09-07,5.7,30.5,4.23,0.4672083333333333
2017-09-08,0.2,31.7,4.49,0.46491666666666664
2017-09-09,9.8,30.9,4.08,0.4726666666666666
2017-09-10,30.7,31.3,4.03,0.4854583333333333
2017-09-11,30.6,29.2,2.92,0.5055833333333334
2017-09-12,6.7,31.8,4.51,0.49395833333333333
2017-09-13,3.3,29.8,4.05,0.49145833333333333
2017-09-14,7.8,30.1,4.05,0.4835833333333333
2017-09-15,7.5,29.2,3.17,0.501625
2017-09-16,7.9,28.7,3.06,0.5009583333333333
2017-09-17,2.0,29.8,4.2,0.49675
2017-09-18,11.1,31.6,4.38,0.493625
2017-09-19,11.2,29.3,2.65,0.5017916666666666
2017-09-20,20.7,28.7,2.52,0.5015833333333334
2017-09-21,16.9,28.3,2.15,0.5044583333333333
2017-09-22,23.5,27.9,2.22,0.5085416666666667
2017-09-23,36.2,27.9,2.77,0.5069583333333333
2017-09-24,24.0,26.9,2.12,0.50875
2017-09-25,22.1,28.1,1.81,0.5099166666666667
2017-09-26,13.7,29.1,3.38,0.5028750000000001
2017-09-27,12.2,29.7,3.58,0.5022916666666667
2017-09-28,14.7,30.1,2.86,0.50325
2017-09-29,21.5,30.0,3.41,0.505
2017-09-30,8.7,29.6,3.27,0.503
2017-10-01,6.1,29.7,3.19,0.4928333333333333
2017-10-02,37.0,28.7,1.84,0.5080833333333333
2017-10-03,43.4,26.4,1.3,0.5086666666666667
2017-10-04,3.4,29.8,3.53,0.49441666666666667
2017-10-05,3.4,31.3,4.17,0.488125
2017-10-06,8.5,29.6,2.89,0.49833333333333335
2017-10-07,12.7,29.6,3.52,0.50125
2017-10-08,4.6,31.6,3.87,0.4932916666666667
2017-10-09,1.4,30.8,4.18,0.488125
2017-10-10,2.3,30.3,3.91,0.4825
2017-10-11,7.3,31.2,3.53,0.4935416666666667
2017-10-12,8.0,31.2,4.07,0.49416666666666664
2017-10-13,34.4,29.4,3.02,0.5040416666666666
2017-10-14,28.1,28.3,2.4,0.5081666666666667
2017-10-15,20.2,27.9,2.11,0.507
2017-10-16,0.9,30.2,3.79,0.48895833333333333
2017-10-17,12.4,29.4,3.17,0.49524999999999997
2017-10-18,19.4,30.1,3.3,0.49825
2017-10-19,15.3,30.4,2.58,0.5035
2017-10-20,26.4,30.0,2.76,0.5002083333333334
2017-10-21,9.0,30.5,3.28,0.494375
2017-10-22,15.3,28.8,2.97,0.5032916666666667
2017-10-23,13.3,29.8,2.96,0.5004583333333333
2017-10-24,11.6,29.4,2.91,0.4995
2017-10-25,6.2,30.4,3.59,0.4944583333333333
2017-10-26,0.9,31.7,4.37,0.4776666666666667
2017-10-27,3.4,30.1,3.31,0.469625
2017-10-28,0.9,30.8,3.57,0.45937500000000003
2017-10-29,1.2,31.0,3.69,0.4532083333333334
2017-10-30,0.0,31.1,5.57,0.44804166666666667
2017-10-31,0.0,30.7,4.85,0.4262083333333333
2017-11-01,2.3,27.0,2.51,0.4285833333333333
2017-11-02,15.7,25.9,1.15,0.47891666666666666
2017-11-03,0.0,30.5,4.39,0.46212499999999995
2017-11-04,0.4,29.8,3.52,0.43920833333333337
2017-11-05,7.4,28.6,2.54,0.4520416666666667
2017-11-06,9.4,31.0,2.79,0.4805833333333333
2017-11-07,24.7,30.5,2.58,0.49620833333333336
2017-11-08,7.9,30.8,3.3,0.49662500000000004
2017-11-09,9.0,30.6,3.31,0.49904166666666666
2017-11-10,2.6,30.4,2.99,0.48741666666666666
2017-11-11,9.2,30.3,2.99,0.49933333333333335
2017-11-12,2.5,30.7,3.35,0.49820833333333336
2017-11-13,13.0,30.8,3.59,0.4931666666666667
2017-11-14,5.3,30.8,3.06,0.4950833333333333
2017-11-15,1.3,31.0,3.77,0.48537499999999995
2017-11-16,2.2,31.0,3.79,0.4845
2017-11-17,0.6,31.7,4.02,0.4676666666666667
2017-11-18,1.8,29.8,3.23,0.45837500000000003
2017-11-19,6.2,27.9,1.77,0.4869583333333333
2017-11-20,4.1,29.4,2.66,0.49733333333333335
2017-11-21,0.3,31.6,4.27,0.48075
2017-11-22,1.7,31.2,3.68,0.4710833333333333
2017-11-23,0.6,31.5,4.11,0.472875
2017-11-24,1.5,31.5,4.19,0.4647916666666667
2017-11-25,1.3,30.9,4.19,0.4559166666666667
2017-11-26,1.1,31.1,4.11,0.44383333333333336
2017-11-27,0.8,31.4,4.37,0.4327916666666667
2017-11-28,2.2,31.2,3.51,0.4212916666666666
2017-11-29,4.1,28.5,2.42,0.476
2017-11-30,0.0,31.6,4.3,0.4555
2017-12-01,0.1,31.2,4.06,0.43183333333333335
2017-12-02,4.8,30.4,3.82,0.4260833333333333
2017-12-03,8.2,29.3,2.35,0.48066666666666663
2017-12-04,15.2,27.5,1.99,0.493125
2017-12-05,4.2,28.8,2.6,0.4967916666666667
2017-12-06,0.2,30.3,3.67,0.48254166666666665
2017-12-07,0.5,30.3,3.66,0.4643333333333333
2017-12-08,0.7,30.8,4.05,0.451875
2017-12-09,0.1,28.6,4.38,0.4347083333333333
2017-12-10,0.0,28.9,4.56,0.41724999999999995
2017-12-11,0.0,29.6,3.62,0.40275
2017-12-12,0.8,29.5,3.73,0.3927083333333334
2017-12-13,2.8,28.3,3.12,0.3906666666666667
2017-12-14,2.7,28.2,2.89,0.401875
2017-12-15,0.7,30.0,3.39,0.402625
2017-12-16,1.7,30.1,3.56,0.3977916666666667
2017-12-17,0.1,29.5,4.01,0.3827083333333334
2017-12-18,0.0,27.4,5.54,0.36308333333333337
2017-12-19,0.0,26.2,5.22,0.3451666666666667
2017-12-20,0.0,22.6,4.0,0.3330416666666667
2017-12-21,3.0,22.5,3.47,0.34170833333333334
2017-12-22,0.8,30.3,4.4,0.32845833333333335
2017-12-23,0.2,30.2,4.07,0.324625
2017-12-24,0.0,31.7,4.43,0.31425
2017-12-25,16.9,24.9,2.53,0.3697916666666667
2017-12-26,32.6,28.0,2.61,0.5065833333333333
2017-12-27,5.1,27.0,2.22,0.49433333333333335
2017-12-28,1.5,29.5,3.53,0.4850833333333333
2017-12-29,1.0,29.7,3.57,0.4754583333333333
2017-12-30,0.7,29.9,3.87,0.46058333333333334
2017-12-31,0.1,28.6,4.16,0.44245833333333334
2018-01-01,0.0,29.1,4.09,0.42324999999999996
2018-01-02,0.0,28.8,3.95,0.4076666666666667
2018-01-03,0.2,29.5,3.71,0.39483333333333337
2018-01-04,0.6,28.3,3.17,0.385875
2018-01-05,3.4,29.4,2.97,0.40429166666666666
2018-01-06,6.6,29.3,3.24,0.431375
2018-01-07,0.7,29.8,3.58,0.42391666666666666
2018-01-08,4.8,29.2,2.96,0.44049999999999995
2018-01-09,1.6,29.6,3.19,0.45
2018-01-10,5.7,29.8,3.16,0.44458333333333333
2018-01-11,0.0,29.2,4.1,0.44625000000000004
2018-01-12,0.6,28.6,4.31,0.42487499999999995
2018-01-13,0.0,27.3,4.12,0.4026666666666667
2018-01-14,0.0,25.7,2.08,0.3864166666666667
2018-01-15,0.5,27.8,3.33,0.3850833333333333
2018-01-16,8.1,28.4,2.96,0.4205833333333333
2018-01-17,7.1,26.4,1.33,0.4652083333333334
2018-01-18,3.1,28.6,3.46,0.4495833333333333
2018-01-19,4.5,25.5,1.17,0.4746666666666666
2018-01-20,0.5,29.4,3.99,0.458625
2018-01-21,8.0,29.3,3.13,0.45287499999999997
2018-01-22,6.6,28.6,2.98,0.48041666666666666
2018-01-23,4.5,29.2,3.18,0.48291666666666666
2018-01-24,0.6,28.8,3.5,0.47075
2018-01-25,0.0,29.1,3.65,0.45295833333333335
2018-01-26,1.8,28.9,3.69,0.4424166666666667
2018-01-27,2.1,29.7,3.48,0.4457083333333333
2018-01-28,3.7,28.9,3.06,0.4579583333333333
2018-01-29,5.1,28.7,2.92,0.4562083333333333
2018-01-30,0.1,29.0,3.58,0.431875
2018-01-31,1.7,30.0,3.89,0.4266666666666667
2018-02-01,0.7,29.2,4.02,0.42933333333333334
2018-02-02,0.0,29.3,4.45,0.41041666666666665
2018-02-03,0.9,29.0,4.05,0.3922083333333333
2018-02-04,0.0,29.1,4.55,0.3720833333333333
2018-02-05,0.1,28.0,4.54,0.35683333333333334
2018-02-06,0.0,27.4,4.56,0.343875
2018-02-07,0.0,27.7,4.23,0.33179166666666665
2018-02-08,0.0,28.1,4.36,0.32095833333333335
2018-02-09,0.0,28.8,4.36,0.31054166666666666
2018-02-10,0.0,28.6,4.04,0.302125
2018-02-11,0.1,29.1,3.91,0.29691666666666666
2018-02-12,0.0,30.2,4.87,0.2917916666666666
2018-02-13,0.0,29.3,4.66,0.2867083333333333
2018-02-14,0.0,29.7,4.86,0.283875
2018-02-15,1.2,28.7,3.88,0.2837083333333333
2018-02-16,0.2,30.1,3.83,0.28220833333333334
2018-02-17,0.8,30.4,4.15,0.28354166666666664
2018-02-18,5.9,31.4,4.31,0.310125
2018-02-19,0.6,31.1,4.84,0.340625
2018-02-20,0.0,30.6,4.21,0.3252916666666667
2018-02-21,0.0,31.3,4.57,0.3102916666666667
2018-02-22,0.7,32.0,5.08,0.2995
2018-02-23,0.0,32.6,5.82,0.29324999999999996
2018-02-24,0.0,33.3,6.22,0.28529166666666667
2018-02-25,0.1,32.9,5.25,0.2794166666666667
2018-02-26,0.3,32.1,5.15,0.2787916666666667
2018-02-27,4.1,31.6,4.78,0.28095833333333337
2018-02-28,1.7,32.2,4.41,0.3085833333333333
2018-03-01,0.6,31.6,4.38,0.32408333333333333
2018-03-02,0.5,31.3,4.49,0.3413333333333333
2018-03-03,3.5,31.4,4.05,0.34883333333333333
2018-03-04,0.0,32.2,5.0,0.371
2018-03-05,0.1,32.3,4.39,0.34837500000000005
2018-03-06,0.4,32.9,4.92,0.3314166666666667
2018-03-07,0.0,34.0,6.23,0.31433333333333335
2018-03-08,0.0,33.8,5.9,0.299125
2018-03-09,0.0,34.0,6.23,0.28883333333333333
2018-03-10,0.7,32.5,5.29,0.28612499999999996
2018-03-11,0.0,32.7,5.45,0.28279166666666666
2018-03-12,0.0,33.2,5.25,0.27958333333333335
2018-03-13,0.2,32.0,4.76,0.2778333333333334
2018-03-14,0.3,32.3,4.71,0.28200000000000003
2018-03-15,1.6,32.3,4.48,0.2905
2018-03-16,4.1,31.4,4.21,0.3463333333333333
2018-03-17,0.9,31.1,4.84,0.3970416666666667
2018-03-18,0.0,33.0,5.54,0.36879166666666663
2018-03-19,0.0,32.7,5.1,0.3425416666666667
2018-03-20,0.0,33.9,5.29,0.322875
2018-03-21,0.8,33.8,5.3,0.309
2018-03-22,0.7,30.1,3.44,0.3470416666666667
2018-03-23,2.1,31.7,4.76,0.3720833333333333
2018-03-24,0.0,33.5,5.85,0.3495
2018-03-25,0.3,32.4,5.56,0.3314166666666667
2018-03-26,0.0,33.0,5.37,0.31816666666666665
2018-03-27,0.2,33.1,5.46,0.30575
2018-03-28,0.0,33.2,5.63,0.296875
2018-03-29,0.2,32.3,5.09,0.29191666666666666
2018-03-30,3.8,30.6,3.82,0.305375
2018-03-31,12.5,31.4,3.99,0.33129166666666665
2018-04-01,4.9,31.9,4.14,0.313625
2018-04-02,0.0,33.1,5.01,0.3
2018-04-03,1.7,32.2,5.0,0.29583333333333334
2018-04-04,0.5,33.1,5.38,0.2914583333333333
2018-04-05,0.1,33.4,5.29,0.297
2018-04-06,0.4,33.4,5.23,0.292875
2018-04-07,0.8,33.3,5.34,0.2885833333333333
2018-04-08,0.8,32.6,4.39,0.29466666666666663
2018-04-09,0.0,35.2,6.35,0.2905833333333333
2018-04-10,1.0,34.4,6.02,0.2833333333333333
2018-04-11,0.8,34.5,5.46,0.2800416666666667
2018-04-12,0.0,35.7,5.58,0.27366666666666667
2018-04-13,0.0,35.8,5.48,0.2684166666666667
2018-04-14,0.1,35.5,5.56,0.26416666666666666
2018-04-15,0.3,34.1,4.91,0.261625
2018-04-16,0.1,36.3,6.24,0.26004166666666667
2018-04-17,0.5,35.9,5.61,0.25929166666666664
2018-04-18,0.4,33.4,4.63,0.2627083333333334
2018-04-19,0.7,33.9,5.04,0.26245833333333335
2018-04-20,1.4,34.4,5.08,0.2655
2018-04-21,1.2,33.8,5.06,0.2689166666666667
2018-04-22,1.4,33.9,4.76,0.27820833333333334
2018-04-23,8.7,32.7,4.17,0.30733333333333335
2018-04-24,10.3,33.1,4.75,0.33725
2018-04-25,6.9,32.6,4.76,0.384875
2018-04-26,1.9,33.5,4.91,0.40458333333333335
2018-04-27,3.0,33.8,4.95,0.4231666666666667
2018-04-28,1.6,34.1,5.11,0.40775
2018-04-29,5.7,32.6,4.15,0.42162499999999997
2018-04-30,8.5,33.3,4.91,0.443875
2018-05-01,4.7,32.7,4.64,0.43645833333333334
2018-05-02,5.3,32.9,4.81,0.44812500000000005
2018-05-03,11.4,32.2,4.74,0.47370833333333334
2018-05-04,6.0,31.6,4.02,0.481875
2018-05-05,15.8,30.0,2.87,0.4756666666666667
2018-05-06,8.9,31.3,4.11,0.48266666666666663
2018-05-07,3.3,30.4,3.97,0.47383333333333333
2018-05-08,17.0,31.3,3.37,0.47979166666666667
2018-05-09,3.9,30.1,3.36,0.4964583333333333
2018-05-10,7.2,30.8,4.13,0.48724999999999996
2018-05-11,5.5,31.8,4.64,0.47075
2018-05-12,1.4,32.5,4.77,0.45012500000000005
2018-05-13,4.1,31.5,4.62,0.4663333333333333
2018-05-14,2.9,31.9,4.42,0.45495833333333335
2018-05-15,2.4,31.7,4.6,0.4500416666666667
2018-05-16,8.1,31.3,4.43,0.46325
2018-05-17,2.5,32.1,4.33,0.46325
2018-05-18,4.8,31.8,4.39,0.472875
2018-05-19,7.6,31.6,4.35,0.4699166666666667
2018-05-20,7.4,31.6,3.71,0.46970833333333334
2018-05-21,9.4,32.4,4.57,0.46975000000000006
2018-05-22,13.3,30.6,3.33,0.47679166666666667
2018-05-23,3.4,31.2,3.78,0.47045833333333337
2018-05-24,11.9,30.6,3.26,0.4945833333333334
2018-05-25,0.0,32.4,4.82,0.46941666666666665
2018-05-26,13.7,31.3,3.93,0.46904166666666663
2018-05-27,7.5,32.8,4.54,0.4749583333333333
2018-05-28,16.6,32.4,4.23,0.48491666666666666
2018-05-29,10.0,31.1,3.21,0.4919166666666666
2018-05-30,3.0,32.1,3.92,0.482375
2018-05-31,8.0,30.3,3.7,0.48741666666666666
2018-06-01,20.9,29.6,3.58,0.49895833333333334
2018-06-02,20.0,27.7,1.72,0.5055
2018-06-03,12.8,27.1,1.26,0.5054166666666667
2018-06-04,11.3,29.5,3.17,0.5019166666666667
2018-06-05,8.5,29.2,3.52,0.496375
2018-06-06,4.0,30.7,4.15,0.4915416666666667
2018-06-07,6.7,29.1,3.44,0.4935
2018-06-08,11.3,28.8,2.68,0.5025000000000001
2018-06-09,12.7,29.6,3.24,0.4975416666666667
2018-06-10,7.6,29.3,2.55,0.5047916666666666
2018-06-11,3.7,29.2,2.69,0.49574999999999997
2018-06-12,1.9,30.0,3.75,0.4855
2018-06-13,0.7,31.7,3.9,0.46375000000000005
2018-06-14,5.3,29.8,3.65,0.4655416666666667
2018-06-15,3.7,30.4,4.52,0.44354166666666667
2018-06-16,32.7,27.7,1.61,0.5099166666666667
2018-06-17,17.1,28.9,2.01,0.5090833333333333
2018-06-18,23.8,27.4,2.38,0.5084166666666666
2018-06-19,10.6,29.4,3.31,0.50725
2018-06-20,4.8,30.1,4.1,0.49875
2018-06-21,4.3,29.6,4.44,0.48524999999999996
2018-06-22,2.2,30.2,4.44,0.46641666666666665
2018-06-23,3.5,30.2,4.29,0.45379166666666665
2018-06-24,1.4,29.8,3.94,0.4535
2018-06-25,5.0,28.8,3.85,0.4703333333333333
2018-06-26,3.8,29.0,3.76,0.48266666666666663
2018-06-27,6.5,28.1,2.58,0.4939166666666666
2018-06-28,0.7,29.3,4.21,0.47700000000000004
2018-06-29,0.8,29.7,4.73,0.4585000000000001
2018-06-30,0.9,29.9,4.9,0.4486666666666667
2018-07-01,3.8,29.0,4.2,0.4791666666666667
2018-07-02,9.3,28.5,3.62,0.49337499999999995
2018-07-03,13.8,29.1,3.5,0.5033333333333333
2018-07-04,3.4,29.4,4.33,0.5004166666666666
2018-07-05,11.8,29.1,4.11,0.5010416666666667
2018-07-06,26.0,28.6,3.17,0.504125
2018-07-07,13.0,28.1,2.84,0.506
2018-07-08,8.2,29.0,3.25,0.49770833333333336
2018-07-09,15.4,28.8,3.42,0.5055833333333334
2018-07-10,16.1,27.5,2.86,0.509
2018-07-11,15.2,29.1,3.66,0.504375
2018-07-12,22.5,27.5,2.63,0.50575
2018-07-13,10.8,28.0,3.48,0.5010416666666667
2018-07-14,13.6,27.4,2.21,0.5085833333333333
2018-07-15,10.3,28.6,2.68,0.50175
2018-07-16,5.0,28.7,3.19,0.48666666666666664
2018-07-17,37.6,27.8,2.07,0.5115416666666667
2018-07-18,23.5,28.4,3.24,0.5121666666666667
2018-07-19,10.2,29.3,3.42,0.5039166666666667
2018-07-20,9.0,29.2,3.38,0.5028750000000001
2018-07-21,12.6,28.3,3.09,0.5000416666666666
2018-07-22,10.0,28.7,3.65,0.4995833333333333
2018-07-23,4.0,29.8,4.68,0.4923333333333333
2018-07-24,4.4,29.5,4.36,0.48845833333333327
2018-07-25,6.2,28.4,3.59,0.4902916666666666
2018-07-26,5.9,29.3,3.92,0.49675
2018-07-27,8.6,28.1,3.34,0.497875
2018-07-28,16.1,29.0,3.56,0.5111249999999999
2018-07-29,9.8,29.2,3.28,0.5045833333333333
2018-07-30,14.7,27.5,2.89,0.5033333333333333
2018-07-31,2.4,29.6,4.65,0.4916666666666667
2018-08-01,1.2,29.4,4.77,0.4732083333333333
2018-08-02,9.2,28.6,4.04,0.48866666666666664
2018-08-03,3.9,29.1,3.9,0.49933333333333335
2018-08-04,3.7,28.9,4.24,0.4925833333333333
2018-08-05,12.7,28.2,3.38,0.49866666666666665
2018-08-06,3.8,27.9,2.79,0.4995833333333333
2018-08-07,23.1,27.9,2.48,0.5028750000000001
2018-08-08,26.4,27.2,2.13,0.5051249999999999
2018-08-09,16.4,26.8,1.91,0.5084166666666666
2018-08-10,14.8,27.2,2.83,0.50825
2018-08-11,5.0,28.5,3.66,0.50175
2018-08-12,6.8,29.4,4.16,0.49441666666666667
2018-08-13,3.2,29.5,4.11,0.4882916666666666
2018-08-14,11.4,28.4,2.9,0.4907083333333333
2018-08-15,4.4,28.0,2.54,0.48533333333333334
2018-08-16,3.0,29.2,4.03,0.49141666666666667
2018-08-17,6.6,30.0,4.76,0.4902916666666666
2018-08-18,25.9,28.9,3.05,0.5073333333333333
2018-08-19,31.9,28.3,2.61,0.5051249999999999
2018-08-20,10.1,28.4,2.41,0.50225
2018-08-21,11.1,28.7,3.0,0.5002083333333334
2018-08-22,7.4,29.4,3.9,0.5034583333333333
2018-08-23,9.0,28.9,3.77,0.5049166666666667
2018-08-24,5.2,29.2,3.87,0.4992916666666667
2018-08-25,0.8,29.2,4.64,0.48408333333333337
2018-08-26,3.8,29.5,4.57,0.484
2018-08-27,2.6,27.8,3.08,0.4877916666666666
2018-08-28,2.3,29.7,4.56,0.4870833333333333
2018-08-29,0.9,29.8,4.77,0.468375
2018-08-30,1.1,29.8,4.54,0.4586666666666667
2018-08-31,1.6,29.5,4.35,0.45249999999999996
2018-09-01,6.2,28.7,3.59,0.472
2018-09-02,6.0,29.1,3.94,0.48441666666666666
2018-09-03,34.3,27.6,2.3,0.5027916666666666
2018-09-04,12.8,28.0,2.45,0.5075
2018-09-05,1.3,29.6,5.21,0.4890833333333333
2018-09-06,1.1,29.9,4.9,0.4725
2018-09-07,16.7,29.1,3.28,0.48900000000000005
2018-09-08,38.5,26.6,1.38,0.5094166666666667
2018-09-09,8.6,29.1,3.53,0.503
2018-09-10,0.5,29.9,4.4,0.4852083333333333
2018-09-11,1.8,29.7,4.3,0.480625
2018-09-12,12.3,27.9,3.0,0.5021666666666667
2018-09-13,18.1,27.3,2.7,0.5054583333333333
2018-09-14,17.4,27.3,2.46,0.5071666666666667
2018-09-15,15.1,27.7,2.66,0.5094583333333333
2018-09-16,25.3,27.8,3.08,0.5105000000000001
2018-09-17,20.1,27.5,2.25,0.506125
2018-09-18,13.6,28.1,2.83,0.5035
2018-09-19,5.2,30.5,4.18,0.4964583333333333
2018-09-20,20.2,31.1,3.43,0.498
2018-09-21,11.0,29.4,3.11,0.5024166666666666
2018-09-22,5.7,30.0,3.13,0.5019166666666667
2018-09-23,3.1,30.7,3.89,0.49466666666666664
2018-09-24,0.0,30.5,4.58,0.48004166666666664
2018-09-25,0.5,30.1,3.97,0.46249999999999997
2018-09-26,1.3,30.5,4.68,0.45575000000000004
2018-09-27,2.3,29.8,4.14,0.4706666666666666
2018-09-28,2.1,29.6,3.88,0.46258333333333335
2018-09-29,5.5,30.3,3.85,0.47079166666666666
2018-09-30,7.3,29.9,3.44,0.4865
2018-10-01,20.1,31.3,3.93,0.49583333333333335
2018-10-02,17.1,28.9,2.71,0.507
2018-10-03,7.3,29.1,2.57,0.503
2018-10-04,24.1,29.8,3.03,0.505625
2018-10-05,43.6,29.7,2.85,0.502375
2018-10-06,34.7,30.1,3.2,0.50375
2018-10-07,8.9,31.0,3.31,0.49866666666666665
2018-10-08,4.8,31.7,4.28,0.488
2018-10-09,1.9,31.9,4.71,0.47270833333333334
2018-10-10,0.4,31.9,4.74,0.45412500000000006
2018-10-11,1.0,32.3,4.57,0.4404166666666667
2018-10-12,6.7,31.5,4.0,0.47379166666666667
2018-10-13,4.2,30.8,4.12,0.47825
2018-10-14,4.8,30.8,4.1,0.48216666666666663
2018-10-15,0.5,30.8,3.86,0.4539583333333333
2018-10-16,0.9,31.6,4.2,0.44779166666666664
2018-10-17,2.9,30.5,3.95,0.4700416666666667
2018-10-18,24.2,30.1,2.91,0.49141666666666667
2018-10-19,41.0,27.9,1.73,0.5048333333333334
2018-10-20,23.1,31.3,4.05,0.5026666666666667
2018-10-21,4.6,31.7,4.07,0.49241666666666667
2018-10-22,8.0,31.2,3.93,0.49662500000000004
2018-10-23,7.7,30.6,3.57,0.5039166666666667
2018-10-24,27.3,28.1,2.1,0.5044166666666666
2018-10-25,3.2,31.3,4.06,0.49345833333333333
2018-10-26,1.1,31.8,4.13,0.48541666666666666
2018-10-27,2.4,32.0,4.28,0.480625
2018-10-28,3.5,31.2,4.07,0.473125
2018-10-29,5.9,31.1,3.71,0.47679166666666667
2018-10-30,0.4,31.5,4.95,0.4632083333333333
2018-10-31,0.1,30.5,5.11,0.43474999999999997
2018-11-01,0.0,31.4,5.06,0.4144583333333333
2018-11-02,1.6,31.0,4.31,0.40625
2018-11-03,4.0,31.7,4.25,0.41120833333333334
2018-11-04,3.6,31.9,3.76,0.44437499999999996
2018-11-05,4.3,31.3,3.73,0.447625
2018-11-06,2.7,31.5,4.11,0.44616666666666666
2018-11-07,13.0,27.9,1.72,0.48412499999999997
2018-11-08,6.4,30.6,3.62,0.49062500000000003
2018-11-09,3.4,30.5,4.12,0.48291666666666666
2018-11-10,0.4,31.6,4.76,0.4646666666666666
2018-11-11,0.1,31.2,4.58,0.44379166666666664
2018-11-12,8.5,31.2,3.61,0.45108333333333334
2018-11-13,1.5,31.6,4.36,0.454875
2018-11-14,3.8,31.1,3.82,0.44925
2018-11-15,1.0,31.7,4.54,0.42533333333333334
2018-11-16,4.1,30.1,2.98,0.433
2018-11-17,14.5,31.3,3.53,0.468875
2018-11-18,3.8,30.5,3.32,0.4648333333333334
2018-11-19,26.0,29.1,3.0,0.48537500000000006
2018-11-20,7.7,30.4,3.74,0.489625
2018-11-21,0.7,31.3,4.03,0.458875
2018-11-22,0.4,31.2,4.16,0.44529166666666664
2018-11-23,0.0,31.6,4.0,0.42816666666666664
2018-11-24,0.0,31.2,3.72,0.41391666666666665
2018-11-25,8.5,27.5,2.74,0.422375
2018-11-26,3.6,28.7,3.41,0.4384166666666667
2018-11-27,6.3,30.4,3.69,0.42383333333333334
2018-11-28,2.3,30.5,3.53,0.4367916666666667
2018-11-29,0.4,31.4,4.53,0.42370833333333335
2018-11-30,0.6,32.0,4.53,0.4034166666666667
2018-12-01,1.5,31.3,3.86,0.3920416666666667
2018-12-02,0.4,31.8,4.77,0.3765833333333333
2018-12-03,0.2,32.0,4.41,0.3605
2018-12-04,0.4,31.9,4.85,0.34945833333333337
2018-12-05,0.0,32.4,5.21,0.33791666666666664
2018-12-06,2.1,32.4,4.24,0.33075000000000004
2018-12-07,3.3,31.6,3.83,0.33837500000000004
2018-12-08,2.5,31.6,4.33,0.36637499999999995
2018-12-09,3.1,31.1,3.66,0.3662916666666667
2018-12-10,1.2,31.9,4.7,0.3700833333333333
2018-12-11,1.2,31.5,3.98,0.3632916666666666
2018-12-12,0.1,32.5,4.55,0.3582916666666667
2018-12-13,0.9,31.3,3.88,0.34308333333333335
2018-12-14,0.5,32.1,5.04,0.3374166666666667
2018-12-15,2.3,32.0,4.11,0.3295
2018-12-16,1.2,32.3,4.25,0.3379166666666667
2018-12-17,0.0,32.3,4.61,0.33404166666666674
2018-12-18,0.4,32.1,4.37,0.32383333333333336
2018-12-19,3.8,29.8,3.09,0.33749999999999997
2018-12-20,14.3,31.6,3.75,0.35325
2018-12-21,4.0,30.3,3.53,0.3710833333333334
2018-12-22,1.0,29.7,3.55,0.36162500000000003
2018-12-23,2.2,29.4,3.4,0.3540833333333333
2018-12-24,9.1,30.2,3.38,0.44
2018-12-25,9.3,29.4,2.77,0.4497083333333333
2018-12-26,25.2,29.6,2.88,0.49466666666666664
2018-12-27,25.1,27.9,2.11,0.49504166666666666
2018-12-28,0.4,29.6,2.99,0.4775416666666667
2018-12-29,12.9,30.3,3.72,0.47733333333333333
2018-12-30,3.3,27.1,2.05,0.4945833333333333
2018-12-31,0.0,29.6,4.75,0.46412499999999995
2019-01-01,0.0,28.2,4.2,0.44016666666666665
2019-01-02,13.3,25.3,1.75,0.47337500000000005
2019-01-03,10.9,27.5,3.09,0.4859583333333333
2019-01-04,4.7,28.9,3.61,0.48225
2019-01-05,0.5,29.4,4.07,0.4659166666666667
2019-01-06,0.8,29.8,4.49,0.4466666666666667
2019-01-07,0.0,29.7,4.82,0.42354166666666665
2019-01-08,1.0,28.6,3.95,0.40795833333333337
2019-01-09,0.0,29.6,4.27,0.4034583333333333
2019-01-10,1.0,29.3,4.28,0.3882916666666667
2019-01-11,1.2,29.9,4.18,0.3750833333333334
2019-01-12,0.0,29.6,4.16,0.3578333333333333
2019-01-13,0.6,30.7,4.82,0.34195833333333336
2019-01-14,0.2,30.5,4.21,0.3282916666666667
2019-01-15,1.0,29.9,4.12,0.31704166666666667
2019-01-16,11.2,30.2,3.67,0.36725
2019-01-17,0.2,29.9,4.84,0.34741666666666665
2019-01-18,0.0,30.0,5.0,0.3292916666666667
2019-01-19,0.4,30.6,4.75,0.31425
2019-01-20,0.6,30.8,4.51,0.30375
2019-01-21,0.5,30.2,3.85,0.29562499999999997
2019-01-22,6.6,28.5,3.5,0.3605833333333333
2019-01-23,1.5,29.0,3.26,0.38516666666666666
2019-01-24,0.0,29.5,4.92,0.36391666666666667
2019-01-25,0.0,30.3,4.76,0.33908333333333335
2019-01-26,0.0,29.8,4.01,0.3209166666666667
2019-01-27,0.1,30.1,4.22,0.3080833333333333
2019-01-28,0.0,29.4,3.07,0.2975
2019-01-29,0.0,31.7,5.2,0.29075
2019-01-30,0.0,32.4,5.93,0.2834583333333333
2019-01-31,0.0,31.6,5.41,0.2765416666666667
2019-02-01,0.3,32.1,5.64,0.27329166666666665
2019-02-02,0.4,32.0,5.55,0.27120833333333333
2019-02-03,2.0,32.8,4.99,0.2738333333333333
2019-02-04,1.5,32.0,4.83,0.281625
2019-02-05,0.0,32.1,4.59,0.27858333333333335
2019-02-06,0.1,32.2,4.33,0.27325000000000005
2019-02-07,0.0,33.0,4.73,0.268625
2019-02-08,0.0,33.4,4.83,0.26525000000000004
2019-02-09,0.0,33.7,5.3,0.2602083333333333
2019-02-10,0.0,32.9,5.65,0.2574166666666667
2019-02-11,0.4,33.6,5.84,0.25745833333333334
2019-02-12,0.6,32.7,6.32,0.26183333333333336
2019-02-13,0.0,33.0,6.51,0.260875
2019-02-14,0.0,33.2,6.12,0.2577916666666667
2019-02-15,0.0,33.3,6.39,0.25429166666666664
2019-02-16,0.0,33.7,5.71,0.253375
2019-02-17,0.2,32.5,4.93,0.25233333333333335
2019-02-18,0.3,32.5,4.64,0.25266666666666665
2019-02-19,0.0,34.3,5.61,0.253375
2019-02-20,0.5,33.7,5.5,0.25370833333333337
2019-02-21,0.0,34.5,5.5,0.25654166666666667
2019-02-22,1.7,31.4,4.84,0.26266666666666666
2019-02-23,0.1,32.9,5.06,0.26637500000000003
2019-02-24,0.4,33.5,5.57,0.2640416666666667
2019-02-25,0.0,33.7,6.26,0.2615416666666667
2019-02-26,0.0,33.5,6.74,0.2587083333333334
2019-02-27,0.0,34.2,6.53,0.258125
2019-02-28,0.0,33.4,5.74,0.257125
2019-03-01,0.1,34.0,5.63,0.2554166666666667
2019-03-02,0.0,33.8,6.06,0.25675
2019-03-03,0.0,33.4,5.92,0.25645833333333334
2019-03-04,0.0,32.9,5.49,0.25608333333333333
2019-03-05,0.0,32.9,5.66,0.25554166666666667
2019-03-06,0.0,31.4,5.19,0.2540833333333333
2019-03-07,0.0,33.4,5.49,0.25329166666666664
2019-03-08,0.0,33.2,5.44,0.253
2019-03-09,0.0,33.5,5.55,0.2517916666666667
2019-03-10,0.0,32.9,5.6,0.2507916666666667
2019-03-11,0.0,31.9,5.44,0.250375
2019-03-12,0.0,33.5,5.24,0.252125
2019-03-13,0.2,35.3,5.99,0.25470833333333337
2019-03-14,0.0,33.5,4.85,0.253875
2019-03-15,0.0,35.2,6.48,0.253
2019-03-16,1.6,34.2,5.5,0.2604166666666667
2019-03-17,0.8,35.3,5.89,0.25929166666666664
2019-03-18,0.0,35.8,6.9,0.25470833333333337
2019-03-19,0.3,34.5,6.05,0.25304166666666666
2019-03-20,1.9,33.7,5.3,0.25816666666666666
2019-03-21,0.7,33.4,4.91,0.2659166666666667
2019-03-22,0.1,32.9,4.96,0.265
2019-03-23,6.1,33.8,4.57,0.2947916666666667
2019-03-24,5.6,33.3,4.41,0.38458333333333333
2019-03-25,1.2,33.9,5.25,0.4136666666666667
2019-03-26,0.0,33.9,6.48,0.37575000000000003
2019-03-27,0.0,34.7,6.16,0.3441666666666667
2019-03-28,0.2,35.2,5.62,0.32245833333333335
2019-03-29,1.3,32.7,5.31,0.31383333333333335
2019-03-30,1.0,33.0,5.37,0.30495833333333333
2019-03-31,1.7,34.6,5.35,0.2980833333333333
2019-04-01,1.9,34.6,5.29,0.308125
2019-04-02,0.7,35.8,6.83,0.31666666666666665
2019-04-03,3.7,33.8,4.89,0.30995833333333334
2019-04-04,6.7,32.3,4.24,0.33608333333333335
2019-04-05,4.6,34.1,4.73,0.38245833333333334
2019-04-06,0.0,34.5,5.54,0.3737916666666667
2019-04-07,1.1,33.0,4.86,0.34850000000000003
2019-04-08,0.4,36.0,6.03,0.33866666666666667
2019-04-09,0.3,35.6,6.17,0.320875
2019-04-10,0.2,36.1,5.92,0.30520833333333336
2019-04-11,1.8,34.7,5.07,0.2952916666666667
2019-04-12,4.0,34.3,4.28,0.30833333333333335
2019-04-13,0.8,35.8,5.83,0.3232083333333334
2019-04-14,1.2,36.0,6.05,0.314
2019-04-15,0.4,36.0,5.96,0.30091666666666667
2019-04-16,1.6,37.2,5.95,0.2925
2019-04-17,8.5,35.6,4.91,0.32325
2019-04-18,7.4,34.3,4.53,0.32079166666666664
2019-04-19,1.6,33.3,5.13,0.3471666666666667
2019-04-20,1.9,33.4,5.0,0.337875
2019-04-21,0.2,35.1,5.75,0.32195833333333335
2019-04-22,0.1,36.1,6.0,0.30541666666666667
2019-04-23,0.9,36.5,5.71,0.29654166666666665
2019-04-24,0.1,37.7,6.09,0.29691666666666666
2019-04-25,1.8,34.9,5.04,0.291875
2019-04-26,0.4,36.4,5.55,0.28712499999999996
2019-04-27,2.4,34.8,4.73,0.28804166666666664
2019-04-28,9.2,30.5,2.71,0.33041666666666664
2019-04-29,0.6,35.5,5.66,0.373125
2019-04-30,0.9,33.8,5.53,0.34575
2019-05-01,0.8,34.1,5.57,0.3369166666666667
2019-05-02,1.3,32.8,4.43,0.32895833333333335
2019-05-03,3.2,33.2,4.66,0.365
2019-05-04,15.7,33.1,4.21,0.43250000000000005
2019-05-05,2.2,31.8,4.91,0.4507083333333333
2019-05-06,6.8,32.0,4.92,0.43925
2019-05-07,3.0,31.4,4.48,0.43575
2019-05-08,6.7,31.3,4.57,0.44412500000000005
2019-05-09,9.2,30.2,3.79,0.47929166666666667
2019-05-10,8.6,29.4,3.16,0.4891666666666667
2019-05-11,13.4,29.5,3.29,0.49666666666666665
2019-05-12,6.3,29.5,3.56,0.4920833333333334
2019-05-13,3.9,30.3,4.11,0.48174999999999996
2019-05-14,4.2,31.3,4.57,0.4805833333333333
2019-05-15,10.0,31.9,4.64,0.493625
2019-05-16,15.3,30.9,3.81,0.49825
2019-05-17,2.8,31.4,4.66,0.48266666666666663
2019-05-18,0.9,31.4,4.9,0.4565416666666667
2019-05-19,2.8,31.1,4.04,0.46587500000000004
2019-05-20,1.0,31.0,3.94,0.47058333333333335
2019-05-21,7.0,30.5,3.99,0.48070833333333335
2019-05-22,23.4,30.5,3.49,0.49333333333333335
2019-05-23,1.4,31.1,4.72,0.4834583333333333
2019-05-24,6.0,30.5,4.67,0.4812916666666667
2019-05-25,3.4,29.5,3.5,0.47612499999999996
2019-05-26,7.7,29.4,3.84,0.49266666666666664
2019-05-27,4.3,29.7,3.03,0.4907916666666667
2019-05-28,4.7,31.0,3.78,0.49737499999999996
2019-05-29,2.3,30.9,3.96,0.48704166666666665
2019-05-30,0.3,31.7,4.5,0.4715833333333333
2019-05-31,1.9,32.1,4.56,0.45245833333333335
2019-06-01,7.7,31.1,4.28,0.4599583333333333
2019-06-02,1.8,31.0,4.27,0.46337500000000004
2019-06-03,12.0,30.3,2.4,0.48091666666666666
2019-06-04,5.9,31.2,3.61,0.4789583333333333
2019-06-05,12.6,31.0,3.39,0.4815416666666667
2019-06-06,8.5,29.7,3.02,0.487625
2019-06-07,20.5,30.0,2.08,0.506625
2019-06-08,14.7,28.9,2.67,0.5059583333333334
2019-06-09,22.4,28.9,3.14,0.5084166666666666
2019-06-10,1.3,29.8,4.21,0.48924999999999996
2019-06-11,11.6,29.4,2.78,0.5043333333333333
2019-06-12,2.0,31.0,4.41,0.48220833333333335
2019-06-13,1.9,30.6,4.06,0.460625
2019-06-14,5.4,30.1,3.84,0.46825
2019-06-15,13.3,29.0,3.61,0.47733333333333333
2019-06-16,12.4,30.3,2.75,0.47875
2019-06-17,19.0,28.3,1.7,0.4945
2019-06-18,11.6,28.4,1.77,0.49475
2019-06-19,7.6,30.4,4.71,0.48337500000000005
2019-06-20,3.2,30.5,4.34,0.45116666666666666
2019-06-21,6.2,29.9,3.7,0.45529166666666665
2019-06-22,13.9,28.5,2.41,0.470875
2019-06-23,5.5,29.4,3.39,0.4968333333333333
2019-06-24,7.7,30.1,3.28,0.49420833333333336
2019-06-25,9.0,30.1,3.15,0.49304166666666666
2019-06-26,8.7,29.3,3.24,0.5002083333333334
2019-06-27,5.2,28.6,2.23,0.49404166666666666
2019-06-28,11.3,29.4,3.59,0.4922916666666666
2019-06-29,2.6,29.0,3.21,0.482875
2019-06-30,7.9,29.2,2.75,0.48091666666666666
2019-07-01,13.0,28.6,2.82,0.4892916666666667
2019-07-02,7.9,28.5,2.78,0.49433333333333335
2019-07-03,8.6,27.8,2.29,0.49629166666666663
2019-07-04,7.3,28.7,3.41,0.5006666666666667
2019-07-05,1.0,29.6,4.08,0.47537499999999994
2019-07-06,3.5,29.5,4.08,0.47491666666666665
2019-07-07,5.3,29.7,3.9,0.4839583333333333
2019-07-08,8.5,30.7,3.7,0.48025
2019-07-09,3.1,30.0,4.42,0.4618333333333333
2019-07-10,0.4,30.4,4.75,0.4479166666666667
2019-07-11,0.7,30.4,4.76,0.4249583333333333
2019-07-12,0.5,30.8,5.19,0.40529166666666666
2019-07-13,1.4,29.9,4.4,0.40137500000000004
2019-07-14,7.7,30.0,4.47,0.450625
2019-07-15,5.3,29.4,4.45,0.449875
2019-07-16,11.4,28.3,2.89,0.476625
2019-07-17,24.9,28.9,2.66,0.507625
2019-07-18,18.9,28.0,2.14,0.5114583333333333
2019-07-19,9.0,28.2,2.75,0.5085000000000001
2019-07-20,9.6,29.4,3.69,0.49933333333333335
2019-07-21,0.7,29.8,4.36,0.47329166666666667
2019-07-22,6.4,29.5,4.11,0.47808333333333336
2019-07-23,10.7,29.5,2.94,0.4883333333333333
2019-07-24,9.4,28.6,2.97,0.4944583333333333
2019-07-25,20.1,28.0,2.52,0.5050833333333333
2019-07-26,0.3,30.0,4.85,0.4854583333333333
2019-07-27,7.5,29.1,4.2,0.48675
2019-07-28,16.3,29.1,3.18,0.49854166666666666
2019-07-29,12.3,29.6,3.59,0.4795833333333333
2019-07-30,5.8,30.0,4.55,0.4935833333333333
2019-07-31,6.8,29.1,4.11,0.4859166666666666
2019-08-01,4.5,30.0,4.57,0.47770833333333335
2019-08-02,23.8,27.6,2.87,0.49970833333333337
2019-08-03,12.1,27.3,2.61,0.5080416666666666
2019-08-04,19.6,27.9,2.41,0.5052916666666667
2019-08-05,17.8,27.2,1.59,0.5091666666666667
2019-08-06,28.0,28.0,2.87,0.5067916666666666
2019-08-07,12.5,28.0,2.56,0.5028750000000001
2019-08-08,32.9,28.1,2.27,0.4995
2019-08-09,30.0,27.5,2.49,0.509375
2019-08-10,12.3,29.1,3.27,0.49995833333333334
2019-08-11,11.7,28.6,3.24,0.5051666666666667
2019-08-12,6.6,29.4,3.83,0.496875
2019-08-13,2.0,29.3,4.01,0.46950000000000003
2019-08-14,3.0,29.5,4.1,0.45304166666666673
2019-08-15,12.5,28.9,3.88,0.4827916666666667
2019-08-16,14.7,28.7,3.68,0.4988333333333333
2019-08-17,6.5,29.3,3.88,0.5005416666666667
2019-08-18,1.4,30.2,4.76,0.4764583333333334
2019-08-19,1.0,30.4,4.97,0.46045833333333336
2019-08-20,11.9,28.9,3.67,0.48504166666666665
2019-08-21,9.6,28.7,3.2,0.5022916666666667
2019-08-22,11.7,28.8,3.9,0.501
2019-08-23,5.1,28.8,3.65,0.49495833333333333
2019-08-24,14.0,28.2,3.17,0.5025000000000001
2019-08-25,17.6,27.8,3.37,0.5074166666666667
2019-08-26,3.8,29.4,4.24,0.4968333333333333
2019-08-27,5.4,29.3,4.47,0.488125
2019-08-28,5.8,29.5,4.55,0.4910833333333333
2019-08-29,27.1,27.6,2.44,0.5097083333333333
2019-08-30,16.0,27.7,2.73,0.505875
2019-08-31,7.2,29.9,4.45,0.499625
2019-09-01,8.3,29.3,3.56,0.48945833333333333
2019-09-02,17.9,28.9,2.66,0.5039583333333334
2019-09-03,17.0,28.1,2.5,0.5120416666666666
2019-09-04,12.5,28.3,3.34,0.5085416666666667
2019-09-05,5.1,29.4,3.97,0.49816666666666665
2019-09-06,3.2,29.1,4.27,0.48774999999999996
2019-09-07,0.5,29.2,4.46,0.46808333333333335
2019-09-08,12.3,28.2,3.08,0.48500000000000004
2019-09-09,14.3,28.1,3.25,0.49779166666666663
2019-09-10,2.3,29.2,4.07,0.4765
2019-09-11,0.1,30.5,4.65,0.45970833333333333
2019-09-12,0.5,30.4,5.04,0.4378333333333333
2019-09-13,8.0,29.5,3.57,0.4564166666666667
2019-09-14,54.8,27.6,1.94,0.5056666666666667
2019-09-15,17.3,28.2,2.97,0.5035833333333334
2019-09-16,15.5,28.1,3.29,0.5052916666666667
2019-09-17,15.8,27.6,2.68,0.5049583333333333
2019-09-18,39.3,26.6,1.59,0.511
2019-09-19,14.3,28.7,3.05,0.4995833333333333
2019-09-20,7.2,28.5,3.42,0.490375
2019-09-21,11.5,28.9,2.83,0.49629166666666663
2019-09-22,6.6,30.5,3.21,0.4959166666666666
2019-09-23,14.5,29.9,2.89,0.4969166666666667
2019-09-24,1.1,31.9,4.28,0.46608333333333335
2019-09-25,0.9,31.8,4.38,0.443625
2019-09-26,5.3,30.5,3.25,0.4459166666666667
2019-09-27,9.9,31.0,3.82,0.4735833333333333
2019-09-28,23.8,29.8,3.2,0.495125
2019-09-29,4.2,31.7,4.07,0.473875
2019-09-30,2.8,30.6,3.69,0.45975000000000005
2019-10-01,4.9,29.7,3.71,0.46875
2019-10-02,5.1,28.9,2.91,0.464875
2019-10-03,6.4,30.5,4.16,0.4595416666666667
2019-10-04,7.1,29.4,3.02,0.47045833333333337
2019-10-05,14.4,30.3,3.36,0.47770833333333335
2019-10-06,11.0,29.6,3.48,0.4879166666666666
2019-10-07,3.2,30.9,3.65,0.47529166666666667
2019-10-08,2.0,31.5,4.44,0.462375
2019-10-09,11.2,30.3,2.93,0.4619583333333333
2019-10-10,3.9,30.7,3.49,0.46737500000000004
2019-10-11,0.9,31.2,4.21,0.44779166666666664
2019-10-12,17.8,30.9,3.84,0.4558333333333333
2019-10-13,9.2,31.0,4.05,0.48291666666666666
2019-10-14,4.0,30.9,3.92,0.4703333333333333
2019-10-15,10.1,31.2,3.66,0.4708333333333334
2019-10-16,7.4,31.0,3.42,0.47054166666666664
2019-10-17,11.3,32.3,3.72,0.4719583333333333
2019-10-18,4.4,31.2,3.6,0.47104166666666664
2019-10-19,2.4,30.0,2.6,0.4613333333333334
2019-10-20,3.7,31.3,4.06,0.4404166666666667
2019-10-21,1.4,32.3,4.72,0.4254166666666666
2019-10-22,4.8,30.8,3.07,0.4297083333333333
2019-10-23,3.2,31.8,4.05,0.463
2019-10-24,7.6,31.8,4.14,0.46979166666666666
2019-10-25,1.0,31.9,4.59,0.45108333333333334
2019-10-26,1.4,32.3,4.74,0.427
2019-10-27,1.1,31.3,4.06,0.41616666666666663
2019-10-28,10.6,30.3,2.9,0.4217916666666666
2019-10-29,1.7,31.1,4.06,0.42420833333333335
2019-10-30,1.9,32.7,4.94,0.3922916666666667
2019-10-31,4.2,29.3,3.3,0.3913333333333333
2019-11-01,8.7,29.6,2.95,0.4694583333333333
2019-11-02,8.2,30.5,3.36,0.46537500000000004
2019-11-03,11.0,29.0,3.02,0.4771666666666667
2019-11-04,15.6,31.1,3.48,0.4839166666666667
2019-11-05,15.2,31.2,3.69,0.48783333333333334
2019-11-06,9.8,29.8,2.48,0.492
2019-11-07,12.3,29.9,3.3,0.4932916666666667
2019-11-08,4.3,30.1,2.95,0.48025
2019-11-09,2.0,30.3,3.8,0.45741666666666664
2019-11-10,0.0,30.8,4.58,0.4214166666666666
2019-11-11,0.0,28.6,2.91,0.4081666666666666
2019-11-12,0.3,30.3,4.34,0.3945
2019-11-13,1.4,31.3,4.25,0.38158333333333333
2019-11-14,2.0,30.7,3.61,0.37733333333333335
2019-11-15,0.2,31.8,4.91,0.37037499999999995
2019-11-16,1.8,30.9,3.84,0.3618333333333333
2019-11-17,0.9,31.4,4.23,0.35312499999999997
2019-11-18,9.4,31.4,3.68,0.3829166666666666
2019-11-19,2.7,31.2,4.37,0.414625
2019-11-20,1.4,30.3,4.06,0.3913333333333333
2019-11-21,2.0,30.0,3.47,0.379875
2019-11-22,0.6,31.2,4.2,0.3765
2019-11-23,0.0,32.6,5.0,0.35991666666666666
2019-11-24,6.9,31.8,3.9,0.381375
2019-11-25,3.7,31.3,3.73,0.43945833333333334
2019-11-26,0.3,32.0,4.44,0.4330833333333333
2019-11-27,2.1,32.4,4.66,0.40679166666666666
2019-11-28,0.7,32.7,4.74,0.38895833333333335
2019-11-29,0.8,32.0,4.84,0.37424999999999997
2019-11-30,0.9,31.5,4.78,0.36308333333333337
2019-12-01,0.8,30.8,3.2,0.3595833333333333
2019-12-02,0.0,31.2,4.85,0.3521666666666667
2019-12-03,0.0,30.2,4.3,0.34041666666666665
2019-12-04,0.0,29.2,4.76,0.33337500000000003
2019-12-05,0.0,29.4,4.96,0.3213333333333333
2019-12-06,0.0,29.5,6.11,0.3105833333333333
2019-12-07,0.0,28.2,5.13,0.30304166666666665
2019-12-08,0.0,29.0,5.41,0.2969583333333333
2019-12-09,0.0,29.8,5.15,0.28924999999999995
2019-12-10,0.0,30.6,4.61,0.28341666666666665
2019-12-11,0.5,29.6,3.54,0.28029166666666666
2019-12-12,0.0,30.7,3.99,0.278625
2019-12-13,1.6,30.4,3.63,0.2811666666666667
2019-12-14,0.0,32.1,4.71,0.2826666666666667
2019-12-15,0.0,32.2,4.96,0.28154166666666663
2019-12-16,0.0,32.4,4.68,0.28229166666666666
2019-12-17,0.2,31.7,4.27,0.283375
2019-12-18,0.9,31.9,4.56,0.28629166666666667
2019-12-19,3.0,30.8,3.94,0.299625
2019-12-20,1.4,30.5,4.34,0.332625
2019-12-21,0.0,31.9,4.86,0.31695833333333334
2019-12-22,0.2,30.7,4.05,0.30695833333333333
2019-12-23,1.2,30.8,3.98,0.3015833333333333
2019-12-24,0.0,32.1,4.38,0.29424999999999996
2019-12-25,0.0,31.0,3.94,0.28704166666666664
2019-12-26,0.0,31.2,3.82,0.2837083333333333
2019-12-27,0.0,30.7,4.12,0.2831666666666666
2019-12-28,0.0,31.2,4.4,0.27916666666666673
2019-12-29,0.0,31.6,4.57,0.2747083333333334
2019-12-30,0.0,32.2,4.25,0.26945833333333336
2019-12-31,1.4,30.9,4.32,0.273625
2020-01-01,0.0,32.5,5.34,0.28175
2020-01-02,0.0,32.1,4.93,0.27658333333333335
2020-01-03,1.0,31.8,4.6,0.27658333333333335
2020-01-04,0.0,32.0,4.59,0.27325000000000005
2020-01-05,0.4,31.2,3.97,0.272125
2020-01-06,0.0,32.1,4.66,0.2714166666666667
2020-01-07,0.3,31.9,4.61,0.270125
2020-01-08,0.1,33.4,5.53,0.2677916666666667
2020-01-09,0.4,32.4,4.7,0.2695
2020-01-10,0.9,32.0,4.74,0.2719166666666667
2020-01-11,16.7,27.8,2.12,0.4065833333333333
2020-01-12,1.3,29.9,3.36,0.41783333333333333
2020-01-13,0.2,30.8,4.6,0.3866666666666667
2020-01-14,0.0,31.2,4.9,0.3585
2020-01-15,0.0,31.1,4.85,0.3356666666666666
2020-01-16,0.0,31.6,4.35,0.3227083333333333
2020-01-17,0.0,31.8,4.49,0.3153333333333333
2020-01-18,0.5,31.4,4.94,0.30604166666666666
2020-01-19,0.0,32.1,5.44,0.29920833333333335
2020-01-20,0.0,32.6,5.6,0.28983333333333333
2020-01-21,0.0,32.8,5.7,0.2877083333333333
2020-01-22,0.5,32.2,5.4,0.2907916666666666
2020-01-23,0.0,32.6,5.47,0.28491666666666665
2020-01-24,0.0,32.9,5.41,0.27725000000000005
2020-01-25,0.1,31.9,4.28,0.27729166666666666
2020-01-26,0.0,31.7,4.47,0.27920833333333334
2020-01-27,0.0,32.1,5.07,0.27737500000000004
2020-01-28,0.0,32.1,4.66,0.2777916666666667
2020-01-29,0.0,32.2,4.82,0.278
2020-01-30,1.4,31.2,4.51,0.28270833333333334
2020-01-31,0.1,31.3,5.25,0.28554166666666664
2020-02-01,0.0,31.9,5.68,0.285875
2020-02-02,0.0,31.8,5.59,0.2780416666666667
2020-02-03,0.0,32.0,5.77,0.27320833333333333
2020-02-04,0.0,32.8,5.4,0.26983333333333337
2020-02-05,0.0,32.8,5.81,0.26637500000000003
2020-02-06,0.0,32.4,5.99,0.263
2020-02-07,0.0,33.3,5.73,0.2609166666666667
2020-02-08,0.0,33.0,4.94,0.265
2020-02-09,0.0,31.2,3.32,0.26808333333333334
2020-02-10,0.0,32.0,4.89,0.26633333333333337
2020-02-11,0.9,33.4,6.14,0.26329166666666665
2020-02-12,0.0,34.2,5.97,0.2612083333333333
2020-02-13,0.0,34.3,4.84,0.26129166666666664
2020-02-14,0.0,34.1,5.23,0.253125
2020-02-15,0.0,33.4,5.32,0.24729166666666666
2020-02-16,0.0,33.4,5.01,0.24366666666666667
2020-02-17,7.1,33.1,5.3,0.25175
2020-02-18,0.6,30.8,4.84,0.27779166666666666
2020-02-19,0.0,33.9,6.55,0.25945833333333335
2020-02-20,0.0,33.3,6.11,0.2569166666666667
2020-02-21,0.0,33.9,6.66,0.25395833333333334
2020-02-22,0.0,33.4,6.24,0.2532083333333333
2020-02-23,0.0,33.7,6.53,0.253
2020-02-24,0.0,34.1,6.73,0.2507916666666667
2020-02-25,0.0,34.3,6.4,0.25129166666666664
2020-02-26,0.1,35.0,6.1,0.2520833333333333
2020-02-27,0.2,33.8,6.4,0.2589166666666667
2020-02-28,0.0,34.8,6.77,0.261
2020-02-29,0.0,34.5,5.64,0.2611666666666667
2020-03-01,0.1,34.7,5.36,0.26066666666666666
2020-03-02,0.9,33.7,5.66,0.266125
2020-03-03,0.0,34.6,5.99,0.26066666666666666
2020-03-04,0.4,34.0,5.73,0.25825000000000004
2020-03-05,0.0,34.7,5.84,0.263125
2020-03-06,0.1,34.4,5.63,0.2609166666666667
2020-03-07,0.0,33.4,5.13,0.25804166666666667
2020-03-08,0.0,32.1,5.19,0.258625
2020-03-09,0.5,32.0,5.05,0.26366666666666666
2020-03-10,0.0,33.8,5.5,0.26245833333333335
2020-03-11,1.5,33.1,4.77,0.26925
2020-03-12,0.2,35.9,5.66,0.2830416666666667
2020-03-13,0.0,34.6,5.1,0.27737500000000004
2020-03-14,0.0,36.2,6.74,0.27208333333333334
2020-03-15,0.0,35.5,6.21,0.2679166666666667
2020-03-16,0.2,35.6,6.76,0.2630416666666667
2020-03-17,0.2,35.6,6.59,0.25958333333333333
2020-03-18,0.7,34.7,5.34,0.2587083333333334
2020-03-19,0.4,36.1,5.7,0.25754166666666667
2020-03-20,0.0,34.6,5.61,0.255
2020-03-21,0.0,35.8,6.06,0.24958333333333335
2020-03-22,1.3,33.8,5.51,0.25129166666666664
2020-03-23,0.4,34.5,5.53,0.25295833333333334
2020-03-24,0.1,35.2,6.31,0.2535833333333333
2020-03-25,1.0,35.3,5.63,0.257
2020-03-26,0.0,36.1,6.04,0.26095833333333335
2020-03-27,0.1,35.4,5.63,0.2612083333333333
2020-03-28,0.3,34.3,5.42,0.2607083333333334
2020-03-29,0.0,35.7,5.71,0.2617916666666667
2020-03-30,0.3,33.9,5.43,0.26133333333333336
2020-03-31,0.5,35.1,5.59,0.2639166666666667
2020-04-01,0.4,35.3,5.53,0.26595833333333335
2020-04-02,0.4,36.4,5.91,0.27420833333333333
2020-04-03,0.0,37.2,6.53,0.2737083333333334
2020-04-04,0.5,36.3,6.3,0.2705
2020-04-05,0.0,37.0,6.9,0.26787500000000003
2020-04-06,2.0,34.8,5.53,0.27058333333333334
2020-04-07,0.7,33.9,5.21,0.2779166666666667
2020-04-08,3.8,34.3,4.46,0.2870416666666667
2020-04-09,22.5,34.8,4.65,0.35433333333333333
2020-04-10,1.0,33.0,4.68,0.45212500000000005
2020-04-11,2.3,33.2,4.79,0.42745833333333333
2020-04-12,1.5,34.2,5.33,0.40995833333333337
2020-04-13,17.0,29.9,2.58,0.481125
2020-04-14,4.1,32.1,4.16,0.46979166666666666
2020-04-15,1.3,32.9,5.27,0.4347916666666667
2020-04-16,3.5,32.6,4.15,0.423875
2020-04-17,6.8,32.5,4.47,0.45475
2020-04-18,0.8,32.8,5.26,0.45245833333333335
2020-04-19,0.3,33.8,5.28,0.4147083333333333
2020-04-20,0.0,35.1,5.82,0.3875
2020-04-21,0.0,35.8,5.71,0.36404166666666665
2020-04-22,1.4,33.7,4.77,0.3476666666666666
2020-04-23,0.4,34.2,5.2,0.3349166666666667
2020-04-24,6.5,33.7,4.06,0.36695833333333333
2020-04-25,4.1,32.7,4.82,0.41725000000000007
2020-04-26,22.6,32.1,3.81,0.45766666666666667
2020-04-27,3.6,31.6,3.44,0.4422083333333333
2020-04-28,20.2,32.4,4.51,0.4619583333333333
2020-04-29,0.1,33.9,5.75,0.44495833333333334
2020-04-30,0.7,34.4,6.18,0.40549999999999997
2020-05-01,0.4,35.0,5.55,0.382875
2020-05-02,0.7,33.3,4.67,0.36525
2020-05-03,1.3,33.1,4.89,0.35141666666666665
2020-05-04,2.4,32.1,4.53,0.34779166666666667
2020-05-05,1.0,33.2,5.13,0.34354166666666663
2020-05-06,1.3,33.6,5.07,0.34770833333333334
2020-05-07,2.8,33.9,4.64,0.37354166666666666
2020-05-08,0.9,34.0,5.0,0.35391666666666666
2020-05-09,0.4,35.2,5.33,0.3404583333333333
2020-05-10,0.2,35.9,5.61,0.3212916666666667
2020-05-11,0.2,35.5,5.59,0.3085
2020-05-12,0.5,35.9,5.57,0.2999583333333333
2020-05-13,0.3,35.6,5.54,0.303
2020-05-14,3.2,34.2,4.9,0.313375
2020-05-15,1.8,33.9,4.59,0.32975
2020-05-16,2.6,35.1,5.03,0.3617916666666667
2020-05-17,30.7,32.0,3.45,0.47041666666666665
2020-05-18,1.0,32.9,4.82,0.43
2020-05-19,0.5,32.2,4.96,0.41220833333333334
2020-05-20,8.0,30.6,3.08,0.4402916666666667
2020-05-21,2.4,31.2,4.65,0.4434166666666666
2020-05-22,0.9,31.7,5.08,0.4116666666666667
2020-05-23,16.1,31.0,3.72,0.43783333333333335
2020-05-24,20.8,32.6,3.62,0.47058333333333335
2020-05-25,6.4,31.5,3.65,0.4885
2020-05-26,0.3,32.6,5.33,0.4535
2020-05-27,10.9,31.7,4.18,0.443
2020-05-28,8.9,31.3,3.59,0.46366666666666667
2020-05-29,7.5,32.5,3.96,0.46875
2020-05-30,3.2,31.2,4.22,0.47275
2020-05-31,4.8,32.7,4.45,0.46904166666666663
2020-06-01,2.4,31.9,4.26,0.469875
2020-06-02,13.3,31.1,3.92,0.4922916666666666
2020-06-03,8.9,31.2,3.67,0.47962499999999997
2020-06-04,10.5,30.2,3.32,0.48208333333333336
2020-06-05,9.9,29.6,3.47,0.47866666666666663
2020-06-06,5.2,29.6,3.94,0.47625
2020-06-07,4.6,29.9,3.65,0.47379166666666667
2020-06-08,3.7,30.4,4.68,0.46420833333333333
2020-06-09,0.3,32.1,4.91,0.4252916666666667
2020-06-10,21.6,29.5,2.69,0.4567083333333333
2020-06-11,1.2,29.9,3.26,0.46741666666666665
2020-06-12,7.1,29.0,3.4,0.46470833333333333
2020-06-13,10.9,29.0,3.4,0.47012499999999996
2020-06-14,16.8,28.0,2.46,0.491875
2020-06-15,13.5,29.5,2.74,0.49054166666666665
2020-06-16,13.9,30.0,3.12,0.48974999999999996
2020-06-17,4.8,30.0,3.59,0.4765833333333333
2020-06-18,9.2,30.7,3.93,0.4792083333333333
2020-06-19,2.1,29.5,3.77,0.42975
2020-06-20,16.9,28.9,2.51,0.47408333333333336
2020-06-21,8.6,29.2,2.72,0.4917916666666666
2020-06-22,10.2,29.4,3.18,0.48574999999999996
2020-06-23,4.3,30.6,4.36,0.4655833333333333
2020-06-24,2.3,31.0,4.16,0.44741666666666663
2020-06-25,8.7,29.4,2.85,0.4530416666666666
2020-06-26,10.6,29.0,3.14,0.47350000000000003
2020-06-27,3.7,29.7,3.41,0.476
2020-06-28,13.0,28.5,2.6,0.4723333333333333
2020-06-29,29.8,27.0,1.42,0.512
2020-06-30,12.0,28.3,1.98,0.5015416666666667
2020-07-01,5.1,28.7,3.14,0.47125
2020-07-02,8.4,30.1,3.92,0.4791666666666667
2020-07-03,36.6,27.2,1.46,0.5060416666666666
2020-07-04,6.8,29.1,3.43,0.49441666666666667
2020-07-05,3.9,29.9,4.13,0.48133333333333334
2020-07-06,16.6,28.9,2.41,0.49524999999999997
2020-07-07,14.3,29.7,3.7,0.49795833333333334
2020-07-08,6.6,30.5,3.31,0.49724999999999997
2020-07-09,6.3,30.0,4.03,0.484875
2020-07-10,3.6,29.0,3.88,0.46708333333333335
2020-07-11,10.8,30.2,3.42,0.4728333333333334
2020-07-12,14.6,29.2,3.28,0.49404166666666666
2020-07-13,21.9,28.6,2.96,0.503
2020-07-14,17.4,30.9,3.9,0.4940833333333334
2020-07-15,1.2,30.1,3.66,0.48041666666666666
2020-07-16,3.4,29.4,3.54,0.45483333333333337
2020-07-17,5.2,31.2,4.14,0.4746666666666666
2020-07-18,4.9,31.7,4.38,0.4718333333333333
2020-07-19,1.0,31.4,4.36,0.45766666666666667
2020-07-20,6.4,30.3,3.88,0.4458333333333333
2020-07-21,8.7,31.6,3.91,0.46625
2020-07-22,1.1,30.7,4.38,0.45779166666666665
2020-07-23,5.1,31.0,4.29,0.44012500000000004
2020-07-24,22.8,30.1,3.2,0.46929166666666666
2020-07-25,4.9,30.7,4.21,0.480625
2020-07-26,33.7,30.9,3.96,0.48233333333333334
2020-07-27,3.5,29.4,4.08,0.47733333333333333
2020-07-28,12.5,29.3,3.72,0.48270833333333335
2020-07-29,14.6,28.6,3.8,0.4975833333333333
2020-07-30,8.2,29.7,3.63,0.493875
2020-07-31,21.0,29.1,2.65,0.5028750000000001
2020-08-01,26.3,28.8,2.33,0.5091249999999999
2020-08-02,29.2,28.3,2.6,0.5114166666666667
2020-08-03,16.6,28.7,2.57,0.5076666666666667
2020-08-04,15.1,28.6,2.42,0.5074166666666667
2020-08-05,12.5,28.5,2.81,0.4995416666666667
2020-08-06,28.2,28.3,2.05,0.5103333333333334
2020-08-07,8.5,28.7,3.36,0.5055
2020-08-08,5.6,28.3,3.12,0.49533333333333335
2020-08-09,5.6,29.7,3.49,0.491125
2020-08-10,20.4,28.3,2.63,0.5000416666666666
2020-08-11,5.2,30.4,4.56,0.49
2020-08-12,6.7,29.0,3.15,0.48841666666666667
2020-08-13,16.3,28.3,3.06,0.5038333333333334
2020-08-14,10.1,27.9,2.57,0.504125
2020-08-15,0.2,30.5,4.59,0.47279166666666667
2020-08-16,9.6,30.1,4.02,0.4852083333333333
2020-08-17,2.6,30.3,4.66,0.47500000000000003
2020-08-18,1.6,30.6,4.72,0.4531666666666667
2020-08-19,8.6,28.7,2.3,0.47537499999999994
2020-08-20,0.5,30.5,4.24,0.44858333333333333
2020-08-21,0.2,30.9,5.17,0.41825
2020-08-22,0.3,30.7,4.94,0.40349999999999997
2020-08-23,0.9,31.2,4.75,0.3973333333333333
2020-08-24,0.1,30.9,4.7,0.41970833333333335
2020-08-25,0.8,31.3,5.09,0.40254166666666663
2020-08-26,0.0,31.3,5.63,0.3789166666666666
2020-08-27,1.8,30.0,4.48,0.366625
2020-08-28,1.7,31.2,4.22,0.35941666666666666
2020-08-29,2.9,30.3,3.88,0.35883333333333334
2020-08-30,4.9,30.9,3.97,0.3647916666666666
2020-08-31,1.0,31.2,4.52,0.36516666666666664
2020-09-01,3.3,31.3,4.28,0.366625
2020-09-02,5.0,30.4,4.02,0.424375
2020-09-03,0.8,31.1,5.42,0.41512499999999997
2020-09-04,7.8,30.6,4.06,0.42933333333333334
2020-09-05,1.0,31.1,4.49,0.44483333333333336
2020-09-06,9.3,30.2,4.24,0.4506666666666667
2020-09-07,13.5,29.0,3.48,0.47458333333333336
2020-09-08,1.3,30.0,4.12,0.43645833333333334
2020-09-09,8.1,30.7,3.9,0.443
2020-09-10,16.5,30.3,3.67,0.45645833333333335
2020-09-11,7.5,29.5,3.41,0.47529166666666667
2020-09-12,19.4,30.3,3.54,0.49004166666666665
2020-09-13,11.1,28.9,3.27,0.494875
2020-09-14,16.3,27.8,1.68,0.5008333333333334
2020-09-15,23.3,29.7,3.64,0.5050833333333333
2020-09-16,12.3,28.9,3.61,0.5008750000000001
2020-09-17,19.8,28.8,3.44,0.5070416666666667
2020-09-18,46.7,26.4,1.5,0.5094583333333333
2020-09-19,26.5,29.0,2.59,0.507
2020-09-20,0.5,29.8,3.28,0.4935833333333333
2020-09-21,3.8,32.0,4.45,0.4807916666666667
2020-09-22,18.3,30.0,3.33,0.489875
2020-09-23,11.8,30.4,3.76,0.48891666666666667
2020-09-24,3.1,30.7,4.02,0.4779166666666666
2020-09-25,0.5,31.5,4.75,0.457125
2020-09-26,6.3,30.2,3.7,0.47124999999999995
2020-09-27,77.9,28.0,1.92,0.5009583333333333
2020-09-28,42.1,26.7,1.53,0.5082083333333334
2020-09-29,4.1,28.7,3.2,0.49395833333333333
2020-09-30,2.0,29.9,3.82,0.47941666666666666
2020-10-01,5.3,30.3,4.19,0.478
2020-10-02,28.2,28.6,2.93,0.5051249999999999
2020-10-03,11.3,28.2,2.96,0.5059583333333334
2020-10-04,5.5,29.6,3.63,0.49383333333333335
2020-10-05,12.8,29.5,2.47,0.49724999999999997
2020-10-06,7.8,30.0,3.1,0.49816666666666665
2020-10-07,40.3,27.7,1.76,0.5085000000000001
2020-10-08,8.2,28.9,2.76,0.5062083333333334
2020-10-09,21.8,28.2,1.99,0.5066666666666667
2020-10-10,36.0,25.9,0.97,0.5125416666666667
2020-10-11,18.2,27.7,1.99,0.5098333333333334
2020-10-12,42.7,26.7,1.54,0.5085000000000001
2020-10-13,32.8,27.4,1.71,0.510375
2020-10-14,41.7,27.7,2.29,0.50875
2020-10-15,34.3,26.7,1.62,0.507375
2020-10-16,20.8,26.4,1.66,0.5103333333333334
2020-10-17,23.0,28.6,2.43,0.5080833333333333
2020-10-18,19.5,27.8,2.11,0.50925
2020-10-19,6.1,29.5,3.39,0.4963333333333333
2020-10-20,5.0,30.3,3.08,0.49004166666666665
2020-10-21,40.2,29.9,2.9,0.4955
2020-10-22,13.0,31.3,3.35,0.49924999999999997
2020-10-23,2.0,29.2,2.71,0.48820833333333336
2020-10-24,9.4,30.3,3.33,0.48974999999999996
2020-10-25,10.6,29.0,3.22,0.5002916666666667
2020-10-26,1.2,29.3,3.54,0.49091666666666667
2020-10-27,0.0,30.2,4.28,0.46708333333333335
2020-10-28,6.8,29.2,3.77,0.4760416666666667
2020-10-29,17.3,27.5,2.73,0.5015
2020-10-30,1.4,30.4,4.32,0.4872916666666667
2020-10-31,10.0,31.1,3.65,0.4947083333333333
2020-11-01,49.9,30.0,3.9,0.4968333333333333
2020-11-02,3.4,29.9,3.25,0.491125
2020-11-03,0.7,30.4,3.98,0.4795833333333333
2020-11-04,2.5,30.3,3.7,0.4759583333333333
2020-11-05,0.9,30.6,3.66,0.4632083333333334
2020-11-06,2.0,29.0,3.24,0.45050000000000007
2020-11-07,13.0,30.3,3.61,0.4828333333333333
2020-11-08,4.9,30.4,3.67,0.49366666666666664
2020-11-09,0.1,30.9,4.52,0.4748333333333334
2020-11-10,0.5,29.9,4.36,0.451625
2020-11-11,0.7,28.1,3.12,0.44366666666666665
2020-11-12,18.6,31.3,3.69,0.46691666666666665
2020-11-13,0.1,31.5,4.49,0.466375
2020-11-14,0.0,31.5,4.95,0.43929166666666664
2020-11-15,0.0,32.0,4.88,0.416125
2020-11-16,2.1,31.3,4.0,0.40858333333333335
2020-11-17,0.6,32.1,4.31,0.4150833333333333
2020-11-18,2.1,32.3,4.14,0.40337500000000004
2020-11-19,6.3,31.3,3.54,0.4157916666666667
2020-11-20,4.5,30.8,3.08,0.4342083333333333
2020-11-21,9.3,31.6,3.49,0.4584166666666667
2020-11-22,0.2,30.3,3.27,0.4509166666666667
2020-11-23,12.8,30.2,3.56,0.4464166666666667
2020-11-24,1.2,31.6,4.14,0.45437500000000003
2020-11-25,0.7,29.9,3.29,0.428
2020-11-26,0.9,30.8,3.78,0.4083333333333334
2020-11-27,0.3,31.3,4.63,0.39408333333333334
2020-11-28,1.5,32.2,4.48,0.3785416666666667
2020-11-29,4.2,29.1,3.01,0.4157916666666666
2020-11-30,3.7,28.5,2.96,0.425625
2020-12-01,14.8,28.8,2.64,0.451875
2020-12-02,3.2,29.4,2.06,0.45820833333333333
2020-12-03,0.4,30.1,4.66,0.44012500000000004
2020-12-04,0.0,29.9,5.42,0.40645833333333337
2020-12-05,0.0,30.0,4.67,0.3778333333333333
2020-12-06,0.0,30.2,4.93,0.36166666666666664
2020-12-07,0.0,30.3,4.14,0.34712499999999996
2020-12-08,0.0,30.0,3.42,0.338125
2020-12-09,0.0,30.2,3.64,0.3209166666666667
2020-12-10,0.0,31.4,3.81,0.3095
2020-12-11,10.4,30.5,3.2,0.32583333333333336
2020-12-12,20.7,31.2,2.81,0.3829166666666666
2020-12-13,6.2,29.4,2.83,0.42845833333333333
2020-12-14,1.8,30.6,3.13,0.44849999999999995
2020-12-15,10.1,30.4,3.14,0.45933333333333337
2020-12-16,1.2,31.0,4.1,0.443
2020-12-17,0.9,30.8,3.93,0.4178333333333333
2020-12-18,2.6,30.4,3.68,0.40087500000000004
2020-12-19,0.3,30.2,3.65,0.3942083333333333
2020-12-20,0.0,29.4,5.54,0.3765
2020-12-21,0.0,28.8,5.5,0.3589583333333333
2020-12-22,17.6,26.3,2.65,0.3917083333333333
2020-12-23,19.3,27.3,2.27,0.39358333333333334
2020-12-24,11.0,27.1,2.22,0.482625
2020-12-25,0.1,30.3,4.29,0.44849999999999995
2020-12-26,1.6,29.5,3.86,0.42625
2020-12-27,1.0,30.3,3.78,0.410125
2020-12-28,1.0,28.9,3.3,0.40195833333333336
2020-12-29,0.8,28.5,3.07,0.39399999999999996
2020-12-30,23.0,28.9,2.27,0.42612500000000003
2020-12-31,0.0,28.2,4.29,0.3735833333333333
2021-01-01,0.0,27.5,4.65,0.35566666666666663
2021-01-02,0.1,26.6,3.77,0.3448333333333333
2021-01-03,0.1,28.0,3.18,0.33770833333333333
2021-01-04,0.5,30.3,3.99,0.327625
2021-01-05,13.5,27.5,1.7,0.42462500000000003
2021-01-06,0.5,28.7,2.68,0.42333333333333334
2021-01-07,1.3,29.5,3.8,0.4055416666666667
2021-01-08,0.3,30.0,3.9,0.3913333333333333
2021-01-09,0.0,28.7,3.49,0.374875
2021-01-10,0.0,29.1,3.6,0.35916666666666663
2021-01-11,0.0,29.2,3.88,0.34600000000000003
2021-01-12,0.0,27.9,4.34,0.33595833333333336
2021-01-13,0.0,27.2,4.25,0.3277083333333333
2021-01-14,0.0,27.9,4.35,0.316125
2021-01-15,0.0,28.7,4.23,0.30745833333333333
2021-01-16,0.0,29.2,4.1,0.2996666666666667
2021-01-17,0.1,29.7,4.12,0.2917916666666666
2021-01-18,0.0,29.5,4.84,0.286875
2021-01-19,0.0,28.3,4.25,0.2820416666666667
2021-01-20,0.0,29.9,4.28,0.2779166666666667
2021-01-21,0.0,28.7,3.72,0.2748333333333333
2021-01-22,5.7,28.6,3.55,0.289
2021-01-23,5.7,29.5,3.86,0.3845416666666667
2021-01-24,0.8,30.0,3.78,0.38845833333333335
2021-01-25,2.0,29.9,3.9,0.3722083333333333
2021-01-26,0.2,29.8,4.03,0.362625
2021-01-27,0.5,31.0,4.8,0.3425833333333333
2021-01-28,0.7,30.4,4.14,0.3317083333333333
2021-01-29,0.6,30.0,4.15,0.3247083333333333
2021-01-30,0.0,30.6,4.68,0.31795833333333334
2021-01-31,0.0,30.7,4.59,0.311375
2021-02-01,0.2,30.3,4.18,0.3065
2021-02-02,0.2,29.7,4.29,0.30220833333333336
2021-02-03,0.0,31.4,4.78,0.29875
2021-02-04,0.0,31.3,4.61,0.29704166666666665
2021-02-05,0.0,29.1,4.22,0.29641666666666666
2021-02-06,6.3,30.8,4.12,0.30887499999999996
2021-02-07,0.5,29.1,4.12,0.36033333333333334
2021-02-08,0.5,30.9,4.22,0.3464583333333333
2021-02-09,0.3,31.5,4.65,0.33804166666666663
2021-02-10,3.2,29.9,3.68,0.33616666666666667
2021-02-11,27.7,29.4,3.12,0.3861666666666667
2021-02-12,0.4,30.1,4.61,0.3790833333333334
2021-02-13,0.2,30.1,4.23,0.3578333333333333
2021-02-14,0.0,30.5,4.69,0.3392916666666667
2021-02-15,0.0,30.3,4.84,0.32304166666666667
2021-02-16,0.0,29.4,4.26,0.3102916666666667
2021-02-17,0.0,30.4,5.0,0.30433333333333334
2021-02-18,0.0,29.9,4.8,0.30124999999999996
2021-02-19,0.0,30.2,5.07,0.29875
2021-02-20,0.0,30.5,5.53,0.291875
2021-02-21,0.0,30.9,4.88,0.28754166666666664
2021-02-22,0.0,30.5,5.08,0.2871666666666666
2021-02-23,0.0,30.5,4.48,0.28762499999999996
2021-02-24,0.0,30.6,4.72,0.28229166666666666
2021-02-25,0.0,29.3,4.05,0.2805
2021-02-26,0.0,30.1,4.67,0.28304166666666664
2021-02-27,0.3,30.9,4.74,0.28175
2021-02-28,0.8,32.4,4.59,0.2839583333333333
2021-03-01,2.3,32.8,4.54,0.2905833333333333
2021-03-02,0.6,33.6,5.22,0.2947916666666666
2021-03-03,0.0,32.9,6.22,0.2977083333333333
2021-03-04,0.0,34.2,6.6,0.28791666666666665
2021-03-05,0.0,33.8,6.22,0.2804166666666667
2021-03-06,0.0,34.3,6.12,0.276625
2021-03-07,0.0,34.3,5.63,0.27920833333333334
2021-03-08,0.4,33.4,5.87,0.28220833333333334
2021-03-09,0.9,32.2,5.35,0.28429166666666666
2021-03-10,0.2,33.1,5.66,0.2843333333333333
2021-03-11,0.3,33.3,5.54,0.2875833333333333
2021-03-12,0.1,33.9,6.29,0.2875833333333333
2021-03-13,0.6,32.9,5.65,0.286875
2021-03-14,0.0,33.3,5.44,0.279
2021-03-15,0.1,32.6,5.41,0.2794166666666667
2021-03-16,0.0,34.0,5.69,0.2788333333333333
2021-03-17,0.0,33.6,5.39,0.2743333333333334
2021-03-18,0.0,32.5,4.58,0.26937500000000003
2021-03-19,0.1,34.4,5.47,0.2671666666666667
2021-03-20,1.3,33.9,5.13,0.2757916666666667
2021-03-21,0.9,34.6,5.34,0.2835
2021-03-22,1.5,35.1,6.6,0.29666666666666663
2021-03-23,0.1,35.1,5.92,0.2932916666666667
2021-03-24,1.2,34.5,5.76,0.3075833333333333
2021-03-25,1.6,34.0,5.17,0.310125
2021-03-26,0.0,34.6,6.2,0.3076666666666667
2021-03-27,0.0,35.1,5.98,0.29412499999999997
2021-03-28,0.6,34.6,5.29,0.28575
2021-03-29,0.0,34.7,5.68,0.2795
2021-03-30,0.2,32.2,5.37,0.27608333333333335
2021-03-31,0.0,32.1,5.64,0.27320833333333333
2021-04-01,0.0,32.5,5.53,0.27120833333333333
2021-04-02,0.3,32.4,5.41,0.270625
2021-04-03,10.4,34.5,4.31,0.27991666666666665
2021-04-04,8.9,31.4,3.71,0.3432916666666667
2021-04-05,0.0,33.6,5.63,0.39425
2021-04-06,0.3,34.2,6.43,0.35670833333333335
2021-04-07,0.2,33.5,5.7,0.3307083333333333
2021-04-08,2.8,31.6,4.41,0.32345833333333335
2021-04-09,8.5,32.4,4.22,0.34954166666666664
2021-04-10,2.2,33.1,5.55,0.40525000000000005
2021-04-11,0.2,33.3,5.48,0.3622083333333333
2021-04-12,1.9,33.6,5.21,0.34825
2021-04-13,1.2,34.1,5.19,0.34570833333333334
2021-04-14,8.6,31.9,4.41,0.38575000000000004
2021-04-15,9.1,31.6,4.11,0.4110833333333333
2021-04-16,23.2,30.6,3.71,0.4270833333333333
2021-04-17,8.0,32.0,4.62,0.4075416666666667
2021-04-18,12.6,29.0,2.83,0.4419166666666667
2021-04-19,3.4,30.2,4.09,0.4335
2021-04-20,1.1,30.9,4.69,0.40458333333333335
2021-04-21,1.7,31.1,4.43,0.383
2021-04-22,11.1,31.6,3.84,0.3932083333333333
2021-04-23,6.6,29.4,3.22,0.46641666666666665
2021-04-24,4.2,31.1,4.14,0.45133333333333336
2021-04-25,4.8,30.5,3.92,0.43649999999999994
2021-04-26,2.3,31.6,4.55,0.4077916666666667
2021-04-27,10.2,30.7,3.72,0.44416666666666665
2021-04-28,6.7,31.0,4.18,0.4574583333333333
2021-04-29,4.4,32.1,4.12,0.457625
2021-04-30,3.6,31.2,4.41,0.4457083333333334
2021-05-01,4.9,30.9,3.95,0.44412500000000005
2021-05-02,0.6,32.5,4.94,0.42462500000000003
2021-05-03,0.8,33.0,5.46,0.3904166666666667
2021-05-04,0.8,33.2,5.15,0.3625416666666667
2021-05-05,1.4,33.5,5.25,0.344875
2021-05-06,4.4,31.9,4.04,0.358875
2021-05-07,0.1,31.3,3.94,0.4090833333333333
2021-05-08,0.6,31.9,4.33,0.3838333333333333
2021-05-09,1.4,32.5,4.3,0.3725
2021-05-10,3.3,32.9,4.56,0.38529166666666664
2021-05-11,1.5,33.0,4.84,0.37325
2021-05-12,3.0,33.3,5.11,0.3464583333333333
2021-05-13,3.9,32.7,4.75,0.3462083333333333
2021-05-14,3.6,33.0,4.22,0.3410416666666667
2021-05-15,5.1,31.9,3.69,0.35874999999999996
2021-05-16,10.0,32.7,4.23,0.42225
2021-05-17,7.1,32.3,3.76,0.41687500000000005
2021-05-18,14.7,31.6,4.04,0.4692083333333333
2021-05-19,6.0,31.3,4.48,0.4464166666666667
2021-05-20,8.6,31.2,4.28,0.45525
2021-05-21,13.7,30.3,3.68,0.4605416666666667
2021-05-22,18.8,28.2,2.09,0.49254166666666666
2021-05-23,20.0,29.1,2.87,0.4974166666666667
2021-05-24,9.9,29.3,2.2,0.50325
2021-05-25,10.5,29.2,2.9,0.5022916666666667
2021-05-26,26.8,27.6,1.55,0.5066666666666667
2021-05-27,18.3,27.6,1.93,0.50525
2021-05-28,5.9,30.2,3.73,0.494125
2021-05-29,1.0,30.6,4.37,0.46704166666666663
2021-05-30,0.2,31.6,4.98,0.44887499999999997
2021-05-31,0.6,31.0,4.82,0.426
2021-06-01,0.4,31.3,4.75,0.4124583333333333
2021-06-02,1.3,31.1,4.26,0.4043333333333334
2021-06-03,0.5,30.9,4.39,0.4114166666666667
2021-06-04,0.0,31.6,5.11,0.40162499999999995
2021-06-05,6.1,30.1,4.09,0.4194166666666667
2021-06-06,10.4,29.0,2.9,0.47729166666666667
2021-06-07,11.0,28.9,2.98,0.488
2021-06-08,14.7,27.7,1.52,0.4959166666666666
2021-06-09,5.3,29.9,3.47,0.4867916666666667
2021-06-10,10.8,28.0,2.31,0.5002916666666667
2021-06-11,21.4,28.5,2.79,0.5034583333333333
2021-06-12,4.8,29.1,2.84,0.5010833333333333
2021-06-13,9.9,27.5,1.77,0.4999166666666666
2021-06-14,1.2,29.7,4.1,0.4832083333333333
2021-06-15,2.0,28.6,3.6,0.48
2021-06-16,4.8,29.0,2.96,0.475875
2021-06-17,1.6,30.9,5.09,0.45616666666666666
2021-06-18,1.6,30.1,4.59,0.443875
2021-06-19,1.2,30.2,4.39,0.428375
2021-06-20,9.6,30.1,4.36,0.4466666666666667
2021-06-21,8.8,28.9,3.92,0.47908333333333336
2021-06-22,5.0,28.5,3.57,0.47079166666666666
2021-06-23,5.2,28.7,3.89,0.48462500000000003
2021-06-24,2.8,29.9,4.52,0.466375
2021-06-25,1.3,29.3,4.45,0.4444166666666667
2021-06-26,2.5,30.4,4.21,0.4323333333333333
2021-06-27,0.2,30.8,4.79,0.4194166666666667
2021-06-28,0.5,30.7,4.87,0.39408333333333334
2021-06-29,3.1,30.6,4.69,0.37904166666666667
2021-06-30,5.0,29.8,3.84,0.446375
2021-07-01,0.2,30.9,4.89,0.43695833333333334
2021-07-02,0.4,30.7,4.8,0.39920833333333333
2021-07-03,0.1,30.9,4.85,0.38258333333333333
2021-07-04,2.1,30.5,4.51,0.38408333333333333
2021-07-05,11.9,30.0,2.89,0.4311666666666667
2021-07-06,11.9,27.7,2.41,0.47891666666666666
2021-07-07,17.6,27.8,2.28,0.48983333333333334
2021-07-08,38.4,27.2,2.34,0.5112916666666667
2021-07-09,59.5,26.0,1.01,0.5112083333333334
2021-07-10,6.5,29.2,3.23,0.5019166666666667
2021-07-11,10.7,29.6,3.72,0.4992916666666667
2021-07-12,9.6,30.2,3.73,0.48937499999999995
2021-07-13,28.6,30.2,3.61,0.4975416666666667
2021-07-14,18.8,28.9,3.7,0.5060416666666666
2021-07-15,20.5,27.0,1.94,0.5034583333333333
2021-07-16,0.0,29.6,4.66,0.482875
2021-07-17,0.5,30.2,5.08,0.4594583333333333
2021-07-18,13.8,28.5,3.34,0.478875
2021-07-19,4.3,28.8,2.67,0.48162499999999997
2021-07-20,2.1,29.7,3.9,0.46849999999999997
2021-07-21,6.4,28.3,3.24,0.4725
2021-07-22,0.7,30.1,3.86,0.465125
2021-07-23,4.7,29.5,3.82,0.4675833333333333
2021-07-24,3.1,30.1,4.21,0.463
2021-07-25,8.5,29.1,3.81,0.4794583333333333
2021-07-26,8.2,29.5,3.86,0.4843333333333333
2021-07-27,4.2,29.4,4.38,0.48112499999999997
2021-07-28,12.9,28.3,3.17,0.4935
2021-07-29,38.9,27.8,2.39,0.5104166666666666
2021-07-30,17.4,27.5,2.02,0.5065000000000001
2021-07-31,4.5,29.8,4.23,0.49383333333333335
2021-08-01,7.7,28.8,3.96,0.500125
2021-08-02,17.5,28.9,3.82,0.49866666666666665
2021-08-03,2.6,29.3,4.08,0.48974999999999996
2021-08-04,3.4,29.4,4.3,0.482625
2021-08-05,7.2,29.5,3.95,0.48966666666666664
2021-08-06,3.5,29.9,4.63,0.48841666666666667
2021-08-07,1.6,29.8,4.65,0.47383333333333333
2021-08-08,0.6,30.0,4.56,0.4562916666666667
2021-08-09,2.5,30.0,4.7,0.45683333333333337
2021-08-10,5.5,28.8,3.51,0.45812499999999995
2021-08-11,14.3,30.2,3.74,0.4912916666666667
2021-08-12,12.4,29.2,3.29,0.5003333333333333
2021-08-13,9.4,29.6,3.52,0.49225
2021-08-14,1.8,29.2,3.74,0.47979166666666667
2021-08-15,0.7,28.3,2.45,0.464625
2021-08-16,2.5,30.2,4.69,0.46599999999999997
2021-08-17,12.6,31.2,4.09,0.47091666666666665
2021-08-18,14.1,29.9,3.48,0.49241666666666667
2021-08-19,3.1,29.0,3.71,0.48374999999999996
2021-08-20,5.2,29.6,3.62,0.47350000000000003
2021-08-21,3.6,30.5,4.53,0.46695833333333336
2021-08-22,3.5,29.3,4.33,0.457625
2021-08-23,12.9,28.3,3.21,0.48608333333333337
2021-08-24,26.2,28.4,2.78,0.49995833333333334
2021-08-25,42.4,26.2,1.18,0.51175
2021-08-26,25.2,26.3,1.2,0.50975
2021-08-27,4.3,29.1,3.28,0.4935833333333333
2021-08-28,4.8,29.4,3.46,0.4887083333333333
2021-08-29,17.4,29.5,3.04,0.5032083333333334
2021-08-30,11.0,29.8,3.27,0.48608333333333337
2021-08-31,14.4,27.9,3.06,0.501375
2021-09-01,0.7,29.0,3.83,0.48041666666666666
2021-09-02,15.6,28.7,3.57,0.4948333333333333
2021-09-03,8.3,28.9,3.95,0.4995416666666667
2021-09-04,2.4,28.8,3.56,0.4815416666666667
2021-09-05,2.9,29.0,3.34,0.4814583333333333
2021-09-06,2.1,29.0,3.8,0.47675
2021-09-07,15.3,28.5,3.63,0.4849583333333333
2021-09-08,12.2,28.6,3.6,0.5050833333333333
2021-09-09,16.3,28.4,3.34,0.5082916666666667
2021-09-10,9.8,28.6,2.91,0.505375
2021-09-11,5.0,29.1,3.54,0.501875
2021-09-12,0.1,29.6,4.79,0.47933333333333333
2021-09-13,14.9,29.0,3.04,0.49370833333333336
2021-09-14,38.8,27.6,2.18,0.5104583333333333
2021-09-15,78.7,28.4,3.14,0.5015833333333334
2021-09-16,0.5,30.3,4.33,0.467
2021-09-17,0.1,30.7,4.53,0.44254166666666667
2021-09-18,20.5,31.2,3.8,0.46208333333333335
2021-09-19,22.8,27.3,1.72,0.5107916666666666
2021-09-20,15.4,28.1,3.17,0.5087083333333333
2021-09-21,11.0,28.2,3.13,0.5029583333333333
2021-09-22,7.5,28.7,3.45,0.5000833333333333
2021-09-23,1.4,29.2,3.04,0.4867083333333333
2021-09-24,15.5,28.2,2.65,0.4952916666666667
2021-09-25,15.1,26.8,1.61,0.509625
2021-09-26,6.0,29.1,2.92,0.5029166666666667
2021-09-27,6.2,31.7,3.91,0.49379166666666663
2021-09-28,11.7,30.7,3.76,0.5008750000000001
2021-09-29,3.6,30.8,4.07,0.486875
2021-09-30,1.5,30.7,3.78,0.47962499999999997
2021-10-01,3.2,30.6,3.67,0.47691666666666666
2021-10-02,12.2,28.2,2.41,0.5038333333333334
2021-10-03,1.5,28.3,2.06,0.49533333333333335
2021-10-04,17.4,30.5,3.26,0.50075
2021-10-05,81.1,29.7,2.97,0.5071666666666667
2021-10-06,194.9,28.3,2.35,0.508625
2021-10-07,21.8,27.5,2.41,0.5095
2021-10-08,24.9,28.1,2.75,0.5085833333333333
2021-10-09,9.6,29.4,3.9,0.5045416666666667
2021-10-10,1.6,30.5,5.3,0.48704166666666665
2021-10-11,19.6,28.6,2.69,0.5009166666666667
2021-10-12,26.9,28.3,3.83,0.4994166666666667
2021-10-13,12.0,30.0,4.2,0.49983333333333335
2021-10-14,7.4,29.7,3.98,0.495875
2021-10-15,8.8,29.6,3.02,0.4939166666666666
2021-10-16,4.7,29.7,2.15,0.5006666666666667
2021-10-17,10.5,29.0,2.53,0.49983333333333335
2021-10-18,0.3,31.3,4.33,0.4869583333333333
2021-10-19,2.8,31.4,3.89,0.4755
2021-10-20,17.5,29.1,2.49,0.48229166666666673
2021-10-21,14.4,31.1,3.96,0.5022083333333334
2021-10-22,10.3,31.2,3.31,0.49266666666666664
2021-10-23,5.3,31.2,3.87,0.4930833333333333
2021-10-24,6.1,31.8,3.76,0.4904583333333333
2021-10-25,3.6,31.7,4.38,0.4640416666666667
2021-10-26,0.0,32.1,4.5,0.4375
2021-10-27,0.3,31.3,3.96,0.4235
2021-10-28,6.7,32.1,4.3,0.46079166666666665
2021-10-29,5.4,31.9,4.11,0.4603333333333333
2021-10-30,3.0,31.9,3.79,0.4672083333333333
2021-10-31,7.9,29.8,3.39,0.47983333333333333
2021-11-01,7.8,32.0,4.13,0.4622916666666667
2021-11-02,0.0,32.4,4.99,0.43945833333333334
2021-11-03,1.2,31.9,4.15,0.41554166666666664
2021-11-04,6.5,31.0,3.43,0.4199583333333334
2021-11-05,1.7,32.5,4.09,0.41554166666666664
2021-11-06,12.1,31.5,3.77,0.4378333333333333
2021-11-07,2.9,31.3,3.88,0.4506666666666667
2021-11-08,2.1,30.3,3.34,0.4435
2021-11-09,12.4,31.2,3.13,0.46987500000000004
2021-11-10,17.5,30.5,3.04,0.474375
2021-11-11,24.4,28.3,2.21,0.49862500000000004
2021-11-12,13.5,29.4,2.46,0.4964583333333333
2021-11-13,27.5,31.4,2.9,0.49666666666666665
2021-11-14,24.3,28.7,1.83,0.5051666666666667
2021-11-15,18.1,28.9,2.26,0.5017916666666666
2021-11-16,15.3,28.3,1.95,0.5070833333333333
2021-11-17,16.0,30.1,3.19,0.49899999999999994
2021-11-18,4.4,30.1,2.76,0.49345833333333333
2021-11-19,1.9,31.2,3.75,0.48675
2021-11-20,3.0,29.3,2.68,0.48241666666666666
2021-11-21,9.9,31.0,3.61,0.48425
2021-11-22,11.9,29.5,2.61,0.4967083333333333
2021-11-23,20.8,31.3,3.95,0.493875
2021-11-24,15.6,31.1,3.86,0.4907083333333333
2021-11-25,2.6,30.8,4.03,0.4822916666666666
2021-11-26,1.9,30.7,4.08,0.4613333333333334
2021-11-27,1.6,27.9,2.93,0.452625
2021-11-28,8.7,28.9,3.59,0.45537500000000003
2021-11-29,43.1,27.1,1.44,0.5111666666666667
2021-11-30,47.6,27.9,1.92,0.5056666666666666
2021-12-01,0.9,29.3,3.16,0.483875
2021-12-02,0.0,29.5,4.37,0.4604166666666667
2021-12-03,0.0,28.5,4.13,0.4411666666666667
2021-12-04,0.0,27.4,4.16,0.423875
2021-12-05,0.0,28.1,4.65,0.4085833333333333
2021-12-06,0.0,29.6,4.56,0.3922083333333333
2021-12-07,0.0,29.7,3.83,0.373125
2021-12-08,0.0,29.9,4.7,0.3599583333333333
2021-12-09,8.3,30.4,3.34,0.3917916666666667
2021-12-10,0.0,30.1,4.29,0.4400833333333333
2021-12-11,0.0,28.6,3.9,0.4090416666666667
2021-12-12,0.1,30.3,4.14,0.38525000000000004
2021-12-13,0.0,30.2,4.47,0.363375
2021-12-14,0.1,30.6,4.06,0.3444583333333333
2021-12-15,0.0,31.4,3.86,0.3265
2021-12-16,0.2,30.9,3.79,0.31345833333333334
2021-12-17,1.8,31.6,3.96,0.306625
2021-12-18,0.0,31.9,4.91,0.3040833333333333
2021-12-19,0.2,28.9,4.31,0.29454166666666665
2021-12-20,0.0,30.1,4.36,0.285875
2021-12-21,0.0,31.2,4.2,0.279375
2021-12-22,7.8,30.8,3.11,0.32204166666666667
2021-12-23,6.6,29.9,3.03,0.4542083333333333
2021-12-24,6.0,30.3,3.66,0.43454166666666666
2021-12-25,0.1,30.8,4.42,0.41875
2021-12-26,1.1,30.4,3.98,0.38837499999999997
2021-12-27,7.8,29.1,3.57,0.3882083333333333
2021-12-28,4.1,30.4,3.61,0.4210833333333333
2021-12-29,1.4,30.0,4.23,0.39162500000000006
2021-12-30,0.0,31.3,4.81,0.367125
2021-12-31,0.0,30.9,5.05,0.34070833333333334
2022-01-01,0.0,30.8,4.64,0.3202916666666667
2022-01-02,0.6,31.2,4.55,0.3055
2022-01-03,0.2,31.6,4.28,0.30116666666666664
2022-01-04,1.7,31.5,4.23,0.297125
2022-01-05,3.4,30.7,3.83,0.3005
2022-01-06,1.4,31.0,3.66,0.30324999999999996
2022-01-07,1.6,31.6,4.26,0.307375
2022-01-08,0.0,32.3,4.45,0.297375
2022-01-09,0.0,32.7,4.8,0.2867083333333333
2022-01-10,1.6,32.2,4.9,0.2845833333333333
2022-01-11,0.1,32.6,5.14,0.28562499999999996
2022-01-12,0.0,32.0,5.37,0.27820833333333334
2022-01-13,0.2,31.5,4.81,0.27345833333333336
2022-01-14,0.2,31.9,5.13,0.26895833333333335
2022-01-15,0.0,32.8,5.18,0.262625
2022-01-16,0.0,33.3,5.73,0.26004166666666667
2022-01-17,0.6,32.8,5.31,0.260375
2022-01-18,0.2,32.5,5.07,0.26645833333333335
2022-01-19,0.9,31.1,4.49,0.27020833333333333
2022-01-20,0.8,31.8,4.62,0.2733333333333334
2022-01-21,1.2,32.5,4.79,0.2778333333333333
2022-01-22,0.0,33.1,4.71,0.279
2022-01-23,0.4,31.7,4.57,0.2779166666666667
2022-01-24,0.9,31.0,4.36,0.28120833333333334
2022-01-25,0.8,31.6,4.45,0.2826666666666667
2022-01-26,2.3,32.4,4.55,0.2894583333333333
2022-01-27,0.4,33.0,4.75,0.2936666666666667
2022-01-28,0.8,29.8,4.26,0.2992916666666667
2022-01-29,2.6,30.6,4.32,0.308875
2022-01-30,0.7,30.7,4.4,0.325375
2022-01-31,0.0,33.1,5.37,0.32616666666666666
2022-02-01,0.4,33.4,5.19,0.30783333333333335
2022-02-02,0.0,33.8,5.97,0.2957083333333333
2022-02-03,0.0,34.1,5.96,0.28504166666666664
2022-02-04,0.2,34.4,6.28,0.2789166666666667
2022-02-05,0.0,33.3,5.78,0.2745416666666667
2022-02-06,0.0,33.7,5.67,0.27175
2022-02-07,0.5,33.9,5.27,0.2725416666666667
2022-02-08,7.4,33.2,4.47,0.2926666666666667
2022-02-09,0.0,34.0,5.96,0.29441666666666666
2022-02-10,0.4,34.4,5.88,0.28629166666666667
2022-02-11,0.3,33.9,5.79,0.2841666666666666
2022-02-12,0.1,32.7,4.28,0.28070833333333334
2022-02-13,1.3,32.7,4.94,0.28391666666666665
2022-02-14,0.1,33.8,6.01,0.2790416666666667
2022-02-15,1.0,33.6,6.2,0.27887500000000004
2022-02-16,1.1,33.5,4.93,0.3183333333333333
2022-02-17,1.0,33.0,4.72,0.43012500000000004
2022-02-18,0.3,33.7,5.0,0.41691666666666666
2022-02-19,0.0,33.1,5.19,0.37645833333333334
2022-02-20,3.2,32.4,4.41,0.35158333333333336
2022-02-21,25.1,32.3,3.89,0.43083333333333335
2022-02-22,2.1,31.6,4.36,0.3877083333333333
2022-02-23,1.4,31.3,3.98,0.38375000000000004
2022-02-24,0.3,31.4,4.72,0.37295833333333334
2022-02-25,0.0,30.5,5.02,0.345375
2022-02-26,0.0,33.3,5.51,0.32266666666666666
2022-02-27,0.4,33.4,6.55,0.30654166666666666
2022-02-28,0.5,34.4,6.56,0.3005
2022-03-01,0.3,34.8,6.41,0.29191666666666666
2022-03-02,0.9,33.3,5.32,0.2861666666666666
2022-03-03,2.7,33.5,4.74,0.2929583333333333
2022-03-04,1.1,34.5,5.24,0.29091666666666666
2022-03-05,2.6,33.2,4.13,0.31975
2022-03-06,0.3,34.1,5.55,0.35437500000000005
2022-03-07,0.5,33.8,5.05,0.33991666666666664
2022-03-08,0.0,34.5,6.41,0.34925
2022-03-09,0.1,33.3,5.63,0.32395833333333335
2022-03-10,1.0,31.6,4.76,0.316
2022-03-11,0.5,33.1,5.28,0.3093333333333333
2022-03-12,0.0,31.6,4.69,0.30245833333333333
2022-03-13,1.1,34.0,5.76,0.30466666666666664
2022-03-14,1.2,35.3,5.29,0.3075
2022-03-15,0.2,34.5,5.02,0.30341666666666667
2022-03-16,2.8,32.6,4.26,0.31345833333333334
2022-03-17,0.1,34.2,5.28,0.3117083333333333
2022-03-18,8.9,32.1,4.13,0.3605416666666667
2022-03-19,3.6,33.7,5.41,0.4270416666666667
2022-03-20,1.9,33.4,5.48,0.38375000000000004
2022-03-21,15.7,33.3,4.32,0.39975
2022-03-22,4.5,31.3,3.62,0.449875
2022-03-23,7.8,31.9,4.19,0.45316666666666666
2022-03-24,0.7,32.3,5.1,0.42483333333333334
2022-03-25,3.1,32.4,4.23,0.4056666666666667
2022-03-26,0.2,33.5,5.37,0.3970416666666667
2022-03-27,2.7,32.3,4.41,0.3717916666666667
2022-03-28,7.7,32.7,4.91,0.373875
2022-03-29,5.5,32.5,4.41,0.40337500000000004
2022-03-30,0.5,32.2,5.07,0.4043333333333334
2022-03-31,24.0,30.3,3.23,0.45683333333333337
2022-04-01,24.2,29.6,2.91,0.49604166666666666
2022-04-02,31.8,31.0,3.77,0.4888333333333333
2022-04-03,15.6,31.1,4.92,0.4892916666666667
2022-04-04,11.8,31.0,4.21,0.48433333333333334
2022-04-05,13.0,31.2,3.94,0.488125
2022-04-06,6.4,31.5,4.66,0.48966666666666664
2022-04-07,2.9,29.7,4.31,0.47337500000000005
2022-04-08,4.5,28.8,4.0,0.4755
2022-04-09,3.7,29.7,4.57,0.462875
2022-04-10,1.4,30.4,4.81,0.4415
2022-04-11,4.2,29.9,4.06,0.43533333333333335
2022-04-12,1.3,30.8,4.91,0.4295833333333334
2022-04-13,0.3,31.2,4.92,0.40404166666666663
2022-04-14,1.9,31.6,5.05,0.39137500000000003
2022-04-15,0.0,32.4,5.19,0.382625
2022-04-16,7.6,31.4,4.42,0.39691666666666664
2022-04-17,1.7,32.7,5.01,0.39841666666666664
2022-04-18,5.2,32.2,4.55,0.386125
2022-04-19,6.3,32.8,5.02,0.38275
2022-04-20,1.8,33.2,4.86,0.36437499999999995
2022-04-21,7.3,32.1,4.5,0.38787499999999997
2022-04-22,1.7,33.3,4.91,0.40320833333333334
2022-04-23,2.8,34.3,4.54,0.40458333333333335
2022-04-24,1.3,33.0,4.42,0.4110416666666667
2022-04-25,3.6,33.5,4.89,0.4068333333333333
2022-04-26,4.5,32.7,5.07,0.3978333333333333
2022-04-27,0.0,32.9,5.23,0.36645833333333333
2022-04-28,6.6,32.3,4.05,0.3647916666666666
2022-04-29,33.0,28.6,1.72,0.44487499999999996
2022-04-30,9.0,31.0,4.48,0.4613333333333333
2022-05-01,4.1,30.4,4.05,0.43520833333333336
2022-05-02,8.4,31.6,3.88,0.46408333333333335
2022-05-03,23.2,30.9,3.24,0.47337500000000005
2022-05-04,11.3,31.1,3.43,0.47454166666666664
2022-05-05,5.3,31.6,4.39,0.4930833333333333
2022-05-06,4.3,30.8,3.52,0.47762499999999997
2022-05-07,3.8,32.1,4.26,0.4730833333333333
2022-05-08,12.4,29.3,2.73,0.4835
2022-05-09,4.6,30.9,3.0,0.4869583333333333
2022-05-10,19.0,31.3,3.15,0.494125
2022-05-11,4.9,32.0,4.69,0.4904583333333333
2022-05-12,5.9,30.0,3.53,0.48337499999999994
2022-05-13,1.6,31.2,4.68,0.46825
2022-05-14,0.8,31.5,4.5,0.44449999999999995
2022-05-15,0.3,32.2,5.24,0.4147083333333333
2022-05-16,11.3,30.1,3.96,0.43875
2022-05-17,17.7,29.6,3.44,0.4658333333333333
2022-05-18,9.0,29.8,3.84,0.4639166666666667
2022-05-19,33.8,27.8,1.88,0.500125
2022-05-20,8.7,30.4,3.81,0.48170833333333335
2022-05-21,10.5,30.7,4.69,0.46137500000000004
2022-05-22,17.9,29.0,2.7,0.48970833333333336
2022-05-23,15.0,28.7,2.44,0.5015416666666667
2022-05-24,1.4,30.7,4.7,0.4686666666666666
2022-05-25,1.0,30.6,5.08,0.43875
2022-05-26,3.4,30.7,5.09,0.42583333333333334
2022-05-27,46.9,29.9,2.78,0.4880416666666667
2022-05-28,4.2,29.5,3.57,0.4871666666666667
2022-05-29,17.1,28.9,3.32,0.4975
2022-05-30,14.9,29.3,3.13,0.5
2022-05-31,2.6,30.4,4.62,0.47241666666666665
2022-06-01,10.9,30.8,3.75,0.4779583333333333
2022-06-02,7.5,29.8,3.37,0.488875
2022-06-03,6.5,28.2,3.22,0.49783333333333335
2022-06-04,9.0,28.8,2.94,0.499875
2022-06-05,0.9,30.1,4.54,0.47808333333333336
2022-06-06,2.3,29.7,4.84,0.4566666666666667
2022-06-07,10.7,29.9,3.85,0.46937500000000004
2022-06-08,0.6,30.4,4.74,0.44683333333333336
2022-06-09,0.0,31.1,5.47,0.41029166666666667
2022-06-10,1.4,30.6,4.01,0.39458333333333334
2022-06-11,1.0,30.8,5.04,0.3902916666666667
2022-06-12,10.4,31.1,3.89,0.3902083333333333
2022-06-13,0.9,30.1,4.57,0.3935
2022-06-14,1.2,31.2,4.63,0.3850833333333334
2022-06-15,7.9,31.3,4.24,0.3975416666666667
2022-06-16,0.9,30.2,4.39,0.381375
2022-06-17,1.3,31.6,4.48,0.369375
2022-06-18,1.4,31.6,4.88,0.34545833333333337
2022-06-19,4.4,32.0,4.19,0.3451666666666667
2022-06-20,1.8,31.3,4.47,0.3697083333333333
2022-06-21,14.3,30.8,3.52,0.46075
2022-06-22,6.2,30.2,3.28,0.45275
2022-06-23,4.5,30.8,3.87,0.43920833333333337
2022-06-24,10.3,29.4,2.97,0.4802916666666666
2022-06-25,4.6,29.8,4.04,0.4676666666666667
2022-06-26,2.8,30.5,4.09,0.4449166666666667
2022-06-27,2.3,30.9,4.88,0.4499583333333333
2022-06-28,3.0,30.3,4.39,0.4385833333333333
2022-06-29,1.8,31.0,4.49,0.39075
2022-06-30,8.7,29.0,3.3,0.4125833333333333
2022-07-01,10.3,30.2,3.06,0.471125
2022-07-02,12.3,28.0,2.32,0.4807083333333333
2022-07-03,7.4,28.9,3.04,0.4771666666666667
2022-07-04,7.1,28.9,3.84,0.47725
2022-07-05,9.7,29.5,3.73,0.4925
2022-07-06,8.6,28.5,3.36,0.4905833333333333
2022-07-07,3.5,29.7,4.1,0.4892916666666667
2022-07-08,12.4,28.4,3.01,0.49866666666666665
2022-07-09,13.7,29.6,3.81,0.49675
2022-07-10,12.3,29.0,3.82,0.5054583333333333
2022-07-11,19.7,27.7,2.37,0.5045416666666667
2022-07-12,46.5,26.4,1.57,0.510625
2022-07-13,28.9,27.5,1.88,0.5057916666666666
2022-07-14,1.6,28.9,4.4,0.48783333333333334
2022-07-15,14.3,28.3,3.39,0.5014583333333333
2022-07-16,9.8,28.3,3.29,0.492125
2022-07-17,14.2,28.0,3.08,0.5012083333333334
2022-07-18,7.9,30.2,4.39,0.49020833333333336
2022-07-19,18.8,29.3,3.17,0.49420833333333336
2022-07-20,20.0,27.7,2.49,0.5070416666666667
2022-07-21,27.0,27.2,1.6,0.5054583333333333
2022-07-22,0.8,30.8,4.59,0.4835416666666667
2022-07-23,2.1,30.3,3.98,0.47150000000000003
2022-07-24,8.2,30.4,4.35,0.48054166666666664
2022-07-25,2.6,30.8,3.94,0.47291666666666665
2022-07-26,16.2,30.9,3.94,0.4827916666666667
2022-07-27,11.5,31.0,3.73,0.49225
2022-07-28,2.4,30.3,4.03,0.48983333333333334
2022-07-29,3.1,30.6,4.61,0.4775
2022-07-30,3.4,30.7,4.2,0.465625
2022-07-31,15.6,30.2,3.96,0.4930833333333333
2022-08-01,15.4,27.8,2.09,0.5073333333333333
2022-08-02,9.3,30.2,4.37,0.49441666666666667
2022-08-03,9.5,28.9,3.78,0.49795833333333334
2022-08-04,11.1,29.5,3.81,0.4963333333333333
2022-08-05,1.9,29.3,4.46,0.48441666666666666
2022-08-06,9.7,28.2,2.28,0.4905
2022-08-07,18.2,29.5,3.44,0.49829166666666663
2022-08-08,4.7,29.2,3.55,0.48504166666666665
2022-08-09,12.7,28.5,3.57,0.5012083333333334
2022-08-10,14.7,28.4,3.75,0.4968333333333333
2022-08-11,9.6,27.9,2.67,0.49570833333333336
2022-08-12,0.9,30.6,4.28,0.4812083333333333
2022-08-13,0.0,30.5,5.04,0.4522916666666667
2022-08-14,0.0,30.4,5.03,0.42849999999999994
2022-08-15,5.7,29.8,3.64,0.44625
2022-08-16,10.1,28.2,3.7,0.4935833333333333
2022-08-17,7.0,29.8,4.52,0.4968333333333333
2022-08-18,1.0,29.6,4.65,0.47900000000000004
2022-08-19,2.3,29.4,4.41,0.46612499999999996
2022-08-20,11.4,29.2,3.99,0.4895833333333333
2022-08-21,9.4,29.3,3.74,0.4940833333333334
2022-08-22,12.0,29.9,4.24,0.4996666666666667
2022-08-23,17.1,28.9,3.01,0.493125
2022-08-24,8.9,30.4,4.26,0.4750833333333333
2022-08-25,17.5,29.0,2.87,0.4952916666666667
2022-08-26,15.0,30.1,2.85,0.49825
2022-08-27,10.1,29.7,3.71,0.495625
2022-08-28,8.0,31.1,4.07,0.48933333333333334
2022-08-29,7.3,30.2,3.47,0.49104166666666665
2022-08-30,6.5,30.6,3.65,0.4892916666666667
2022-08-31,6.9,30.9,4.11,0.49416666666666664
2022-09-01,2.3,31.1,4.26,0.4779166666666666
2022-09-02,3.0,31.3,4.76,0.465
2022-09-03,6.8,30.8,4.07,0.47633333333333333
2022-09-04,12.8,28.9,3.44,0.494
2022-09-05,8.4,28.2,2.76,0.5005000000000001
2022-09-06,26.3,27.3,1.96,0.5044166666666666
2022-09-07,46.6,26.7,1.69,0.5110833333333333
2022-09-08,18.0,27.5,2.86,0.5007916666666666
2022-09-09,10.8,29.2,3.58,0.48616666666666664
2022-09-10,13.6,28.6,3.42,0.47675
2022-09-11,11.4,30.0,3.32,0.4912916666666667
2022-09-12,7.7,29.5,3.21,0.4967083333333333
2022-09-13,15.4,29.4,3.56,0.49225
2022-09-14,11.0,29.0,3.71,0.4864583333333334
2022-09-15,4.9,29.0,4.2,0.4975
2022-09-16,6.9,30.0,4.21,0.49924999999999997
2022-09-17,5.6,29.1,4.14,0.4915833333333333
2022-09-18,8.3,28.5,4.08,0.49195833333333333
2022-09-19,6.7,27.8,3.11,0.4935
2022-09-20,4.3,28.3,3.81,0.4892916666666667
2022-09-21,21.3,28.4,3.43,0.503375
2022-09-22,19.3,27.8,3.03,0.50525
2022-09-23,2.1,30.6,4.69,0.48254166666666665
2022-09-24,6.8,30.1,4.01,0.48241666666666666
2022-09-25,9.5,29.3,4.01,0.49662500000000004
2022-09-26,11.6,29.9,3.01,0.498125
2022-09-27,15.8,27.4,1.88,0.5048333333333334
2022-09-28,21.6,26.7,2.21,0.5078333333333334
2022-09-29,26.2,27.4,2.47,0.5095416666666667
2022-09-30,8.3,29.6,3.92,0.49862500000000004
2022-10-01,17.0,28.8,3.06,0.5014583333333333
2022-10-02,24.9,28.9,2.51,0.506125
2022-10-03,27.1,31.0,2.89,0.49904166666666666
2022-10-04,13.8,31.7,4.14,0.4960833333333334
2022-10-05,9.2,30.0,2.93,0.4975416666666667
2022-10-06,11.4,29.5,2.2,0.5008750000000001
2022-10-07,8.8,31.6,4.21,0.49595833333333333
2022-10-08,29.1,25.3,0.99,0.5094583333333333
2022-10-09,14.6,29.8,3.16,0.501
2022-10-10,1.6,28.8,2.57,0.48841666666666667
2022-10-11,5.1,30.2,3.58,0.49137499999999995
2022-10-12,19.4,31.0,3.54,0.5011249999999999
2022-10-13,3.5,30.7,3.7,0.49595833333333333
2022-10-14,1.0,30.1,3.94,0.48275
2022-10-15,0.0,30.7,4.89,0.4642916666666667
2022-10-16,0.0,30.3,5.07,0.44925
2022-10-17,0.3,30.7,4.71,0.4378333333333333
2022-10-18,9.7,30.5,3.95,0.4720416666666667
2022-10-19,24.7,30.0,3.09,0.49441666666666667
2022-10-20,5.0,29.9,2.98,0.48633333333333334
2022-10-21,24.3,30.5,2.72,0.49291666666666667
2022-10-22,12.3,31.3,3.61,0.49724999999999997
2022-10-23,12.9,30.9,3.61,0.5003333333333333
2022-10-24,31.3,30.0,3.04,0.4967916666666667
2022-10-25,17.6,30.5,3.58,0.4975416666666667
2022-10-26,34.4,30.3,3.41,0.5036666666666667
2022-10-27,7.4,29.6,2.82,0.5004583333333333
2022-10-28,11.4,31.0,3.84,0.49383333333333335
2022-10-29,0.9,31.5,4.88,0.48412499999999997
2022-10-30,0.0,30.9,3.22,0.47129166666666666
2022-10-31,0.2,31.4,4.83,0.4424166666666667
2022-11-01,0.0,30.9,4.69,0.424375
2022-11-02,0.1,30.9,4.83,0.41054166666666664
2022-11-03,26.5,29.8,2.37,0.4519166666666667
2022-11-04,8.5,27.2,1.88,0.5033333333333333
2022-11-05,12.4,29.9,2.66,0.4988333333333333
2022-11-06,0.5,30.4,3.58,0.4867083333333333
2022-11-07,8.1,31.0,3.79,0.478625
2022-11-08,5.0,31.8,3.97,0.4779583333333333
2022-11-09,0.6,32.1,4.49,0.4708333333333334
2022-11-10,2.2,32.1,4.0,0.4583333333333333
2022-11-11,9.9,29.9,2.73,0.47858333333333336
2022-11-12,17.6,31.0,3.5,0.47833333333333333
2022-11-13,3.0,30.8,3.17,0.4950833333333333
2022-11-14,7.7,30.1,2.82,0.4971666666666667
2022-11-15,6.1,31.1,3.73,0.48724999999999996
2022-11-16,9.0,31.7,3.88,0.47924999999999995
2022-11-17,4.0,31.4,3.59,0.474875
2022-11-18,9.2,30.6,3.31,0.49433333333333335
2022-11-19,10.0,28.9,2.41,0.491875
2022-11-20,9.1,26.7,1.53,0.4975
2022-11-21,6.8,29.3,2.53,0.48970833333333336
2022-11-22,11.1,27.8,1.99,0.4995
2022-11-23,17.2,29.3,2.5,0.5020416666666666
2022-11-24,28.5,29.5,3.07,0.49945833333333334
2022-11-25,6.6,29.9,3.23,0.4915833333333333
2022-11-26,15.9,29.8,3.11,0.494375
2022-11-27,6.1,30.6,3.19,0.496875
2022-11-28,3.9,30.9,3.75,0.490125
2022-11-29,0.9,30.6,3.63,0.4703333333333333
2022-11-30,0.1,31.5,4.45,0.449875
2022-12-01,2.1,31.6,3.79,0.4322916666666667
2022-12-02,1.6,30.1,3.52,0.42520833333333335
2022-12-03,6.6,29.2,2.54,0.43449999999999994
2022-12-04,5.9,29.9,3.66,0.4799583333333333
2022-12-05,3.4,30.4,3.99,0.4579583333333333
2022-12-06,0.7,31.2,4.27,0.4246666666666667
2022-12-07,10.3,29.9,3.18,0.4343333333333333
2022-12-08,0.1,30.9,4.29,0.4266666666666667
2022-12-09,1.4,30.1,3.32,0.39887500000000004
2022-12-10,0.1,31.3,3.91,0.423875
2022-12-11,1.2,30.0,3.94,0.41625
2022-12-12,0.1,30.1,4.37,0.40045833333333336
2022-12-13,0.0,29.4,4.27,0.37958333333333333
2022-12-14,0.0,29.8,4.31,0.3585833333333333
2022-12-15,0.0,30.4,4.55,0.34025
2022-12-16,0.0,31.6,4.55,0.32195833333333335
2022-12-17,1.1,29.9,3.06,0.31216666666666665
2022-12-18,0.1,29.9,5.76,0.35600000000000004
2022-12-19,0.0,29.2,5.34,0.35674999999999996
2022-12-20,0.0,30.4,5.03,0.3376666666666666
2022-12-21,0.0,31.2,4.74,0.32104166666666667
2022-12-22,0.0,30.8,4.23,0.3070833333333333
2022-12-23,0.0,30.1,4.59,0.29754166666666665
2022-12-24,0.0,28.9,3.97,0.2870833333333333
2022-12-25,0.0,30.2,4.82,0.2806666666666667
2022-12-26,0.0,29.5,4.62,0.27408333333333335
2022-12-27,0.0,29.3,4.31,0.2707916666666667
2022-12-28,0.0,30.9,4.24,0.2699166666666667
2022-12-29,0.0,31.1,4.51,0.2715
2022-12-30,0.0,29.5,3.79,0.2717916666666667
2022-12-31,0.0,29.8,4.52,0.27137500000000003
2023-01-01,1.5,28.7,3.98,0.275625
2023-01-02,0.3,30.5,4.39,0.2727916666666667
2023-01-03,2.0,32.6,4.54,0.2846666666666667
2023-01-04,0.5,30.8,4.21,0.3157083333333333
2023-01-05,0.9,27.4,3.75,0.30866666666666664
2023-01-06,4.1,26.4,3.59,0.3004583333333333
2023-01-07,10.1,27.0,3.71,0.35262499999999997
2023-01-08,0.7,27.8,3.13,0.4282916666666667
2023-01-09,8.2,29.4,3.51,0.4050833333333333
2023-01-10,23.6,27.9,2.14,0.458
2023-01-11,14.0,28.2,2.8,0.48204166666666665
2023-01-12,21.3,27.7,2.76,0.48183333333333334
2023-01-13,0.5,29.1,3.8,0.4785
2023-01-14,0.2,28.8,3.4,0.45983333333333337
2023-01-15,0.0,30.3,4.55,0.43812500000000004
2023-01-16,0.3,29.4,3.18,0.4145833333333333
2023-01-17,2.3,28.7,3.77,0.4056666666666667
2023-01-18,0.4,28.2,3.81,0.396125
2023-01-19,0.0,28.4,4.29,0.3735
2023-01-20,0.1,29.3,4.17,0.3535
2023-01-21,0.1,30.5,4.66,0.33687500000000004
2023-01-22,1.5,30.1,3.96,0.3279166666666667
2023-01-23,1.3,31.1,3.96,0.31675000000000003
2023-01-24,0.8,31.0,4.27,0.30695833333333333
2023-01-25,1.9,27.8,3.5,0.3609583333333333
2023-01-26,0.0,27.4,3.08,0.35862499999999997
2023-01-27,0.4,29.8,3.78,0.34120833333333334
2023-01-28,0.0,29.7,4.22,0.33887500000000004
2023-01-29,0.0,29.0,4.08,0.3273333333333333
2023-01-30,0.0,28.3,4.85,0.315
2023-01-31,0.0,30.3,4.82,0.3040833333333333
2023-02-01,1.2,28.6,3.5,0.2967916666666666
2023-02-02,1.8,31.1,4.2,0.2949583333333333
2023-02-03,0.0,31.9,5.34,0.2867916666666666
2023-02-04,0.0,32.5,5.61,0.2804166666666667
2023-02-05,0.0,32.2,5.4,0.2751666666666667
2023-02-06,0.1,32.5,5.25,0.26937500000000003
2023-02-07,1.2,32.1,4.78,0.26875
2023-02-08,0.7,32.5,5.05,0.2734166666666667
2023-02-09,1.1,32.2,5.28,0.27366666666666667
2023-02-10,0.0,33.1,5.88,0.2731666666666667
2023-02-11,0.0,33.0,5.03,0.26875
2023-02-12,1.0,32.2,4.33,0.27075
2023-02-13,0.2,32.9,4.7,0.27420833333333333
2023-02-14,0.0,32.4,4.23,0.27187500000000003
2023-02-15,0.0,32.7,5.88,0.26583333333333337
2023-02-16,0.0,32.3,5.9,0.2595
2023-02-17,0.1,32.9,5.89,0.25395833333333334
2023-02-18,0.3,32.6,4.81,0.25395833333333334
2023-02-19,6.4,30.6,3.7,0.28520833333333334
2023-02-20,1.6,30.5,4.52,0.3741666666666667
2023-02-21,0.3,31.5,5.08,0.362625
2023-02-22,1.1,31.0,4.79,0.3389166666666667
2023-02-23,1.2,31.1,4.79,0.3212083333333334
2023-02-24,1.4,30.7,4.83,0.32995833333333335
2023-02-25,0.5,31.0,4.92,0.3257083333333333
2023-02-26,0.0,32.2,5.87,0.307625
2023-02-27,0.0,32.9,5.81,0.298875
2023-02-28,0.2,32.7,4.71,0.2897083333333333
2023-03-01,0.3,33.0,5.62,0.2836666666666667
2023-03-02,0.0,33.9,6.02,0.27887500000000004
2023-03-03,0.0,33.4,5.33,0.27529166666666666
2023-03-04,0.1,32.1,5.67,0.27429166666666666
2023-03-05,0.0,31.6,5.36,0.2690416666666667
2023-03-06,0.0,32.2,5.45,0.2667916666666667
2023-03-07,0.0,33.6,5.95,0.26366666666666666
2023-03-08,0.0,33.5,6.24,0.262875
2023-03-09,0.0,33.2,6.45,0.26225000000000004
2023-03-10,0.0,33.6,5.81,0.2599166666666667
2023-03-11,0.0,33.7,5.69,0.2659166666666667
2023-03-12,0.0,32.6,5.86,0.26629166666666665
2023-03-13,0.0,33.7,6.3,0.26358333333333334
2023-03-14,0.0,33.4,6.55,0.261625
2023-03-15,0.0,33.6,6.29,0.267
2023-03-16,0.0,34.2,5.96,0.269625
2023-03-17,0.0,33.6,5.66,0.26525000000000004
2023-03-18,0.3,33.8,5.85,0.26708333333333334
2023-03-19,0.1,34.7,6.04,0.27258333333333334
2023-03-20,0.4,33.8,5.42,0.27183333333333337
2023-03-21,0.2,34.6,5.48,0.2734166666666667
2023-03-22,0.0,34.1,5.59,0.27195833333333336
2023-03-23,0.0,33.4,5.3,0.2695416666666667
2023-03-24,0.0,33.5,5.5,0.26695833333333335
2023-03-25,0.3,33.9,5.32,0.2655
2023-03-26,0.0,32.1,5.78,0.265125
2023-03-27,0.3,34.9,5.68,0.26845833333333335
2023-03-28,6.0,35.5,5.13,0.3006666666666667
2023-03-29,0.2,34.8,5.72,0.3227083333333333
2023-03-30,1.0,34.1,5.23,0.31195833333333334
2023-03-31,1.0,33.3,5.25,0.32058333333333333
2023-04-01,0.0,34.1,5.56,0.308875
2023-04-02,0.2,33.5,5.44,0.2972916666666667
2023-04-03,34.8,32.8,4.02,0.35804166666666665
2023-04-04,1.0,33.6,4.99,0.39958333333333335
2023-04-05,1.2,33.2,4.98,0.3737916666666667
2023-04-06,0.2,34.1,5.62,0.34912499999999996
2023-04-07,0.6,33.8,5.5,0.3219166666666667
2023-04-08,0.0,36.3,6.37,0.30266666666666664
2023-04-09,4.6,34.6,5.24,0.30145833333333333
2023-04-10,10.2,34.1,4.91,0.34275000000000005
2023-04-11,1.5,34.0,5.13,0.32475000000000004
2023-04-12,4.0,32.8,4.93,0.333375
2023-04-13,0.8,34.5,5.46,0.34041666666666665
2023-04-14,0.0,34.0,5.52,0.3292083333333334
2023-04-15,10.0,34.0,5.0,0.335375
2023-04-16,16.8,30.9,3.03,0.4560416666666667
2023-04-17,6.0,33.4,4.38,0.4295833333333334
2023-04-18,1.9,33.9,4.67,0.3979166666666667
2023-04-19,2.2,32.9,5.35,0.388625
2023-04-20,4.5,33.2,5.16,0.38037499999999996
2023-04-21,0.3,32.8,4.93,0.35720833333333335
2023-04-22,0.9,34.3,5.47,0.371875
2023-04-23,0.1,36.0,5.88,0.3625
2023-04-24,0.6,35.6,5.64,0.3411666666666667
2023-04-25,0.2,36.1,5.97,0.35404166666666664
2023-04-26,0.1,35.4,6.02,0.33195833333333336
2023-04-27,0.3,35.4,6.53,0.3110833333333333
2023-04-28,8.0,36.0,5.11,0.3152083333333333
2023-04-29,4.2,33.4,4.05,0.3335416666666667
2023-04-30,1.3,33.6,4.43,0.38079166666666664
2023-05-01,0.0,35.2,6.46,0.37037499999999995
2023-05-02,0.2,36.2,6.93,0.33629166666666666
2023-05-03,1.8,35.3,5.44,0.3155
2023-05-04,1.2,35.0,5.56,0.298625
2023-05-05,0.4,33.1,5.34,0.2907083333333333
2023-05-06,0.8,34.0,6.21,0.28691666666666665
2023-05-07,1.1,33.9,5.86,0.28491666666666665
2023-05-08,21.0,34.2,4.59,0.335375
2023-05-09,24.2,32.5,3.65,0.4394166666666666
2023-05-10,2.6,32.8,4.61,0.41075
2023-05-11,2.9,32.9,4.37,0.40820833333333334
2023-05-12,11.1,32.7,3.87,0.412375
2023-05-13,2.2,33.1,5.06,0.4196666666666667
2023-05-14,5.5,33.5,4.61,0.399375
2023-05-15,0.4,33.7,5.37,0.3615833333333333
2023-05-16,0.7,32.6,5.37,0.35516666666666663
2023-05-17,0.0,32.8,5.76,0.3269166666666667
2023-05-18,21.6,31.7,4.57,0.365375
2023-05-19,4.8,32.7,5.46,0.39375
2023-05-20,6.7,31.7,4.16,0.4367083333333333
2023-05-21,11.1,31.9,3.96,0.45545833333333335
2023-05-22,7.9,30.6,3.81,0.461125
2023-05-23,1.8,31.0,4.49,0.42891666666666667
2023-05-24,4.1,32.2,4.98,0.40291666666666665
2023-05-25,6.7,30.2,4.28,0.4230833333333333
2023-05-26,4.9,31.3,4.16,0.4100416666666667
2023-05-27,10.4,29.3,2.84,0.4374166666666666
2023-05-28,15.9,29.1,3.02,0.48412499999999997
2023-05-29,10.1,29.8,4.02,0.48312499999999997
2023-05-30,3.6,29.4,3.44,0.4859583333333333
2023-05-31,15.4,29.4,3.71,0.49441666666666667
2023-06-01,14.4,29.2,3.67,0.4987916666666667
2023-06-02,11.3,30.2,3.6,0.49004166666666665
2023-06-03,3.1,30.4,4.23,0.47537499999999994
2023-06-04,5.2,30.8,4.3,0.48220833333333335
2023-06-05,14.3,29.2,3.28,0.48924999999999996
2023-06-06,11.5,29.9,4.2,0.5006666666666667
2023-06-07,23.5,27.4,1.73,0.51125
2023-06-08,10.0,29.5,3.12,0.5035833333333334
2023-06-09,4.7,29.0,2.71,0.498875
2023-06-10,8.1,30.0,3.89,0.4963333333333333
2023-06-11,1.5,30.3,4.89,0.48524999999999996
2023-06-12,8.6,30.3,3.48,0.493875
2023-06-13,3.1,30.4,3.53,0.481875
2023-06-14,4.3,29.4,4.0,0.480875
2023-06-15,0.8,31.1,4.77,0.45175000000000004
2023-06-16,1.9,30.8,4.38,0.4359166666666667
2023-06-17,10.3,30.9,3.62,0.46787500000000004
2023-06-18,30.4,29.5,3.29,0.510375
2023-06-19,4.4,30.5,4.36,0.493625
2023-06-20,3.0,30.6,4.58,0.46470833333333333
2023-06-21,5.0,31.1,4.72,0.44637499999999997
2023-06-22,0.0,31.1,4.94,0.4195
2023-06-23,1.4,31.3,4.95,0.40125000000000005
2023-06-24,4.0,31.2,4.71,0.4101666666666666
2023-06-25,1.8,30.9,4.0,0.44508333333333333
2023-06-26,3.2,30.3,4.02,0.42945833333333333
2023-06-27,2.1,30.4,4.02,0.4382916666666667
2023-06-28,6.8,28.7,3.68,0.5031249999999999
2023-06-29,5.1,30.6,3.93,0.49675
2023-06-30,13.9,29.7,3.63,0.5035416666666667
2023-07-01,20.8,29.5,3.48,0.5046666666666667
2023-07-02,11.9,28.4,2.38,0.50925
2023-07-03,9.0,29.1,2.88,0.5030416666666667
2023-07-04,8.5,31.4,4.41,0.49345833333333333
2023-07-05,4.6,31.7,4.66,0.4837916666666667
2023-07-06,13.2,30.7,3.9,0.47179166666666666
2023-07-07,10.7,30.5,3.96,0.472875
2023-07-08,18.0,29.7,3.63,0.49183333333333334
2023-07-09,11.2,29.5,3.36,0.503625
2023-07-10,3.0,30.6,4.29,0.4887083333333333
2023-07-11,1.2,29.8,4.3,0.4663333333333333
2023-07-12,1.6,30.4,4.34,0.45245833333333335
2023-07-13,2.5,30.0,3.99,0.43695833333333334
2023-07-14,16.9,29.6,3.79,0.4720416666666667
2023-07-15,3.9,29.8,4.01,0.4919166666666666
2023-07-16,9.9,29.1,3.96,0.494125
2023-07-17,41.8,29.4,2.57,0.5075833333333334
2023-07-18,54.4,27.6,2.62,0.5087916666666666
2023-07-19,50.1,27.8,2.43,0.5101666666666667
2023-07-20,22.6,27.4,2.19,0.5077083333333333
2023-07-21,26.5,27.3,2.65,0.50675
2023-07-22,18.1,28.1,2.86,0.5056666666666666
2023-07-23,20.7,27.3,2.89,0.5042083333333334
2023-07-24,15.5,28.3,3.22,0.4996666666666667
2023-07-25,10.8,28.7,3.62,0.5050416666666667
2023-07-26,5.5,29.0,4.41,0.4972916666666667
2023-07-27,28.8,28.1,3.08,0.5015833333333334
2023-07-28,29.3,28.3,3.71,0.5073333333333333
2023-07-29,19.8,28.9,3.22,0.5038333333333334
2023-07-30,16.8,29.6,3.72,0.5008750000000001
2023-07-31,15.6,28.5,2.22,0.5005000000000001
2023-08-01,3.6,28.3,3.19,0.4932083333333333
2023-08-02,3.8,29.9,4.46,0.4765
2023-08-03,6.6,29.5,4.43,0.4855
2023-08-04,4.4,29.7,4.11,0.48699999999999993
2023-08-05,2.3,29.7,4.65,0.46970833333333334
2023-08-06,0.5,30.5,5.24,0.4507083333333333
2023-08-07,1.3,30.4,5.33,0.43554166666666666
2023-08-08,5.0,29.9,4.94,0.46179166666666666
2023-08-09,4.7,30.0,5.04,0.476
2023-08-10,4.0,29.5,4.58,0.4642916666666667
2023-08-11,10.7,29.7,5.03,0.466375
2023-08-12,5.7,29.8,4.76,0.4635416666666667
2023-08-13,13.0,29.4,4.21,0.4868333333333333
2023-08-14,15.6,29.3,4.09,0.488
2023-08-15,24.3,28.5,3.64,0.502375
2023-08-16,10.1,28.6,3.18,0.5023333333333334
2023-08-17,8.9,29.6,4.33,0.49904166666666666
2023-08-18,26.1,28.7,3.74,0.5010833333333333
2023-08-19,17.2,28.9,3.33,0.5055
2023-08-20,21.9,27.7,2.62,0.5059166666666667
2023-08-21,8.8,29.9,4.18,0.49933333333333335
2023-08-22,2.1,30.3,4.64,0.4814583333333333
2023-08-23,0.9,30.5,4.99,0.46137500000000004
2023-08-24,1.2,30.6,5.19,0.4539166666666667
2023-08-25,0.3,30.7,5.41,0.43583333333333335
2023-08-26,6.8,30.2,4.64,0.4404166666666667
2023-08-27,11.0,29.3,3.61,0.46008333333333334
2023-08-28,6.2,29.3,4.16,0.4642916666666667
2023-08-29,4.1,30.0,4.25,0.45283333333333337
2023-08-30,7.0,29.6,4.32,0.45025000000000004
2023-08-31,15.4,29.3,3.78,0.47412499999999996
2023-09-01,18.3,28.9,3.17,0.5005416666666667
2023-09-02,30.1,27.9,2.66,0.510625
2023-09-03,20.9,29.2,3.93,0.5085000000000001
2023-09-04,31.4,27.7,2.29,0.51175
2023-09-05,27.4,27.9,2.88,0.50825
2023-09-06,2.6,29.3,3.39,0.49295833333333333
2023-09-07,12.3,28.4,3.4,0.4991666666666667
2023-09-08,14.3,29.7,3.79,0.49745833333333334
2023-09-09,9.4,29.3,3.33,0.5032083333333334
2023-09-10,28.7,28.5,2.16,0.5079166666666667
2023-09-11,9.9,29.4,4.04,0.49541666666666667
2023-09-12,1.7,29.6,4.32,0.47825
2023-09-13,7.7,29.9,3.93,0.47858333333333336
2023-09-14,24.1,28.3,3.04,0.4947083333333333
2023-09-15,23.0,28.9,3.37,0.5012083333333334
2023-09-16,11.7,28.9,3.49,0.4931666666666667
2023-09-17,6.1,30.8,4.19,0.4857916666666666
2023-09-18,9.1,30.2,4.34,0.4835416666666667
2023-09-19,11.6,31.2,4.23,0.47433333333333333
2023-09-20,7.1,31.4,3.76,0.4924583333333333
2023-09-21,27.6,31.0,3.52,0.4984583333333333
2023-09-22,26.8,30.7,3.49,0.5031249999999999
2023-09-23,6.2,28.9,3.39,0.49862500000000004
2023-09-24,24.6,28.8,3.13,0.5049583333333333
2023-09-25,23.7,29.1,3.51,0.5086666666666667
2023-09-26,21.5,28.4,2.79,0.5096666666666666
2023-09-27,20.3,28.5,3.05,0.5085833333333333
2023-09-28,1.0,30.8,3.59,0.48620833333333335
2023-09-29,1.6,31.4,4.0,0.4642916666666667
2023-09-30,8.4,28.3,2.16,0.47729166666666667
2023-10-01,12.1,29.6,3.12,0.495125
2023-10-02,61.8,29.4,2.29,0.5087083333333333
2023-10-03,20.4,28.1,3.0,0.51175
2023-10-04,12.4,28.6,3.57,0.5035833333333334
2023-10-05,6.3,29.6,3.62,0.4984166666666667
2023-10-06,3.9,30.9,4.68,0.49300000000000005
2023-10-07,3.7,29.9,4.0,0.48537499999999995
2023-10-08,2.1,31.4,3.9,0.4658333333333333
2023-10-09,1.0,31.3,4.0,0.45116666666666666
2023-10-10,9.0,31.8,3.83,0.45916666666666667
2023-10-11,7.9,31.6,3.81,0.49254166666666666
2023-10-12,11.2,32.8,4.18,0.4948333333333333
2023-10-13,4.9,31.2,3.91,0.49537499999999995
2023-10-14,9.1,31.7,3.86,0.4932916666666667
2023-10-15,7.9,29.6,2.94,0.499125
2023-10-16,19.2,29.1,2.21,0.5071249999999999
2023-10-17,2.4,30.5,4.61,0.4972083333333333
2023-10-18,21.9,29.3,2.77,0.497875
2023-10-19,3.8,31.0,3.93,0.49291666666666667
2023-10-20,15.2,31.5,3.51,0.49099999999999994
2023-10-21,10.2,31.4,3.65,0.492875
2023-10-22,13.9,32.5,4.03,0.502125
2023-10-23,0.4,29.8,3.92,0.494
2023-10-24,10.6,30.6,3.31,0.49524999999999997
2023-10-25,9.9,30.4,3.56,0.49774999999999997
2023-10-26,12.6,32.1,4.13,0.491125
2023-10-27,11.7,31.5,3.76,0.5008750000000001
2023-10-28,12.2,31.4,3.42,0.5007916666666666
2023-10-29,8.2,32.2,3.53,0.4923333333333333
2023-10-30,2.9,31.9,3.71,0.48462500000000003
2023-10-31,4.4,31.7,3.41,0.4944583333333333
2023-11-01,14.8,32.3,4.14,0.4835833333333333
2023-11-02,7.3,31.7,3.89,0.48212499999999997
2023-11-03,16.8,31.0,3.27,0.484875
2023-11-04,1.9,31.8,3.82,0.4835416666666667
2023-11-05,4.5,32.1,3.76,0.49066666666666664
2023-11-06,14.6,32.6,3.96,0.4869583333333333
2023-11-07,15.4,32.0,4.09,0.4801666666666667
2023-11-08,8.4,31.4,3.49,0.49404166666666666
2023-11-09,14.9,32.0,3.49,0.49766666666666665
2023-11-10,14.0,30.0,3.01,0.49429166666666663
2023-11-11,5.8,31.9,3.1,0.49295833333333333
2023-11-12,12.3,32.0,3.81,0.495875
2023-11-13,1.3,32.3,4.72,0.472875
2023-11-14,3.6,32.0,4.16,0.47670833333333335
2023-11-15,15.0,31.1,2.89,0.48737499999999995
2023-11-16,6.4,31.1,3.72,0.48454166666666665
2023-11-17,8.4,31.8,4.05,0.484875
2023-11-18,0.0,29.6,5.14,0.4708333333333334
2023-11-19,0.0,29.3,4.46,0.4487083333333333
2023-11-20,0.0,30.2,4.73,0.426375
2023-11-21,0.0,30.8,4.58,0.40700000000000003
2023-11-22,0.0,30.6,3.91,0.3901666666666667
2023-11-23,8.0,30.0,2.67,0.40737500000000004
2023-11-24,6.3,28.7,1.75,0.46254166666666663
2023-11-25,3.5,31.1,3.75,0.45316666666666666
2023-11-26,1.0,30.5,3.06,0.4515416666666667
2023-11-27,1.3,31.1,3.55,0.4583333333333333
2023-11-28,0.1,30.7,4.12,0.43570833333333336
2023-11-29,1.5,30.9,3.05,0.41804166666666664
2023-11-30,0.7,32.0,3.99,0.4147083333333333
2023-12-01,1.7,31.7,3.64,0.427125
2023-12-02,9.4,30.5,2.64,0.4342083333333333
2023-12-03,2.9,30.8,3.7,0.466375
2023-12-04,0.5,31.5,3.57,0.43733333333333335
2023-12-05,0.0,31.9,4.52,0.42087499999999994
2023-12-06,1.1,30.9,3.56,0.4030833333333333
2023-12-07,4.4,30.7,3.33,0.40129166666666666
2023-12-08,4.8,31.0,3.44,0.3990833333333333
2023-12-09,1.6,30.9,3.88,0.4194166666666666
2023-12-10,0.9,31.5,3.82,0.4077916666666666
2023-12-11,0.0,32.2,4.49,0.4045
2023-12-12,0.0,32.2,4.82,0.3799166666666667
2023-12-13,0.6,31.8,4.29,0.36604166666666665
2023-12-14,0.1,32.4,4.93,0.34975
2023-12-15,0.5,31.7,4.22,0.33687500000000004
2023-12-16,0.9,31.3,4.37,0.3285
2023-12-17,0.5,31.7,4.51,0.31916666666666665
2023-12-18,1.5,32.2,4.32,0.31575000000000003
2023-12-19,0.9,32.7,4.33,0.3176666666666667
2023-12-20,0.1,32.4,4.69,0.30741666666666667
2023-12-21,0.0,32.7,5.43,0.29754166666666665
2023-12-22,0.0,31.0,5.98,0.2899583333333333
2023-12-23,0.0,28.1,4.9,0.28604166666666664
2023-12-24,0.2,29.6,3.86,0.28562499999999996
2023-12-25,0.0,30.2,5.13,0.2828333333333333
2023-12-26,0.0,31.0,5.23,0.2789166666666667
2023-12-27,0.4,32.1,4.49,0.27829166666666666
2023-12-28,0.7,31.6,3.91,0.2840833333333333
2023-12-29,0.8,32.5,4.33,0.2935
2023-12-30,4.2,31.9,3.8,0.30304166666666665
2023-12-31,0.7,31.2,4.08,0.32979166666666665
2024-01-01,0.9,31.0,3.92,0.3225
2024-01-02,0.7,30.4,3.97,0.32116666666666666
2024-01-03,0.8,31.2,3.89,0.31779166666666664
2024-01-04,0.7,31.0,3.93,0.33266666666666667
2024-01-05,0.4,31.5,4.18,0.3316666666666667
2024-01-06,0.0,31.8,4.48,0.3259166666666667
2024-01-07,0.3,31.9,4.41,0.31866666666666665
2024-01-08,1.5,31.4,4.46,0.3129166666666667
2024-01-09,1.0,32.0,4.39,0.30995833333333334
2024-01-10,0.0,32.4,4.58,0.30404166666666665
2024-01-11,0.6,31.8,4.61,0.29541666666666666
2024-01-12,0.0,31.4,4.71,0.28520833333333334
2024-01-13,0.0,31.1,4.6,0.2836666666666667
2024-01-14,0.0,31.3,4.56,0.2793333333333334
2024-01-15,0.4,31.4,4.48,0.2811666666666667
2024-01-16,0.3,31.8,4.59,0.2864583333333333
2024-01-17,0.1,31.9,4.89,0.28629166666666667
2024-01-18,0.2,32.1,4.89,0.2837916666666666
2024-01-19,0.0,31.8,4.75,0.2849583333333333
2024-01-20,0.0,31.9,4.77,0.2805
2024-01-21,0.0,31.9,4.84,0.2787916666666667
2024-01-22,0.3,31.5,5.0,0.277
2024-01-23,0.0,32.2,5.35,0.2719166666666667
2024-01-24,0.0,32.0,5.42,0.2714166666666667
2024-01-25,0.4,32.0,5.06,0.27225000000000005
2024-01-26,0.0,31.9,5.4,0.2697916666666667
2024-01-27,0.0,32.2,5.23,0.26833333333333337
2024-01-28,0.0,32.1,5.71,0.2671666666666667
2024-01-29,0.0,32.4,5.93,0.26837500000000003
2024-01-30,0.0,33.2,5.74,0.2607916666666667
2024-01-31,0.0,33.0,5.19,0.25466666666666665
2024-02-01,0.3,32.8,4.94,0.255125
2024-02-02,0.7,32.5,4.78,0.263875
2024-02-03,0.1,32.6,4.61,0.27537500000000004
2024-02-04,0.0,32.5,4.39,0.277
2024-02-05,1.2,33.3,4.69,0.27187500000000003
2024-02-06,0.5,33.1,4.79,0.27137500000000003
2024-02-07,0.3,32.7,4.63,0.273125
2024-02-08,1.3,32.3,4.6,0.274125
2024-02-09,0.4,33.5,5.31,0.2780416666666667
2024-02-10,0.6,33.6,5.81,0.27629166666666666
2024-02-11,0.0,32.6,5.84,0.27025000000000005
2024-02-12,0.0,32.7,6.0,0.2674166666666667
2024-02-13,0.0,33.4,5.73,0.2684166666666667
2024-02-14,0.2,34.3,6.21,0.269125
2024-02-15,0.1,33.9,6.18,0.26783333333333337
2024-02-16,0.0,34.5,6.25,0.26675
2024-02-17,0.0,34.5,6.59,0.256875
2024-02-18,1.0,33.5,5.41,0.2571666666666667
2024-02-19,0.0,35.2,5.6,0.2642083333333333
2024-02-20,0.6,33.7,5.0,0.26583333333333337
2024-02-21,0.3,33.9,5.06,0.27325000000000005
2024-02-22,0.0,34.6,5.61,0.27320833333333333
2024-02-23,0.4,33.5,5.4,0.2689166666666667
2024-02-24,0.1,34.0,5.67,0.26908333333333334
2024-02-25,0.4,34.4,6.37,0.26737500000000003
2024-02-26,0.0,34.5,6.86,0.26433333333333336
2024-02-27,0.4,34.5,6.19,0.2615
2024-02-28,0.0,33.8,6.45,0.25566666666666665
2024-02-29,0.0,35.0,6.55,0.25675
2024-03-01,0.4,34.3,6.18,0.2611666666666667
2024-03-02,0.1,35.0,6.66,0.2651666666666667
2024-03-03,0.2,34.4,5.93,0.26737500000000003
2024-03-04,0.1,34.8,5.37,0.27029166666666665
2024-03-05,0.1,33.9,5.24,0.27129166666666665
2024-03-06,0.1,34.2,5.26,0.270625
2024-03-07,1.3,35.2,5.34,0.27220833333333333
2024-03-08,0.0,35.8,6.69,0.27395833333333336
2024-03-09,0.0,35.3,6.92,0.26766666666666666
2024-03-10,0.0,35.5,6.42,0.2631666666666667
2024-03-11,0.0,35.8,6.95,0.2569166666666667
2024-03-12,0.2,36.5,6.05,0.25470833333333337
2024-03-13,1.1,35.3,5.47,0.25616666666666665
2024-03-14,0.4,35.1,5.6,0.26233333333333336
2024-03-15,0.0,36.2,6.08,0.26429166666666665
2024-03-16,0.0,35.5,5.54,0.263375
2024-03-17,0.1,35.7,5.89,0.264125
2024-03-18,0.0,36.1,6.71,0.2651666666666667
2024-03-19,0.1,35.8,7.03,0.26675
2024-03-20,0.0,35.8,7.33,0.26533333333333337
2024-03-21,0.2,35.1,7.0,0.264125
2024-03-22,3.1,35.1,6.11,0.2645416666666667
2024-03-23,0.7,34.5,5.19,0.28841666666666665
2024-03-24,0.5,34.6,5.88,0.312
2024-03-25,0.1,35.5,5.69,0.305625
2024-03-26,0.1,36.4,6.57,0.2984583333333333
2024-03-27,0.7,35.9,6.21,0.28991666666666666
2024-03-28,3.7,35.9,5.24,0.3005833333333333
2024-03-29,0.2,34.6,5.11,0.34991666666666665
2024-03-30,0.1,35.6,5.72,0.3429166666666667
2024-03-31,0.0,35.3,5.36,0.3227083333333333
2024-04-01,0.4,33.0,5.06,0.3175
2024-04-02,3.0,33.8,5.18,0.32304166666666667
2024-04-03,0.0,35.6,6.31,0.330625
2024-04-04,0.8,35.6,5.72,0.31124999999999997
2024-04-05,0.7,35.0,5.65,0.30320833333333336
2024-04-06,0.8,35.6,5.93,0.2955833333333333
2024-04-07,0.0,35.9,5.86,0.28820833333333334
2024-04-08,0.0,35.9,5.84,0.2830416666666667
2024-04-09,0.0,37.7,7.13,0.2786666666666667
2024-04-10,0.0,36.8,7.69,0.2754166666666667
2024-04-11,0.0,36.5,7.11,0.269
2024-04-12,0.0,36.8,6.94,0.26375
2024-04-13,0.6,36.3,6.31,0.2652083333333333
2024-04-14,0.8,34.9,5.67,0.2652083333333333
2024-04-15,0.0,36.8,6.09,0.26125000000000004
2024-04-16,0.1,37.2,6.24,0.26029166666666664
2024-04-17,1.5,33.9,5.18,0.26645833333333335
2024-04-18,0.0,35.5,6.21,0.27295833333333336
2024-04-19,0.0,35.6,6.23,0.269
2024-04-20,0.0,35.7,6.47,0.267125
2024-04-21,0.0,35.2,6.08,0.26829166666666665
2024-04-22,0.0,36.3,6.18,0.268
2024-04-23,0.0,35.8,6.15,0.2650416666666667
2024-04-24,0.3,35.7,6.05,0.27058333333333334
2024-04-25,0.3,37.5,5.82,0.2795
2024-04-26,2.2,34.1,5.18,0.2940833333333333
2024-04-27,0.0,36.9,5.85,0.288875
2024-04-28,0.1,35.9,5.97,0.2874583333333333
2024-04-29,0.0,36.5,6.48,0.2897916666666666
2024-04-30,0.6,36.3,5.87,0.2856666666666667
2024-05-01,0.0,36.6,6.33,0.283
2024-05-02,0.1,36.8,6.4,0.282125
2024-05-03,1.2,35.4,5.47,0.2870416666666667
2024-05-04,2.8,34.8,5.37,0.39691666666666664
2024-05-05,6.6,32.7,3.75,0.45
2024-05-06,2.4,33.8,5.13,0.4342916666666667
2024-05-07,6.0,32.6,4.84,0.4234166666666666
2024-05-08,2.6,33.2,4.82,0.415875
2024-05-09,9.6,33.0,4.05,0.4262916666666667
2024-05-10,9.9,32.6,4.15,0.432
2024-05-11,1.0,32.8,4.5,0.40529166666666666
2024-05-12,6.3,34.4,5.03,0.3950833333333334
2024-05-13,30.6,32.8,4.24,0.44166666666666665
2024-05-14,5.1,33.5,4.81,0.40420833333333334
2024-05-15,14.0,31.7,3.49,0.4340833333333333
2024-05-16,12.6,33.2,4.1,0.4555833333333333
2024-05-17,5.8,32.4,3.98,0.45208333333333334
2024-05-18,3.3,32.8,4.56,0.42895833333333333
2024-05-19,2.6,31.5,4.29,0.4089583333333333
2024-05-20,6.8,30.3,3.55,0.410375
2024-05-21,18.8,29.3,2.42,0.4599166666666667
2024-05-22,5.6,32.5,4.47,0.4604166666666667
2024-05-23,0.6,32.4,4.81,0.4217916666666666
2024-05-24,7.7,33.2,4.97,0.4307083333333333
2024-05-25,5.9,33.3,4.93,0.43745833333333334
2024-05-26,9.3,33.4,4.85,0.4377083333333333
2024-05-27,0.5,33.3,5.33,0.41241666666666665
2024-05-28,3.8,31.4,3.77,0.40770833333333334
2024-05-29,15.7,31.0,3.56,0.44295833333333334
2024-05-30,13.7,31.0,3.9,0.4658333333333333
2024-05-31,13.8,30.9,2.98,0.48904166666666665
2024-06-01,3.7,31.2,4.38,0.49062500000000003
2024-06-02,0.3,32.0,4.63,0.4719166666666667
2024-06-03,9.5,31.3,4.17,0.4639583333333333
2024-06-04,1.2,32.1,5.3,0.422375
2024-06-05,5.7,31.9,5.18,0.414
2024-06-06,0.1,32.3,5.15,0.371125
2024-06-07,0.1,31.5,4.49,0.3519583333333333
2024-06-08,0.4,31.3,5.03,0.34270833333333334
2024-06-09,13.0,29.9,3.58,0.4095
2024-06-10,7.9,29.4,3.63,0.45408333333333334
2024-06-11,0.8,29.8,4.48,0.46049999999999996
2024-06-12,1.8,30.8,4.9,0.4469166666666667
2024-06-13,1.0,31.3,4.55,0.414
2024-06-14,4.1,30.7,4.11,0.407375
2024-06-15,17.2,29.7,3.27,0.45825
2024-06-16,4.9,30.4,4.46,0.470375
2024-06-17,13.6,29.5,4.14,0.47670833333333335
2024-06-18,6.1,30.1,4.09,0.47433333333333333
2024-06-19,5.4,30.5,4.91,0.46625
2024-06-20,14.1,29.6,3.62,0.4779166666666667
2024-06-21,32.0,28.9,2.58,0.5017083333333333
2024-06-22,69.1,26.6,1.43,0.5136666666666666
2024-06-23,11.4,28.9,2.46,0.5076666666666667
2024-06-24,14.0,28.1,2.07,0.5065416666666667
2024-06-25,21.0,28.8,2.57,0.5068750000000001
2024-06-26,4.0,30.1,3.79,0.48825
2024-06-27,6.8,30.7,3.53,0.47100000000000003
2024-06-28,12.3,30.6,3.95,0.4815
2024-06-29,13.7,31.4,4.43,0.4890833333333333
2024-06-30,1.4,30.7,4.59,0.47691666666666666
2024-07-01,7.4,29.7,4.36,0.490125
2024-07-02,10.4,29.8,3.24,0.4905
2024-07-03,17.1,29.0,2.23,0.5013333333333333
2024-07-04,5.2,30.1,3.09,0.5009583333333333
2024-07-05,4.1,29.5,3.83,0.49183333333333334
2024-07-06,4.0,30.3,4.26,0.4789583333333333
2024-07-07,10.4,29.8,3.12,0.48891666666666667
2024-07-08,1.9,30.6,4.14,0.48162499999999997
2024-07-09,14.1,30.1,3.16,0.49662500000000004
2024-07-10,7.3,30.0,3.34,0.49625
2024-07-11,13.2,28.3,2.89,0.5032916666666667
2024-07-12,28.0,29.2,3.27,0.5067083333333333
2024-07-13,23.1,29.0,3.64,0.5046666666666667
2024-07-14,16.1,28.4,3.11,0.5065833333333333
2024-07-15,16.2,28.8,3.25,0.50375
2024-07-16,40.0,27.3,2.47,0.5080416666666666
2024-07-17,49.8,26.8,1.85,0.5122083333333334
2024-07-18,31.1,27.7,2.66,0.5104166666666666
2024-07-19,13.5,29.2,2.67,0.5036666666666667
2024-07-20,12.7,28.6,2.16,0.50525
2024-07-21,1.6,28.7,3.21,0.49374999999999997
2024-07-22,8.4,28.8,3.43,0.4992083333333333
2024-07-23,2.6,29.9,4.28,0.48854166666666665
2024-07-24,1.6,30.4,4.83,0.4712083333333333
2024-07-25,10.8,29.4,3.57,0.488125
2024-07-26,18.7,28.9,2.26,0.5010833333333333
2024-07-27,38.1,27.5,1.87,0.5103333333333334
2024-07-28,21.6,28.6,2.22,0.5037083333333333
2024-07-29,0.4,30.2,3.83,0.48208333333333336
2024-07-30,8.3,29.7,3.9,0.4776666666666667
2024-07-31,2.0,30.4,4.6,0.4562916666666667
2024-08-01,2.3,30.8,4.35,0.4423333333333333
2024-08-02,6.0,29.4,3.88,0.46820833333333334
2024-08-03,18.4,29.9,3.52,0.4719583333333333
2024-08-04,15.1,28.6,3.92,0.49779166666666663
2024-08-05,11.8,29.2,3.99,0.4975416666666667
2024-08-06,11.5,28.8,3.93,0.49774999999999997
2024-08-07,8.6,29.3,4.19,0.493875
2024-08-08,5.6,30.3,4.65,0.49054166666666665
2024-08-09,0.3,30.9,4.73,0.468625
2024-08-10,0.0,30.9,5.32,0.44975000000000004
2024-08-11,2.0,30.4,4.64,0.4489166666666667
2024-08-12,6.2,29.8,4.17,0.4925833333333333
2024-08-13,6.2,29.8,4.58,0.4888333333333333
2024-08-14,1.1,31.0,4.84,0.47054166666666664
2024-08-15,1.6,30.5,4.83,0.4647916666666667
2024-08-16,1.3,30.5,4.49,0.467
2024-08-17,4.0,30.3,4.19,0.4662916666666667
2024-08-18,1.8,30.8,4.92,0.46104166666666674
2024-08-19,0.8,31.3,5.02,0.44904166666666673
2024-08-20,4.3,31.1,4.91,0.43354166666666666
2024-08-21,6.7,31.6,4.21,0.4424166666666667
2024-08-22,16.9,32.0,4.35,0.45491666666666664
2024-08-23,8.4,30.5,4.03,0.4663333333333333
2024-08-24,9.4,30.6,3.99,0.475125
2024-08-25,8.6,29.6,3.57,0.48466666666666663
2024-08-26,23.7,28.9,2.97,0.5027916666666666
2024-08-27,19.7,28.7,3.2,0.5028333333333334
2024-08-28,12.2,28.7,3.08,0.4999166666666666
2024-08-29,17.6,28.2,2.59,0.506375
2024-08-30,1.7,30.1,4.53,0.48808333333333337
2024-08-31,11.8,30.0,3.28,0.496375
2024-09-01,42.3,28.5,2.6,0.4996666666666667
2024-09-02,30.8,27.6,2.56,0.5085000000000001
2024-09-03,18.4,28.1,3.52,0.5069166666666667
2024-09-04,8.2,29.5,3.51,0.5024166666666666
2024-09-05,7.1,30.4,4.73,0.4965
2024-09-06,34.2,28.1,3.33,0.5064583333333333
2024-09-07,18.3,29.6,4.22,0.5028750000000001
2024-09-08,4.9,29.7,4.33,0.495125
2024-09-09,2.2,30.1,5.09,0.48475
2024-09-10,2.6,29.8,4.26,0.4721666666666667
2024-09-11,10.6,29.5,3.86,0.49662500000000004
2024-09-12,8.3,29.4,3.96,0.4964166666666667
2024-09-13,5.2,29.4,3.44,0.497875
2024-09-14,20.7,28.1,2.31,0.5085000000000001
2024-09-15,26.9,27.8,2.51,0.5052916666666667
2024-09-16,6.2,30.1,4.63,0.49737499999999996
2024-09-17,31.9,28.0,2.25,0.5078333333333334
2024-09-18,24.7,28.5,3.17,0.5054166666666667
2024-09-19,17.6,27.8,2.68,0.5061666666666667
2024-09-20,28.3,28.6,3.29,0.50775
2024-09-21,20.2,27.5,2.42,0.506
2024-09-22,12.4,27.7,1.87,0.5073333333333333
2024-09-23,5.5,30.0,3.28,0.4995
2024-09-24,3.1,30.6,3.82,0.48933333333333334
2024-09-25,20.6,31.3,3.65,0.4995416666666667
2024-09-26,6.9,32.1,4.11,0.49733333333333335
2024-09-27,10.4,31.1,3.58,0.4931666666666667
2024-09-28,0.9,31.7,4.82,0.48100000000000004
2024-09-29,0.2,30.9,4.87,0.455125
2024-09-30,1.0,31.0,4.95,0.4389166666666667
2024-10-01,4.2,29.3,4.25,0.44933333333333336
2024-10-02,3.7,31.1,4.48,0.452625
2024-10-03,41.6,30.2,3.07,0.47729166666666667
2024-10-04,15.1,31.2,3.7,0.50225
2024-10-05,11.8,31.0,3.81,0.4988333333333333
2024-10-06,21.0,30.5,2.86,0.49904166666666666
2024-10-07,8.9,30.3,3.38,0.495125
2024-10-08,29.5,30.6,2.87,0.5045416666666667
2024-10-09,13.6,31.3,3.59,0.5032916666666667
2024-10-10,20.6,31.4,3.13,0.499125
2024-10-11,19.5,30.8,2.91,0.5039583333333334
2024-10-12,8.7,31.4,3.5,0.49833333333333335
2024-10-13,3.9,32.6,3.94,0.492375
2024-10-14,7.3,31.8,4.05,0.4959166666666666
2024-10-15,22.9,31.0,2.87,0.49854166666666666
2024-10-16,24.2,29.2,3.14,0.5029166666666667
2024-10-17,29.0,29.7,3.0,0.5050416666666667
2024-10-18,30.8,27.9,1.83,0.5108333333333334
2024-10-19,20.9,29.4,3.09,0.503875
2024-10-20,16.0,29.7,3.26,0.5055416666666667
2024-10-21,23.9,30.5,3.19,0.5025000000000001
2024-10-22,28.4,30.7,2.83,0.5056666666666666
2024-10-23,24.1,30.1,2.38,0.5068750000000001
2024-10-24,12.0,28.9,3.43,0.4989166666666667
2024-10-25,3.0,31.6,4.93,0.47525
2024-10-26,2.9,30.9,4.46,0.46329166666666666
2024-10-27,8.2,29.1,3.12,0.47933333333333333
2024-10-28,28.3,28.3,2.21,0.504
2024-10-29,22.8,27.5,1.79,0.5035833333333334
2024-10-30,0.8,30.5,4.5,0.47924999999999995
2024-10-31,7.5,30.5,4.14,0.4792083333333333
2024-11-01,5.2,30.2,3.6,0.47075
2024-11-02,30.2,29.4,2.41,0.48774999999999996
2024-11-03,23.8,31.2,3.2,0.49854166666666666
2024-11-04,17.1,30.9,2.95,0.49829166666666663
2024-11-05,11.3,31.4,3.34,0.4989166666666667
2024-11-06,9.6,30.7,3.79,0.493875
2024-11-07,4.9,31.9,4.3,0.4852083333333333
2024-11-08,18.8,31.0,3.95,0.4794583333333333
2024-11-09,15.5,31.7,4.0,0.49333333333333335
2024-11-10,14.5,31.8,4.2,0.48633333333333334
2024-11-11,9.7,31.5,4.14,0.48866666666666664
2024-11-12,4.7,31.0,3.84,0.468625
2024-11-13,5.3,32.3,3.97,0.46220833333333333
2024-11-14,2.2,33.0,4.51,0.4315833333333334
2024-11-15,2.6,32.7,4.5,0.3997916666666667
2024-11-16,0.7,33.2,4.79,0.3834166666666667
2024-11-17,1.1,31.8,4.65,0.36162500000000003
2024-11-18,0.1,33.5,5.22,0.339625
2024-11-19,0.3,33.0,4.7,0.32445833333333335
2024-11-20,2.0,33.1,4.35,0.31925
2024-11-21,2.2,32.9,4.41,0.2987083333333333
2024-11-22,0.5,33.2,4.91,0.28220833333333334
2024-11-23,0.5,32.5,4.69,0.27829166666666666
2024-11-24,7.0,31.9,3.63,0.30220833333333336
2024-11-25,0.3,32.5,4.74,0.29624999999999996
2024-11-26,0.3,32.8,4.59,0.28475
2024-11-27,4.6,31.1,2.95,0.28570833333333334
2024-11-28,1.0,31.3,4.44,0.29387500000000005
2024-11-29,2.3,26.7,2.68,0.28820833333333334
2024-11-30,0.0,29.7,4.36,0.2775416666666667
2024-12-01,0.0,31.3,4.79,0.27037500000000003
2024-12-02,3.5,31.6,3.56,0.2808333333333333
2024-12-03,19.9,26.6,1.01,0.39958333333333335
2024-12-04,4.1,29.8,2.72,0.43916666666666665
2024-12-05,4.6,30.5,3.17,0.4537083333333333
2024-12-06,13.4,30.7,3.29,0.451375
2024-12-07,3.2,30.2,3.26,0.4305833333333333
2024-12-08,0.0,31.0,3.81,0.41450000000000004
2024-12-09,0.0,30.3,3.94,0.3865
2024-12-10,0.0,30.4,4.32,0.3609583333333333
2024-12-11,18.4,28.0,2.28,0.4094583333333333
2024-12-12,9.2,29.6,2.68,0.4847916666666667
2024-12-13,14.8,28.1,1.81,0.4980833333333334
2024-12-14,4.5,27.7,2.22,0.4940833333333334
2024-12-15,17.1,28.1,2.38,0.49454166666666666
2024-12-16,0.0,28.3,3.06,0.48995833333333333
2024-12-17,0.0,28.3,4.1,0.4606666666666666
2024-12-18,0.0,29.3,4.34,0.43241666666666667
2024-12-19,0.0,29.1,4.19,0.4071666666666667
2024-12-20,0.0,28.2,4.06,0.3854166666666667
2024-12-21,0.0,28.2,3.98,0.371125
2024-12-22,0.0,27.8,4.4,0.3539999999999999
2024-12-23,0.0,28.4,4.31,0.3363333333333333
2024-12-24,0.0,28.9,3.74,0.32875000000000004
2024-12-25,0.0,29.1,4.11,0.3204166666666667
2024-12-26,4.5,28.9,2.79,0.3809166666666666
2024-12-27,11.9,29.6,3.21,0.4347083333333333
2024-12-28,21.6,28.7,2.63,0.4804583333333334
2024-12-29,0.2,28.1,3.67,0.45970833333333333
2024-12-30,0.0,28.5,4.18,0.426625
2024-12-31,0.0,28.9,4.0,0.40275
2025-01-01,0.0,28.6,4.03,0.3819166666666667
2025-01-02,0.0,27.4,3.21,0.3647916666666666
2025-01-03,0.0,28.5,2.6,0.34570833333333334
2025-01-04,0.0,28.7,3.92,0.32645833333333335
2025-01-05,0.0,28.1,4.2,0.30983333333333335
2025-01-06,0.0,28.6,4.19,0.29991666666666666
2025-01-07,0.0,28.9,4.25,0.2879583333333333
2025-01-08,0.0,29.7,4.17,0.28025
2025-01-09,0.0,29.3,3.94,0.2855833333333333
2025-01-10,0.2,28.0,3.28,0.28824999999999995
2025-01-11,0.0,27.5,4.02,0.2855
2025-01-12,0.0,26.1,4.85,0.2839583333333333
2025-01-13,0.0,26.2,4.56,0.2834583333333333
2025-01-14,0.4,28.4,4.35,0.2708333333333333
2025-01-15,7.9,29.2,3.03,0.289125
2025-01-16,0.7,29.5,3.96,0.2840416666666667
2025-01-17,0.0,27.9,4.39,0.278
2025-01-18,0.0,27.6,4.12,0.2727083333333334
2025-01-19,0.0,29.5,4.22,0.27220833333333333
2025-01-20,0.0,29.1,4.22,0.2720416666666667
2025-01-21,0.0,28.9,4.4,0.2715416666666667
2025-01-22,0.0,29.5,4.28,0.2690416666666667
2025-01-23,0.0,30.4,4.31,0.26416666666666666
2025-01-24,0.2,30.1,3.8,0.27045833333333336
2025-01-25,0.1,30.5,4.3,0.26445833333333335
2025-01-26,0.1,30.4,4.43,0.26933333333333337
2025-01-27,0.0,28.3,4.61,0.27899999999999997
2025-01-28,0.1,28.2,4.2,0.271625
2025-01-29,0.0,27.2,4.11,0.28087500000000004
2025-01-30,0.0,27.2,3.64,0.2854583333333333
2025-01-31,0.1,29.1,4.29,0.2826666666666667
2025-02-01,0.0,29.8,4.55,0.27458333333333335
2025-02-02,0.0,30.1,4.3,0.26758333333333334
2025-02-03,0.0,30.3,4.22,0.2697083333333334
2025-02-04,0.0,29.9,4.61,0.258875
2025-02-05,0.0,29.4,4.55,0.260375
2025-02-06,0.0,29.9,4.73,0.256375
2025-02-07,0.0,29.6,3.95,0.24816666666666665
2025-02-08,0.3,29.3,4.49,0.24645833333333333
2025-02-09,0.0,28.8,4.71,0.24770833333333334
2025-02-10,0.0,29.0,4.41,0.24720833333333334
2025-02-11,0.0,30.5,4.59,0.24616666666666664
2025-02-12,3.5,30.1,4.26,0.2584166666666667
2025-02-13,6.5,30.2,4.27,0.25945833333333335
2025-02-14,0.6,31.0,4.53,0.25345833333333334
2025-02-15,5.8,30.1,4.2,0.2658333333333333
2025-02-16,0.3,32.2,5.07,0.27287500000000003
2025-02-17,0.0,31.9,5.39,0.2519166666666667
2025-02-18,0.2,31.5,5.07,0.253125
2025-02-19,7.7,29.6,3.77,0.268375
2025-02-20,0.8,31.3,4.78,0.278625
2025-02-21,3.2,32.0,4.71,0.305875
2025-02-22,14.9,30.0,3.58,0.44054166666666666
2025-02-23,12.2,29.4,3.56,0.4522083333333333
2025-02-24,0.3,30.7,5.38,0.3818333333333333
2025-02-25,0.2,31.3,5.41,0.34837500000000005
2025-02-26,0.1,30.8,5.07,0.321625
2025-02-27,0.1,32.3,5.65,0.2997916666666666
2025-02-28,0.0,33.2,5.67,0.2836666666666667
2025-03-01,0.7,32.9,5.21,0.2679166666666667
2025-03-02,0.0,31.6,4.83,0.26395833333333335
2025-03-03,0.0,33.6,5.18,0.2677916666666667
2025-03-04,0.1,32.6,4.95,0.26666666666666666
2025-03-05,0.2,32.8,4.98,0.26433333333333336
2025-03-06,0.0,33.4,5.26,0.25904166666666667
2025-03-07,0.6,33.2,5.62,0.25575
2025-03-08,1.6,33.0,4.91,0.24791666666666667
2025-03-09,0.3,31.8,3.98,0.24433333333333332
2025-03-10,8.4,33.7,4.96,0.2697083333333333
2025-03-11,0.9,33.5,5.55,0.281125
2025-03-12,0.5,34.7,5.48,0.279375
2025-03-13,0.0,34.3,5.87,0.30120833333333336
2025-03-14,0.3,34.5,5.42,0.29454166666666665
2025-03-15,0.1,34.2,5.15,0.28862499999999996
2025-03-16,0.7,33.7,5.03,0.29262499999999997
2025-03-17,6.6,33.5,4.59,0.31775000000000003
2025-03-18,0.6,32.7,4.93,0.41712499999999997
2025-03-19,0.2,32.6,5.46,0.37729166666666664
2025-03-20,0.0,32.2,5.4,0.35079166666666667
2025-03-21,0.0,32.6,5.73,0.32983333333333337
2025-03-22,0.0,33.9,5.94,0.31316666666666665
2025-03-23,0.4,33.5,5.64,0.29675
2025-03-24,0.1,34.6,5.87,0.2876666666666667
2025-03-25,0.7,31.5,4.29,0.28491666666666665
2025-03-26,0.8,33.0,5.39,0.2775
2025-03-27,0.0,33.9,5.73,0.2805
2025-03-28,0.1,34.5,5.67,0.281875
2025-03-29,0.2,34.7,5.46,0.2783333333333334
2025-03-30,0.8,35.4,5.67,0.27729166666666666
2025-03-31,4.6,33.5,4.12,0.2834583333333333
2025-04-01,31.0,30.4,3.42,0.43970833333333337
2025-04-02,7.9,31.1,3.78,0.4771666666666667
2025-04-03,0.1,32.2,5.86,0.4487916666666667
2025-04-04,0.2,32.5,5.7,0.41041666666666665
2025-04-05,0.6,32.6,5.25,0.3839166666666667
2025-04-06,0.0,33.0,5.61,0.36554166666666665
2025-04-07,0.0,33.9,6.2,0.34570833333333334
2025-04-08,0.0,33.5,5.35,0.3336666666666667
2025-04-09,4.4,33.1,4.37,0.34625
2025-04-10,7.9,30.6,3.87,0.4037916666666667
2025-04-11,6.1,31.4,4.61,0.43816666666666665
2025-04-12,0.4,32.1,5.14,0.41712499999999997
2025-04-13,2.3,33.1,4.68,0.39920833333333333
2025-04-14,1.9,32.0,4.3,0.42212500000000003
2025-04-15,3.2,32.9,4.59,0.43175
2025-04-16,2.4,32.3,3.91,0.423125
2025-04-17,5.0,32.1,4.66,0.43612500000000004
2025-04-18,1.5,32.2,5.15,0.4299583333333333
2025-04-19,0.6,33.7,5.47,0.40041666666666664
2025-04-20,0.0,34.0,5.52,0.3665416666666667
2025-04-21,1.1,33.5,5.35,0.34545833333333337
2025-04-22,1.2,32.2,4.65,0.32516666666666666
2025-04-23,6.7,30.7,3.51,0.35141666666666665
2025-04-24,5.9,32.9,4.96,0.4202916666666667
2025-04-25,7.2,32.1,4.52,0.439375
2025-04-26,12.1,33.2,4.55,0.451625
2025-04-27,0.2,33.0,5.36,0.4266666666666667
2025-04-28,0.6,33.1,5.23,0.38325000000000004
2025-04-29,0.2,34.1,5.39,0.3432916666666667
2025-04-30,0.0,34.7,5.96,0.31679166666666664
2025-05-01,8.4,33.1,4.18,0.3344583333333333
2025-05-02,15.6,32.7,4.21,0.40700000000000003
2025-05-03,7.3,31.6,3.83,0.43283333333333335
2025-05-04,22.2,31.7,4.06,0.4679583333333333
2025-05-05,13.4,30.8,3.69,0.4876666666666667
2025-05-06,2.5,31.9,4.4,0.4683333333333333
2025-05-07,2.9,32.0,5.01,0.45741666666666664
2025-05-08,13.0,31.5,4.67,0.441875
2025-05-09,1.1,31.9,4.82,0.4041666666666666
2025-05-10,8.0,29.5,3.0,0.4116666666666667
2025-05-11,14.3,30.7,4.45,0.4673333333333333
2025-05-12,19.0,30.6,4.35,0.4719166666666667
2025-05-13,7.8,31.3,3.73,0.4678333333333333
2025-05-14,8.3,32.3,4.58,0.4678333333333333
2025-05-15,6.4,31.1,3.42,0.4660416666666667
2025-05-16,2.0,31.6,4.26,0.45937500000000003
2025-05-17,10.0,31.4,4.13,0.46095833333333336
2025-05-18,4.2,31.8,4.28,0.44258333333333333
2025-05-19,3.4,31.0,3.77,0.4299583333333333
2025-05-20,14.6,30.9,3.95,0.4671666666666667
2025-05-21,9.5,32.1,4.58,0.46075
2025-05-22,16.6,29.4,2.86,0.49425
2025-05-23,12.8,29.8,3.55,0.49770833333333336
2025-05-24,19.5,27.7,1.89,0.4990833333333333
2025-05-25,16.2,29.2,3.46,0.498875
2025-05-26,0.0,30.7,3.88,0.47454166666666664
2025-05-27,18.0,30.1,3.64,0.4725
2025-05-28,4.0,31.2,4.0,0.4736666666666667
2025-05-29,33.7,29.9,2.6,0.4819583333333333
2025-05-30,10.8,29.6,2.26,0.5047083333333333
2025-05-31,1.8,30.0,3.88,0.48025
2025-06-01,2.1,32.4,5.35,0.4562083333333333
2025-06-02,4.1,30.4,2.51,0.45237499999999997
2025-06-03,15.8,28.6,1.85,0.4970833333333333
2025-06-04,4.2,29.4,4.55,0.4872083333333333
2025-06-05,5.0,30.2,4.38,0.4739583333333333
2025-06-06,5.4,29.9,4.6,0.4660416666666667
2025-06-07,10.8,29.0,3.41,0.4888333333333333
2025-06-08,26.7,29.4,3.4,0.5035833333333334
2025-06-09,11.4,29.1,2.46,0.5057083333333333
2025-06-10,8.2,28.3,2.46,0.4996666666666667
2025-06-11,23.7,27.8,2.02,0.506
2025-06-12,12.0,27.6,2.36,0.5032083333333334
2025-06-13,10.3,29.5,3.62,0.49499999999999994
2025-06-14,0.5,31.2,4.7,0.48100000000000004
2025-06-15,1.1,30.6,4.22,0.45937500000000003
2025-06-16,4.6,30.3,4.25,0.43770833333333337
2025-06-17,1.8,30.2,4.05,0.412375
2025-06-18,7.1,29.9,3.62,0.46641666666666665
2025-06-19,2.6,29.3,3.93,0.4711666666666667
2025-06-20,13.0,30.0,3.38,0.4731666666666667
2025-06-21,32.4,27.9,3.2,0.505625
2025-06-22,35.3,27.7,2.31,0.5084166666666666
2025-06-23,8.1,28.8,3.63,0.5007916666666666
2025-06-24,12.0,29.4,4.02,0.4935833333333333
2025-06-25,5.8,29.2,3.88,0.48574999999999996
2025-06-26,23.1,28.1,2.66,0.4985
2025-06-27,10.0,29.4,3.67,0.4944583333333333
2025-06-28,8.6,28.5,3.73,0.49570833333333336
2025-06-29,11.1,28.1,4.06,0.5007916666666666
2025-06-30,2.4,29.8,4.88,0.4734583333333333
2025-07-01,11.4,29.7,3.61,0.470625
2025-07-02,23.6,27.9,2.99,0.4955416666666667
2025-07-03,2.5,28.6,3.55,0.4895416666666667
2025-07-04,2.4,29.5,4.77,0.46729166666666666
2025-07-05,2.5,29.3,4.33,0.4564166666666667
2025-07-06,7.2,29.4,3.81,0.47541666666666665
2025-07-07,30.6,29.1,2.9,0.4987916666666667
2025-07-08,8.1,29.1,3.76,0.48608333333333337
2025-07-09,9.3,28.6,3.81,0.48416666666666663
2025-07-10,2.2,29.7,4.38,0.473875
2025-07-11,5.4,29.4,4.33,0.4655416666666667
2025-07-12,6.4,29.9,4.24,0.47725
2025-07-13,10.5,29.5,4.07,0.48141666666666666
2025-07-14,7.9,28.8,3.96,0.480875
2025-07-15,7.5,28.5,3.73,0.480625
2025-07-16,11.7,28.9,3.16,0.4965
2025-07-17,8.5,28.8,2.91,0.5024166666666666
2025-07-18,0.9,29.0,3.76,0.48841666666666667
2025-07-19,12.9,29.0,3.89,0.49466666666666664
2025-07-20,21.2,27.9,2.3,0.5047083333333333
2025-07-21,12.8,30.3,4.3,0.494375
2025-07-22,0.2,30.6,5.6,0.4740416666666667
2025-07-23,5.1,30.6,5.06,0.47095833333333337
2025-07-24,0.0,30.5,5.18,0.44175000000000003
2025-07-25,0.1,30.6,5.27,0.41524999999999995
2025-07-26,1.4,30.2,4.29,0.40529166666666666
2025-07-27,12.2,29.3,3.67,0.429375
2025-07-28,17.0,28.6,2.38,0.4975833333333333
2025-07-29,2.8,30.2,4.48,0.48475
2025-07-30,1.7,30.2,4.67,0.47725
2025-07-31,9.2,30.1,4.2,0.4848333333333333
2025-08-01,0.9,30.2,4.35,0.46454166666666663
2025-08-02,0.7,31.4,4.52,0.44325
2025-08-03,6.1,31.4,4.24,0.447625
2025-08-04,3.4,31.0,4.48,0.43412500000000004
2025-08-05,3.9,31.6,4.43,0.41691666666666666
2025-08-06,6.3,30.3,3.89,0.44004166666666666
2025-08-07,1.8,30.0,4.26,0.41375
2025-08-08,0.8,30.9,4.56,0.40562499999999996
2025-08-09,5.7,29.4,3.43,0.41225
2025-08-10,24.2,29.4,3.71,0.47929166666666667
2025-08-11,11.5,28.1,3.99,0.49737499999999996
2025-08-12,8.7,29.1,4.03,0.494125
2025-08-13,15.8,27.8,3.29,0.49620833333333336
2025-08-14,20.5,28.9,3.79,0.4927916666666667
2025-08-15,39.6,27.7,2.99,0.5039583333333334
2025-08-16,41.6,26.0,1.75,0.51475
2025-08-17,9.2,27.8,2.72,0.5047916666666666
2025-08-18,1.2,29.7,4.28,0.48770833333333335
2025-08-19,9.5,29.1,4.46,0.476375
2025-08-20,0.4,30.2,4.79,0.4479583333333333
2025-08-21,30.4,28.0,1.95,0.4872083333333333
2025-08-22,3.5,29.8,4.53,0.4892916666666667
2025-08-23,7.6,29.5,4.79,0.48454166666666665
2025-08-24,28.6,28.3,4.08,0.49833333333333335
2025-08-25,17.5,28.9,3.9,0.49979166666666663
2025-08-26,8.6,31.1,4.38,0.4975833333333333
2025-08-27,5.4,29.7,4.31,0.4912083333333333
2025-08-28,11.5,29.2,4.32,0.4810833333333333
2025-08-29,5.6,28.9,3.87,0.4855416666666667
2025-08-30,10.7,28.8,4.12,0.4843333333333333
2025-08-31,15.6,28.9,3.62,0.4972916666666667
2025-09-01,17.7,28.3,3.4,0.5045833333333333
2025-09-02,11.4,29.2,2.53,0.5041666666666667
2025-09-03,2.6,29.7,4.23,0.4975416666666667
2025-09-04,6.2,29.3,4.22,0.49254166666666666
2025-09-05,12.9,29.2,4.15,0.4990833333333333
2025-09-06,6.3,30.0,4.44,0.49475
2025-09-07,21.1,28.3,2.79,0.4987916666666667
2025-09-08,3.2,29.7,3.2,0.5011666666666666
2025-09-09,12.3,30.1,2.95,0.5022916666666667
2025-09-10,4.0,30.8,4.38,0.48454166666666665
2025-09-11,15.3,31.1,3.99,0.47833333333333333
2025-09-12,10.9,32.4,4.36,0.4887916666666667
2025-09-13,15.6,29.5,3.03,0.4940833333333334
2025-09-14,15.8,29.0,3.07,0.49970833333333337
2025-09-15,2.2,30.1,4.13,0.47783333333333333
2025-09-16,7.6,29.6,3.74,0.48325
2025-09-17,12.8,29.2,3.86,0.495875
2025-09-18,27.5,29.7,4.11,0.5055
2025-09-19,4.6,29.2,3.41,0.4985
2025-09-20,0.2,31.3,5.29,0.468625
2025-09-21,0.2,31.2,5.36,0.45287499999999997
2025-09-22,5.6,29.3,3.72,0.44458333333333333
2025-09-23,1.0,30.5,4.53,0.46137500000000004
2025-09-24,3.9,29.5,4.2,0.45779166666666665
2025-09-25,16.7,28.9,3.87,0.49324999999999997
2025-09-26,11.7,28.5,2.83,0.49675
2025-09-27,13.2,29.8,3.38,0.4996666666666667
2025-09-28,21.3,29.3,3.28,0.50575
2025-09-29,18.3,29.8,3.12,0.5042083333333334
2025-09-30,11.1,30.9,3.94,0.5013333333333333
2025-10-01,14.1,31.7,4.39,0.4869583333333333
2025-10-02,3.7,32.8,4.4,0.472375
2025-10-03,19.8,31.5,3.78,0.48537500000000006
2025-10-04,6.6,31.3,4.7,0.4752083333333333
2025-10-05,0.0,31.2,4.4,0.46416666666666667
2025-10-06,4.1,30.6,4.62,0.4459166666666667
2025-10-07,11.9,31.0,4.2,0.46579166666666666
2025-10-08,31.4,30.9,3.59,0.48733333333333334
2025-10-09,19.2,30.3,3.74,0.49620833333333336
2025-10-10,12.5,32.6,3.91,0.48783333333333334
2025-10-11,6.5,31.3,4.06,0.4967083333333333
2025-10-12,7.1,31.1,3.99,0.49133333333333334
2025-10-13,1.8,31.2,4.01,0.46845833333333337
2025-10-14,12.3,32.5,3.91,0.47970833333333335
2025-10-15,11.4,34.0,4.56,0.472
2025-10-16,7.6,33.0,4.39,0.48170833333333335
2025-10-17,16.0,31.9,3.84,0.49183333333333334
2025-10-18,14.4,32.1,3.59,0.4907083333333333
2025-10-19,3.0,34.6,4.42,0.4835416666666667
2025-10-20,25.0,33.4,4.17,0.474875
2025-10-21,35.3,33.4,3.89,0.5005833333333333
2025-10-22,12.9,31.6,3.42,0.49462500000000004
2025-10-23,5.9,33.1,3.87,0.49462500000000004
2025-10-24,7.0,31.8,3.26,0.49300000000000005
2025-10-25,14.0,30.5,2.59,0.49379166666666663
2025-10-26,30.7,31.3,3.72,0.5077916666666666
2025-10-27,29.5,30.5,2.84,0.50825
2025-10-28,21.5,30.1,2.77,0.4989166666666667
2025-10-29,13.7,29.8,2.79,0.5014166666666667
2025-10-30,3.6,29.6,2.93,0.49395833333333333
2025-10-31,7.5,31.8,3.48,0.491125
2025-11-01,10.4,31.6,3.87,0.4947083333333333
2025-11-02,19.7,29.0,2.85,0.503625
2025-11-03,39.2,29.2,2.32,0.5035833333333334
2025-11-04,13.4,29.8,3.4,0.4930833333333333
2025-11-05,24.6,31.0,3.26,0.4905833333333333
2025-11-06,2.0,29.5,2.21,0.49374999999999997
2025-11-07,17.5,28.8,2.91,0.5000833333333333
2025-11-08,12.0,29.9,3.33,0.4875833333333333
2025-11-09,14.6,31.3,3.55,0.496375
2025-11-10,10.3,31.4,3.11,0.494375
2025-11-11,3.7,32.3,3.96,0.48666666666666664
2025-11-12,10.6,30.8,2.84,0.487625
2025-11-13,6.4,31.8,3.86,0.48454166666666665
2025-11-14,1.7,32.7,5.05,0.47362499999999996
2025-11-15,0.0,31.3,5.26,0.435875
2025-11-16,4.0,30.0,2.83,0.43166666666666664
2025-11-17,6.1,28.6,2.13,0.48441666666666666
2025-11-18,14.1,31.2,3.71,0.46620833333333334
2025-11-19,14.3,31.0,3.43,0.4932916666666667
2025-11-20,0.5,28.1,3.81,0.47691666666666666
2025-11-21,0.4,29.4,4.55,0.4522083333333333
2025-11-22,0.2,27.3,3.0,0.4390833333333333
2025-11-23,8.1,30.1,3.09,0.4504166666666667
2025-11-24,11.3,31.9,4.58,0.46654166666666663
2025-11-25,3.4,31.1,4.92,0.439125
2025-11-26,0.0,29.5,5.1,0.39516666666666667
2025-11-27,0.0,29.8,5.5,0.38083333333333336
2025-11-28,0.0,27.1,5.09,0.3641666666666667
2025-11-29,0.0,29.8,4.39,0.35312499999999997
2025-11-30,0.0,30.7,4.15,0.33575
2025-12-01,0.0,30.0,4.14,0.31854166666666667
2025-12-02,0.9,30.8,4.11,0.3047083333333333
2025-12-03,15.5,30.8,3.43,0.3378333333333334
2025-12-04,10.1,28.7,2.97,0.46529166666666666
2025-12-05,1.6,30.3,4.08,0.443375
2025-12-06,0.0,30.1,4.15,0.41079166666666667
2025-12-07,0.0,30.2,4.5,0.3861666666666667
2025-12-08,0.0,28.8,4.52,0.35804166666666665
2025-12-09,0.1,29.1,4.09,0.33045833333333335
2025-12-10,7.0,29.5,3.91,0.33158333333333334
2025-12-11,6.2,28.3,2.28,0.4500416666666667
2025-12-12,0.1,30.2,4.37,0.4250833333333333
2025-12-13,2.0,30.6,4.0,0.39725000000000005
2025-12-14,2.3,30.1,3.65,0.424
2025-12-15,0.0,29.9,3.83,0.43045833333333333
2025-12-16,0.6,30.1,3.75,0.39787500000000003
2025-12-17,0.3,30.3,3.84,0.37520833333333337
2025-12-18,4.1,29.9,3.46,0.3677916666666667
2025-12-19,0.0,30.7,4.43,0.3385416666666667
2025-12-20,0.0,31.1,4.34,0.3202916666666667
2025-12-21,0.0,31.4,4.24,0.30416666666666664
2025-12-22,0.2,31.0,4.24,0.29575
2025-12-23,1.4,30.5,3.37,0.28979166666666667
2025-12-24,5.9,30.7,3.52,0.323625
2025-12-25,12.2,29.0,2.74,0.4660416666666667
2025-12-26,0.2,29.1,3.13,0.44495833333333334
2025-12-27,0.3,29.1,3.61,0.4056666666666667
2025-12-28,0.0,29.8,4.04,0.3749166666666666
2025-12-29,0.0,29.9,4.16,0.347625
2025-12-30,0.0,29.1,3.98,0.33058333333333334
2025-12-31,0.0,29.8,4.21,0.313625
